rxnavImageFileName,shape,color,shape_label,shape_color,shape_color_label,color_BLACK,color_BLUE,color_BROWN,color_GRAY,color_GREEN,color_ORANGE,color_PINK,color_PURPLE,color_RED,color_TURQUOISE,color_WHITE,color_YELLOW,NDC11
33342-0031-10_RXNAVIMAGE10_FD3E7E93_1.jpg,ROUND,WHITE,10,ROUND_WHITE,174,0,0,0,0,0,0,0,0,0,0,1,0,33342-0031-10
33342-0031-10_RXNAVIMAGE10_FD3E7E93_2.jpg,ROUND,WHITE,10,ROUND_WHITE,174,0,0,0,0,0,0,0,0,0,0,1,0,33342-0031-10
13668-0217-30_RXNAVIMAGE10_D54AEAD7_1.jpg,ROUND,WHITE,10,ROUND_WHITE,174,0,0,0,0,0,0,0,0,0,0,1,0,13668-0217-30
13668-0217-30_RXNAVIMAGE10_D54AEAD7_2.jpg,ROUND,WHITE,10,ROUND_WHITE,174,0,0,0,0,0,0,0,0,0,0,1,0,13668-0217-30
65862-0375-05_RXNAVIMAGE10_744DBA1D_1.jpg,OVAL,WHITE,7,OVAL_WHITE,139,0,0,0,0,0,0,0,0,0,0,1,0,65862-0375-05
65862-0375-05_RXNAVIMAGE10_744DBA1D_2.jpg,OVAL,WHITE,7,OVAL_WHITE,139,0,0,0,0,0,0,0,0,0,0,1,0,65862-0375-05
00093-8244-34_RXNAVIMAGE10_FC43FE6F_1.jpg,OVAL,WHITE,7,OVAL_WHITE,139,0,0,0,0,0,0,0,0,0,0,1,0,00093-8244-34
00093-8244-34_RXNAVIMAGE10_FC43FE6F_2.jpg,OVAL,WHITE,7,OVAL_WHITE,139,0,0,0,0,0,0,0,0,0,0,1,0,00093-8244-34
00093-7369-56_RXNAVIMAGE10_B916DCA6_1.jpg,OVAL,WHITE,7,OVAL_WHITE,139,0,0,0,0,0,0,0,0,0,0,1,0,00093-7369-56
00093-7369-56_RXNAVIMAGE10_B916DCA6_2.jpg,OVAL,WHITE,7,OVAL_WHITE,139,0,0,0,0,0,0,0,0,0,0,1,0,00093-7369-56
00832-2012-00_RXNAVIMAGE10_6039B00D_1.jpg,CAPSULE,RED,1,CAPSULE_RED,69,0,0,0,0,0,0,0,0,1,0,0,0,00832-2012-00
00832-2012-00_RXNAVIMAGE10_6039B00D_2.jpg,CAPSULE,RED,1,CAPSULE_RED,69,0,0,0,0,0,0,0,0,1,0,0,0,00832-2012-00
60505-0212-03_RXNAVIMAGE10_7934BCC5_1.jpg,CAPSULE,"BLUE, GREEN",1,"CAPSULE_BLUE, GREEN",11,0,1,0,0,1,0,0,0,0,0,0,0,60505-0212-03
60505-0212-03_RXNAVIMAGE10_7934BCC5_2.jpg,CAPSULE,"BLUE, GREEN",1,"CAPSULE_BLUE, GREEN",11,0,1,0,0,1,0,0,0,0,0,0,0,60505-0212-03
00603-4210-32_RXNAVIMAGE10_15448AD4_1.jpg,OVAL,WHITE,7,OVAL_WHITE,139,0,0,0,0,0,0,0,0,0,0,1,0,00603-4210-32
00603-4210-32_RXNAVIMAGE10_15448AD4_2.jpg,OVAL,WHITE,7,OVAL_WHITE,139,0,0,0,0,0,0,0,0,0,0,1,0,00603-4210-32
31722-0270-90_RXNAVIMAGE10_56432B49_1.jpg,OVAL,BROWN,7,OVAL_BROWN,125,0,0,1,0,0,0,0,0,0,0,0,0,31722-0270-90
31722-0270-90_RXNAVIMAGE10_56432B49_2.jpg,OVAL,BROWN,7,OVAL_BROWN,125,0,0,1,0,0,0,0,0,0,0,0,0,31722-0270-90
00009-5012-01_RXNAVIMAGE10_8F15C7BE_1.jpg,ROUND,WHITE,10,ROUND_WHITE,174,0,0,0,0,0,0,0,0,0,0,1,0,00009-5012-01
00009-5012-01_RXNAVIMAGE10_8F15C7BE_2.jpg,ROUND,WHITE,10,ROUND_WHITE,174,0,0,0,0,0,0,0,0,0,0,1,0,00009-5012-01
16714-0662-01_RXNAVIMAGE10_9E4D4F3A_1.jpg,CAPSULE,YELLOW,1,CAPSULE_YELLOW,94,0,0,0,0,0,0,0,0,0,0,0,1,16714-0662-01
16714-0662-01_RXNAVIMAGE10_9E4D4F3A_2.jpg,CAPSULE,YELLOW,1,CAPSULE_YELLOW,94,0,0,0,0,0,0,0,0,0,0,0,1,16714-0662-01
59467-0318-01_RXNAVIMAGE10_BA505D52_1.jpg,CAPSULE,"BLUE, BLUE",1,"CAPSULE_BLUE, BLUE",8,0,1,0,0,0,0,0,0,0,0,0,0,59467-0318-01
59467-0318-01_RXNAVIMAGE10_BA505D52_2.jpg,CAPSULE,"BLUE, BLUE",1,"CAPSULE_BLUE, BLUE",8,0,1,0,0,0,0,0,0,0,0,0,0,59467-0318-01
00781-5186-01_RXNAVIMAGE10_7A23BD5D_1.jpg,OVAL,BROWN,7,OVAL_BROWN,125,0,0,1,0,0,0,0,0,0,0,0,0,00781-5186-01
00781-5186-01_RXNAVIMAGE10_7A23BD5D_2.jpg,OVAL,BROWN,7,OVAL_BROWN,125,0,0,1,0,0,0,0,0,0,0,0,0,00781-5186-01
00093-5248-65_RXNAVIMAGE10_9235C97E_1.jpg,ROUND,YELLOW,10,ROUND_YELLOW,178,0,0,0,0,0,0,0,0,0,0,0,1,00093-5248-65
00093-5248-65_RXNAVIMAGE10_9235C97E_2.jpg,ROUND,YELLOW,10,ROUND_YELLOW,178,0,0,0,0,0,0,0,0,0,0,0,1,00093-5248-65
68382-0230-16_RXNAVIMAGE10_1F3C8FF4_1.jpg,OVAL,WHITE,7,OVAL_WHITE,139,0,0,0,0,0,0,0,0,0,0,1,0,68382-0230-16
68382-0230-16_RXNAVIMAGE10_1F3C8FF4_2.jpg,OVAL,WHITE,7,OVAL_WHITE,139,0,0,0,0,0,0,0,0,0,0,1,0,68382-0230-16
00378-0183-01_RXNAVIMAGE10_95204A82_1.jpg,ROUND,BLUE,10,ROUND_BLUE,160,0,1,0,0,0,0,0,0,0,0,0,0,00378-0183-01
00378-0183-01_RXNAVIMAGE10_95204A82_2.jpg,ROUND,BLUE,10,ROUND_BLUE,160,0,1,0,0,0,0,0,0,0,0,0,0,00378-0183-01
65862-0085-50_RXNAVIMAGE10_1D458EEC_1.jpg,CAPSULE,"RED, WHITE",1,"CAPSULE_RED, WHITE",74,0,0,0,0,0,0,0,0,1,0,1,0,65862-0085-50
65862-0085-50_RXNAVIMAGE10_1D458EEC_2.jpg,CAPSULE,"RED, WHITE",1,"CAPSULE_RED, WHITE",74,0,0,0,0,0,0,0,0,1,0,1,0,65862-0085-50
00093-5213-01_RXNAVIMAGE10_632BB1FD_1.jpg,OVAL,YELLOW,7,OVAL_YELLOW,145,0,0,0,0,0,0,0,0,0,0,0,1,00093-5213-01
00093-5213-01_RXNAVIMAGE10_632BB1FD_2.jpg,OVAL,YELLOW,7,OVAL_YELLOW,145,0,0,0,0,0,0,0,0,0,0,0,1,00093-5213-01
11042-0142-03_RXNAVIMAGE10_5E1B2F79_1.jpg,OVAL,BLUE,7,OVAL_BLUE,123,0,1,0,0,0,0,0,0,0,0,0,0,11042-0142-03
11042-0142-03_RXNAVIMAGE10_5E1B2F79_2.jpg,OVAL,BLUE,7,OVAL_BLUE,123,0,1,0,0,0,0,0,0,0,0,0,0,11042-0142-03
00093-4236-01_RXNAVIMAGE10_262D937C_1.jpg,ROUND,WHITE,10,ROUND_WHITE,174,0,0,0,0,0,0,0,0,0,0,1,0,00093-4236-01
00093-4236-01_RXNAVIMAGE10_262D937C_2.jpg,ROUND,WHITE,10,ROUND_WHITE,174,0,0,0,0,0,0,0,0,0,0,1,0,00093-4236-01
68682-0409-10_RXNAVIMAGE10_6D39B6CD_1.jpg,CAPSULE,GREEN,1,CAPSULE_GREEN,32,0,0,0,0,1,0,0,0,0,0,0,0,68682-0409-10
68682-0409-10_RXNAVIMAGE10_6D39B6CD_2.jpg,CAPSULE,GREEN,1,CAPSULE_GREEN,32,0,0,0,0,1,0,0,0,0,0,0,0,68682-0409-10
63481-0025-09_RXNAVIMAGE10_D94FECAF_1.jpg,ROUND,WHITE,10,ROUND_WHITE,174,0,0,0,0,0,0,0,0,0,0,1,0,63481-0025-09
63481-0025-09_RXNAVIMAGE10_D94FECAF_2.jpg,ROUND,WHITE,10,ROUND_WHITE,174,0,0,0,0,0,0,0,0,0,0,1,0,63481-0025-09
00603-6157-21_RXNAVIMAGE10_853E4292_1.jpg,ROUND,ORANGE,10,ROUND_ORANGE,166,0,0,0,0,0,1,0,0,0,0,0,0,00603-6157-21
00603-6157-21_RXNAVIMAGE10_853E4292_2.jpg,ROUND,ORANGE,10,ROUND_ORANGE,166,0,0,0,0,0,1,0,0,0,0,0,0,00603-6157-21
51991-0747-10_RXNAVIMAGE10_234F91EC_1.jpg,CAPSULE,"GREEN, WHITE",1,"CAPSULE_GREEN, WHITE",42,0,0,0,0,1,0,0,0,0,0,1,0,51991-0747-10
51991-0747-10_RXNAVIMAGE10_234F91EC_2.jpg,CAPSULE,"GREEN, WHITE",1,"CAPSULE_GREEN, WHITE",42,0,0,0,0,1,0,0,0,0,0,1,0,51991-0747-10
99207-0463-30_RXNAVIMAGE10_EB1C75E3_1.jpg,OVAL,BLUE,7,OVAL_BLUE,123,0,1,0,0,0,0,0,0,0,0,0,0,99207-0463-30
99207-0463-30_RXNAVIMAGE10_EB1C75E3_2.jpg,OVAL,BLUE,7,OVAL_BLUE,123,0,1,0,0,0,0,0,0,0,0,0,0,99207-0463-30
00074-7069-90_RXNAVIMAGE10_9D1D4EAA_1.jpg,ROUND,BLUE,10,ROUND_BLUE,160,0,1,0,0,0,0,0,0,0,0,0,0,00074-7069-90
00074-7069-90_RXNAVIMAGE10_9D1D4EAA_2.jpg,ROUND,BLUE,10,ROUND_BLUE,160,0,1,0,0,0,0,0,0,0,0,0,0,00074-7069-90
00004-0800-85_RXNAVIMAGE10_491E24C1_1.jpg,CAPSULE,"GRAY, YELLOW",1,"CAPSULE_GRAY, YELLOW",31,0,0,0,1,0,0,0,0,0,0,0,1,00004-0800-85
00004-0800-85_RXNAVIMAGE10_491E24C1_2.jpg,CAPSULE,"GRAY, YELLOW",1,"CAPSULE_GRAY, YELLOW",31,0,0,0,1,0,0,0,0,0,0,0,1,00004-0800-85
65162-0761-10_RXNAVIMAGE10_C441622B_1.jpg,OVAL,PINK,7,OVAL_PINK,133,0,0,0,0,0,0,1,0,0,0,0,0,65162-0761-10
65162-0761-10_RXNAVIMAGE10_C441622B_2.jpg,OVAL,PINK,7,OVAL_PINK,133,0,0,0,0,0,0,1,0,0,0,0,0,65162-0761-10
49884-0735-11_RXNAVIMAGE10_0D3306F8_1.jpg,OVAL,WHITE,7,OVAL_WHITE,139,0,0,0,0,0,0,0,0,0,0,1,0,49884-0735-11
49884-0735-11_RXNAVIMAGE10_0D3306F8_2.jpg,OVAL,WHITE,7,OVAL_WHITE,139,0,0,0,0,0,0,0,0,0,0,1,0,49884-0735-11
00555-9012-58_RXNAVIMAGE10_832FC1CE_1.jpg,ROUND,WHITE,10,ROUND_WHITE,174,0,0,0,0,0,0,0,0,0,0,1,0,00555-9012-58
00555-9012-58_RXNAVIMAGE10_832FC1CE_2.jpg,ROUND,WHITE,10,ROUND_WHITE,174,0,0,0,0,0,0,0,0,0,0,1,0,00555-9012-58
43547-0254-50_RXNAVIMAGE10_703E3871_1.jpg,OVAL,WHITE,7,OVAL_WHITE,139,0,0,0,0,0,0,0,0,0,0,1,0,43547-0254-50
43547-0254-50_RXNAVIMAGE10_703E3871_2.jpg,OVAL,WHITE,7,OVAL_WHITE,139,0,0,0,0,0,0,0,0,0,0,1,0,43547-0254-50
00093-2748-65_RXNAVIMAGE10_014380FC_1.jpg,ROUND,ORANGE,10,ROUND_ORANGE,166,0,0,0,0,0,1,0,0,0,0,0,0,00093-2748-65
00093-2748-65_RXNAVIMAGE10_014380FC_2.jpg,ROUND,ORANGE,10,ROUND_ORANGE,166,0,0,0,0,0,1,0,0,0,0,0,0,00093-2748-65
16714-0225-04_RXNAVIMAGE10_7C453E79_1.jpg,OVAL,YELLOW,7,OVAL_YELLOW,145,0,0,0,0,0,0,0,0,0,0,0,1,16714-0225-04
16714-0225-04_RXNAVIMAGE10_7C453E79_2.jpg,OVAL,YELLOW,7,OVAL_YELLOW,145,0,0,0,0,0,0,0,0,0,0,0,1,16714-0225-04
00143-1202-01_RXNAVIMAGE10_7A053D59_1.jpg,ROUND,WHITE,10,ROUND_WHITE,174,0,0,0,0,0,0,0,0,0,0,1,0,00143-1202-01
00143-1202-01_RXNAVIMAGE10_7A053D59_2.jpg,ROUND,WHITE,10,ROUND_WHITE,174,0,0,0,0,0,0,0,0,0,0,1,0,00143-1202-01
13668-0268-01_RXNAVIMAGE10_CD3FE6CF_1.jpg,OVAL,PINK,7,OVAL_PINK,133,0,0,0,0,0,0,1,0,0,0,0,0,13668-0268-01
13668-0268-01_RXNAVIMAGE10_CD3FE6CF_2.jpg,OVAL,PINK,7,OVAL_PINK,133,0,0,0,0,0,0,1,0,0,0,0,0,13668-0268-01
29300-0137-01_RXNAVIMAGE10_983A4C62_1.jpg,OVAL,WHITE,7,OVAL_WHITE,139,0,0,0,0,0,0,0,0,0,0,1,0,29300-0137-01
29300-0137-01_RXNAVIMAGE10_983A4C62_2.jpg,OVAL,WHITE,7,OVAL_WHITE,139,0,0,0,0,0,0,0,0,0,0,1,0,29300-0137-01
51285-0126-98_RXNAVIMAGE10_9D42CEA6_1.jpg,ROUND,BROWN,10,ROUND_BROWN,162,0,0,1,0,0,0,0,0,0,0,0,0,51285-0126-98
51285-0126-98_RXNAVIMAGE10_9D42CEA6_2.jpg,ROUND,BROWN,10,ROUND_BROWN,162,0,0,1,0,0,0,0,0,0,0,0,0,51285-0126-98
00093-3160-06_RXNAVIMAGE10_FB297DFB_1.jpg,CAPSULE,"GREEN, PURPLE",1,"CAPSULE_GREEN, PURPLE",40,0,0,0,0,1,0,0,1,0,0,0,0,00093-3160-06
00093-3160-06_RXNAVIMAGE10_FB297DFB_2.jpg,CAPSULE,"GREEN, PURPLE",1,"CAPSULE_GREEN, PURPLE",40,0,0,0,0,1,0,0,1,0,0,0,0,00093-3160-06
51285-0060-01_RXNAVIMAGE10_6838B465_1.jpg,FREEFORM,PINK,4,FREEFORM_PINK,114,0,0,0,0,0,0,1,0,0,0,0,0,51285-0060-01
51285-0060-01_RXNAVIMAGE10_6838B465_2.jpg,FREEFORM,PINK,4,FREEFORM_PINK,114,0,0,0,0,0,0,1,0,0,0,0,0,51285-0060-01
00093-1005-01_RXNAVIMAGE10_9629CB0E_1.jpg,OVAL,WHITE,7,OVAL_WHITE,139,0,0,0,0,0,0,0,0,0,0,1,0,00093-1005-01
00093-1005-01_RXNAVIMAGE10_9629CB0E_2.jpg,OVAL,WHITE,7,OVAL_WHITE,139,0,0,0,0,0,0,0,0,0,0,1,0,00093-1005-01
00093-7236-56_RXNAVIMAGE10_422B2109_1.jpg,ROUND,YELLOW,10,ROUND_YELLOW,178,0,0,0,0,0,0,0,0,0,0,0,1,00093-7236-56
00093-7236-56_RXNAVIMAGE10_422B2109_2.jpg,ROUND,YELLOW,10,ROUND_YELLOW,178,0,0,0,0,0,0,0,0,0,0,0,1,00093-7236-56
66993-0107-02_RXNAVIMAGE10_3A239D7C_1.jpg,OVAL,ORANGE,7,OVAL_ORANGE,130,0,0,0,0,0,1,0,0,0,0,0,0,66993-0107-02
66993-0107-02_RXNAVIMAGE10_3A239D7C_2.jpg,OVAL,ORANGE,7,OVAL_ORANGE,130,0,0,0,0,0,1,0,0,0,0,0,0,66993-0107-02
66993-0409-32_RXNAVIMAGE10_4439A25D_1.jpg,CAPSULE,"BLACK, GREEN",1,"CAPSULE_BLACK, GREEN",1,1,0,0,0,1,0,0,0,0,0,0,0,66993-0409-32
66993-0409-32_RXNAVIMAGE10_4439A25D_2.jpg,CAPSULE,"BLACK, GREEN",1,"CAPSULE_BLACK, GREEN",1,1,0,0,0,1,0,0,0,0,0,0,0,66993-0409-32
65862-0547-90_RXNAVIMAGE10_32511968_1.jpg,OVAL,ORANGE,7,OVAL_ORANGE,130,0,0,0,0,0,1,0,0,0,0,0,0,65862-0547-90
65862-0547-90_RXNAVIMAGE10_32511968_2.jpg,OVAL,ORANGE,7,OVAL_ORANGE,130,0,0,0,0,0,1,0,0,0,0,0,0,65862-0547-90
00378-2072-01_RXNAVIMAGE10_8621435A_1.jpg,ROUND,BLUE,10,ROUND_BLUE,160,0,1,0,0,0,0,0,0,0,0,0,0,00378-2072-01
00378-2072-01_RXNAVIMAGE10_8621435A_2.jpg,ROUND,BLUE,10,ROUND_BLUE,160,0,1,0,0,0,0,0,0,0,0,0,0,00378-2072-01
00228-2751-11_RXNAVIMAGE10_6207B15D_1.jpg,OVAL,WHITE,7,OVAL_WHITE,139,0,0,0,0,0,0,0,0,0,0,1,0,00228-2751-11
00228-2751-11_RXNAVIMAGE10_6207B15D_2.jpg,OVAL,WHITE,7,OVAL_WHITE,139,0,0,0,0,0,0,0,0,0,0,1,0,00228-2751-11
29300-0111-05_RXNAVIMAGE10_584FAC5D_1.jpg,OVAL,WHITE,7,OVAL_WHITE,139,0,0,0,0,0,0,0,0,0,0,1,0,29300-0111-05
29300-0111-05_RXNAVIMAGE10_584FAC5D_2.jpg,OVAL,WHITE,7,OVAL_WHITE,139,0,0,0,0,0,0,0,0,0,0,1,0,29300-0111-05
51285-0446-02_RXNAVIMAGE10_38359C1C_1.jpg,ROUND,ORANGE,10,ROUND_ORANGE,166,0,0,0,0,0,1,0,0,0,0,0,0,51285-0446-02
51285-0446-02_RXNAVIMAGE10_38359C1C_2.jpg,ROUND,ORANGE,10,ROUND_ORANGE,166,0,0,0,0,0,1,0,0,0,0,0,0,51285-0446-02
60505-2674-03_RXNAVIMAGE10_864FC30E_1.jpg,RECTANGLE,PINK,9,RECTANGLE_PINK,158,0,0,0,0,0,0,1,0,0,0,0,0,60505-2674-03
60505-2674-03_RXNAVIMAGE10_864FC30E_2.jpg,RECTANGLE,PINK,9,RECTANGLE_PINK,158,0,0,0,0,0,0,1,0,0,0,0,0,60505-2674-03
00093-7224-98_RXNAVIMAGE10_B5305AF2_1.jpg,ROUND,WHITE,10,ROUND_WHITE,174,0,0,0,0,0,0,0,0,0,0,1,0,00093-7224-98
00093-7224-98_RXNAVIMAGE10_B5305AF2_2.jpg,ROUND,WHITE,10,ROUND_WHITE,174,0,0,0,0,0,0,0,0,0,0,1,0,00093-7224-98
00172-3926-60_RXNAVIMAGE10_C54262D3_1.jpg,ROUND,YELLOW,10,ROUND_YELLOW,178,0,0,0,0,0,0,0,0,0,0,0,1,00172-3926-60
00172-3926-60_RXNAVIMAGE10_C54262D3_2.jpg,ROUND,YELLOW,10,ROUND_YELLOW,178,0,0,0,0,0,0,0,0,0,0,0,1,00172-3926-60
00555-9020-58_RXNAVIMAGE10_4B36A5F5_1.jpg,ROUND,PINK,10,ROUND_PINK,168,0,0,0,0,0,0,1,0,0,0,0,0,00555-9020-58
00555-9020-58_RXNAVIMAGE10_4B36A5F5_2.jpg,ROUND,PINK,10,ROUND_PINK,168,0,0,0,0,0,0,1,0,0,0,0,0,00555-9020-58
55111-0320-01_RXNAVIMAGE10_2F0797AC_1.jpg,OVAL,PINK,7,OVAL_PINK,133,0,0,0,0,0,0,1,0,0,0,0,0,55111-0320-01
55111-0320-01_RXNAVIMAGE10_2F0797AC_2.jpg,OVAL,PINK,7,OVAL_PINK,133,0,0,0,0,0,0,1,0,0,0,0,0,55111-0320-01
68462-0474-01_RXNAVIMAGE10_5047A81D_1.jpg,OVAL,WHITE,7,OVAL_WHITE,139,0,0,0,0,0,0,0,0,0,0,1,0,68462-0474-01
68462-0474-01_RXNAVIMAGE10_5047A81D_2.jpg,OVAL,WHITE,7,OVAL_WHITE,139,0,0,0,0,0,0,0,0,0,0,1,0,68462-0474-01
00003-4222-16_RXNAVIMAGE10_F215F93F_1.jpg,OVAL,YELLOW,7,OVAL_YELLOW,145,0,0,0,0,0,0,0,0,0,0,0,1,00003-4222-16
00003-4222-16_RXNAVIMAGE10_F215F93F_2.jpg,OVAL,YELLOW,7,OVAL_YELLOW,145,0,0,0,0,0,0,0,0,0,0,0,1,00003-4222-16
53489-0145-01_RXNAVIMAGE10_B523DA9E_1.jpg,ROUND,WHITE,10,ROUND_WHITE,174,0,0,0,0,0,0,0,0,0,0,1,0,53489-0145-01
53489-0145-01_RXNAVIMAGE10_B523DA9E_2.jpg,ROUND,WHITE,10,ROUND_WHITE,174,0,0,0,0,0,0,0,0,0,0,1,0,53489-0145-01
53489-0120-02_RXNAVIMAGE10_D4346A13_1.jpg,ROUND,ORANGE,10,ROUND_ORANGE,166,0,0,0,0,0,1,0,0,0,0,0,0,53489-0120-02
53489-0120-02_RXNAVIMAGE10_D4346A13_2.jpg,ROUND,ORANGE,10,ROUND_ORANGE,166,0,0,0,0,0,1,0,0,0,0,0,0,53489-0120-02
55253-0601-30_RXNAVIMAGE10_DE356F4B_1.jpg,ROUND,YELLOW,10,ROUND_YELLOW,178,0,0,0,0,0,0,0,0,0,0,0,1,55253-0601-30
55253-0601-30_RXNAVIMAGE10_DE356F4B_2.jpg,ROUND,YELLOW,10,ROUND_YELLOW,178,0,0,0,0,0,0,0,0,0,0,0,1,55253-0601-30
49702-0203-18_RXNAVIMAGE10_2C19965C_1.jpg,DIAMOND,WHITE,2,DIAMOND_WHITE,110,0,0,0,0,0,0,0,0,0,0,1,0,49702-0203-18
49702-0203-18_RXNAVIMAGE10_2C19965C_2.jpg,DIAMOND,WHITE,2,DIAMOND_WHITE,110,0,0,0,0,0,0,0,0,0,0,1,0,49702-0203-18
52544-0233-41_RXNAVIMAGE10_BA4ADD26_1.jpg,ROUND,GREEN,10,ROUND_GREEN,164,0,0,0,0,1,0,0,0,0,0,0,0,52544-0233-41
52544-0233-41_RXNAVIMAGE10_BA4ADD26_2.jpg,ROUND,GREEN,10,ROUND_GREEN,164,0,0,0,0,1,0,0,0,0,0,0,0,52544-0233-41
00093-7465-98_RXNAVIMAGE10_1C380E40_1.jpg,OVAL,WHITE,7,OVAL_WHITE,139,0,0,0,0,0,0,0,0,0,0,1,0,00093-7465-98
00093-7465-98_RXNAVIMAGE10_1C380E40_2.jpg,OVAL,WHITE,7,OVAL_WHITE,139,0,0,0,0,0,0,0,0,0,0,1,0,00093-7465-98
00378-7002-93_RXNAVIMAGE10_42242111_1.jpg,OVAL,BLUE,7,OVAL_BLUE,123,0,1,0,0,0,0,0,0,0,0,0,0,00378-7002-93
00378-7002-93_RXNAVIMAGE10_42242111_2.jpg,OVAL,BLUE,7,OVAL_BLUE,123,0,1,0,0,0,0,0,0,0,0,0,0,00378-7002-93
00169-0081-81_RXNAVIMAGE10_CD1C66E3_1.jpg,ROUND,WHITE,10,ROUND_WHITE,174,0,0,0,0,0,0,0,0,0,0,1,0,00169-0081-81
00169-0081-81_RXNAVIMAGE10_CD1C66E3_2.jpg,ROUND,WHITE,10,ROUND_WHITE,174,0,0,0,0,0,0,0,0,0,0,1,0,00169-0081-81
68012-0002-13_RXNAVIMAGE10_FE407F63_1.jpg,OVAL,BLUE,7,OVAL_BLUE,123,0,1,0,0,0,0,0,0,0,0,0,0,68012-0002-13
68012-0002-13_RXNAVIMAGE10_FE407F63_2.jpg,OVAL,BLUE,7,OVAL_BLUE,123,0,1,0,0,0,0,0,0,0,0,0,0,68012-0002-13
50111-0308-01_RXNAVIMAGE10_94294A3A_1.jpg,ROUND,WHITE,10,ROUND_WHITE,174,0,0,0,0,0,0,0,0,0,0,1,0,50111-0308-01
50111-0308-01_RXNAVIMAGE10_94294A3A_2.jpg,ROUND,WHITE,10,ROUND_WHITE,174,0,0,0,0,0,0,0,0,0,0,1,0,50111-0308-01
00603-3213-28_RXNAVIMAGE10_7015B82D_1.jpg,ROUND,WHITE,10,ROUND_WHITE,174,0,0,0,0,0,0,0,0,0,0,1,0,00603-3213-28
00603-3213-28_RXNAVIMAGE10_7015B82D_2.jpg,ROUND,WHITE,10,ROUND_WHITE,174,0,0,0,0,0,0,0,0,0,0,1,0,00603-3213-28
00904-1056-61_RXNAVIMAGE10_F032F827_1.jpg,OVAL,WHITE,7,OVAL_WHITE,139,0,0,0,0,0,0,0,0,0,0,1,0,00904-1056-61
00904-1056-61_RXNAVIMAGE10_F032F827_2.jpg,OVAL,WHITE,7,OVAL_WHITE,139,0,0,0,0,0,0,0,0,0,0,1,0,00904-1056-61
00093-7304-65_RXNAVIMAGE10_712F3889_1.jpg,ROUND,WHITE,10,ROUND_WHITE,174,0,0,0,0,0,0,0,0,0,0,1,0,00093-7304-65
00093-7304-65_RXNAVIMAGE10_712F3889_2.jpg,ROUND,WHITE,10,ROUND_WHITE,174,0,0,0,0,0,0,0,0,0,0,1,0,00093-7304-65
47781-0729-02_RXNAVIMAGE10_074D03A8_1.jpg,CAPSULE,"GRAY, PINK",1,"CAPSULE_GRAY, PINK",27,0,0,0,1,0,0,1,0,0,0,0,0,47781-0729-02
47781-0729-02_RXNAVIMAGE10_074D03A8_2.jpg,CAPSULE,"GRAY, PINK",1,"CAPSULE_GRAY, PINK",27,0,0,0,1,0,0,1,0,0,0,0,0,47781-0729-02
00378-4186-93_RXNAVIMAGE10_37219BDC_1.jpg,ROUND,GREEN,10,ROUND_GREEN,164,0,0,0,0,1,0,0,0,0,0,0,0,00378-4186-93
00378-4186-93_RXNAVIMAGE10_37219BDC_2.jpg,ROUND,GREEN,10,ROUND_GREEN,164,0,0,0,0,1,0,0,0,0,0,0,0,00378-4186-93
33342-0067-07_RXNAVIMAGE10_E451724B_1.jpg,ROUND,WHITE,10,ROUND_WHITE,174,0,0,0,0,0,0,0,0,0,0,1,0,33342-0067-07
33342-0067-07_RXNAVIMAGE10_E451724B_2.jpg,ROUND,WHITE,10,ROUND_WHITE,174,0,0,0,0,0,0,0,0,0,0,1,0,33342-0067-07
00093-0090-01_RXNAVIMAGE10_F32979AB_1.jpg,ROUND,WHITE,10,ROUND_WHITE,174,0,0,0,0,0,0,0,0,0,0,1,0,00093-0090-01
00093-0090-01_RXNAVIMAGE10_F32979AB_2.jpg,ROUND,WHITE,10,ROUND_WHITE,174,0,0,0,0,0,0,0,0,0,0,1,0,00093-0090-01
68682-0372-90_RXNAVIMAGE10_62443161_1.jpg,CAPSULE,WHITE,1,CAPSULE_WHITE,81,0,0,0,0,0,0,0,0,0,0,1,0,68682-0372-90
68682-0372-90_RXNAVIMAGE10_62443161_2.jpg,CAPSULE,WHITE,1,CAPSULE_WHITE,81,0,0,0,0,0,0,0,0,0,0,1,0,68682-0372-90
65862-0621-01_RXNAVIMAGE10_3F4E1FB0_1.jpg,ROUND,WHITE,10,ROUND_WHITE,174,0,0,0,0,0,0,0,0,0,0,1,0,65862-0621-01
65862-0621-01_RXNAVIMAGE10_3F4E1FB0_2.jpg,ROUND,WHITE,10,ROUND_WHITE,174,0,0,0,0,0,0,0,0,0,0,1,0,65862-0621-01
00781-5619-92_RXNAVIMAGE10_B93EDC86_1.jpg,TEAR,BROWN,13,TEAR_BROWN,188,0,0,1,0,0,0,0,0,0,0,0,0,00781-5619-92
00781-5619-92_RXNAVIMAGE10_B93EDC86_2.jpg,TEAR,BROWN,13,TEAR_BROWN,188,0,0,1,0,0,0,0,0,0,0,0,0,00781-5619-92
00093-7206-56_RXNAVIMAGE10_9F2FCFDE_1.jpg,ROUND,YELLOW,10,ROUND_YELLOW,178,0,0,0,0,0,0,0,0,0,0,0,1,00093-7206-56
00093-7206-56_RXNAVIMAGE10_9F2FCFDE_2.jpg,ROUND,YELLOW,10,ROUND_YELLOW,178,0,0,0,0,0,0,0,0,0,0,0,1,00093-7206-56
00777-3105-02_RXNAVIMAGE10_061C8364_1.jpg,CAPSULE,"YELLOW, GREEN",1,"CAPSULE_YELLOW, GREEN",98,0,0,0,0,1,0,0,0,0,0,0,1,00777-3105-02
00777-3105-02_RXNAVIMAGE10_061C8364_2.jpg,CAPSULE,"YELLOW, GREEN",1,"CAPSULE_YELLOW, GREEN",98,0,0,0,0,1,0,0,0,0,0,0,1,00777-3105-02
23635-0108-20_RXNAVIMAGE10_DC1DEE0F_1.jpg,CAPSULE,WHITE,1,CAPSULE_WHITE,81,0,0,0,0,0,0,0,0,0,0,1,0,23635-0108-20
23635-0108-20_RXNAVIMAGE10_DC1DEE0F_2.jpg,CAPSULE,WHITE,1,CAPSULE_WHITE,81,0,0,0,0,0,0,0,0,0,0,1,0,23635-0108-20
68180-0711-60_RXNAVIMAGE10_BB135DBA_1.jpg,CAPSULE,"TURQUOISE, PURPLE",1,"CAPSULE_TURQUOISE, PURPLE",79,0,0,0,0,0,0,0,1,0,1,0,0,68180-0711-60
68180-0711-60_RXNAVIMAGE10_BB135DBA_2.jpg,CAPSULE,"TURQUOISE, PURPLE",1,"CAPSULE_TURQUOISE, PURPLE",79,0,0,0,0,0,0,0,1,0,1,0,0,68180-0711-60
00378-4151-01_RXNAVIMAGE10_2A21954C_1.jpg,ROUND,WHITE,10,ROUND_WHITE,174,0,0,0,0,0,0,0,0,0,0,1,0,00378-4151-01
00378-4151-01_RXNAVIMAGE10_2A21954C_2.jpg,ROUND,WHITE,10,ROUND_WHITE,174,0,0,0,0,0,0,0,0,0,0,1,0,00378-4151-01
49884-0501-01_RXNAVIMAGE10_EB3975BB_1.jpg,CAPSULE,"GRAY, RED",1,"CAPSULE_GRAY, RED",29,0,0,0,1,0,0,0,0,1,0,0,0,49884-0501-01
49884-0501-01_RXNAVIMAGE10_EB3975BB_2.jpg,CAPSULE,"GRAY, RED",1,"CAPSULE_GRAY, RED",29,0,0,0,1,0,0,0,0,1,0,0,0,49884-0501-01
66993-0413-30_RXNAVIMAGE10_2F3E97E4_1.jpg,CAPSULE,"BLUE, WHITE",1,"CAPSULE_BLUE, WHITE",16,0,1,0,0,0,0,0,0,0,0,1,0,66993-0413-30
66993-0413-30_RXNAVIMAGE10_2F3E97E4_2.jpg,CAPSULE,"BLUE, WHITE",1,"CAPSULE_BLUE, WHITE",16,0,1,0,0,0,0,0,0,0,0,1,0,66993-0413-30
57237-0042-30_RXNAVIMAGE10_503F2879_1.jpg,OVAL,BLUE,7,OVAL_BLUE,123,0,1,0,0,0,0,0,0,0,0,0,0,57237-0042-30
57237-0042-30_RXNAVIMAGE10_503F2879_2.jpg,OVAL,BLUE,7,OVAL_BLUE,123,0,1,0,0,0,0,0,0,0,0,0,0,57237-0042-30
62584-0990-01_RXNAVIMAGE10_B133D8FE_1.jpg,ROUND,WHITE,10,ROUND_WHITE,174,0,0,0,0,0,0,0,0,0,0,1,0,62584-0990-01
62584-0990-01_RXNAVIMAGE10_B133D8FE_2.jpg,ROUND,WHITE,10,ROUND_WHITE,174,0,0,0,0,0,0,0,0,0,0,1,0,62584-0990-01
00093-7166-01_RXNAVIMAGE10_C142E0A7_1.jpg,CAPSULE,"WHITE, YELLOW",1,"CAPSULE_WHITE, YELLOW",93,0,0,0,0,0,0,0,0,0,0,1,1,00093-7166-01
00093-7166-01_RXNAVIMAGE10_C142E0A7_2.jpg,CAPSULE,"WHITE, YELLOW",1,"CAPSULE_WHITE, YELLOW",93,0,0,0,0,0,0,0,0,0,0,1,1,00093-7166-01
63402-0302-30_RXNAVIMAGE10_113D88FC_1.jpg,ROUND,WHITE,10,ROUND_WHITE,174,0,0,0,0,0,0,0,0,0,0,1,0,63402-0302-30
63402-0302-30_RXNAVIMAGE10_113D88FC_2.jpg,ROUND,WHITE,10,ROUND_WHITE,174,0,0,0,0,0,0,0,0,0,0,1,0,63402-0302-30
00074-3455-90_RXNAVIMAGE10_261C9354_1.jpg,OVAL,BLUE,7,OVAL_BLUE,123,0,1,0,0,0,0,0,0,0,0,0,0,00074-3455-90
00074-3455-90_RXNAVIMAGE10_261C9354_2.jpg,OVAL,BLUE,7,OVAL_BLUE,123,0,1,0,0,0,0,0,0,0,0,0,0,00074-3455-90
51991-0838-01_RXNAVIMAGE10_66403311_1.jpg,ROUND,WHITE,10,ROUND_WHITE,174,0,0,0,0,0,0,0,0,0,0,1,0,51991-0838-01
51991-0838-01_RXNAVIMAGE10_66403311_2.jpg,ROUND,WHITE,10,ROUND_WHITE,174,0,0,0,0,0,0,0,0,0,0,1,0,51991-0838-01
00904-3855-61_RXNAVIMAGE10_17328BF4_1.jpg,ROUND,WHITE,10,ROUND_WHITE,174,0,0,0,0,0,0,0,0,0,0,1,0,00904-3855-61
00904-3855-61_RXNAVIMAGE10_17328BF4_2.jpg,ROUND,WHITE,10,ROUND_WHITE,174,0,0,0,0,0,0,0,0,0,0,1,0,00904-3855-61
57237-0005-11_RXNAVIMAGE10_34471A28_1.jpg,OVAL,PINK,7,OVAL_PINK,133,0,0,0,0,0,0,1,0,0,0,0,0,57237-0005-11
57237-0005-11_RXNAVIMAGE10_34471A28_2.jpg,OVAL,PINK,7,OVAL_PINK,133,0,0,0,0,0,0,1,0,0,0,0,0,57237-0005-11
65597-0103-90_RXNAVIMAGE10_12130928_1.jpg,ROUND,WHITE,10,ROUND_WHITE,174,0,0,0,0,0,0,0,0,0,0,1,0,65597-0103-90
65597-0103-90_RXNAVIMAGE10_12130928_2.jpg,ROUND,WHITE,10,ROUND_WHITE,174,0,0,0,0,0,0,0,0,0,0,1,0,65597-0103-90
53489-0332-01_RXNAVIMAGE10_C34461F3_1.jpg,ROUND,GREEN,10,ROUND_GREEN,164,0,0,0,0,1,0,0,0,0,0,0,0,53489-0332-01
53489-0332-01_RXNAVIMAGE10_C34461F3_2.jpg,ROUND,GREEN,10,ROUND_GREEN,164,0,0,0,0,1,0,0,0,0,0,0,0,53489-0332-01
00093-1062-01_RXNAVIMAGE10_A529D2EE_1.jpg,OVAL,BLUE,7,OVAL_BLUE,123,0,1,0,0,0,0,0,0,0,0,0,0,00093-1062-01
00093-1062-01_RXNAVIMAGE10_A529D2EE_2.jpg,OVAL,BLUE,7,OVAL_BLUE,123,0,1,0,0,0,0,0,0,0,0,0,0,00093-1062-01
00143-9920-01_RXNAVIMAGE10_A4265272_1.jpg,OVAL,YELLOW,7,OVAL_YELLOW,145,0,0,0,0,0,0,0,0,0,0,0,1,00143-9920-01
00143-9920-01_RXNAVIMAGE10_A4265272_2.jpg,OVAL,YELLOW,7,OVAL_YELLOW,145,0,0,0,0,0,0,0,0,0,0,0,1,00143-9920-01
50111-0327-01_RXNAVIMAGE10_FB237DFB_1.jpg,ROUND,ORANGE,10,ROUND_ORANGE,166,0,0,0,0,0,1,0,0,0,0,0,0,50111-0327-01
50111-0327-01_RXNAVIMAGE10_FB237DFB_2.jpg,ROUND,ORANGE,10,ROUND_ORANGE,166,0,0,0,0,0,1,0,0,0,0,0,0,50111-0327-01
52544-0848-28_RXNAVIMAGE10_18498C6C_1.jpg,ROUND,ORANGE,10,ROUND_ORANGE,166,0,0,0,0,0,1,0,0,0,0,0,0,52544-0848-28
52544-0848-28_RXNAVIMAGE10_18498C6C_2.jpg,ROUND,ORANGE,10,ROUND_ORANGE,166,0,0,0,0,0,1,0,0,0,0,0,0,52544-0848-28
49884-0034-01_RXNAVIMAGE10_C7346383_1.jpg,OVAL,BLUE,7,OVAL_BLUE,123,0,1,0,0,0,0,0,0,0,0,0,0,49884-0034-01
49884-0034-01_RXNAVIMAGE10_C7346383_2.jpg,OVAL,BLUE,7,OVAL_BLUE,123,0,1,0,0,0,0,0,0,0,0,0,0,49884-0034-01
00591-3159-01_RXNAVIMAGE10_9C12CE46_1.jpg,CAPSULE,WHITE,1,CAPSULE_WHITE,81,0,0,0,0,0,0,0,0,0,0,1,0,00591-3159-01
00591-3159-01_RXNAVIMAGE10_9C12CE46_2.jpg,CAPSULE,WHITE,1,CAPSULE_WHITE,81,0,0,0,0,0,0,0,0,0,0,1,0,00591-3159-01
00555-9051-67_RXNAVIMAGE10_5936ACE5_1.jpg,ROUND,ORANGE,10,ROUND_ORANGE,166,0,0,0,0,0,1,0,0,0,0,0,0,00555-9051-67
00555-9051-67_RXNAVIMAGE10_5936ACE5_2.jpg,ROUND,ORANGE,10,ROUND_ORANGE,166,0,0,0,0,0,1,0,0,0,0,0,0,00555-9051-67
00173-0722-00_RXNAVIMAGE10_F918FCF7_1.jpg,ROUND,PINK,10,ROUND_PINK,168,0,0,0,0,0,0,1,0,0,0,0,0,00173-0722-00
00173-0722-00_RXNAVIMAGE10_F918FCF7_2.jpg,ROUND,PINK,10,ROUND_PINK,168,0,0,0,0,0,0,1,0,0,0,0,0,00173-0722-00
00781-1496-68_RXNAVIMAGE10_0C400670_1.jpg,OVAL,WHITE,7,OVAL_WHITE,139,0,0,0,0,0,0,0,0,0,0,1,0,00781-1496-68
00781-1496-68_RXNAVIMAGE10_0C400670_2.jpg,OVAL,WHITE,7,OVAL_WHITE,139,0,0,0,0,0,0,0,0,0,0,1,0,00781-1496-68
55111-0158-10_RXNAVIMAGE10_BD38DEF6_1.jpg,CAPSULE,"GRAY, PURPLE",1,"CAPSULE_GRAY, PURPLE",28,0,0,0,1,0,0,0,1,0,0,0,0,55111-0158-10
55111-0158-10_RXNAVIMAGE10_BD38DEF6_2.jpg,CAPSULE,"GRAY, PURPLE",1,"CAPSULE_GRAY, PURPLE",28,0,0,0,1,0,0,0,1,0,0,0,0,55111-0158-10
00603-5090-21_RXNAVIMAGE10_EF0877B3_1.jpg,ROUND,GRAY,10,ROUND_GRAY,163,0,0,0,1,0,0,0,0,0,0,0,0,00603-5090-21
00603-5090-21_RXNAVIMAGE10_EF0877B3_2.jpg,ROUND,GRAY,10,ROUND_GRAY,163,0,0,0,1,0,0,0,0,0,0,0,0,00603-5090-21
52544-0959-28_RXNAVIMAGE10_D23AE957_1.jpg,ROUND,BLUE,10,ROUND_BLUE,160,0,1,0,0,0,0,0,0,0,0,0,0,52544-0959-28
52544-0959-28_RXNAVIMAGE10_D23AE957_2.jpg,ROUND,BLUE,10,ROUND_BLUE,160,0,1,0,0,0,0,0,0,0,0,0,0,52544-0959-28
00536-3305-10_RXNAVIMAGE10_A846D466_1.jpg,ROUND,WHITE,10,ROUND_WHITE,174,0,0,0,0,0,0,0,0,0,0,1,0,00536-3305-10
00536-3305-10_RXNAVIMAGE10_A846D466_2.jpg,ROUND,WHITE,10,ROUND_WHITE,174,0,0,0,0,0,0,0,0,0,0,1,0,00536-3305-10
64980-0191-06_RXNAVIMAGE10_77513BB9_1.jpg,OVAL,WHITE,7,OVAL_WHITE,139,0,0,0,0,0,0,0,0,0,0,1,0,64980-0191-06
64980-0191-06_RXNAVIMAGE10_77513BB9_2.jpg,OVAL,WHITE,7,OVAL_WHITE,139,0,0,0,0,0,0,0,0,0,0,1,0,64980-0191-06
00591-0406-01_RXNAVIMAGE10_5C21AE6D_1.jpg,OVAL,WHITE,7,OVAL_WHITE,139,0,0,0,0,0,0,0,0,0,0,1,0,00591-0406-01
00591-0406-01_RXNAVIMAGE10_5C21AE6D_2.jpg,OVAL,WHITE,7,OVAL_WHITE,139,0,0,0,0,0,0,0,0,0,0,1,0,00591-0406-01
62175-0114-32_RXNAVIMAGE10_D50E6A93_1.jpg,CAPSULE,WHITE,1,CAPSULE_WHITE,81,0,0,0,0,0,0,0,0,0,0,1,0,62175-0114-32
62175-0114-32_RXNAVIMAGE10_D50E6A93_2.jpg,CAPSULE,WHITE,1,CAPSULE_WHITE,81,0,0,0,0,0,0,0,0,0,0,1,0,62175-0114-32
00832-0304-00_RXNAVIMAGE10_76133B39_1.jpg,ROUND,BROWN,10,ROUND_BROWN,162,0,0,1,0,0,0,0,0,0,0,0,0,00832-0304-00
00832-0304-00_RXNAVIMAGE10_76133B39_2.jpg,ROUND,BROWN,10,ROUND_BROWN,162,0,0,1,0,0,0,0,0,0,0,0,0,00832-0304-00
49884-0727-03_RXNAVIMAGE10_A339D1FE_1.jpg,CAPSULE,"BROWN, WHITE",1,"CAPSULE_BROWN, WHITE",20,0,0,1,0,0,0,0,0,0,0,1,0,49884-0727-03
49884-0727-03_RXNAVIMAGE10_A339D1FE_2.jpg,CAPSULE,"BROWN, WHITE",1,"CAPSULE_BROWN, WHITE",20,0,0,1,0,0,0,0,0,0,0,1,0,49884-0727-03
67253-0180-10_RXNAVIMAGE10_0A200520_1.jpg,CAPSULE,"GRAY, BLUE",1,"CAPSULE_GRAY, BLUE",23,0,1,0,1,0,0,0,0,0,0,0,0,67253-0180-10
67253-0180-10_RXNAVIMAGE10_0A200520_2.jpg,CAPSULE,"GRAY, BLUE",1,"CAPSULE_GRAY, BLUE",23,0,1,0,1,0,0,0,0,0,0,0,0,67253-0180-10
00378-6090-01_RXNAVIMAGE10_133E89D4_1.jpg,CAPSULE,"PINK, WHITE",1,"CAPSULE_PINK, WHITE",59,0,0,0,0,0,0,1,0,0,0,1,0,00378-6090-01
00378-6090-01_RXNAVIMAGE10_133E89D4_2.jpg,CAPSULE,"PINK, WHITE",1,"CAPSULE_PINK, WHITE",59,0,0,0,0,0,0,1,0,0,0,1,0,00378-6090-01
00555-0956-02_RXNAVIMAGE10_CF426783_1.jpg,CAPSULE,"BROWN, WHITE",1,"CAPSULE_BROWN, WHITE",20,0,0,1,0,0,0,0,0,0,0,1,0,00555-0956-02
00555-0956-02_RXNAVIMAGE10_CF426783_2.jpg,CAPSULE,"BROWN, WHITE",1,"CAPSULE_BROWN, WHITE",20,0,0,1,0,0,0,0,0,0,0,1,0,00555-0956-02
45802-0594-65_RXNAVIMAGE10_AC125672_1.jpg,OVAL,WHITE,7,OVAL_WHITE,139,0,0,0,0,0,0,0,0,0,0,1,0,45802-0594-65
45802-0594-65_RXNAVIMAGE10_AC125672_2.jpg,OVAL,WHITE,7,OVAL_WHITE,139,0,0,0,0,0,0,0,0,0,0,1,0,45802-0594-65
31722-0551-90_RXNAVIMAGE10_A640D316_1.jpg,ROUND,WHITE,10,ROUND_WHITE,174,0,0,0,0,0,0,0,0,0,0,1,0,31722-0551-90
31722-0551-90_RXNAVIMAGE10_A640D316_2.jpg,ROUND,WHITE,10,ROUND_WHITE,174,0,0,0,0,0,0,0,0,0,0,1,0,31722-0551-90
00781-5185-01_RXNAVIMAGE10_8323C1DE_1.jpg,OVAL,PINK,7,OVAL_PINK,133,0,0,0,0,0,0,1,0,0,0,0,0,00781-5185-01
00781-5185-01_RXNAVIMAGE10_8323C1DE_2.jpg,OVAL,PINK,7,OVAL_PINK,133,0,0,0,0,0,0,1,0,0,0,0,0,00781-5185-01
43386-0660-24_RXNAVIMAGE10_D91DECBF_1.jpg,CAPSULE,PURPLE,1,CAPSULE_PURPLE,61,0,0,0,0,0,0,0,1,0,0,0,0,43386-0660-24
43386-0660-24_RXNAVIMAGE10_D91DECBF_2.jpg,CAPSULE,PURPLE,1,CAPSULE_PURPLE,61,0,0,0,0,0,0,0,1,0,0,0,0,43386-0660-24
50419-0402-01_RXNAVIMAGE10_BB195DEA_1.jpg,ROUND,WHITE,10,ROUND_WHITE,174,0,0,0,0,0,0,0,0,0,0,1,0,50419-0402-01
50419-0402-01_RXNAVIMAGE10_BB195DEA_2.jpg,ROUND,WHITE,10,ROUND_WHITE,174,0,0,0,0,0,0,0,0,0,0,1,0,50419-0402-01
68180-0185-06_RXNAVIMAGE10_B33BD98E_1.jpg,CAPSULE,YELLOW,1,CAPSULE_YELLOW,94,0,0,0,0,0,0,0,0,0,0,0,1,68180-0185-06
68180-0185-06_RXNAVIMAGE10_B33BD98E_2.jpg,CAPSULE,YELLOW,1,CAPSULE_YELLOW,94,0,0,0,0,0,0,0,0,0,0,0,1,68180-0185-06
00555-0926-02_RXNAVIMAGE10_DE2F6F4B_1.jpg,OVAL,TURQUOISE,7,OVAL_TURQUOISE,138,0,0,0,0,0,0,0,0,0,1,0,0,00555-0926-02
00555-0926-02_RXNAVIMAGE10_DE2F6F4B_2.jpg,OVAL,TURQUOISE,7,OVAL_TURQUOISE,138,0,0,0,0,0,0,0,0,0,1,0,0,00555-0926-02
49884-0236-11_RXNAVIMAGE10_FF057FEB_1.jpg,ROUND,ORANGE,10,ROUND_ORANGE,166,0,0,0,0,0,1,0,0,0,0,0,0,49884-0236-11
49884-0236-11_RXNAVIMAGE10_FF057FEB_2.jpg,ROUND,ORANGE,10,ROUND_ORANGE,166,0,0,0,0,0,1,0,0,0,0,0,0,49884-0236-11
00093-8055-14_RXNAVIMAGE10_C2386123_1.jpg,CAPSULE,"GRAY, PINK",1,"CAPSULE_GRAY, PINK",27,0,0,0,1,0,0,1,0,0,0,0,0,00093-8055-14
00093-8055-14_RXNAVIMAGE10_C2386123_2.jpg,CAPSULE,"GRAY, PINK",1,"CAPSULE_GRAY, PINK",27,0,0,0,1,0,0,1,0,0,0,0,0,00093-8055-14
00555-0211-10_RXNAVIMAGE10_C32B61BB_1.jpg,OVAL,WHITE,7,OVAL_WHITE,139,0,0,0,0,0,0,0,0,0,0,1,0,00555-0211-10
00555-0211-10_RXNAVIMAGE10_C32B61BB_2.jpg,OVAL,WHITE,7,OVAL_WHITE,139,0,0,0,0,0,0,0,0,0,0,1,0,00555-0211-10
00456-2010-01_RXNAVIMAGE10_5C1B2E29_1.jpg,ROUND,WHITE,10,ROUND_WHITE,174,0,0,0,0,0,0,0,0,0,0,1,0,00456-2010-01
00456-2010-01_RXNAVIMAGE10_5C1B2E29_2.jpg,ROUND,WHITE,10,ROUND_WHITE,174,0,0,0,0,0,0,0,0,0,0,1,0,00456-2010-01
16714-0305-01_RXNAVIMAGE10_2D5016A0_1.jpg,OVAL,WHITE,7,OVAL_WHITE,139,0,0,0,0,0,0,0,0,0,0,1,0,16714-0305-01
16714-0305-01_RXNAVIMAGE10_2D5016A0_2.jpg,OVAL,WHITE,7,OVAL_WHITE,139,0,0,0,0,0,0,0,0,0,0,1,0,16714-0305-01
00555-9028-58_RXNAVIMAGE10_682FB44D_1.jpg,ROUND,BROWN,10,ROUND_BROWN,162,0,0,1,0,0,0,0,0,0,0,0,0,00555-9028-58
00555-9028-58_RXNAVIMAGE10_682FB44D_2.jpg,ROUND,BROWN,10,ROUND_BROWN,162,0,0,1,0,0,0,0,0,0,0,0,0,00555-9028-58
00677-0070-10_RXNAVIMAGE10_E707F38F_1.jpg,ROUND,GREEN,10,ROUND_GREEN,164,0,0,0,0,1,0,0,0,0,0,0,0,00677-0070-10
00677-0070-10_RXNAVIMAGE10_E707F38F_2.jpg,ROUND,GREEN,10,ROUND_GREEN,164,0,0,0,0,1,0,0,0,0,0,0,0,00677-0070-10
64125-0137-10_RXNAVIMAGE10_8B3AC5E6_1.jpg,OVAL,WHITE,7,OVAL_WHITE,139,0,0,0,0,0,0,0,0,0,0,1,0,64125-0137-10
64125-0137-10_RXNAVIMAGE10_8B3AC5E6_2.jpg,OVAL,WHITE,7,OVAL_WHITE,139,0,0,0,0,0,0,0,0,0,0,1,0,64125-0137-10
64455-0799-42_RXNAVIMAGE10_B8135C3A_1.jpg,CAPSULE,"BLUE, WHITE",1,"CAPSULE_BLUE, WHITE",16,0,1,0,0,0,0,0,0,0,0,1,0,64455-0799-42
64455-0799-42_RXNAVIMAGE10_B8135C3A_2.jpg,CAPSULE,"BLUE, WHITE",1,"CAPSULE_BLUE, WHITE",16,0,1,0,0,0,0,0,0,0,0,1,0,64455-0799-42
33342-0033-10_RXNAVIMAGE10_C445E22F_1.jpg,OVAL,WHITE,7,OVAL_WHITE,139,0,0,0,0,0,0,0,0,0,0,1,0,33342-0033-10
33342-0033-10_RXNAVIMAGE10_C445E22F_2.jpg,OVAL,WHITE,7,OVAL_WHITE,139,0,0,0,0,0,0,0,0,0,0,1,0,33342-0033-10
13811-0515-10_RXNAVIMAGE10_173D0B88_1.jpg,OVAL,YELLOW,7,OVAL_YELLOW,145,0,0,0,0,0,0,0,0,0,0,0,1,13811-0515-10
13811-0515-10_RXNAVIMAGE10_173D0B88_2.jpg,OVAL,YELLOW,7,OVAL_YELLOW,145,0,0,0,0,0,0,0,0,0,0,0,1,13811-0515-10
47335-0539-81_RXNAVIMAGE10_703C3801_1.jpg,OVAL,PINK,7,OVAL_PINK,133,0,0,0,0,0,0,1,0,0,0,0,0,47335-0539-81
47335-0539-81_RXNAVIMAGE10_703C3801_2.jpg,OVAL,PINK,7,OVAL_PINK,133,0,0,0,0,0,0,1,0,0,0,0,0,47335-0539-81
23155-0148-01_RXNAVIMAGE10_D7466B93_1.jpg,ROUND,WHITE,10,ROUND_WHITE,174,0,0,0,0,0,0,0,0,0,0,1,0,23155-0148-01
23155-0148-01_RXNAVIMAGE10_D7466B93_2.jpg,ROUND,WHITE,10,ROUND_WHITE,174,0,0,0,0,0,0,0,0,0,0,1,0,23155-0148-01
00054-0017-25_RXNAVIMAGE10_F7217BFB_1.jpg,ROUND,WHITE,10,ROUND_WHITE,174,0,0,0,0,0,0,0,0,0,0,1,0,00054-0017-25
00054-0017-25_RXNAVIMAGE10_F7217BFB_2.jpg,ROUND,WHITE,10,ROUND_WHITE,174,0,0,0,0,0,0,0,0,0,0,1,0,00054-0017-25
50111-0648-01_RXNAVIMAGE10_6E303721_1.jpg,CAPSULE,"WHITE, GREEN",1,"CAPSULE_WHITE, GREEN",86,0,0,0,0,1,0,0,0,0,0,1,0,50111-0648-01
50111-0648-01_RXNAVIMAGE10_6E303721_2.jpg,CAPSULE,"WHITE, GREEN",1,"CAPSULE_WHITE, GREEN",86,0,0,0,0,1,0,0,0,0,0,1,0,50111-0648-01
53489-0386-01_RXNAVIMAGE10_46452379_1.jpg,ROUND,WHITE,10,ROUND_WHITE,174,0,0,0,0,0,0,0,0,0,0,1,0,53489-0386-01
53489-0386-01_RXNAVIMAGE10_46452379_2.jpg,ROUND,WHITE,10,ROUND_WHITE,174,0,0,0,0,0,0,0,0,0,0,1,0,53489-0386-01
65162-0642-10_RXNAVIMAGE10_F43B7A7B_1.jpg,ROUND,WHITE,10,ROUND_WHITE,174,0,0,0,0,0,0,0,0,0,0,1,0,65162-0642-10
65162-0642-10_RXNAVIMAGE10_F43B7A7B_2.jpg,ROUND,WHITE,10,ROUND_WHITE,174,0,0,0,0,0,0,0,0,0,0,1,0,65162-0642-10
55111-0626-60_RXNAVIMAGE10_233F11C8_1.jpg,ROUND,WHITE,10,ROUND_WHITE,174,0,0,0,0,0,0,0,0,0,0,1,0,55111-0626-60
55111-0626-60_RXNAVIMAGE10_233F11C8_2.jpg,ROUND,WHITE,10,ROUND_WHITE,174,0,0,0,0,0,0,0,0,0,0,1,0,55111-0626-60
16571-0201-11_RXNAVIMAGE10_B205597A_1.jpg,ROUND,BROWN,10,ROUND_BROWN,162,0,0,1,0,0,0,0,0,0,0,0,0,16571-0201-11
16571-0201-11_RXNAVIMAGE10_B205597A_2.jpg,ROUND,BROWN,10,ROUND_BROWN,162,0,0,1,0,0,0,0,0,0,0,0,0,16571-0201-11
13668-0133-01_RXNAVIMAGE10_703B3819_1.jpg,ROUND,PINK,10,ROUND_PINK,168,0,0,0,0,0,0,1,0,0,0,0,0,13668-0133-01
13668-0133-01_RXNAVIMAGE10_703B3819_2.jpg,ROUND,PINK,10,ROUND_PINK,168,0,0,0,0,0,0,1,0,0,0,0,0,13668-0133-01
00591-3211-60_RXNAVIMAGE10_2E1C9744_1.jpg,CAPSULE,BROWN,1,CAPSULE_BROWN,18,0,0,1,0,0,0,0,0,0,0,0,0,00591-3211-60
00591-3211-60_RXNAVIMAGE10_2E1C9744_2.jpg,CAPSULE,BROWN,1,CAPSULE_BROWN,18,0,0,1,0,0,0,0,0,0,0,0,0,00591-3211-60
65862-0571-90_RXNAVIMAGE10_64433209_1.jpg,ROUND,PINK,10,ROUND_PINK,168,0,0,0,0,0,0,1,0,0,0,0,0,65862-0571-90
65862-0571-90_RXNAVIMAGE10_64433209_2.jpg,ROUND,PINK,10,ROUND_PINK,168,0,0,0,0,0,0,1,0,0,0,0,0,65862-0571-90
51991-0820-01_RXNAVIMAGE10_B141589A_1.jpg,CAPSULE,BROWN,1,CAPSULE_BROWN,18,0,0,1,0,0,0,0,0,0,0,0,0,51991-0820-01
51991-0820-01_RXNAVIMAGE10_B141589A_2.jpg,CAPSULE,BROWN,1,CAPSULE_BROWN,18,0,0,1,0,0,0,0,0,0,0,0,0,51991-0820-01
00093-5200-06_RXNAVIMAGE10_6D26B6F5_1.jpg,RECTANGLE,WHITE,9,RECTANGLE_WHITE,159,0,0,0,0,0,0,0,0,0,0,1,0,00093-5200-06
00093-5200-06_RXNAVIMAGE10_6D26B6F5_2.jpg,RECTANGLE,WHITE,9,RECTANGLE_WHITE,159,0,0,0,0,0,0,0,0,0,0,1,0,00093-5200-06
00074-5182-19_RXNAVIMAGE10_AF1D57AA_1.jpg,ROUND,PURPLE,10,ROUND_PURPLE,171,0,0,0,0,0,0,0,1,0,0,0,0,00074-5182-19
00074-5182-19_RXNAVIMAGE10_AF1D57AA_2.jpg,ROUND,PURPLE,10,ROUND_PURPLE,171,0,0,0,0,0,0,0,1,0,0,0,0,00074-5182-19
55111-0340-01_RXNAVIMAGE10_7303B98D_1.jpg,CAPSULE,"RED, WHITE",1,"CAPSULE_RED, WHITE",74,0,0,0,0,0,0,0,0,1,0,1,0,55111-0340-01
55111-0340-01_RXNAVIMAGE10_7303B98D_2.jpg,CAPSULE,"RED, WHITE",1,"CAPSULE_RED, WHITE",74,0,0,0,0,0,0,0,0,1,0,1,0,55111-0340-01
55111-0263-81_RXNAVIMAGE10_EC3BF60F_1.jpg,OVAL,YELLOW,7,OVAL_YELLOW,145,0,0,0,0,0,0,0,0,0,0,0,1,55111-0263-81
55111-0263-81_RXNAVIMAGE10_EC3BF60F_2.jpg,OVAL,YELLOW,7,OVAL_YELLOW,145,0,0,0,0,0,0,0,0,0,0,0,1,55111-0263-81
00603-2116-28_RXNAVIMAGE10_A23FD13E_1.jpg,ROUND,ORANGE,10,ROUND_ORANGE,166,0,0,0,0,0,1,0,0,0,0,0,0,00603-2116-28
00603-2116-28_RXNAVIMAGE10_A23FD13E_2.jpg,ROUND,ORANGE,10,ROUND_ORANGE,166,0,0,0,0,0,1,0,0,0,0,0,0,00603-2116-28
00143-1771-10_RXNAVIMAGE10_71083881_1.jpg,ROUND,WHITE,10,ROUND_WHITE,174,0,0,0,0,0,0,0,0,0,0,1,0,00143-1771-10
00143-1771-10_RXNAVIMAGE10_71083881_2.jpg,ROUND,WHITE,10,ROUND_WHITE,174,0,0,0,0,0,0,0,0,0,0,1,0,00143-1771-10
31722-0901-90_RXNAVIMAGE10_244E1260_1.jpg,ROUND,PINK,10,ROUND_PINK,168,0,0,0,0,0,0,1,0,0,0,0,0,31722-0901-90
31722-0901-90_RXNAVIMAGE10_244E1260_2.jpg,ROUND,PINK,10,ROUND_PINK,168,0,0,0,0,0,0,1,0,0,0,0,0,31722-0901-90
45963-0635-04_RXNAVIMAGE10_11460890_1.jpg,ROUND,YELLOW,10,ROUND_YELLOW,178,0,0,0,0,0,0,0,0,0,0,0,1,45963-0635-04
45963-0635-04_RXNAVIMAGE10_11460890_2.jpg,ROUND,YELLOW,10,ROUND_YELLOW,178,0,0,0,0,0,0,0,0,0,0,0,1,45963-0635-04
00002-3238-30_RXNAVIMAGE10_361E1B30_1.jpg,CAPSULE,"WHITE, YELLOW",1,"CAPSULE_WHITE, YELLOW",93,0,0,0,0,0,0,0,0,0,0,1,1,00002-3238-30
00002-3238-30_RXNAVIMAGE10_361E1B30_2.jpg,CAPSULE,"WHITE, YELLOW",1,"CAPSULE_WHITE, YELLOW",93,0,0,0,0,0,0,0,0,0,0,1,1,00002-3238-30
00378-0771-01_RXNAVIMAGE10_D8326C73_1.jpg,ROUND,BLUE,10,ROUND_BLUE,160,0,1,0,0,0,0,0,0,0,0,0,0,00378-0771-01
00378-0771-01_RXNAVIMAGE10_D8326C73_2.jpg,ROUND,BLUE,10,ROUND_BLUE,160,0,1,0,0,0,0,0,0,0,0,0,0,00378-0771-01
50111-0307-01_RXNAVIMAGE10_8429422A_1.jpg,ROUND,WHITE,10,ROUND_WHITE,174,0,0,0,0,0,0,0,0,0,0,1,0,50111-0307-01
50111-0307-01_RXNAVIMAGE10_8429422A_2.jpg,ROUND,WHITE,10,ROUND_WHITE,174,0,0,0,0,0,0,0,0,0,0,1,0,50111-0307-01
64455-0796-42_RXNAVIMAGE10_BB135DEA_1.jpg,CAPSULE,"BLUE, TURQUOISE",1,"CAPSULE_BLUE, TURQUOISE",15,0,1,0,0,0,0,0,0,0,1,0,0,64455-0796-42
64455-0796-42_RXNAVIMAGE10_BB135DEA_2.jpg,CAPSULE,"BLUE, TURQUOISE",1,"CAPSULE_BLUE, TURQUOISE",15,0,1,0,0,0,0,0,0,0,1,0,0,64455-0796-42
68180-0479-01_RXNAVIMAGE10_B4215A0A_1.jpg,OVAL,BROWN,7,OVAL_BROWN,125,0,0,1,0,0,0,0,0,0,0,0,0,68180-0479-01
68180-0479-01_RXNAVIMAGE10_B4215A0A_2.jpg,OVAL,BROWN,7,OVAL_BROWN,125,0,0,1,0,0,0,0,0,0,0,0,0,68180-0479-01
00093-2047-56_RXNAVIMAGE10_EA29752B_1.jpg,ROUND,WHITE,10,ROUND_WHITE,174,0,0,0,0,0,0,0,0,0,0,1,0,00093-2047-56
00093-2047-56_RXNAVIMAGE10_EA29752B_2.jpg,ROUND,WHITE,10,ROUND_WHITE,174,0,0,0,0,0,0,0,0,0,0,1,0,00093-2047-56
00093-5655-56_RXNAVIMAGE10_614730A9_1.jpg,OVAL,YELLOW,7,OVAL_YELLOW,145,0,0,0,0,0,0,0,0,0,0,0,1,00093-5655-56
00093-5655-56_RXNAVIMAGE10_614730A9_2.jpg,OVAL,YELLOW,7,OVAL_YELLOW,145,0,0,0,0,0,0,0,0,0,0,0,1,00093-5655-56
00378-0724-19_RXNAVIMAGE10_39241C90_1.jpg,ROUND,WHITE,10,ROUND_WHITE,174,0,0,0,0,0,0,0,0,0,0,1,0,00378-0724-19
00378-0724-19_RXNAVIMAGE10_39241C90_2.jpg,ROUND,WHITE,10,ROUND_WHITE,174,0,0,0,0,0,0,0,0,0,0,1,0,00378-0724-19
00555-0483-02_RXNAVIMAGE10_002B804C_1.jpg,ROUND,YELLOW,10,ROUND_YELLOW,178,0,0,0,0,0,0,0,0,0,0,0,1,00555-0483-02
00555-0483-02_RXNAVIMAGE10_002B804C_2.jpg,ROUND,YELLOW,10,ROUND_YELLOW,178,0,0,0,0,0,0,0,0,0,0,0,1,00555-0483-02
68180-0360-09_RXNAVIMAGE10_17470B88_1.jpg,OVAL,YELLOW,7,OVAL_YELLOW,145,0,0,0,0,0,0,0,0,0,0,0,1,68180-0360-09
68180-0360-09_RXNAVIMAGE10_17470B88_2.jpg,OVAL,YELLOW,7,OVAL_YELLOW,145,0,0,0,0,0,0,0,0,0,0,0,1,68180-0360-09
00093-0051-01_RXNAVIMAGE10_A022D026_1.jpg,OVAL,WHITE,7,OVAL_WHITE,139,0,0,0,0,0,0,0,0,0,0,1,0,00093-0051-01
00093-0051-01_RXNAVIMAGE10_A022D026_2.jpg,OVAL,WHITE,7,OVAL_WHITE,139,0,0,0,0,0,0,0,0,0,0,1,0,00093-0051-01
00603-3162-32_RXNAVIMAGE10_163F0B08_1.jpg,ROUND,YELLOW,10,ROUND_YELLOW,178,0,0,0,0,0,0,0,0,0,0,0,1,00603-3162-32
00603-3162-32_RXNAVIMAGE10_163F0B08_2.jpg,ROUND,YELLOW,10,ROUND_YELLOW,178,0,0,0,0,0,0,0,0,0,0,0,1,00603-3162-32
13668-0091-90_RXNAVIMAGE10_B645DB3E_1.jpg,ROUND,WHITE,10,ROUND_WHITE,174,0,0,0,0,0,0,0,0,0,0,1,0,13668-0091-90
13668-0091-90_RXNAVIMAGE10_B645DB3E_2.jpg,ROUND,WHITE,10,ROUND_WHITE,174,0,0,0,0,0,0,0,0,0,0,1,0,13668-0091-90
00555-9131-67_RXNAVIMAGE10_1E360F30_1.jpg,ROUND,YELLOW,10,ROUND_YELLOW,178,0,0,0,0,0,0,0,0,0,0,0,1,00555-9131-67
00555-9131-67_RXNAVIMAGE10_1E360F30_2.jpg,ROUND,YELLOW,10,ROUND_YELLOW,178,0,0,0,0,0,0,0,0,0,0,0,1,00555-9131-67
00143-1268-01_RXNAVIMAGE10_7321B9DD_1.jpg,ROUND,RED,10,ROUND_RED,172,0,0,0,0,0,0,0,0,1,0,0,0,00143-1268-01
00143-1268-01_RXNAVIMAGE10_7321B9DD_2.jpg,ROUND,RED,10,ROUND_RED,172,0,0,0,0,0,0,0,0,1,0,0,0,00143-1268-01
00093-5352-86_RXNAVIMAGE10_244F1238_1.jpg,ROUND,WHITE,10,ROUND_WHITE,174,0,0,0,0,0,0,0,0,0,0,1,0,00093-5352-86
00093-5352-86_RXNAVIMAGE10_244F1238_2.jpg,ROUND,WHITE,10,ROUND_WHITE,174,0,0,0,0,0,0,0,0,0,0,1,0,00093-5352-86
51285-0087-87_RXNAVIMAGE10_912FC8BE_1.jpg,ROUND,YELLOW,10,ROUND_YELLOW,178,0,0,0,0,0,0,0,0,0,0,0,1,51285-0087-87
51285-0087-87_RXNAVIMAGE10_912FC8BE_2.jpg,ROUND,YELLOW,10,ROUND_YELLOW,178,0,0,0,0,0,0,0,0,0,0,0,1,51285-0087-87
57664-0116-88_RXNAVIMAGE10_3A4E1D70_1.jpg,OVAL,YELLOW,7,OVAL_YELLOW,145,0,0,0,0,0,0,0,0,0,0,0,1,57664-0116-88
57664-0116-88_RXNAVIMAGE10_3A4E1D70_2.jpg,OVAL,YELLOW,7,OVAL_YELLOW,145,0,0,0,0,0,0,0,0,0,0,0,1,57664-0116-88
00456-1420-30_RXNAVIMAGE10_44132249_1.jpg,TRIANGLE,BLUE,15,TRIANGLE_BLUE,196,0,1,0,0,0,0,0,0,0,0,0,0,00456-1420-30
00456-1420-30_RXNAVIMAGE10_44132249_2.jpg,TRIANGLE,BLUE,15,TRIANGLE_BLUE,196,0,1,0,0,0,0,0,0,0,0,0,0,00456-1420-30
00597-0152-90_RXNAVIMAGE10_8D40C686_1.jpg,ROUND,YELLOW,10,ROUND_YELLOW,178,0,0,0,0,0,0,0,0,0,0,0,1,00597-0152-90
00597-0152-90_RXNAVIMAGE10_8D40C686_2.jpg,ROUND,YELLOW,10,ROUND_YELLOW,178,0,0,0,0,0,0,0,0,0,0,0,1,00597-0152-90
00093-0924-01_RXNAVIMAGE10_B729DBEE_1.jpg,OVAL,WHITE,7,OVAL_WHITE,139,0,0,0,0,0,0,0,0,0,0,1,0,00093-0924-01
00093-0924-01_RXNAVIMAGE10_B729DBEE_2.jpg,OVAL,WHITE,7,OVAL_WHITE,139,0,0,0,0,0,0,0,0,0,0,1,0,00093-0924-01
00603-6346-02_RXNAVIMAGE10_AD3ED6E6_1.jpg,OVAL,RED,7,OVAL_RED,137,0,0,0,0,0,0,0,0,1,0,0,0,00603-6346-02
00603-6346-02_RXNAVIMAGE10_AD3ED6E6_2.jpg,OVAL,RED,7,OVAL_RED,137,0,0,0,0,0,0,0,0,1,0,0,0,00603-6346-02
60505-3848-01_RXNAVIMAGE10_37489BA4_1.jpg,CAPSULE,WHITE,1,CAPSULE_WHITE,81,0,0,0,0,0,0,0,0,0,0,1,0,60505-3848-01
60505-3848-01_RXNAVIMAGE10_37489BA4_2.jpg,CAPSULE,WHITE,1,CAPSULE_WHITE,81,0,0,0,0,0,0,0,0,0,0,1,0,60505-3848-01
51862-0558-06_RXNAVIMAGE10_9048C876_1.jpg,OVAL,WHITE,7,OVAL_WHITE,139,0,0,0,0,0,0,0,0,0,0,1,0,51862-0558-06
51862-0558-06_RXNAVIMAGE10_9048C876_2.jpg,OVAL,WHITE,7,OVAL_WHITE,139,0,0,0,0,0,0,0,0,0,0,1,0,51862-0558-06
55111-0167-30_RXNAVIMAGE10_363C9B04_1.jpg,ROUND,WHITE,10,ROUND_WHITE,174,0,0,0,0,0,0,0,0,0,0,1,0,55111-0167-30
55111-0167-30_RXNAVIMAGE10_363C9B04_2.jpg,ROUND,WHITE,10,ROUND_WHITE,174,0,0,0,0,0,0,0,0,0,0,1,0,55111-0167-30
51672-4045-01_RXNAVIMAGE10_F30579BB_1.jpg,OVAL,BROWN,7,OVAL_BROWN,125,0,0,1,0,0,0,0,0,0,0,0,0,51672-4045-01
51672-4045-01_RXNAVIMAGE10_F30579BB_2.jpg,OVAL,BROWN,7,OVAL_BROWN,125,0,0,1,0,0,0,0,0,0,0,0,0,51672-4045-01
60505-0224-01_RXNAVIMAGE10_033401A0_1.jpg,OVAL,WHITE,7,OVAL_WHITE,139,0,0,0,0,0,0,0,0,0,0,1,0,60505-0224-01
60505-0224-01_RXNAVIMAGE10_033401A0_2.jpg,OVAL,WHITE,7,OVAL_WHITE,139,0,0,0,0,0,0,0,0,0,0,1,0,60505-0224-01
64376-0808-01_RXNAVIMAGE10_B213596A_1.jpg,CAPSULE,GREEN,1,CAPSULE_GREEN,32,0,0,0,0,1,0,0,0,0,0,0,0,64376-0808-01
64376-0808-01_RXNAVIMAGE10_B213596A_2.jpg,CAPSULE,GREEN,1,CAPSULE_GREEN,32,0,0,0,0,1,0,0,0,0,0,0,0,64376-0808-01
60505-3779-09_RXNAVIMAGE10_1D3E8EE4_1.jpg,CAPSULE,PINK,1,CAPSULE_PINK,52,0,0,0,0,0,0,1,0,0,0,0,0,60505-3779-09
60505-3779-09_RXNAVIMAGE10_1D3E8EE4_2.jpg,CAPSULE,PINK,1,CAPSULE_PINK,52,0,0,0,0,0,0,1,0,0,0,0,0,60505-3779-09
64980-0182-10_RXNAVIMAGE10_E74AF3D7_1.jpg,ROUND,WHITE,10,ROUND_WHITE,174,0,0,0,0,0,0,0,0,0,0,1,0,64980-0182-10
64980-0182-10_RXNAVIMAGE10_E74AF3D7_2.jpg,ROUND,WHITE,10,ROUND_WHITE,174,0,0,0,0,0,0,0,0,0,0,1,0,64980-0182-10
23155-0119-01_RXNAVIMAGE10_6F3FB7ED_1.jpg,OVAL,RED,7,OVAL_RED,137,0,0,0,0,0,0,0,0,1,0,0,0,23155-0119-01
23155-0119-01_RXNAVIMAGE10_6F3FB7ED_2.jpg,OVAL,RED,7,OVAL_RED,137,0,0,0,0,0,0,0,0,1,0,0,0,23155-0119-01
00591-0844-10_RXNAVIMAGE10_4807A46D_1.jpg,ROUND,ORANGE,10,ROUND_ORANGE,166,0,0,0,0,0,1,0,0,0,0,0,0,00591-0844-10
00591-0844-10_RXNAVIMAGE10_4807A46D_2.jpg,ROUND,ORANGE,10,ROUND_ORANGE,166,0,0,0,0,0,1,0,0,0,0,0,0,00591-0844-10
62037-0560-05_RXNAVIMAGE10_F50E7AE3_1.jpg,CAPSULE,BLUE,1,CAPSULE_BLUE,7,0,1,0,0,0,0,0,0,0,0,0,0,62037-0560-05
62037-0560-05_RXNAVIMAGE10_F50E7AE3_2.jpg,CAPSULE,BLUE,1,CAPSULE_BLUE,7,0,1,0,0,0,0,0,0,0,0,0,0,62037-0560-05
60505-0014-06_RXNAVIMAGE10_633831B1_1.jpg,CAPSULE,"ORANGE, WHITE",1,"CAPSULE_ORANGE, WHITE",50,0,0,0,0,0,1,0,0,0,0,1,0,60505-0014-06
60505-0014-06_RXNAVIMAGE10_633831B1_2.jpg,CAPSULE,"ORANGE, WHITE",1,"CAPSULE_ORANGE, WHITE",50,0,0,0,0,0,1,0,0,0,0,1,0,60505-0014-06
00591-0408-10_RXNAVIMAGE10_3B199DDC_1.jpg,ROUND,YELLOW,10,ROUND_YELLOW,178,0,0,0,0,0,0,0,0,0,0,0,1,00591-0408-10
00591-0408-10_RXNAVIMAGE10_3B199DDC_2.jpg,ROUND,YELLOW,10,ROUND_YELLOW,178,0,0,0,0,0,0,0,0,0,0,0,1,00591-0408-10
53746-0078-01_RXNAVIMAGE10_5F05AFED_1.jpg,OVAL,GREEN,7,OVAL_GREEN,129,0,0,0,0,1,0,0,0,0,0,0,0,53746-0078-01
53746-0078-01_RXNAVIMAGE10_5F05AFED_2.jpg,OVAL,GREEN,7,OVAL_GREEN,129,0,0,0,0,1,0,0,0,0,0,0,0,53746-0078-01
00002-4165-02_RXNAVIMAGE10_EF3AF7C7_1.jpg,OVAL,WHITE,7,OVAL_WHITE,139,0,0,0,0,0,0,0,0,0,0,1,0,00002-4165-02
00002-4165-02_RXNAVIMAGE10_EF3AF7C7_2.jpg,OVAL,WHITE,7,OVAL_WHITE,139,0,0,0,0,0,0,0,0,0,0,1,0,00002-4165-02
57664-0104-88_RXNAVIMAGE10_0B0405B0_1.jpg,ROUND,WHITE,10,ROUND_WHITE,174,0,0,0,0,0,0,0,0,0,0,1,0,57664-0104-88
57664-0104-88_RXNAVIMAGE10_0B0405B0_2.jpg,ROUND,WHITE,10,ROUND_WHITE,174,0,0,0,0,0,0,0,0,0,0,1,0,57664-0104-88
62756-0259-02_RXNAVIMAGE10_F6387B03_1.jpg,CAPSULE,"WHITE, GRAY",1,"CAPSULE_WHITE, GRAY",85,0,0,0,1,0,0,0,0,0,0,1,0,62756-0259-02
62756-0259-02_RXNAVIMAGE10_F6387B03_2.jpg,CAPSULE,"WHITE, GRAY",1,"CAPSULE_WHITE, GRAY",85,0,0,0,1,0,0,0,0,0,0,1,0,62756-0259-02
59746-0248-05_RXNAVIMAGE10_2B0915F8_1.jpg,ROUND,WHITE,10,ROUND_WHITE,174,0,0,0,0,0,0,0,0,0,0,1,0,59746-0248-05
59746-0248-05_RXNAVIMAGE10_2B0915F8_2.jpg,ROUND,WHITE,10,ROUND_WHITE,174,0,0,0,0,0,0,0,0,0,0,1,0,59746-0248-05
00591-3671-05_RXNAVIMAGE10_553C2A81_1.jpg,OVAL,PINK,7,OVAL_PINK,133,0,0,0,0,0,0,1,0,0,0,0,0,00591-3671-05
00591-3671-05_RXNAVIMAGE10_553C2A81_2.jpg,OVAL,PINK,7,OVAL_PINK,133,0,0,0,0,0,0,1,0,0,0,0,0,00591-3671-05
00093-0029-01_RXNAVIMAGE10_18298C0C_1.jpg,OVAL,ORANGE,7,OVAL_ORANGE,130,0,0,0,0,0,1,0,0,0,0,0,0,00093-0029-01
00093-0029-01_RXNAVIMAGE10_18298C0C_2.jpg,OVAL,ORANGE,7,OVAL_ORANGE,130,0,0,0,0,0,1,0,0,0,0,0,0,00093-0029-01
67877-0169-30_RXNAVIMAGE10_4B4A2591_1.jpg,OVAL,WHITE,7,OVAL_WHITE,139,0,0,0,0,0,0,0,0,0,0,1,0,67877-0169-30
67877-0169-30_RXNAVIMAGE10_4B4A2591_2.jpg,OVAL,WHITE,7,OVAL_WHITE,139,0,0,0,0,0,0,0,0,0,0,1,0,67877-0169-30
00093-5150-01_RXNAVIMAGE10_2E29974C_1.jpg,OVAL,PINK,7,OVAL_PINK,133,0,0,0,0,0,0,1,0,0,0,0,0,00093-5150-01
00093-5150-01_RXNAVIMAGE10_2E29974C_2.jpg,OVAL,PINK,7,OVAL_PINK,133,0,0,0,0,0,0,1,0,0,0,0,0,00093-5150-01
42847-0106-30_RXNAVIMAGE10_753D3AC9_1.jpg,OVAL,GREEN,7,OVAL_GREEN,129,0,0,0,0,1,0,0,0,0,0,0,0,42847-0106-30
42847-0106-30_RXNAVIMAGE10_753D3AC9_2.jpg,OVAL,GREEN,7,OVAL_GREEN,129,0,0,0,0,1,0,0,0,0,0,0,0,42847-0106-30
53746-0114-05_RXNAVIMAGE10_DD15EEBF_1.jpg,OVAL,WHITE,7,OVAL_WHITE,139,0,0,0,0,0,0,0,0,0,0,1,0,53746-0114-05
53746-0114-05_RXNAVIMAGE10_DD15EEBF_2.jpg,OVAL,WHITE,7,OVAL_WHITE,139,0,0,0,0,0,0,0,0,0,0,1,0,53746-0114-05
42799-0119-01_RXNAVIMAGE10_AE4D571A_1.jpg,OVAL,GREEN,7,OVAL_GREEN,129,0,0,0,0,1,0,0,0,0,0,0,0,42799-0119-01
42799-0119-01_RXNAVIMAGE10_AE4D571A_2.jpg,OVAL,GREEN,7,OVAL_GREEN,129,0,0,0,0,1,0,0,0,0,0,0,0,42799-0119-01
51285-0441-02_RXNAVIMAGE10_253592EC_1.jpg,ROUND,GREEN,10,ROUND_GREEN,164,0,0,0,0,1,0,0,0,0,0,0,0,51285-0441-02
51285-0441-02_RXNAVIMAGE10_253592EC_2.jpg,ROUND,GREEN,10,ROUND_GREEN,164,0,0,0,0,1,0,0,0,0,0,0,0,51285-0441-02
68382-0196-16_RXNAVIMAGE10_AA1C5542_1.jpg,OVAL,PINK,7,OVAL_PINK,133,0,0,0,0,0,0,1,0,0,0,0,0,68382-0196-16
68382-0196-16_RXNAVIMAGE10_AA1C5542_2.jpg,OVAL,PINK,7,OVAL_PINK,133,0,0,0,0,0,0,1,0,0,0,0,0,68382-0196-16
31722-0225-60_RXNAVIMAGE10_12330908_1.jpg,OVAL,WHITE,7,OVAL_WHITE,139,0,0,0,0,0,0,0,0,0,0,1,0,31722-0225-60
31722-0225-60_RXNAVIMAGE10_12330908_2.jpg,OVAL,WHITE,7,OVAL_WHITE,139,0,0,0,0,0,0,0,0,0,0,1,0,31722-0225-60
51079-0759-20_RXNAVIMAGE10_1C328E04_1.jpg,ROUND,WHITE,10,ROUND_WHITE,174,0,0,0,0,0,0,0,0,0,0,1,0,51079-0759-20
51079-0759-20_RXNAVIMAGE10_1C328E04_2.jpg,ROUND,WHITE,10,ROUND_WHITE,174,0,0,0,0,0,0,0,0,0,0,1,0,51079-0759-20
00591-5554-01_RXNAVIMAGE10_E52172FB_1.jpg,ROUND,ORANGE,10,ROUND_ORANGE,166,0,0,0,0,0,1,0,0,0,0,0,0,00591-5554-01
00591-5554-01_RXNAVIMAGE10_E52172FB_2.jpg,ROUND,ORANGE,10,ROUND_ORANGE,166,0,0,0,0,0,1,0,0,0,0,0,0,00591-5554-01
00378-1300-01_RXNAVIMAGE10_F83C7C13_1.jpg,ROUND,ORANGE,10,ROUND_ORANGE,166,0,0,0,0,0,1,0,0,0,0,0,0,00378-1300-01
00378-1300-01_RXNAVIMAGE10_F83C7C13_2.jpg,ROUND,ORANGE,10,ROUND_ORANGE,166,0,0,0,0,0,1,0,0,0,0,0,0,00378-1300-01
64764-0805-30_RXNAVIMAGE10_191C8C94_1.jpg,ROUND,ORANGE,10,ROUND_ORANGE,166,0,0,0,0,0,1,0,0,0,0,0,0,64764-0805-30
64764-0805-30_RXNAVIMAGE10_191C8C94_2.jpg,ROUND,ORANGE,10,ROUND_ORANGE,166,0,0,0,0,0,1,0,0,0,0,0,0,64764-0805-30
68462-0260-05_RXNAVIMAGE10_19128CD4_1.jpg,OVAL,BROWN,7,OVAL_BROWN,125,0,0,1,0,0,0,0,0,0,0,0,0,68462-0260-05
68462-0260-05_RXNAVIMAGE10_19128CD4_2.jpg,OVAL,BROWN,7,OVAL_BROWN,125,0,0,1,0,0,0,0,0,0,0,0,0,68462-0260-05
00430-0420-14_RXNAVIMAGE10_28401420_1.jpg,HEXAGON,WHITE,5,HEXAGON_WHITE,120,0,0,0,0,0,0,0,0,0,0,1,0,00430-0420-14
00430-0420-14_RXNAVIMAGE10_28401420_2.jpg,HEXAGON,WHITE,5,HEXAGON_WHITE,120,0,0,0,0,0,0,0,0,0,0,1,0,00430-0420-14
00781-1181-01_RXNAVIMAGE10_A108D096_1.jpg,ROUND,WHITE,10,ROUND_WHITE,174,0,0,0,0,0,0,0,0,0,0,1,0,00781-1181-01
00781-1181-01_RXNAVIMAGE10_A108D096_2.jpg,ROUND,WHITE,10,ROUND_WHITE,174,0,0,0,0,0,0,0,0,0,0,1,0,00781-1181-01
00093-7270-98_RXNAVIMAGE10_A823D40E_1.jpg,OVAL,WHITE,7,OVAL_WHITE,139,0,0,0,0,0,0,0,0,0,0,1,0,00093-7270-98
00093-7270-98_RXNAVIMAGE10_A823D40E_2.jpg,OVAL,WHITE,7,OVAL_WHITE,139,0,0,0,0,0,0,0,0,0,0,1,0,00093-7270-98
00378-3495-01_RXNAVIMAGE10_15238AEC_1.jpg,ROUND,PINK,10,ROUND_PINK,168,0,0,0,0,0,0,1,0,0,0,0,0,00378-3495-01
00378-3495-01_RXNAVIMAGE10_15238AEC_2.jpg,ROUND,PINK,10,ROUND_PINK,168,0,0,0,0,0,0,1,0,0,0,0,0,00378-3495-01
62541-0301-30_RXNAVIMAGE10_5B51ADED_1.jpg,OVAL,YELLOW,7,OVAL_YELLOW,145,0,0,0,0,0,0,0,0,0,0,0,1,62541-0301-30
62541-0301-30_RXNAVIMAGE10_5B51ADED_2.jpg,OVAL,YELLOW,7,OVAL_YELLOW,145,0,0,0,0,0,0,0,0,0,0,0,1,62541-0301-30
43547-0270-10_RXNAVIMAGE10_4341A1BD_1.jpg,ROUND,GREEN,10,ROUND_GREEN,164,0,0,0,0,1,0,0,0,0,0,0,0,43547-0270-10
43547-0270-10_RXNAVIMAGE10_4341A1BD_2.jpg,ROUND,GREEN,10,ROUND_GREEN,164,0,0,0,0,1,0,0,0,0,0,0,0,43547-0270-10
00093-1087-01_RXNAVIMAGE10_9E29CF5E_1.jpg,OVAL,BLUE,7,OVAL_BLUE,123,0,1,0,0,0,0,0,0,0,0,0,0,00093-1087-01
00093-1087-01_RXNAVIMAGE10_9E29CF5E_2.jpg,OVAL,BLUE,7,OVAL_BLUE,123,0,1,0,0,0,0,0,0,0,0,0,0,00093-1087-01
00781-2176-60_RXNAVIMAGE10_6939B4BD_1.jpg,CAPSULE,BLUE,1,CAPSULE_BLUE,7,0,1,0,0,0,0,0,0,0,0,0,0,00781-2176-60
00781-2176-60_RXNAVIMAGE10_6939B4BD_2.jpg,CAPSULE,BLUE,1,CAPSULE_BLUE,7,0,1,0,0,0,0,0,0,0,0,0,0,00781-2176-60
64764-0119-01_RXNAVIMAGE10_233A11B0_1.jpg,OVAL,PURPLE,7,OVAL_PURPLE,135,0,0,0,0,0,0,0,1,0,0,0,0,64764-0119-01
64764-0119-01_RXNAVIMAGE10_233A11B0_2.jpg,OVAL,PURPLE,7,OVAL_PURPLE,135,0,0,0,0,0,0,0,1,0,0,0,0,64764-0119-01
00591-2235-01_RXNAVIMAGE10_6A34B515_1.jpg,CAPSULE,"BLACK, YELLOW",1,"CAPSULE_BLACK, YELLOW",6,1,0,0,0,0,0,0,0,0,0,0,1,00591-2235-01
00591-2235-01_RXNAVIMAGE10_6A34B515_2.jpg,CAPSULE,"BLACK, YELLOW",1,"CAPSULE_BLACK, YELLOW",6,1,0,0,0,0,0,0,0,0,0,0,1,00591-2235-01
00173-0822-04_RXNAVIMAGE10_2A19950C_1.jpg,ROUND,WHITE,10,ROUND_WHITE,174,0,0,0,0,0,0,0,0,0,0,1,0,00173-0822-04
00173-0822-04_RXNAVIMAGE10_2A19950C_2.jpg,ROUND,WHITE,10,ROUND_WHITE,174,0,0,0,0,0,0,0,0,0,0,1,0,00173-0822-04
51672-4029-01_RXNAVIMAGE10_B9265CF2_1.jpg,OVAL,GREEN,7,OVAL_GREEN,129,0,0,0,0,1,0,0,0,0,0,0,0,51672-4029-01
51672-4029-01_RXNAVIMAGE10_B9265CF2_2.jpg,OVAL,GREEN,7,OVAL_GREEN,129,0,0,0,0,1,0,0,0,0,0,0,0,51672-4029-01
00093-7464-56_RXNAVIMAGE10_132809F0_1.jpg,OVAL,WHITE,7,OVAL_WHITE,139,0,0,0,0,0,0,0,0,0,0,1,0,00093-7464-56
00093-7464-56_RXNAVIMAGE10_132809F0_2.jpg,OVAL,WHITE,7,OVAL_WHITE,139,0,0,0,0,0,0,0,0,0,0,1,0,00093-7464-56
00603-5372-21_RXNAVIMAGE10_1E0E0F10_1.jpg,ROUND,YELLOW,10,ROUND_YELLOW,178,0,0,0,0,0,0,0,0,0,0,0,1,00603-5372-21
00603-5372-21_RXNAVIMAGE10_1E0E0F10_2.jpg,ROUND,YELLOW,10,ROUND_YELLOW,178,0,0,0,0,0,0,0,0,0,0,0,1,00603-5372-21
00228-2636-11_RXNAVIMAGE10_DB326D93_1.jpg,OVAL,GREEN,7,OVAL_GREEN,129,0,0,0,0,1,0,0,0,0,0,0,0,00228-2636-11
00228-2636-11_RXNAVIMAGE10_DB326D93_2.jpg,OVAL,GREEN,7,OVAL_GREEN,129,0,0,0,0,1,0,0,0,0,0,0,0,00228-2636-11
00378-1150-01_RXNAVIMAGE10_8B23458A_1.jpg,OVAL,WHITE,7,OVAL_WHITE,139,0,0,0,0,0,0,0,0,0,0,1,0,00378-1150-01
00378-1150-01_RXNAVIMAGE10_8B23458A_2.jpg,OVAL,WHITE,7,OVAL_WHITE,139,0,0,0,0,0,0,0,0,0,0,1,0,00378-1150-01
00173-0643-60_RXNAVIMAGE10_F118F8A7_1.jpg,HEXAGON,WHITE,5,HEXAGON_WHITE,120,0,0,0,0,0,0,0,0,0,0,1,0,00173-0643-60
00173-0643-60_RXNAVIMAGE10_F118F8A7_2.jpg,HEXAGON,WHITE,5,HEXAGON_WHITE,120,0,0,0,0,0,0,0,0,0,0,1,0,00173-0643-60
68012-0104-30_RXNAVIMAGE10_EE1DF76F_1.jpg,CAPSULE,"BLUE, WHITE",1,"CAPSULE_BLUE, WHITE",16,0,1,0,0,0,0,0,0,0,0,1,0,68012-0104-30
68012-0104-30_RXNAVIMAGE10_EE1DF76F_2.jpg,CAPSULE,"BLUE, WHITE",1,"CAPSULE_BLUE, WHITE",16,0,1,0,0,0,0,0,0,0,0,1,0,68012-0104-30
00093-4067-01_RXNAVIMAGE10_CE26E757_1.jpg,CAPSULE,WHITE,1,CAPSULE_WHITE,81,0,0,0,0,0,0,0,0,0,0,1,0,00093-4067-01
00093-4067-01_RXNAVIMAGE10_CE26E757_2.jpg,CAPSULE,WHITE,1,CAPSULE_WHITE,81,0,0,0,0,0,0,0,0,0,0,1,0,00093-4067-01
00093-1025-06_RXNAVIMAGE10_8A29C56E_1.jpg,OVAL,YELLOW,7,OVAL_YELLOW,145,0,0,0,0,0,0,0,0,0,0,0,1,00093-1025-06
00093-1025-06_RXNAVIMAGE10_8A29C56E_2.jpg,OVAL,YELLOW,7,OVAL_YELLOW,145,0,0,0,0,0,0,0,0,0,0,0,1,00093-1025-06
16714-0633-01_RXNAVIMAGE10_55442AD1_1.jpg,OVAL,WHITE,7,OVAL_WHITE,139,0,0,0,0,0,0,0,0,0,0,1,0,16714-0633-01
16714-0633-01_RXNAVIMAGE10_55442AD1_2.jpg,OVAL,WHITE,7,OVAL_WHITE,139,0,0,0,0,0,0,0,0,0,0,1,0,16714-0633-01
00182-4141-26_RXNAVIMAGE10_4735A3FD_1.jpg,OVAL,PINK,7,OVAL_PINK,133,0,0,0,0,0,0,1,0,0,0,0,0,00182-4141-26
00182-4141-26_RXNAVIMAGE10_4735A3FD_2.jpg,OVAL,PINK,7,OVAL_PINK,133,0,0,0,0,0,0,1,0,0,0,0,0,00182-4141-26
00555-9009-42_RXNAVIMAGE10_E52F72DB_1.jpg,ROUND,YELLOW,10,ROUND_YELLOW,178,0,0,0,0,0,0,0,0,0,0,0,1,00555-9009-42
00555-9009-42_RXNAVIMAGE10_E52F72DB_2.jpg,ROUND,YELLOW,10,ROUND_YELLOW,178,0,0,0,0,0,0,0,0,0,0,0,1,00555-9009-42
41616-0580-81_RXNAVIMAGE10_46052379_1.jpg,ROUND,YELLOW,10,ROUND_YELLOW,178,0,0,0,0,0,0,0,0,0,0,0,1,41616-0580-81
41616-0580-81_RXNAVIMAGE10_46052379_2.jpg,ROUND,YELLOW,10,ROUND_YELLOW,178,0,0,0,0,0,0,0,0,0,0,0,1,41616-0580-81
68462-0200-11_RXNAVIMAGE10_19508C94_1.jpg,OVAL,WHITE,7,OVAL_WHITE,139,0,0,0,0,0,0,0,0,0,0,1,0,68462-0200-11
68462-0200-11_RXNAVIMAGE10_19508C94_2.jpg,OVAL,WHITE,7,OVAL_WHITE,139,0,0,0,0,0,0,0,0,0,0,1,0,68462-0200-11
55111-0249-01_RXNAVIMAGE10_E041700B_1.jpg,ROUND,WHITE,10,ROUND_WHITE,174,0,0,0,0,0,0,0,0,0,0,1,0,55111-0249-01
55111-0249-01_RXNAVIMAGE10_E041700B_2.jpg,ROUND,WHITE,10,ROUND_WHITE,174,0,0,0,0,0,0,0,0,0,0,1,0,55111-0249-01
49884-0099-02_RXNAVIMAGE10_734739A9_1.jpg,CAPSULE,"PINK, WHITE",1,"CAPSULE_PINK, WHITE",59,0,0,0,0,0,0,1,0,0,0,1,0,49884-0099-02
49884-0099-02_RXNAVIMAGE10_734739A9_2.jpg,CAPSULE,"PINK, WHITE",1,"CAPSULE_PINK, WHITE",59,0,0,0,0,0,0,1,0,0,0,1,0,49884-0099-02
00603-5483-21_RXNAVIMAGE10_BB415DDA_1.jpg,ROUND,BLUE,10,ROUND_BLUE,160,0,1,0,0,0,0,0,0,0,0,0,0,00603-5483-21
00603-5483-21_RXNAVIMAGE10_BB415DDA_2.jpg,ROUND,BLUE,10,ROUND_BLUE,160,0,1,0,0,0,0,0,0,0,0,0,0,00603-5483-21
00093-0129-01_RXNAVIMAGE10_4842A445_1.jpg,OVAL,WHITE,7,OVAL_WHITE,139,0,0,0,0,0,0,0,0,0,0,1,0,00093-0129-01
00093-0129-01_RXNAVIMAGE10_4842A445_2.jpg,OVAL,WHITE,7,OVAL_WHITE,139,0,0,0,0,0,0,0,0,0,0,1,0,00093-0129-01
00093-4059-53_RXNAVIMAGE10_FD2D7EDB_1.jpg,OVAL,WHITE,7,OVAL_WHITE,139,0,0,0,0,0,0,0,0,0,0,1,0,00093-4059-53
00093-4059-53_RXNAVIMAGE10_FD2D7EDB_2.jpg,OVAL,WHITE,7,OVAL_WHITE,139,0,0,0,0,0,0,0,0,0,0,1,0,00093-4059-53
00378-6896-01_RXNAVIMAGE10_7E4D3F79_1.jpg,CAPSULE,BLUE,1,CAPSULE_BLUE,7,0,1,0,0,0,0,0,0,0,0,0,0,00378-6896-01
00378-6896-01_RXNAVIMAGE10_7E4D3F79_2.jpg,CAPSULE,BLUE,1,CAPSULE_BLUE,7,0,1,0,0,0,0,0,0,0,0,0,0,00378-6896-01
00185-1111-60_RXNAVIMAGE10_AD3FD6DE_1.jpg,ROUND,PINK,10,ROUND_PINK,168,0,0,0,0,0,0,1,0,0,0,0,0,00185-1111-60
00185-1111-60_RXNAVIMAGE10_AD3FD6DE_2.jpg,ROUND,PINK,10,ROUND_PINK,168,0,0,0,0,0,0,1,0,0,0,0,0,00185-1111-60
00378-4024-01_RXNAVIMAGE10_FE157F5B_1.jpg,ROUND,BLUE,10,ROUND_BLUE,160,0,1,0,0,0,0,0,0,0,0,0,0,00378-4024-01
00378-4024-01_RXNAVIMAGE10_FE157F5B_2.jpg,ROUND,BLUE,10,ROUND_BLUE,160,0,1,0,0,0,0,0,0,0,0,0,0,00378-4024-01
54092-0189-81_RXNAVIMAGE10_381B9C6C_1.jpg,CAPSULE,"GREEN, BLUE",1,"CAPSULE_GREEN, BLUE",34,0,1,0,0,1,0,0,0,0,0,0,0,54092-0189-81
54092-0189-81_RXNAVIMAGE10_381B9C6C_2.jpg,CAPSULE,"GREEN, BLUE",1,"CAPSULE_GREEN, BLUE",34,0,1,0,0,1,0,0,0,0,0,0,0,54092-0189-81
00378-6232-01_RXNAVIMAGE10_70213849_1.jpg,ROUND,PINK,10,ROUND_PINK,168,0,0,0,0,0,0,1,0,0,0,0,0,00378-6232-01
00378-6232-01_RXNAVIMAGE10_70213849_2.jpg,ROUND,PINK,10,ROUND_PINK,168,0,0,0,0,0,0,1,0,0,0,0,0,00378-6232-01
27241-0002-50_RXNAVIMAGE10_76433B39_1.jpg,ROUND,ORANGE,10,ROUND_ORANGE,166,0,0,0,0,0,1,0,0,0,0,0,0,27241-0002-50
27241-0002-50_RXNAVIMAGE10_76433B39_2.jpg,ROUND,ORANGE,10,ROUND_ORANGE,166,0,0,0,0,0,1,0,0,0,0,0,0,27241-0002-50
50419-0116-06_RXNAVIMAGE10_5C192E19_1.jpg,OVAL,WHITE,7,OVAL_WHITE,139,0,0,0,0,0,0,0,0,0,0,1,0,50419-0116-06
50419-0116-06_RXNAVIMAGE10_5C192E19_2.jpg,OVAL,WHITE,7,OVAL_WHITE,139,0,0,0,0,0,0,0,0,0,0,1,0,50419-0116-06
62856-0582-52_RXNAVIMAGE10_483A2471_1.jpg,OVAL,PINK,7,OVAL_PINK,133,0,0,0,0,0,0,1,0,0,0,0,0,62856-0582-52
62856-0582-52_RXNAVIMAGE10_483A2471_2.jpg,OVAL,PINK,7,OVAL_PINK,133,0,0,0,0,0,0,1,0,0,0,0,0,62856-0582-52
49884-0093-03_RXNAVIMAGE10_EE05777B_1.jpg,ROUND,YELLOW,10,ROUND_YELLOW,178,0,0,0,0,0,0,0,0,0,0,0,1,49884-0093-03
49884-0093-03_RXNAVIMAGE10_EE05777B_2.jpg,ROUND,YELLOW,10,ROUND_YELLOW,178,0,0,0,0,0,0,0,0,0,0,0,1,49884-0093-03
23155-0106-10_RXNAVIMAGE10_F8077C4B_1.jpg,ROUND,WHITE,10,ROUND_WHITE,174,0,0,0,0,0,0,0,0,0,0,1,0,23155-0106-10
23155-0106-10_RXNAVIMAGE10_F8077C4B_2.jpg,ROUND,WHITE,10,ROUND_WHITE,174,0,0,0,0,0,0,0,0,0,0,1,0,23155-0106-10
43199-0020-01_RXNAVIMAGE10_BC3C5E42_1.jpg,OVAL,WHITE,7,OVAL_WHITE,139,0,0,0,0,0,0,0,0,0,0,1,0,43199-0020-01
43199-0020-01_RXNAVIMAGE10_BC3C5E42_2.jpg,OVAL,WHITE,7,OVAL_WHITE,139,0,0,0,0,0,0,0,0,0,0,1,0,43199-0020-01
13811-0583-30_RXNAVIMAGE10_911DC8BE_1.jpg,OVAL,PURPLE,7,OVAL_PURPLE,135,0,0,0,0,0,0,0,1,0,0,0,0,13811-0583-30
13811-0583-30_RXNAVIMAGE10_911DC8BE_2.jpg,OVAL,PURPLE,7,OVAL_PURPLE,135,0,0,0,0,0,0,0,1,0,0,0,0,13811-0583-30
60505-2657-01_RXNAVIMAGE10_513EA895_1.jpg,OVAL,YELLOW,7,OVAL_YELLOW,145,0,0,0,0,0,0,0,0,0,0,0,1,60505-2657-01
60505-2657-01_RXNAVIMAGE10_513EA895_2.jpg,OVAL,YELLOW,7,OVAL_YELLOW,145,0,0,0,0,0,0,0,0,0,0,0,1,60505-2657-01
00078-0314-34_RXNAVIMAGE10_F6157B0B_1.jpg,OVAL,ORANGE,7,OVAL_ORANGE,130,0,0,0,0,0,1,0,0,0,0,0,0,00078-0314-34
00078-0314-34_RXNAVIMAGE10_F6157B0B_2.jpg,OVAL,ORANGE,7,OVAL_ORANGE,130,0,0,0,0,0,1,0,0,0,0,0,0,00078-0314-34
00603-5770-21_RXNAVIMAGE10_CD1FE6FF_1.jpg,OVAL,BLUE,7,OVAL_BLUE,123,0,1,0,0,0,0,0,0,0,0,0,0,00603-5770-21
00603-5770-21_RXNAVIMAGE10_CD1FE6FF_2.jpg,OVAL,BLUE,7,OVAL_BLUE,123,0,1,0,0,0,0,0,0,0,0,0,0,00603-5770-21
51285-0092-87_RXNAVIMAGE10_BE305F72_1.jpg,ROUND,ORANGE,10,ROUND_ORANGE,166,0,0,0,0,0,1,0,0,0,0,0,0,51285-0092-87
51285-0092-87_RXNAVIMAGE10_BE305F72_2.jpg,ROUND,ORANGE,10,ROUND_ORANGE,166,0,0,0,0,0,1,0,0,0,0,0,0,51285-0092-87
00093-7431-56_RXNAVIMAGE10_F4437A3B_1.jpg,OVAL,YELLOW,7,OVAL_YELLOW,145,0,0,0,0,0,0,0,0,0,0,0,1,00093-7431-56
00093-7431-56_RXNAVIMAGE10_F4437A3B_2.jpg,OVAL,YELLOW,7,OVAL_YELLOW,145,0,0,0,0,0,0,0,0,0,0,0,1,00093-7431-56
16714-0482-03_RXNAVIMAGE10_704E3871_1.jpg,ROUND,WHITE,10,ROUND_WHITE,174,0,0,0,0,0,0,0,0,0,0,1,0,16714-0482-03
16714-0482-03_RXNAVIMAGE10_704E3871_2.jpg,ROUND,WHITE,10,ROUND_WHITE,174,0,0,0,0,0,0,0,0,0,0,1,0,16714-0482-03
68453-0375-10_RXNAVIMAGE10_14200A30_1.jpg,OVAL,WHITE,7,OVAL_WHITE,139,0,0,0,0,0,0,0,0,0,0,1,0,68453-0375-10
68453-0375-10_RXNAVIMAGE10_14200A30_2.jpg,OVAL,WHITE,7,OVAL_WHITE,139,0,0,0,0,0,0,0,0,0,0,1,0,68453-0375-10
68462-0248-05_RXNAVIMAGE10_5E12AF25_1.jpg,ROUND,PINK,10,ROUND_PINK,168,0,0,0,0,0,0,1,0,0,0,0,0,68462-0248-05
68462-0248-05_RXNAVIMAGE10_5E12AF25_2.jpg,ROUND,PINK,10,ROUND_PINK,168,0,0,0,0,0,0,1,0,0,0,0,0,68462-0248-05
00093-0311-01_RXNAVIMAGE10_26211358_1.jpg,CAPSULE,"BROWN, ORANGE",1,"CAPSULE_BROWN, ORANGE",19,0,0,1,0,0,1,0,0,0,0,0,0,00093-0311-01
00093-0311-01_RXNAVIMAGE10_26211358_2.jpg,CAPSULE,"BROWN, ORANGE",1,"CAPSULE_BROWN, ORANGE",19,0,0,1,0,0,1,0,0,0,0,0,0,00093-0311-01
00378-8020-77_RXNAVIMAGE10_043B0248_1.jpg,CAPSULE,"PINK, YELLOW",1,"CAPSULE_PINK, YELLOW",60,0,0,0,0,0,0,1,0,0,0,0,1,00378-8020-77
00378-8020-77_RXNAVIMAGE10_043B0248_2.jpg,CAPSULE,"PINK, YELLOW",1,"CAPSULE_PINK, YELLOW",60,0,0,0,0,0,0,1,0,0,0,0,1,00378-8020-77
00173-0344-42_RXNAVIMAGE10_6F18B795_1.jpg,PENTAGON,ORANGE,8,PENTAGON_ORANGE,149,0,0,0,0,0,1,0,0,0,0,0,0,00173-0344-42
00173-0344-42_RXNAVIMAGE10_6F18B795_2.jpg,PENTAGON,ORANGE,8,PENTAGON_ORANGE,149,0,0,0,0,0,1,0,0,0,0,0,0,00173-0344-42
00832-1080-00_RXNAVIMAGE10_C0266053_1.jpg,ROUND,WHITE,10,ROUND_WHITE,174,0,0,0,0,0,0,0,0,0,0,1,0,00832-1080-00
00832-1080-00_RXNAVIMAGE10_C0266053_2.jpg,ROUND,WHITE,10,ROUND_WHITE,174,0,0,0,0,0,0,0,0,0,0,1,0,00832-1080-00
51079-0848-20_RXNAVIMAGE10_00330008_1.jpg,ROUND,WHITE,10,ROUND_WHITE,174,0,0,0,0,0,0,0,0,0,0,1,0,51079-0848-20
51079-0848-20_RXNAVIMAGE10_00330008_2.jpg,ROUND,WHITE,10,ROUND_WHITE,174,0,0,0,0,0,0,0,0,0,0,1,0,51079-0848-20
16714-0340-01_RXNAVIMAGE10_034B819C_1.jpg,ROUND,WHITE,10,ROUND_WHITE,174,0,0,0,0,0,0,0,0,0,0,1,0,16714-0340-01
16714-0340-01_RXNAVIMAGE10_034B819C_2.jpg,ROUND,WHITE,10,ROUND_WHITE,174,0,0,0,0,0,0,0,0,0,0,1,0,16714-0340-01
55111-0625-01_RXNAVIMAGE10_B53F5AFA_1.jpg,ROUND,WHITE,10,ROUND_WHITE,174,0,0,0,0,0,0,0,0,0,0,1,0,55111-0625-01
55111-0625-01_RXNAVIMAGE10_B53F5AFA_2.jpg,ROUND,WHITE,10,ROUND_WHITE,174,0,0,0,0,0,0,0,0,0,0,1,0,55111-0625-01
00603-3741-21_RXNAVIMAGE10_DD22EEE7_1.jpg,ROUND,WHITE,10,ROUND_WHITE,174,0,0,0,0,0,0,0,0,0,0,1,0,00603-3741-21
00603-3741-21_RXNAVIMAGE10_DD22EEE7_2.jpg,ROUND,WHITE,10,ROUND_WHITE,174,0,0,0,0,0,0,0,0,0,0,1,0,00603-3741-21
00603-0169-02_RXNAVIMAGE10_6E33B73D_1.jpg,ROUND,ORANGE,10,ROUND_ORANGE,166,0,0,0,0,0,1,0,0,0,0,0,0,00603-0169-02
00603-0169-02_RXNAVIMAGE10_6E33B73D_2.jpg,ROUND,ORANGE,10,ROUND_ORANGE,166,0,0,0,0,0,1,0,0,0,0,0,0,00603-0169-02
00093-4336-01_RXNAVIMAGE10_CA2DE50F_1.jpg,CAPSULE,WHITE,1,CAPSULE_WHITE,81,0,0,0,0,0,0,0,0,0,0,1,0,00093-4336-01
00093-4336-01_RXNAVIMAGE10_CA2DE50F_2.jpg,CAPSULE,WHITE,1,CAPSULE_WHITE,81,0,0,0,0,0,0,0,0,0,0,1,0,00093-4336-01
51285-0081-98_RXNAVIMAGE10_FF367FE3_1.jpg,ROUND,YELLOW,10,ROUND_YELLOW,178,0,0,0,0,0,0,0,0,0,0,0,1,51285-0081-98
51285-0081-98_RXNAVIMAGE10_FF367FE3_2.jpg,ROUND,YELLOW,10,ROUND_YELLOW,178,0,0,0,0,0,0,0,0,0,0,0,1,51285-0081-98
69097-0813-12_RXNAVIMAGE10_384F9C0C_1.jpg,CAPSULE,WHITE,1,CAPSULE_WHITE,81,0,0,0,0,0,0,0,0,0,0,1,0,69097-0813-12
69097-0813-12_RXNAVIMAGE10_384F9C0C_2.jpg,CAPSULE,WHITE,1,CAPSULE_WHITE,81,0,0,0,0,0,0,0,0,0,0,1,0,69097-0813-12
00378-1813-01_RXNAVIMAGE10_4823A43D_1.jpg,OVAL,BROWN,7,OVAL_BROWN,125,0,0,1,0,0,0,0,0,0,0,0,0,00378-1813-01
00378-1813-01_RXNAVIMAGE10_4823A43D_2.jpg,OVAL,BROWN,7,OVAL_BROWN,125,0,0,1,0,0,0,0,0,0,0,0,0,00378-1813-01
68382-0056-10_RXNAVIMAGE10_1F128FD4_1.jpg,OVAL,ORANGE,7,OVAL_ORANGE,130,0,0,0,0,0,1,0,0,0,0,0,0,68382-0056-10
68382-0056-10_RXNAVIMAGE10_1F128FD4_2.jpg,OVAL,ORANGE,7,OVAL_ORANGE,130,0,0,0,0,0,1,0,0,0,0,0,0,68382-0056-10
65862-0391-10_RXNAVIMAGE10_3E3F1F78_1.jpg,ROUND,WHITE,10,ROUND_WHITE,174,0,0,0,0,0,0,0,0,0,0,1,0,65862-0391-10
65862-0391-10_RXNAVIMAGE10_3E3F1F78_2.jpg,ROUND,WHITE,10,ROUND_WHITE,174,0,0,0,0,0,0,0,0,0,0,1,0,65862-0391-10
00074-6123-90_RXNAVIMAGE10_C93D64FB_1.jpg,OVAL,WHITE,7,OVAL_WHITE,139,0,0,0,0,0,0,0,0,0,0,1,0,00074-6123-90
00074-6123-90_RXNAVIMAGE10_C93D64FB_2.jpg,OVAL,WHITE,7,OVAL_WHITE,139,0,0,0,0,0,0,0,0,0,0,1,0,00074-6123-90
55111-0532-01_RXNAVIMAGE10_C238E137_1.jpg,CAPSULE,"WHITE, BLUE",1,"CAPSULE_WHITE, BLUE",83,0,1,0,0,0,0,0,0,0,0,1,0,55111-0532-01
55111-0532-01_RXNAVIMAGE10_C238E137_2.jpg,CAPSULE,"WHITE, BLUE",1,"CAPSULE_WHITE, BLUE",83,0,1,0,0,0,0,0,0,0,0,1,0,55111-0532-01
00378-2264-01_RXNAVIMAGE10_BD34DEE6_1.jpg,CAPSULE,"BLACK, PURPLE",1,"CAPSULE_BLACK, PURPLE",3,1,0,0,0,0,0,0,1,0,0,0,0,00378-2264-01
00378-2264-01_RXNAVIMAGE10_BD34DEE6_2.jpg,CAPSULE,"BLACK, PURPLE",1,"CAPSULE_BLACK, PURPLE",3,1,0,0,0,0,0,0,1,0,0,0,0,00378-2264-01
00781-1392-01_RXNAVIMAGE10_613DB08D_1.jpg,ROUND,YELLOW,10,ROUND_YELLOW,178,0,0,0,0,0,0,0,0,0,0,0,1,00781-1392-01
00781-1392-01_RXNAVIMAGE10_613DB08D_2.jpg,ROUND,YELLOW,10,ROUND_YELLOW,178,0,0,0,0,0,0,0,0,0,0,0,1,00781-1392-01
55494-0100-10_RXNAVIMAGE10_B639DB2E_1.jpg,ROUND,WHITE,10,ROUND_WHITE,174,0,0,0,0,0,0,0,0,0,0,1,0,55494-0100-10
55494-0100-10_RXNAVIMAGE10_B639DB2E_2.jpg,ROUND,WHITE,10,ROUND_WHITE,174,0,0,0,0,0,0,0,0,0,0,1,0,55494-0100-10
47335-0676-13_RXNAVIMAGE10_5739ABBD_1.jpg,CAPSULE,"BLUE, BLUE",1,"CAPSULE_BLUE, BLUE",8,0,1,0,0,0,0,0,0,0,0,0,0,47335-0676-13
47335-0676-13_RXNAVIMAGE10_5739ABBD_2.jpg,CAPSULE,"BLUE, BLUE",1,"CAPSULE_BLUE, BLUE",8,0,1,0,0,0,0,0,0,0,0,0,0,47335-0676-13
63304-0537-01_RXNAVIMAGE10_C2206103_1.jpg,ROUND,YELLOW,10,ROUND_YELLOW,178,0,0,0,0,0,0,0,0,0,0,0,1,63304-0537-01
63304-0537-01_RXNAVIMAGE10_C2206103_2.jpg,ROUND,YELLOW,10,ROUND_YELLOW,178,0,0,0,0,0,0,0,0,0,0,0,1,63304-0537-01
61442-0112-01_RXNAVIMAGE10_BF03DFFE_1.jpg,OVAL,WHITE,7,OVAL_WHITE,139,0,0,0,0,0,0,0,0,0,0,1,0,61442-0112-01
61442-0112-01_RXNAVIMAGE10_BF03DFFE_2.jpg,OVAL,WHITE,7,OVAL_WHITE,139,0,0,0,0,0,0,0,0,0,0,1,0,61442-0112-01
00378-3950-05_RXNAVIMAGE10_D33DE98F_1.jpg,OVAL,WHITE,7,OVAL_WHITE,139,0,0,0,0,0,0,0,0,0,0,1,0,00378-3950-05
00378-3950-05_RXNAVIMAGE10_D33DE98F_2.jpg,OVAL,WHITE,7,OVAL_WHITE,139,0,0,0,0,0,0,0,0,0,0,1,0,00378-3950-05
00093-0073-01_RXNAVIMAGE10_6C42B615_1.jpg,ROUND,PINK,10,ROUND_PINK,168,0,0,0,0,0,0,1,0,0,0,0,0,00093-0073-01
00093-0073-01_RXNAVIMAGE10_6C42B615_2.jpg,ROUND,PINK,10,ROUND_PINK,168,0,0,0,0,0,0,1,0,0,0,0,0,00093-0073-01
00093-7214-98_RXNAVIMAGE10_C929E4EF_1.jpg,OVAL,WHITE,7,OVAL_WHITE,139,0,0,0,0,0,0,0,0,0,0,1,0,00093-7214-98
00093-7214-98_RXNAVIMAGE10_C929E4EF_2.jpg,OVAL,WHITE,7,OVAL_WHITE,139,0,0,0,0,0,0,0,0,0,0,1,0,00093-7214-98
59762-2003-01_RXNAVIMAGE10_EC1DF61F_1.jpg,CAPSULE,WHITE,1,CAPSULE_WHITE,81,0,0,0,0,0,0,0,0,0,0,1,0,59762-2003-01
59762-2003-01_RXNAVIMAGE10_EC1DF61F_2.jpg,CAPSULE,WHITE,1,CAPSULE_WHITE,81,0,0,0,0,0,0,0,0,0,0,1,0,59762-2003-01
10702-0006-01_RXNAVIMAGE10_1F3A0FA0_1.jpg,ROUND,ORANGE,10,ROUND_ORANGE,166,0,0,0,0,0,1,0,0,0,0,0,0,10702-0006-01
10702-0006-01_RXNAVIMAGE10_1F3A0FA0_2.jpg,ROUND,ORANGE,10,ROUND_ORANGE,166,0,0,0,0,0,1,0,0,0,0,0,0,10702-0006-01
59746-0172-06_RXNAVIMAGE10_79503CB1_1.jpg,ROUND,WHITE,10,ROUND_WHITE,174,0,0,0,0,0,0,0,0,0,0,1,0,59746-0172-06
59746-0172-06_RXNAVIMAGE10_79503CB1_2.jpg,ROUND,WHITE,10,ROUND_WHITE,174,0,0,0,0,0,0,0,0,0,0,1,0,59746-0172-06
00093-9433-01_RXNAVIMAGE10_9E394F1A_1.jpg,OVAL,PINK,7,OVAL_PINK,133,0,0,0,0,0,0,1,0,0,0,0,0,00093-9433-01
00093-9433-01_RXNAVIMAGE10_9E394F1A_2.jpg,OVAL,PINK,7,OVAL_PINK,133,0,0,0,0,0,0,1,0,0,0,0,0,00093-9433-01
00093-7244-06_RXNAVIMAGE10_06050368_1.jpg,OVAL,YELLOW,7,OVAL_YELLOW,145,0,0,0,0,0,0,0,0,0,0,0,1,00093-7244-06
00093-7244-06_RXNAVIMAGE10_06050368_2.jpg,OVAL,YELLOW,7,OVAL_YELLOW,145,0,0,0,0,0,0,0,0,0,0,0,1,00093-7244-06
00143-3018-01_RXNAVIMAGE10_8351C19E_1.jpg,CAPSULE,"BLUE, BLUE",1,"CAPSULE_BLUE, BLUE",8,0,1,0,0,0,0,0,0,0,0,0,0,00143-3018-01
00143-3018-01_RXNAVIMAGE10_8351C19E_2.jpg,CAPSULE,"BLUE, BLUE",1,"CAPSULE_BLUE, BLUE",8,0,1,0,0,0,0,0,0,0,0,0,0,00143-3018-01
00093-8164-01_RXNAVIMAGE10_42362161_1.jpg,OVAL,YELLOW,7,OVAL_YELLOW,145,0,0,0,0,0,0,0,0,0,0,0,1,00093-8164-01
00093-8164-01_RXNAVIMAGE10_42362161_2.jpg,OVAL,YELLOW,7,OVAL_YELLOW,145,0,0,0,0,0,0,0,0,0,0,0,1,00093-8164-01
65862-0203-90_RXNAVIMAGE10_A74453E2_1.jpg,OVAL,GREEN,7,OVAL_GREEN,129,0,0,0,0,1,0,0,0,0,0,0,0,65862-0203-90
65862-0203-90_RXNAVIMAGE10_A74453E2_2.jpg,OVAL,GREEN,7,OVAL_GREEN,129,0,0,0,0,1,0,0,0,0,0,0,0,65862-0203-90
51285-0275-01_RXNAVIMAGE10_833641D2_1.jpg,ROUND,YELLOW,10,ROUND_YELLOW,178,0,0,0,0,0,0,0,0,0,0,0,1,51285-0275-01
51285-0275-01_RXNAVIMAGE10_833641D2_2.jpg,ROUND,YELLOW,10,ROUND_YELLOW,178,0,0,0,0,0,0,0,0,0,0,0,1,51285-0275-01
51293-0801-01_RXNAVIMAGE10_394A1C90_1.jpg,ROUND,BROWN,10,ROUND_BROWN,162,0,0,1,0,0,0,0,0,0,0,0,0,51293-0801-01
51293-0801-01_RXNAVIMAGE10_394A1C90_2.jpg,ROUND,BROWN,10,ROUND_BROWN,162,0,0,1,0,0,0,0,0,0,0,0,0,51293-0801-01
68012-0309-30_RXNAVIMAGE10_BC3D5E0A_1.jpg,ROUND,WHITE,10,ROUND_WHITE,174,0,0,0,0,0,0,0,0,0,0,1,0,68012-0309-30
68012-0309-30_RXNAVIMAGE10_BC3D5E0A_2.jpg,ROUND,WHITE,10,ROUND_WHITE,174,0,0,0,0,0,0,0,0,0,0,1,0,68012-0309-30
51672-4051-04_RXNAVIMAGE10_E732F3A7_1.jpg,ROUND,RED,10,ROUND_RED,172,0,0,0,0,0,0,0,0,1,0,0,0,51672-4051-04
51672-4051-04_RXNAVIMAGE10_E732F3A7_2.jpg,ROUND,RED,10,ROUND_RED,172,0,0,0,0,0,0,0,0,1,0,0,0,51672-4051-04
00093-7327-01_RXNAVIMAGE10_B02D580A_1.jpg,OVAL,RED,7,OVAL_RED,137,0,0,0,0,0,0,0,0,1,0,0,0,00093-7327-01
00093-7327-01_RXNAVIMAGE10_B02D580A_2.jpg,OVAL,RED,7,OVAL_RED,137,0,0,0,0,0,0,0,0,1,0,0,0,00093-7327-01
49884-0406-01_RXNAVIMAGE10_2A331508_1.jpg,ROUND,WHITE,10,ROUND_WHITE,174,0,0,0,0,0,0,0,0,0,0,1,0,49884-0406-01
49884-0406-01_RXNAVIMAGE10_2A331508_2.jpg,ROUND,WHITE,10,ROUND_WHITE,174,0,0,0,0,0,0,0,0,0,0,1,0,49884-0406-01
49884-0232-11_RXNAVIMAGE10_B8405C22_1.jpg,ROUND,WHITE,10,ROUND_WHITE,174,0,0,0,0,0,0,0,0,0,0,1,0,49884-0232-11
49884-0232-11_RXNAVIMAGE10_B8405C22_2.jpg,ROUND,WHITE,10,ROUND_WHITE,174,0,0,0,0,0,0,0,0,0,0,1,0,49884-0232-11
00054-0279-03_RXNAVIMAGE10_B508DAE6_1.jpg,ROUND,WHITE,10,ROUND_WHITE,174,0,0,0,0,0,0,0,0,0,0,1,0,00054-0279-03
00054-0279-03_RXNAVIMAGE10_B508DAE6_2.jpg,ROUND,WHITE,10,ROUND_WHITE,174,0,0,0,0,0,0,0,0,0,0,1,0,00054-0279-03
68180-0216-09_RXNAVIMAGE10_37089BE4_1.jpg,OVAL,WHITE,7,OVAL_WHITE,139,0,0,0,0,0,0,0,0,0,0,1,0,68180-0216-09
68180-0216-09_RXNAVIMAGE10_37089BE4_2.jpg,OVAL,WHITE,7,OVAL_WHITE,139,0,0,0,0,0,0,0,0,0,0,1,0,68180-0216-09
00603-5801-28_RXNAVIMAGE10_8F4547AA_1.jpg,ROUND,YELLOW,10,ROUND_YELLOW,178,0,0,0,0,0,0,0,0,0,0,0,1,00603-5801-28
00603-5801-28_RXNAVIMAGE10_8F4547AA_2.jpg,ROUND,YELLOW,10,ROUND_YELLOW,178,0,0,0,0,0,0,0,0,0,0,0,1,00603-5801-28
59762-7021-05_RXNAVIMAGE10_5A07AD0D_1.jpg,ROUND,WHITE,10,ROUND_WHITE,174,0,0,0,0,0,0,0,0,0,0,1,0,59762-7021-05
59762-7021-05_RXNAVIMAGE10_5A07AD0D_2.jpg,ROUND,WHITE,10,ROUND_WHITE,174,0,0,0,0,0,0,0,0,0,0,1,0,59762-7021-05
00781-1643-66_RXNAVIMAGE10_130409A0_1.jpg,ROUND,PINK,10,ROUND_PINK,168,0,0,0,0,0,0,1,0,0,0,0,0,00781-1643-66
00781-1643-66_RXNAVIMAGE10_130409A0_2.jpg,ROUND,PINK,10,ROUND_PINK,168,0,0,0,0,0,0,1,0,0,0,0,0,00781-1643-66
00007-4142-20_RXNAVIMAGE10_F718FBA7_1.jpg,OVAL,WHITE,7,OVAL_WHITE,139,0,0,0,0,0,0,0,0,0,0,1,0,00007-4142-20
00007-4142-20_RXNAVIMAGE10_F718FBA7_2.jpg,OVAL,WHITE,7,OVAL_WHITE,139,0,0,0,0,0,0,0,0,0,0,1,0,00007-4142-20
49884-0407-01_RXNAVIMAGE10_16090B48_1.jpg,OVAL,WHITE,7,OVAL_WHITE,139,0,0,0,0,0,0,0,0,0,0,1,0,49884-0407-01
49884-0407-01_RXNAVIMAGE10_16090B48_2.jpg,OVAL,WHITE,7,OVAL_WHITE,139,0,0,0,0,0,0,0,0,0,0,1,0,49884-0407-01
76439-0309-10_RXNAVIMAGE10_333B19B8_1.jpg,ROUND,WHITE,10,ROUND_WHITE,174,0,0,0,0,0,0,0,0,0,0,1,0,76439-0309-10
76439-0309-10_RXNAVIMAGE10_333B19B8_2.jpg,ROUND,WHITE,10,ROUND_WHITE,174,0,0,0,0,0,0,0,0,0,0,1,0,76439-0309-10
00006-0464-05_RXNAVIMAGE10_4039A01D_1.jpg,CAPSULE,"WHITE, YELLOW",1,"CAPSULE_WHITE, YELLOW",93,0,0,0,0,0,0,0,0,0,0,1,1,00006-0464-05
00006-0464-05_RXNAVIMAGE10_4039A01D_2.jpg,CAPSULE,"WHITE, YELLOW",1,"CAPSULE_WHITE, YELLOW",93,0,0,0,0,0,0,0,0,0,0,1,1,00006-0464-05
52544-0233-41_RXNAVIMAGE10_BF4ADF96_1.jpg,ROUND,BROWN,10,ROUND_BROWN,162,0,0,1,0,0,0,0,0,0,0,0,0,52544-0233-41
52544-0233-41_RXNAVIMAGE10_BF4ADF96_2.jpg,ROUND,BROWN,10,ROUND_BROWN,162,0,0,1,0,0,0,0,0,0,0,0,0,52544-0233-41
39328-0106-10_RXNAVIMAGE10_DF476FDB_1.jpg,OVAL,BROWN,7,OVAL_BROWN,125,0,0,1,0,0,0,0,0,0,0,0,0,39328-0106-10
39328-0106-10_RXNAVIMAGE10_DF476FDB_2.jpg,OVAL,BROWN,7,OVAL_BROWN,125,0,0,1,0,0,0,0,0,0,0,0,0,39328-0106-10
00378-6280-01_RXNAVIMAGE10_B43E5A02_1.jpg,ROUND,YELLOW,10,ROUND_YELLOW,178,0,0,0,0,0,0,0,0,0,0,0,1,00378-6280-01
00378-6280-01_RXNAVIMAGE10_B43E5A02_2.jpg,ROUND,YELLOW,10,ROUND_YELLOW,178,0,0,0,0,0,0,0,0,0,0,0,1,00378-6280-01
00310-0752-90_RXNAVIMAGE10_8F1347FA_1.jpg,ROUND,PINK,10,ROUND_PINK,168,0,0,0,0,0,0,1,0,0,0,0,0,00310-0752-90
00310-0752-90_RXNAVIMAGE10_8F1347FA_2.jpg,ROUND,PINK,10,ROUND_PINK,168,0,0,0,0,0,0,1,0,0,0,0,0,00310-0752-90
00172-4960-58_RXNAVIMAGE10_AF2DD78E_1.jpg,CAPSULE,BROWN,1,CAPSULE_BROWN,18,0,0,1,0,0,0,0,0,0,0,0,0,00172-4960-58
00172-4960-58_RXNAVIMAGE10_AF2DD78E_2.jpg,CAPSULE,BROWN,1,CAPSULE_BROWN,18,0,0,1,0,0,0,0,0,0,0,0,0,00172-4960-58
00185-0117-01_RXNAVIMAGE10_D520EAA7_1.jpg,ROUND,WHITE,10,ROUND_WHITE,174,0,0,0,0,0,0,0,0,0,0,1,0,00185-0117-01
00185-0117-01_RXNAVIMAGE10_D520EAA7_2.jpg,ROUND,WHITE,10,ROUND_WHITE,174,0,0,0,0,0,0,0,0,0,0,1,0,00185-0117-01
00002-4464-30_RXNAVIMAGE10_B8155C1A_1.jpg,TEAR,YELLOW,13,TEAR_YELLOW,193,0,0,0,0,0,0,0,0,0,0,0,1,00002-4464-30
00002-4464-30_RXNAVIMAGE10_B8155C1A_2.jpg,TEAR,YELLOW,13,TEAR_YELLOW,193,0,0,0,0,0,0,0,0,0,0,0,1,00002-4464-30
00093-5502-01_RXNAVIMAGE10_742DBA1D_1.jpg,ROUND,YELLOW,10,ROUND_YELLOW,178,0,0,0,0,0,0,0,0,0,0,0,1,00093-5502-01
00093-5502-01_RXNAVIMAGE10_742DBA1D_2.jpg,ROUND,YELLOW,10,ROUND_YELLOW,178,0,0,0,0,0,0,0,0,0,0,0,1,00093-5502-01
00525-0510-90_RXNAVIMAGE10_6E133779_1.jpg,OVAL,BLUE,7,OVAL_BLUE,123,0,1,0,0,0,0,0,0,0,0,0,0,00525-0510-90
00525-0510-90_RXNAVIMAGE10_6E133779_2.jpg,OVAL,BLUE,7,OVAL_BLUE,123,0,1,0,0,0,0,0,0,0,0,0,0,00525-0510-90
00527-1413-01_RXNAVIMAGE10_F420FA37_1.jpg,ROUND,ORANGE,10,ROUND_ORANGE,166,0,0,0,0,0,1,0,0,0,0,0,0,00527-1413-01
00527-1413-01_RXNAVIMAGE10_F420FA37_2.jpg,ROUND,ORANGE,10,ROUND_ORANGE,166,0,0,0,0,0,1,0,0,0,0,0,0,00527-1413-01
29033-0020-12_RXNAVIMAGE10_BE135F6A_1.jpg,CAPSULE,YELLOW,1,CAPSULE_YELLOW,94,0,0,0,0,0,0,0,0,0,0,0,1,29033-0020-12
29033-0020-12_RXNAVIMAGE10_BE135F6A_2.jpg,CAPSULE,YELLOW,1,CAPSULE_YELLOW,94,0,0,0,0,0,0,0,0,0,0,0,1,29033-0020-12
00781-1764-01_RXNAVIMAGE10_934FC9CE_1.jpg,ROUND,BROWN,10,ROUND_BROWN,162,0,0,1,0,0,0,0,0,0,0,0,0,00781-1764-01
00781-1764-01_RXNAVIMAGE10_934FC9CE_2.jpg,ROUND,BROWN,10,ROUND_BROWN,162,0,0,1,0,0,0,0,0,0,0,0,0,00781-1764-01
00078-0512-05_RXNAVIMAGE10_BF3E5FD2_1.jpg,ROUND,BROWN,10,ROUND_BROWN,162,0,0,1,0,0,0,0,0,0,0,0,0,00078-0512-05
00078-0512-05_RXNAVIMAGE10_BF3E5FD2_2.jpg,ROUND,BROWN,10,ROUND_BROWN,162,0,0,1,0,0,0,0,0,0,0,0,0,00078-0512-05
51285-0690-02_RXNAVIMAGE10_852F42DA_1.jpg,ROUND,WHITE,10,ROUND_WHITE,174,0,0,0,0,0,0,0,0,0,0,1,0,51285-0690-02
51285-0690-02_RXNAVIMAGE10_852F42DA_2.jpg,ROUND,WHITE,10,ROUND_WHITE,174,0,0,0,0,0,0,0,0,0,0,1,0,51285-0690-02
00093-7251-01_RXNAVIMAGE10_8C15C60E_1.jpg,OVAL,ORANGE,7,OVAL_ORANGE,130,0,0,0,0,0,1,0,0,0,0,0,0,00093-7251-01
00093-7251-01_RXNAVIMAGE10_8C15C60E_2.jpg,OVAL,ORANGE,7,OVAL_ORANGE,130,0,0,0,0,0,1,0,0,0,0,0,0,00093-7251-01
00182-1535-00_RXNAVIMAGE10_1C390E08_1.jpg,ROUND,PINK,10,ROUND_PINK,168,0,0,0,0,0,0,1,0,0,0,0,0,00182-1535-00
00182-1535-00_RXNAVIMAGE10_1C390E08_2.jpg,ROUND,PINK,10,ROUND_PINK,168,0,0,0,0,0,0,1,0,0,0,0,0,00182-1535-00
50458-0650-60_RXNAVIMAGE10_4B16A585_1.jpg,OVAL,YELLOW,7,OVAL_YELLOW,145,0,0,0,0,0,0,0,0,0,0,0,1,50458-0650-60
50458-0650-60_RXNAVIMAGE10_4B16A585_2.jpg,OVAL,YELLOW,7,OVAL_YELLOW,145,0,0,0,0,0,0,0,0,0,0,0,1,50458-0650-60
00093-8055-14_RXNAVIMAGE10_CD3866F3_1.jpg,CAPSULE,BROWN,1,CAPSULE_BROWN,18,0,0,1,0,0,0,0,0,0,0,0,0,00093-8055-14
00093-8055-14_RXNAVIMAGE10_CD3866F3_2.jpg,CAPSULE,BROWN,1,CAPSULE_BROWN,18,0,0,1,0,0,0,0,0,0,0,0,0,00093-8055-14
51672-4125-01_RXNAVIMAGE10_50132849_1.jpg,OVAL,WHITE,7,OVAL_WHITE,139,0,0,0,0,0,0,0,0,0,0,1,0,51672-4125-01
51672-4125-01_RXNAVIMAGE10_50132849_2.jpg,OVAL,WHITE,7,OVAL_WHITE,139,0,0,0,0,0,0,0,0,0,0,1,0,51672-4125-01
00093-2204-01_RXNAVIMAGE10_8426C266_1.jpg,ROUND,WHITE,10,ROUND_WHITE,174,0,0,0,0,0,0,0,0,0,0,1,0,00093-2204-01
00093-2204-01_RXNAVIMAGE10_8426C266_2.jpg,ROUND,WHITE,10,ROUND_WHITE,174,0,0,0,0,0,0,0,0,0,0,1,0,00093-2204-01
00076-0901-01_RXNAVIMAGE10_CC15E64F_1.jpg,ROUND,BLUE,10,ROUND_BLUE,160,0,1,0,0,0,0,0,0,0,0,0,0,00076-0901-01
00076-0901-01_RXNAVIMAGE10_CC15E64F_2.jpg,ROUND,BLUE,10,ROUND_BLUE,160,0,1,0,0,0,0,0,0,0,0,0,0,00076-0901-01
00093-1023-01_RXNAVIMAGE10_EB35F58F_1.jpg,ROUND,YELLOW,10,ROUND_YELLOW,178,0,0,0,0,0,0,0,0,0,0,0,1,00093-1023-01
00093-1023-01_RXNAVIMAGE10_EB35F58F_2.jpg,ROUND,YELLOW,10,ROUND_YELLOW,178,0,0,0,0,0,0,0,0,0,0,0,1,00093-1023-01
50844-0453-44_RXNAVIMAGE10_3D391EE8_1.jpg,ROUND,RED,10,ROUND_RED,172,0,0,0,0,0,0,0,0,1,0,0,0,50844-0453-44
50844-0453-44_RXNAVIMAGE10_3D391EE8_2.jpg,ROUND,RED,10,ROUND_RED,172,0,0,0,0,0,0,0,0,1,0,0,0,50844-0453-44
49884-0832-11_RXNAVIMAGE10_0F4587FC_1.jpg,CAPSULE,"GREEN, GRAY",1,"CAPSULE_GREEN, GRAY",36,0,0,0,1,1,0,0,0,0,0,0,0,49884-0832-11
49884-0832-11_RXNAVIMAGE10_0F4587FC_2.jpg,CAPSULE,"GREEN, GRAY",1,"CAPSULE_GREEN, GRAY",36,0,0,0,1,1,0,0,0,0,0,0,0,49884-0832-11
00228-2633-06_RXNAVIMAGE10_6C203671_1.jpg,ROUND,WHITE,10,ROUND_WHITE,174,0,0,0,0,0,0,0,0,0,0,1,0,00228-2633-06
00228-2633-06_RXNAVIMAGE10_6C203671_2.jpg,ROUND,WHITE,10,ROUND_WHITE,174,0,0,0,0,0,0,0,0,0,0,1,0,00228-2633-06
00555-0790-02_RXNAVIMAGE10_D141E8CF_1.jpg,CAPSULE,"BLUE, BROWN",1,"CAPSULE_BLUE, BROWN",9,0,1,1,0,0,0,0,0,0,0,0,0,00555-0790-02
00555-0790-02_RXNAVIMAGE10_D141E8CF_2.jpg,CAPSULE,"BLUE, BROWN",1,"CAPSULE_BLUE, BROWN",9,0,1,1,0,0,0,0,0,0,0,0,0,00555-0790-02
00172-4280-60_RXNAVIMAGE10_8F21C7EE_1.jpg,OVAL,WHITE,7,OVAL_WHITE,139,0,0,0,0,0,0,0,0,0,0,1,0,00172-4280-60
00172-4280-60_RXNAVIMAGE10_8F21C7EE_2.jpg,OVAL,WHITE,7,OVAL_WHITE,139,0,0,0,0,0,0,0,0,0,0,1,0,00172-4280-60
00025-1520-31_RXNAVIMAGE10_5B39ADCD_1.jpg,CAPSULE,"WHITE, BLUE",1,"CAPSULE_WHITE, BLUE",83,0,1,0,0,0,0,0,0,0,0,1,0,00025-1520-31
00025-1520-31_RXNAVIMAGE10_5B39ADCD_2.jpg,CAPSULE,"WHITE, BLUE",1,"CAPSULE_WHITE, BLUE",83,0,1,0,0,0,0,0,0,0,0,1,0,00025-1520-31
00093-5550-01_RXNAVIMAGE10_C942E4F7_1.jpg,CAPSULE,BLUE,1,CAPSULE_BLUE,7,0,1,0,0,0,0,0,0,0,0,0,0,00093-5550-01
00093-5550-01_RXNAVIMAGE10_C942E4F7_2.jpg,CAPSULE,BLUE,1,CAPSULE_BLUE,7,0,1,0,0,0,0,0,0,0,0,0,0,00093-5550-01
42794-0019-02_RXNAVIMAGE10_BC40DE26_1.jpg,ROUND,WHITE,10,ROUND_WHITE,174,0,0,0,0,0,0,0,0,0,0,1,0,42794-0019-02
42794-0019-02_RXNAVIMAGE10_BC40DE26_2.jpg,ROUND,WHITE,10,ROUND_WHITE,174,0,0,0,0,0,0,0,0,0,0,1,0,42794-0019-02
00008-0837-22_RXNAVIMAGE10_3015984C_1.jpg,CAPSULE,"ORANGE, GRAY",1,"CAPSULE_ORANGE, GRAY",47,0,0,0,1,0,1,0,0,0,0,0,0,00008-0837-22
00008-0837-22_RXNAVIMAGE10_3015984C_2.jpg,CAPSULE,"ORANGE, GRAY",1,"CAPSULE_ORANGE, GRAY",47,0,0,0,1,0,1,0,0,0,0,0,0,00008-0837-22
24090-0494-84_RXNAVIMAGE10_08510468_1.jpg,ROUND,BROWN,10,ROUND_BROWN,162,0,0,1,0,0,0,0,0,0,0,0,0,24090-0494-84
24090-0494-84_RXNAVIMAGE10_08510468_2.jpg,ROUND,BROWN,10,ROUND_BROWN,162,0,0,1,0,0,0,0,0,0,0,0,0,24090-0494-84
13811-0687-30_RXNAVIMAGE10_094E0480_1.jpg,OVAL,YELLOW,7,OVAL_YELLOW,145,0,0,0,0,0,0,0,0,0,0,0,1,13811-0687-30
13811-0687-30_RXNAVIMAGE10_094E0480_2.jpg,OVAL,YELLOW,7,OVAL_YELLOW,145,0,0,0,0,0,0,0,0,0,0,0,1,13811-0687-30
00093-0983-01_RXNAVIMAGE10_7A29BD5D_1.jpg,ROUND,BROWN,10,ROUND_BROWN,162,0,0,1,0,0,0,0,0,0,0,0,0,00093-0983-01
00093-0983-01_RXNAVIMAGE10_7A29BD5D_2.jpg,ROUND,BROWN,10,ROUND_BROWN,162,0,0,1,0,0,0,0,0,0,0,0,0,00093-0983-01
43598-0323-30_RXNAVIMAGE10_38491C78_1.jpg,ROUND,WHITE,10,ROUND_WHITE,174,0,0,0,0,0,0,0,0,0,0,1,0,43598-0323-30
43598-0323-30_RXNAVIMAGE10_38491C78_2.jpg,ROUND,WHITE,10,ROUND_WHITE,174,0,0,0,0,0,0,0,0,0,0,1,0,43598-0323-30
50419-0407-01_RXNAVIMAGE10_44192279_1.jpg,ROUND,ORANGE,10,ROUND_ORANGE,166,0,0,0,0,0,1,0,0,0,0,0,0,50419-0407-01
50419-0407-01_RXNAVIMAGE10_44192279_2.jpg,ROUND,ORANGE,10,ROUND_ORANGE,166,0,0,0,0,0,1,0,0,0,0,0,0,50419-0407-01
00093-8342-01_RXNAVIMAGE10_5C07AE5D_1.jpg,ROUND,WHITE,10,ROUND_WHITE,174,0,0,0,0,0,0,0,0,0,0,1,0,00093-8342-01
00093-8342-01_RXNAVIMAGE10_5C07AE5D_2.jpg,ROUND,WHITE,10,ROUND_WHITE,174,0,0,0,0,0,0,0,0,0,0,1,0,00093-8342-01
00093-7394-98_RXNAVIMAGE10_3B381DA0_1.jpg,OVAL,WHITE,7,OVAL_WHITE,139,0,0,0,0,0,0,0,0,0,0,1,0,00093-7394-98
00093-7394-98_RXNAVIMAGE10_3B381DA0_2.jpg,OVAL,WHITE,7,OVAL_WHITE,139,0,0,0,0,0,0,0,0,0,0,1,0,00093-7394-98
57844-0208-52_RXNAVIMAGE10_7C35BE3D_1.jpg,CAPSULE,ORANGE,1,CAPSULE_ORANGE,44,0,0,0,0,0,1,0,0,0,0,0,0,57844-0208-52
57844-0208-52_RXNAVIMAGE10_7C35BE3D_2.jpg,CAPSULE,ORANGE,1,CAPSULE_ORANGE,44,0,0,0,0,0,1,0,0,0,0,0,0,57844-0208-52
00186-0162-54_RXNAVIMAGE10_E912F487_1.jpg,OVAL,PINK,7,OVAL_PINK,133,0,0,0,0,0,0,1,0,0,0,0,0,00186-0162-54
00186-0162-54_RXNAVIMAGE10_E912F487_2.jpg,OVAL,PINK,7,OVAL_PINK,133,0,0,0,0,0,0,1,0,0,0,0,0,00186-0162-54
50111-0325-01_RXNAVIMAGE10_D32F69DB_1.jpg,ROUND,YELLOW,10,ROUND_YELLOW,178,0,0,0,0,0,0,0,0,0,0,0,1,50111-0325-01
50111-0325-01_RXNAVIMAGE10_D32F69DB_2.jpg,ROUND,YELLOW,10,ROUND_YELLOW,178,0,0,0,0,0,0,0,0,0,0,0,1,50111-0325-01
00173-0135-55_RXNAVIMAGE10_E718F397_1.jpg,ROUND,PURPLE,10,ROUND_PURPLE,171,0,0,0,0,0,0,0,1,0,0,0,0,00173-0135-55
00173-0135-55_RXNAVIMAGE10_E718F397_2.jpg,ROUND,PURPLE,10,ROUND_PURPLE,171,0,0,0,0,0,0,0,1,0,0,0,0,00173-0135-55
55111-0125-06_RXNAVIMAGE10_1F3B8FDC_1.jpg,OVAL,WHITE,7,OVAL_WHITE,139,0,0,0,0,0,0,0,0,0,0,1,0,55111-0125-06
55111-0125-06_RXNAVIMAGE10_1F3B8FDC_2.jpg,OVAL,WHITE,7,OVAL_WHITE,139,0,0,0,0,0,0,0,0,0,0,1,0,55111-0125-06
61442-0172-30_RXNAVIMAGE10_19458CAC_1.jpg,CAPSULE,"BLUE, ORANGE",1,"CAPSULE_BLUE, ORANGE",12,0,1,0,0,0,1,0,0,0,0,0,0,61442-0172-30
61442-0172-30_RXNAVIMAGE10_19458CAC_2.jpg,CAPSULE,"BLUE, ORANGE",1,"CAPSULE_BLUE, ORANGE",12,0,1,0,0,0,1,0,0,0,0,0,0,61442-0172-30
00173-0556-02_RXNAVIMAGE10_251912B8_1.jpg,ROUND,PURPLE,10,ROUND_PURPLE,171,0,0,0,0,0,0,0,1,0,0,0,0,00173-0556-02
00173-0556-02_RXNAVIMAGE10_251912B8_2.jpg,ROUND,PURPLE,10,ROUND_PURPLE,171,0,0,0,0,0,0,0,1,0,0,0,0,00173-0556-02
51079-0924-20_RXNAVIMAGE10_0F3E87C4_1.jpg,CAPSULE,"PINK, WHITE",1,"CAPSULE_PINK, WHITE",59,0,0,0,0,0,0,1,0,0,0,1,0,51079-0924-20
51079-0924-20_RXNAVIMAGE10_0F3E87C4_2.jpg,CAPSULE,"PINK, WHITE",1,"CAPSULE_PINK, WHITE",59,0,0,0,0,0,0,1,0,0,0,1,0,51079-0924-20
13811-0525-01_RXNAVIMAGE10_903CC806_1.jpg,OVAL,RED,7,OVAL_RED,137,0,0,0,0,0,0,0,0,1,0,0,0,13811-0525-01
13811-0525-01_RXNAVIMAGE10_903CC806_2.jpg,OVAL,RED,7,OVAL_RED,137,0,0,0,0,0,0,0,0,1,0,0,0,13811-0525-01
00087-2876-31_RXNAVIMAGE10_DF12EFD7_1.jpg,OVAL,ORANGE,7,OVAL_ORANGE,130,0,0,0,0,0,1,0,0,0,0,0,0,00087-2876-31
00087-2876-31_RXNAVIMAGE10_DF12EFD7_2.jpg,OVAL,ORANGE,7,OVAL_ORANGE,130,0,0,0,0,0,1,0,0,0,0,0,0,00087-2876-31
68382-0097-06_RXNAVIMAGE10_D2086973_1.jpg,ROUND,WHITE,10,ROUND_WHITE,174,0,0,0,0,0,0,0,0,0,0,1,0,68382-0097-06
68382-0097-06_RXNAVIMAGE10_D2086973_2.jpg,ROUND,WHITE,10,ROUND_WHITE,174,0,0,0,0,0,0,0,0,0,0,1,0,68382-0097-06
16252-0618-30_RXNAVIMAGE10_7850BC35_1.jpg,OVAL,PINK,7,OVAL_PINK,133,0,0,0,0,0,0,1,0,0,0,0,0,16252-0618-30
16252-0618-30_RXNAVIMAGE10_7850BC35_2.jpg,OVAL,PINK,7,OVAL_PINK,133,0,0,0,0,0,0,1,0,0,0,0,0,16252-0618-30
00115-4433-01_RXNAVIMAGE10_7E51BF5D_1.jpg,CAPSULE,"YELLOW, RED",1,"CAPSULE_YELLOW, RED",102,0,0,0,0,0,0,0,0,1,0,0,1,00115-4433-01
00115-4433-01_RXNAVIMAGE10_7E51BF5D_2.jpg,CAPSULE,"YELLOW, RED",1,"CAPSULE_YELLOW, RED",102,0,0,0,0,0,0,0,0,1,0,0,1,00115-4433-01
00093-7381-01_RXNAVIMAGE10_512928D9_1.jpg,ROUND,ORANGE,10,ROUND_ORANGE,166,0,0,0,0,0,1,0,0,0,0,0,0,00093-7381-01
00093-7381-01_RXNAVIMAGE10_512928D9_2.jpg,ROUND,ORANGE,10,ROUND_ORANGE,166,0,0,0,0,0,1,0,0,0,0,0,0,00093-7381-01
64764-0171-30_RXNAVIMAGE10_4D39A6AD_1.jpg,CAPSULE,"BLUE, GRAY",1,"CAPSULE_BLUE, GRAY",10,0,1,0,1,0,0,0,0,0,0,0,0,64764-0171-30
64764-0171-30_RXNAVIMAGE10_4D39A6AD_2.jpg,CAPSULE,"BLUE, GRAY",1,"CAPSULE_BLUE, GRAY",10,0,1,0,1,0,0,0,0,0,0,0,0,64764-0171-30
00093-7471-43_RXNAVIMAGE10_9E35CF7E_1.jpg,OVAL,WHITE,7,OVAL_WHITE,139,0,0,0,0,0,0,0,0,0,0,1,0,00093-7471-43
00093-7471-43_RXNAVIMAGE10_9E35CF7E_2.jpg,OVAL,WHITE,7,OVAL_WHITE,139,0,0,0,0,0,0,0,0,0,0,1,0,00093-7471-43
00093-3167-53_RXNAVIMAGE10_10270828_1.jpg,CAPSULE,"RED, PINK",1,"CAPSULE_RED, PINK",72,0,0,0,0,0,0,1,0,1,0,0,0,00093-3167-53
00093-3167-53_RXNAVIMAGE10_10270828_2.jpg,CAPSULE,"RED, PINK",1,"CAPSULE_RED, PINK",72,0,0,0,0,0,0,1,0,1,0,0,0,00093-3167-53
00591-0782-01_RXNAVIMAGE10_FA45FD5F_1.jpg,OVAL,WHITE,7,OVAL_WHITE,139,0,0,0,0,0,0,0,0,0,0,1,0,00591-0782-01
00591-0782-01_RXNAVIMAGE10_FA45FD5F_2.jpg,OVAL,WHITE,7,OVAL_WHITE,139,0,0,0,0,0,0,0,0,0,0,1,0,00591-0782-01
00555-9010-58_RXNAVIMAGE10_3B2F9D9C_1.jpg,ROUND,WHITE,10,ROUND_WHITE,174,0,0,0,0,0,0,0,0,0,0,1,0,00555-9010-58
00555-9010-58_RXNAVIMAGE10_3B2F9D9C_2.jpg,ROUND,WHITE,10,ROUND_WHITE,174,0,0,0,0,0,0,0,0,0,0,1,0,00555-9010-58
00062-0214-60_RXNAVIMAGE10_9515CABE_1.jpg,ROUND,WHITE,10,ROUND_WHITE,174,0,0,0,0,0,0,0,0,0,0,1,0,00062-0214-60
00062-0214-60_RXNAVIMAGE10_9515CABE_2.jpg,ROUND,WHITE,10,ROUND_WHITE,174,0,0,0,0,0,0,0,0,0,0,1,0,00062-0214-60
00078-0337-05_RXNAVIMAGE10_DC126E13_1.jpg,OVAL,YELLOW,7,OVAL_YELLOW,145,0,0,0,0,0,0,0,0,0,0,0,1,00078-0337-05
00078-0337-05_RXNAVIMAGE10_DC126E13_2.jpg,OVAL,YELLOW,7,OVAL_YELLOW,145,0,0,0,0,0,0,0,0,0,0,0,1,00078-0337-05
65862-0062-01_RXNAVIMAGE10_FB23FDDF_1.jpg,ROUND,WHITE,10,ROUND_WHITE,174,0,0,0,0,0,0,0,0,0,0,1,0,65862-0062-01
65862-0062-01_RXNAVIMAGE10_FB23FDDF_2.jpg,ROUND,WHITE,10,ROUND_WHITE,174,0,0,0,0,0,0,0,0,0,0,1,0,65862-0062-01
68180-0312-01_RXNAVIMAGE10_7D3B3EA9_1.jpg,ROUND,GREEN,10,ROUND_GREEN,164,0,0,0,0,1,0,0,0,0,0,0,0,68180-0312-01
68180-0312-01_RXNAVIMAGE10_7D3B3EA9_2.jpg,ROUND,GREEN,10,ROUND_GREEN,164,0,0,0,0,1,0,0,0,0,0,0,0,68180-0312-01
59148-0007-13_RXNAVIMAGE10_9A154D1A_1.jpg,RECTANGLE,BLUE,9,RECTANGLE_BLUE,155,0,1,0,0,0,0,0,0,0,0,0,0,59148-0007-13
59148-0007-13_RXNAVIMAGE10_9A154D1A_2.jpg,RECTANGLE,BLUE,9,RECTANGLE_BLUE,155,0,1,0,0,0,0,0,0,0,0,0,0,59148-0007-13
31722-0269-90_RXNAVIMAGE10_14508A54_1.jpg,ROUND,BROWN,10,ROUND_BROWN,162,0,0,1,0,0,0,0,0,0,0,0,0,31722-0269-90
31722-0269-90_RXNAVIMAGE10_14508A54_2.jpg,ROUND,BROWN,10,ROUND_BROWN,162,0,0,1,0,0,0,0,0,0,0,0,0,31722-0269-90
00378-6046-28_RXNAVIMAGE10_3141988C_1.jpg,ROUND,GREEN,10,ROUND_GREEN,164,0,0,0,0,1,0,0,0,0,0,0,0,00378-6046-28
00378-6046-28_RXNAVIMAGE10_3141988C_2.jpg,ROUND,GREEN,10,ROUND_GREEN,164,0,0,0,0,1,0,0,0,0,0,0,0,00378-6046-28
60505-0185-00_RXNAVIMAGE10_27269384_1.jpg,OVAL,RED,7,OVAL_RED,137,0,0,0,0,0,0,0,0,1,0,0,0,60505-0185-00
60505-0185-00_RXNAVIMAGE10_27269384_2.jpg,OVAL,RED,7,OVAL_RED,137,0,0,0,0,0,0,0,0,1,0,0,0,60505-0185-00
60505-0081-00_RXNAVIMAGE10_CA33E55F_1.jpg,OVAL,WHITE,7,OVAL_WHITE,139,0,0,0,0,0,0,0,0,0,0,1,0,60505-0081-00
60505-0081-00_RXNAVIMAGE10_CA33E55F_2.jpg,OVAL,WHITE,7,OVAL_WHITE,139,0,0,0,0,0,0,0,0,0,0,1,0,60505-0081-00
00555-0923-02_RXNAVIMAGE10_8B35C5EE_1.jpg,OVAL,WHITE,7,OVAL_WHITE,139,0,0,0,0,0,0,0,0,0,0,1,0,00555-0923-02
00555-0923-02_RXNAVIMAGE10_8B35C5EE_2.jpg,OVAL,WHITE,7,OVAL_WHITE,139,0,0,0,0,0,0,0,0,0,0,1,0,00555-0923-02
57664-0397-51_RXNAVIMAGE10_CB08E5C7_1.jpg,ROUND,WHITE,10,ROUND_WHITE,174,0,0,0,0,0,0,0,0,0,0,1,0,57664-0397-51
57664-0397-51_RXNAVIMAGE10_CB08E5C7_2.jpg,ROUND,WHITE,10,ROUND_WHITE,174,0,0,0,0,0,0,0,0,0,0,1,0,57664-0397-51
65862-0209-01_RXNAVIMAGE10_A251D15E_1.jpg,CAPSULE,ORANGE,1,CAPSULE_ORANGE,44,0,0,0,0,0,1,0,0,0,0,0,0,65862-0209-01
65862-0209-01_RXNAVIMAGE10_A251D15E_2.jpg,CAPSULE,ORANGE,1,CAPSULE_ORANGE,44,0,0,0,0,0,1,0,0,0,0,0,0,65862-0209-01
00185-0072-60_RXNAVIMAGE10_FC327E73_1.jpg,ROUND,BLUE,10,ROUND_BLUE,160,0,1,0,0,0,0,0,0,0,0,0,0,00185-0072-60
00185-0072-60_RXNAVIMAGE10_FC327E73_2.jpg,ROUND,BLUE,10,ROUND_BLUE,160,0,1,0,0,0,0,0,0,0,0,0,0,00185-0072-60
65597-0116-30_RXNAVIMAGE10_D13CE8D7_1.jpg,OVAL,YELLOW,7,OVAL_YELLOW,145,0,0,0,0,0,0,0,0,0,0,0,1,65597-0116-30
65597-0116-30_RXNAVIMAGE10_D13CE8D7_2.jpg,OVAL,YELLOW,7,OVAL_YELLOW,145,0,0,0,0,0,0,0,0,0,0,0,1,65597-0116-30
00093-7392-98_RXNAVIMAGE10_2E391708_1.jpg,OVAL,WHITE,7,OVAL_WHITE,139,0,0,0,0,0,0,0,0,0,0,1,0,00093-7392-98
00093-7392-98_RXNAVIMAGE10_2E391708_2.jpg,OVAL,WHITE,7,OVAL_WHITE,139,0,0,0,0,0,0,0,0,0,0,1,0,00093-7392-98
43547-0336-10_RXNAVIMAGE10_F139F8FF_1.jpg,ROUND,RED,10,ROUND_RED,172,0,0,0,0,0,0,0,0,1,0,0,0,43547-0336-10
43547-0336-10_RXNAVIMAGE10_F139F8FF_2.jpg,ROUND,RED,10,ROUND_RED,172,0,0,0,0,0,0,0,0,1,0,0,0,43547-0336-10
00115-1811-01_RXNAVIMAGE10_FF07FFEF_1.jpg,ROUND,WHITE,10,ROUND_WHITE,174,0,0,0,0,0,0,0,0,0,0,1,0,00115-1811-01
00115-1811-01_RXNAVIMAGE10_FF07FFEF_2.jpg,ROUND,WHITE,10,ROUND_WHITE,174,0,0,0,0,0,0,0,0,0,0,1,0,00115-1811-01
64764-0304-30_RXNAVIMAGE10_2015900C_1.jpg,ROUND,WHITE,10,ROUND_WHITE,174,0,0,0,0,0,0,0,0,0,0,1,0,64764-0304-30
64764-0304-30_RXNAVIMAGE10_2015900C_2.jpg,ROUND,WHITE,10,ROUND_WHITE,174,0,0,0,0,0,0,0,0,0,0,1,0,64764-0304-30
16252-0599-44_RXNAVIMAGE10_FF3FFFBF_1.jpg,OVAL,WHITE,7,OVAL_WHITE,139,0,0,0,0,0,0,0,0,0,0,1,0,16252-0599-44
16252-0599-44_RXNAVIMAGE10_FF3FFFBF_2.jpg,OVAL,WHITE,7,OVAL_WHITE,139,0,0,0,0,0,0,0,0,0,0,1,0,16252-0599-44
68382-0761-14_RXNAVIMAGE10_463EA325_1.jpg,OVAL,YELLOW,7,OVAL_YELLOW,145,0,0,0,0,0,0,0,0,0,0,0,1,68382-0761-14
68382-0761-14_RXNAVIMAGE10_463EA325_2.jpg,OVAL,YELLOW,7,OVAL_YELLOW,145,0,0,0,0,0,0,0,0,0,0,0,1,68382-0761-14
51079-0133-20_RXNAVIMAGE10_C132E087_1.jpg,ROUND,BROWN,10,ROUND_BROWN,162,0,0,1,0,0,0,0,0,0,0,0,0,51079-0133-20
51079-0133-20_RXNAVIMAGE10_C132E087_2.jpg,ROUND,BROWN,10,ROUND_BROWN,162,0,0,1,0,0,0,0,0,0,0,0,0,51079-0133-20
68382-0041-01_RXNAVIMAGE10_740E3A71_1.jpg,ROUND,WHITE,10,ROUND_WHITE,174,0,0,0,0,0,0,0,0,0,0,1,0,68382-0041-01
68382-0041-01_RXNAVIMAGE10_740E3A71_2.jpg,ROUND,WHITE,10,ROUND_WHITE,174,0,0,0,0,0,0,0,0,0,0,1,0,68382-0041-01
00093-8163-01_RXNAVIMAGE10_B4355A7A_1.jpg,ROUND,WHITE,10,ROUND_WHITE,174,0,0,0,0,0,0,0,0,0,0,1,0,00093-8163-01
00093-8163-01_RXNAVIMAGE10_B4355A7A_2.jpg,ROUND,WHITE,10,ROUND_WHITE,174,0,0,0,0,0,0,0,0,0,0,1,0,00093-8163-01
69076-0475-01_RXNAVIMAGE10_0E4F876C_1.jpg,ROUND,WHITE,10,ROUND_WHITE,174,0,0,0,0,0,0,0,0,0,0,1,0,69076-0475-01
69076-0475-01_RXNAVIMAGE10_0E4F876C_2.jpg,ROUND,WHITE,10,ROUND_WHITE,174,0,0,0,0,0,0,0,0,0,0,1,0,69076-0475-01
63459-0541-28_RXNAVIMAGE10_8E424772_1.jpg,ROUND,WHITE,10,ROUND_WHITE,174,0,0,0,0,0,0,0,0,0,0,1,0,63459-0541-28
63459-0541-28_RXNAVIMAGE10_8E424772_2.jpg,ROUND,WHITE,10,ROUND_WHITE,174,0,0,0,0,0,0,0,0,0,0,1,0,63459-0541-28
00093-3145-01_RXNAVIMAGE10_14268A54_1.jpg,CAPSULE,"GRAY, RED",1,"CAPSULE_GRAY, RED",29,0,0,0,1,0,0,0,0,1,0,0,0,00093-3145-01
00093-3145-01_RXNAVIMAGE10_14268A54_2.jpg,CAPSULE,"GRAY, RED",1,"CAPSULE_GRAY, RED",29,0,0,0,1,0,0,0,0,1,0,0,0,00093-3145-01
00378-4350-93_RXNAVIMAGE10_00268034_1.jpg,CAPSULE,"BLUE, WHITE",1,"CAPSULE_BLUE, WHITE",16,0,1,0,0,0,0,0,0,0,0,1,0,00378-4350-93
00378-4350-93_RXNAVIMAGE10_00268034_2.jpg,CAPSULE,"BLUE, WHITE",1,"CAPSULE_BLUE, WHITE",16,0,1,0,0,0,0,0,0,0,0,1,0,00378-4350-93
57629-0203-10_RXNAVIMAGE10_A94FD4DE_1.jpg,OVAL,GREEN,7,OVAL_GREEN,129,0,0,0,0,1,0,0,0,0,0,0,0,57629-0203-10
57629-0203-10_RXNAVIMAGE10_A94FD4DE_2.jpg,OVAL,GREEN,7,OVAL_GREEN,129,0,0,0,0,1,0,0,0,0,0,0,0,57629-0203-10
13668-0038-60_RXNAVIMAGE10_C704E387_1.jpg,OVAL,ORANGE,7,OVAL_ORANGE,130,0,0,0,0,0,1,0,0,0,0,0,0,13668-0038-60
13668-0038-60_RXNAVIMAGE10_C704E387_2.jpg,OVAL,ORANGE,7,OVAL_ORANGE,130,0,0,0,0,0,1,0,0,0,0,0,0,13668-0038-60
00093-1052-01_RXNAVIMAGE10_AE29D76E_1.jpg,OVAL,BROWN,7,OVAL_BROWN,125,0,0,1,0,0,0,0,0,0,0,0,0,00093-1052-01
00093-1052-01_RXNAVIMAGE10_AE29D76E_2.jpg,OVAL,BROWN,7,OVAL_BROWN,125,0,0,1,0,0,0,0,0,0,0,0,0,00093-1052-01
00555-0323-02_RXNAVIMAGE10_E72B73EB_1.jpg,CAPSULE,"YELLOW, PINK",1,"CAPSULE_YELLOW, PINK",100,0,0,0,0,0,0,1,0,0,0,0,1,00555-0323-02
00555-0323-02_RXNAVIMAGE10_E72B73EB_2.jpg,CAPSULE,"YELLOW, PINK",1,"CAPSULE_YELLOW, PINK",100,0,0,0,0,0,0,1,0,0,0,0,1,00555-0323-02
66213-0421-10_RXNAVIMAGE10_0815840C_1.jpg,ROUND,GREEN,10,ROUND_GREEN,164,0,0,0,0,1,0,0,0,0,0,0,0,66213-0421-10
66213-0421-10_RXNAVIMAGE10_0815840C_2.jpg,ROUND,GREEN,10,ROUND_GREEN,164,0,0,0,0,1,0,0,0,0,0,0,0,66213-0421-10
51991-0818-01_RXNAVIMAGE10_B5415ADA_1.jpg,CAPSULE,"ORANGE, WHITE",1,"CAPSULE_ORANGE, WHITE",50,0,0,0,0,0,1,0,0,0,0,1,0,51991-0818-01
51991-0818-01_RXNAVIMAGE10_B5415ADA_2.jpg,CAPSULE,"ORANGE, WHITE",1,"CAPSULE_ORANGE, WHITE",50,0,0,0,0,0,1,0,0,0,0,1,0,51991-0818-01
68382-0077-16_RXNAVIMAGE10_F73AFB87_1.jpg,CAPSULE,"YELLOW, RED",1,"CAPSULE_YELLOW, RED",102,0,0,0,0,0,0,0,0,1,0,0,1,68382-0077-16
68382-0077-16_RXNAVIMAGE10_F73AFB87_2.jpg,CAPSULE,"YELLOW, RED",1,"CAPSULE_YELLOW, RED",102,0,0,0,0,0,0,0,0,1,0,0,1,68382-0077-16
67405-0500-10_RXNAVIMAGE10_0047805C_1.jpg,ROUND,WHITE,10,ROUND_WHITE,174,0,0,0,0,0,0,0,0,0,0,1,0,67405-0500-10
67405-0500-10_RXNAVIMAGE10_0047805C_2.jpg,ROUND,WHITE,10,ROUND_WHITE,174,0,0,0,0,0,0,0,0,0,0,1,0,67405-0500-10
00603-5771-21_RXNAVIMAGE10_38231C78_1.jpg,OVAL,BLUE,7,OVAL_BLUE,123,0,1,0,0,0,0,0,0,0,0,0,0,00603-5771-21
00603-5771-21_RXNAVIMAGE10_38231C78_2.jpg,OVAL,BLUE,7,OVAL_BLUE,123,0,1,0,0,0,0,0,0,0,0,0,0,00603-5771-21
42799-0120-01_RXNAVIMAGE10_A74F53AA_1.jpg,OVAL,YELLOW,7,OVAL_YELLOW,145,0,0,0,0,0,0,0,0,0,0,0,1,42799-0120-01
42799-0120-01_RXNAVIMAGE10_A74F53AA_2.jpg,OVAL,YELLOW,7,OVAL_YELLOW,145,0,0,0,0,0,0,0,0,0,0,0,1,42799-0120-01
55111-0339-01_RXNAVIMAGE10_6D03B6BD_1.jpg,CAPSULE,"YELLOW, WHITE",1,"CAPSULE_YELLOW, WHITE",103,0,0,0,0,0,0,0,0,0,0,1,1,55111-0339-01
55111-0339-01_RXNAVIMAGE10_6D03B6BD_2.jpg,CAPSULE,"YELLOW, WHITE",1,"CAPSULE_YELLOW, WHITE",103,0,0,0,0,0,0,0,0,0,0,1,1,55111-0339-01
00025-1891-51_RXNAVIMAGE10_4D132699_1.jpg,OVAL,GREEN,7,OVAL_GREEN,129,0,0,0,0,1,0,0,0,0,0,0,0,00025-1891-51
00025-1891-51_RXNAVIMAGE10_4D132699_2.jpg,OVAL,GREEN,7,OVAL_GREEN,129,0,0,0,0,1,0,0,0,0,0,0,0,00025-1891-51
31722-0239-10_RXNAVIMAGE10_E90474E3_1.jpg,ROUND,WHITE,10,ROUND_WHITE,174,0,0,0,0,0,0,0,0,0,0,1,0,31722-0239-10
31722-0239-10_RXNAVIMAGE10_E90474E3_2.jpg,ROUND,WHITE,10,ROUND_WHITE,174,0,0,0,0,0,0,0,0,0,0,1,0,31722-0239-10
00245-0084-11_RXNAVIMAGE10_6E4AB715_1.jpg,CAPSULE,"BLUE, WHITE",1,"CAPSULE_BLUE, WHITE",16,0,1,0,0,0,0,0,0,0,0,1,0,00245-0084-11
00245-0084-11_RXNAVIMAGE10_6E4AB715_2.jpg,CAPSULE,"BLUE, WHITE",1,"CAPSULE_BLUE, WHITE",16,0,1,0,0,0,0,0,0,0,0,1,0,00245-0084-11
00378-0435-01_RXNAVIMAGE10_68463411_1.jpg,ROUND,BLUE,10,ROUND_BLUE,160,0,1,0,0,0,0,0,0,0,0,0,0,00378-0435-01
00378-0435-01_RXNAVIMAGE10_68463411_2.jpg,ROUND,BLUE,10,ROUND_BLUE,160,0,1,0,0,0,0,0,0,0,0,0,0,00378-0435-01
00555-9026-58_RXNAVIMAGE10_1B2F8DDC_1.jpg,ROUND,YELLOW,10,ROUND_YELLOW,178,0,0,0,0,0,0,0,0,0,0,0,1,00555-9026-58
00555-9026-58_RXNAVIMAGE10_1B2F8DDC_2.jpg,ROUND,YELLOW,10,ROUND_YELLOW,178,0,0,0,0,0,0,0,0,0,0,0,1,00555-9026-58
66582-0414-54_RXNAVIMAGE10_9247493A_1.jpg,OVAL,WHITE,7,OVAL_WHITE,139,0,0,0,0,0,0,0,0,0,0,1,0,66582-0414-54
66582-0414-54_RXNAVIMAGE10_9247493A_2.jpg,OVAL,WHITE,7,OVAL_WHITE,139,0,0,0,0,0,0,0,0,0,0,1,0,66582-0414-54
31722-0406-01_RXNAVIMAGE10_38499C2C_1.jpg,OVAL,WHITE,7,OVAL_WHITE,139,0,0,0,0,0,0,0,0,0,0,1,0,31722-0406-01
31722-0406-01_RXNAVIMAGE10_38499C2C_2.jpg,OVAL,WHITE,7,OVAL_WHITE,139,0,0,0,0,0,0,0,0,0,0,1,0,31722-0406-01
65862-0017-01_RXNAVIMAGE10_04080220_1.jpg,CAPSULE,"BLUE, PINK",1,"CAPSULE_BLUE, PINK",13,0,1,0,0,0,0,1,0,0,0,0,0,65862-0017-01
65862-0017-01_RXNAVIMAGE10_04080220_2.jpg,CAPSULE,"BLUE, PINK",1,"CAPSULE_BLUE, PINK",13,0,1,0,0,0,0,1,0,0,0,0,0,65862-0017-01
50111-0326-01_RXNAVIMAGE10_9C2F4E4A_1.jpg,ROUND,YELLOW,10,ROUND_YELLOW,178,0,0,0,0,0,0,0,0,0,0,0,1,50111-0326-01
50111-0326-01_RXNAVIMAGE10_9C2F4E4A_2.jpg,ROUND,YELLOW,10,ROUND_YELLOW,178,0,0,0,0,0,0,0,0,0,0,0,1,50111-0326-01
61958-0401-01_RXNAVIMAGE10_B81DDC0E_1.jpg,TEAR,BLUE,13,TEAR_BLUE,187,0,1,0,0,0,0,0,0,0,0,0,0,61958-0401-01
61958-0401-01_RXNAVIMAGE10_B81DDC0E_2.jpg,TEAR,BLUE,13,TEAR_BLUE,187,0,1,0,0,0,0,0,0,0,0,0,0,61958-0401-01
00781-5656-15_RXNAVIMAGE10_E84B741B_1.jpg,ROUND,WHITE,10,ROUND_WHITE,174,0,0,0,0,0,0,0,0,0,0,1,0,00781-5656-15
00781-5656-15_RXNAVIMAGE10_E84B741B_2.jpg,ROUND,WHITE,10,ROUND_WHITE,174,0,0,0,0,0,0,0,0,0,0,1,0,00781-5656-15
00093-2140-62_RXNAVIMAGE10_8F4A4782_1.jpg,ROUND,BLUE,10,ROUND_BLUE,160,0,1,0,0,0,0,0,0,0,0,0,0,00093-2140-62
00093-2140-62_RXNAVIMAGE10_8F4A4782_2.jpg,ROUND,BLUE,10,ROUND_BLUE,160,0,1,0,0,0,0,0,0,0,0,0,0,00093-2140-62
33342-0056-10_RXNAVIMAGE10_554EAAE5_1.jpg,ROUND,WHITE,10,ROUND_WHITE,174,0,0,0,0,0,0,0,0,0,0,1,0,33342-0056-10
33342-0056-10_RXNAVIMAGE10_554EAAE5_2.jpg,ROUND,WHITE,10,ROUND_WHITE,174,0,0,0,0,0,0,0,0,0,0,1,0,33342-0056-10
49884-0019-08_RXNAVIMAGE10_493FA48D_1.jpg,OVAL,YELLOW,7,OVAL_YELLOW,145,0,0,0,0,0,0,0,0,0,0,0,1,49884-0019-08
49884-0019-08_RXNAVIMAGE10_493FA48D_2.jpg,OVAL,YELLOW,7,OVAL_YELLOW,145,0,0,0,0,0,0,0,0,0,0,0,1,49884-0019-08
52544-0249-41_RXNAVIMAGE10_B14AD8D6_1.jpg,ROUND,BROWN,10,ROUND_BROWN,162,0,0,1,0,0,0,0,0,0,0,0,0,52544-0249-41
52544-0249-41_RXNAVIMAGE10_B14AD8D6_2.jpg,ROUND,BROWN,10,ROUND_BROWN,162,0,0,1,0,0,0,0,0,0,0,0,0,52544-0249-41
61442-0121-10_RXNAVIMAGE10_FB3B7DDB_1.jpg,ROUND,WHITE,10,ROUND_WHITE,174,0,0,0,0,0,0,0,0,0,0,1,0,61442-0121-10
61442-0121-10_RXNAVIMAGE10_FB3B7DDB_2.jpg,ROUND,WHITE,10,ROUND_WHITE,174,0,0,0,0,0,0,0,0,0,0,1,0,61442-0121-10
49884-0726-01_RXNAVIMAGE10_38349C24_1.jpg,CAPSULE,"WHITE, WHITE",1,"CAPSULE_WHITE, WHITE",92,0,0,0,0,0,0,0,0,0,0,1,0,49884-0726-01
49884-0726-01_RXNAVIMAGE10_38349C24_2.jpg,CAPSULE,"WHITE, WHITE",1,"CAPSULE_WHITE, WHITE",92,0,0,0,0,0,0,0,0,0,0,1,0,49884-0726-01
00025-1411-60_RXNAVIMAGE10_C812E407_1.jpg,ROUND,WHITE,10,ROUND_WHITE,174,0,0,0,0,0,0,0,0,0,0,1,0,00025-1411-60
00025-1411-60_RXNAVIMAGE10_C812E407_2.jpg,ROUND,WHITE,10,ROUND_WHITE,174,0,0,0,0,0,0,0,0,0,0,1,0,00025-1411-60
65162-0573-10_RXNAVIMAGE10_4B3FA5DD_1.jpg,ROUND,YELLOW,10,ROUND_YELLOW,178,0,0,0,0,0,0,0,0,0,0,0,1,65162-0573-10
65162-0573-10_RXNAVIMAGE10_4B3FA5DD_2.jpg,ROUND,YELLOW,10,ROUND_YELLOW,178,0,0,0,0,0,0,0,0,0,0,0,1,65162-0573-10
00378-5124-01_RXNAVIMAGE10_3C219E7C_1.jpg,ROUND,ORANGE,10,ROUND_ORANGE,166,0,0,0,0,0,1,0,0,0,0,0,0,00378-5124-01
00378-5124-01_RXNAVIMAGE10_3C219E7C_2.jpg,ROUND,ORANGE,10,ROUND_ORANGE,166,0,0,0,0,0,1,0,0,0,0,0,0,00378-5124-01
43547-0277-03_RXNAVIMAGE10_193E0CF0_1.jpg,OVAL,WHITE,7,OVAL_WHITE,139,0,0,0,0,0,0,0,0,0,0,1,0,43547-0277-03
43547-0277-03_RXNAVIMAGE10_193E0CF0_2.jpg,OVAL,WHITE,7,OVAL_WHITE,139,0,0,0,0,0,0,0,0,0,0,1,0,43547-0277-03
00172-5312-70_RXNAVIMAGE10_C127E0EF_1.jpg,OVAL,WHITE,7,OVAL_WHITE,139,0,0,0,0,0,0,0,0,0,0,1,0,00172-5312-70
00172-5312-70_RXNAVIMAGE10_C127E0EF_2.jpg,OVAL,WHITE,7,OVAL_WHITE,139,0,0,0,0,0,0,0,0,0,0,1,0,00172-5312-70
00093-7286-89_RXNAVIMAGE10_D62FEB6F_1.jpg,OVAL,YELLOW,7,OVAL_YELLOW,145,0,0,0,0,0,0,0,0,0,0,0,1,00093-7286-89
00093-7286-89_RXNAVIMAGE10_D62FEB6F_2.jpg,OVAL,YELLOW,7,OVAL_YELLOW,145,0,0,0,0,0,0,0,0,0,0,0,1,00093-7286-89
29300-0243-10_RXNAVIMAGE10_8A3DC52E_1.jpg,ROUND,WHITE,10,ROUND_WHITE,174,0,0,0,0,0,0,0,0,0,0,1,0,29300-0243-10
29300-0243-10_RXNAVIMAGE10_8A3DC52E_2.jpg,ROUND,WHITE,10,ROUND_WHITE,174,0,0,0,0,0,0,0,0,0,0,1,0,29300-0243-10
68180-0518-01_RXNAVIMAGE10_070883B4_1.jpg,HEXAGON,BLUE,5,HEXAGON_BLUE,116,0,1,0,0,0,0,0,0,0,0,0,0,68180-0518-01
68180-0518-01_RXNAVIMAGE10_070883B4_2.jpg,HEXAGON,BLUE,5,HEXAGON_BLUE,116,0,1,0,0,0,0,0,0,0,0,0,0,68180-0518-01
16714-0439-01_RXNAVIMAGE10_D544EAA7_1.jpg,CAPSULE,"BLACK, WHITE",1,"CAPSULE_BLACK, WHITE",5,1,0,0,0,0,0,0,0,0,0,1,0,16714-0439-01
16714-0439-01_RXNAVIMAGE10_D544EAA7_2.jpg,CAPSULE,"BLACK, WHITE",1,"CAPSULE_BLACK, WHITE",5,1,0,0,0,0,0,0,0,0,0,1,0,16714-0439-01
00555-1056-86_RXNAVIMAGE10_DA306D53_1.jpg,CAPSULE,ORANGE,1,CAPSULE_ORANGE,44,0,0,0,0,0,1,0,0,0,0,0,0,00555-1056-86
00555-1056-86_RXNAVIMAGE10_DA306D53_2.jpg,CAPSULE,ORANGE,1,CAPSULE_ORANGE,44,0,0,0,0,0,1,0,0,0,0,0,0,00555-1056-86
64679-0953-01_RXNAVIMAGE10_6A21B55D_1.jpg,ROUND,RED,10,ROUND_RED,172,0,0,0,0,0,0,0,0,1,0,0,0,64679-0953-01
64679-0953-01_RXNAVIMAGE10_6A21B55D_2.jpg,ROUND,RED,10,ROUND_RED,172,0,0,0,0,0,0,0,0,1,0,0,0,64679-0953-01
13668-0218-30_RXNAVIMAGE10_95494AFA_1.jpg,ROUND,WHITE,10,ROUND_WHITE,174,0,0,0,0,0,0,0,0,0,0,1,0,13668-0218-30
13668-0218-30_RXNAVIMAGE10_95494AFA_2.jpg,ROUND,WHITE,10,ROUND_WHITE,174,0,0,0,0,0,0,0,0,0,0,1,0,13668-0218-30
00781-2258-01_RXNAVIMAGE10_2F3E97B4_1.jpg,CAPSULE,BLUE,1,CAPSULE_BLUE,7,0,1,0,0,0,0,0,0,0,0,0,0,00781-2258-01
00781-2258-01_RXNAVIMAGE10_2F3E97B4_2.jpg,CAPSULE,BLUE,1,CAPSULE_BLUE,7,0,1,0,0,0,0,0,0,0,0,0,0,00781-2258-01
00456-1550-60_RXNAVIMAGE10_0D1C8694_1.jpg,OVAL,WHITE,7,OVAL_WHITE,139,0,0,0,0,0,0,0,0,0,0,1,0,00456-1550-60
00456-1550-60_RXNAVIMAGE10_0D1C8694_2.jpg,OVAL,WHITE,7,OVAL_WHITE,139,0,0,0,0,0,0,0,0,0,0,1,0,00456-1550-60
59762-5010-01_RXNAVIMAGE10_5834AC15_1.jpg,CAPSULE,TURQUOISE,1,CAPSULE_TURQUOISE,76,0,0,0,0,0,0,0,0,0,1,0,0,59762-5010-01
59762-5010-01_RXNAVIMAGE10_5834AC15_2.jpg,CAPSULE,TURQUOISE,1,CAPSULE_TURQUOISE,76,0,0,0,0,0,0,0,0,0,1,0,0,59762-5010-01
63304-0695-01_RXNAVIMAGE10_0A350528_1.jpg,CAPSULE,GRAY,1,CAPSULE_GRAY,22,0,0,0,1,0,0,0,0,0,0,0,0,63304-0695-01
63304-0695-01_RXNAVIMAGE10_0A350528_2.jpg,CAPSULE,GRAY,1,CAPSULE_GRAY,22,0,0,0,1,0,0,0,0,0,0,0,0,63304-0695-01
68084-0704-01_RXNAVIMAGE10_A24F513A_1.jpg,ROUND,YELLOW,10,ROUND_YELLOW,178,0,0,0,0,0,0,0,0,0,0,0,1,68084-0704-01
68084-0704-01_RXNAVIMAGE10_A24F513A_2.jpg,ROUND,YELLOW,10,ROUND_YELLOW,178,0,0,0,0,0,0,0,0,0,0,0,1,68084-0704-01
00093-7485-20_RXNAVIMAGE10_C73063F3_1.jpg,OVAL,WHITE,7,OVAL_WHITE,139,0,0,0,0,0,0,0,0,0,0,1,0,00093-7485-20
00093-7485-20_RXNAVIMAGE10_C73063F3_2.jpg,OVAL,WHITE,7,OVAL_WHITE,139,0,0,0,0,0,0,0,0,0,0,1,0,00093-7485-20
00378-2075-01_RXNAVIMAGE10_7D213ED9_1.jpg,ROUND,YELLOW,10,ROUND_YELLOW,178,0,0,0,0,0,0,0,0,0,0,0,1,00378-2075-01
00378-2075-01_RXNAVIMAGE10_7D213ED9_2.jpg,ROUND,YELLOW,10,ROUND_YELLOW,178,0,0,0,0,0,0,0,0,0,0,0,1,00378-2075-01
00093-0734-01_RXNAVIMAGE10_6C2B3609_1.jpg,ROUND,BLUE,10,ROUND_BLUE,160,0,1,0,0,0,0,0,0,0,0,0,0,00093-0734-01
00093-0734-01_RXNAVIMAGE10_6C2B3609_2.jpg,ROUND,BLUE,10,ROUND_BLUE,160,0,1,0,0,0,0,0,0,0,0,0,0,00093-0734-01
00591-2886-01_RXNAVIMAGE10_8D12C696_1.jpg,CAPSULE,"PURPLE, YELLOW",1,"CAPSULE_PURPLE, YELLOW",68,0,0,0,0,0,0,0,1,0,0,0,1,00591-2886-01
00591-2886-01_RXNAVIMAGE10_8D12C696_2.jpg,CAPSULE,"PURPLE, YELLOW",1,"CAPSULE_PURPLE, YELLOW",68,0,0,0,0,0,0,0,1,0,0,0,1,00591-2886-01
52152-0341-02_RXNAVIMAGE10_95054AAA_1.jpg,ROUND,WHITE,10,ROUND_WHITE,174,0,0,0,0,0,0,0,0,0,0,1,0,52152-0341-02
52152-0341-02_RXNAVIMAGE10_95054AAA_2.jpg,ROUND,WHITE,10,ROUND_WHITE,174,0,0,0,0,0,0,0,0,0,0,1,0,52152-0341-02
13668-0118-90_RXNAVIMAGE10_7640BB75_1.jpg,OVAL,YELLOW,7,OVAL_YELLOW,145,0,0,0,0,0,0,0,0,0,0,0,1,13668-0118-90
13668-0118-90_RXNAVIMAGE10_7640BB75_2.jpg,OVAL,YELLOW,7,OVAL_YELLOW,145,0,0,0,0,0,0,0,0,0,0,0,1,13668-0118-90
16714-0224-01_RXNAVIMAGE10_B616DB56_1.jpg,OVAL,WHITE,7,OVAL_WHITE,139,0,0,0,0,0,0,0,0,0,0,1,0,16714-0224-01
16714-0224-01_RXNAVIMAGE10_B616DB56_2.jpg,OVAL,WHITE,7,OVAL_WHITE,139,0,0,0,0,0,0,0,0,0,0,1,0,16714-0224-01
51079-0078-20_RXNAVIMAGE10_2C351668_1.jpg,CAPSULE,"YELLOW, RED",1,"CAPSULE_YELLOW, RED",102,0,0,0,0,0,0,0,0,1,0,0,1,51079-0078-20
51079-0078-20_RXNAVIMAGE10_2C351668_2.jpg,CAPSULE,"YELLOW, RED",1,"CAPSULE_YELLOW, RED",102,0,0,0,0,0,0,0,0,1,0,0,1,51079-0078-20
76439-0125-10_RXNAVIMAGE10_39409CE4_1.jpg,OVAL,WHITE,7,OVAL_WHITE,139,0,0,0,0,0,0,0,0,0,0,1,0,76439-0125-10
76439-0125-10_RXNAVIMAGE10_39409CE4_2.jpg,OVAL,WHITE,7,OVAL_WHITE,139,0,0,0,0,0,0,0,0,0,0,1,0,76439-0125-10
00378-3475-01_RXNAVIMAGE10_6F243791_1.jpg,ROUND,PINK,10,ROUND_PINK,168,0,0,0,0,0,0,1,0,0,0,0,0,00378-3475-01
00378-3475-01_RXNAVIMAGE10_6F243791_2.jpg,ROUND,PINK,10,ROUND_PINK,168,0,0,0,0,0,0,1,0,0,0,0,0,00378-3475-01
00093-4359-01_RXNAVIMAGE10_2F2D97FC_1.jpg,ROUND,YELLOW,10,ROUND_YELLOW,178,0,0,0,0,0,0,0,0,0,0,0,1,00093-4359-01
00093-4359-01_RXNAVIMAGE10_2F2D97FC_2.jpg,ROUND,YELLOW,10,ROUND_YELLOW,178,0,0,0,0,0,0,0,0,0,0,0,1,00093-4359-01
49702-0210-17_RXNAVIMAGE10_A618D326_1.jpg,OVAL,WHITE,7,OVAL_WHITE,139,0,0,0,0,0,0,0,0,0,0,1,0,49702-0210-17
49702-0210-17_RXNAVIMAGE10_A618D326_2.jpg,OVAL,WHITE,7,OVAL_WHITE,139,0,0,0,0,0,0,0,0,0,0,1,0,49702-0210-17
00069-4210-30_RXNAVIMAGE10_641DB26D_1.jpg,DIAMOND,BLUE,2,DIAMOND_BLUE,105,0,1,0,0,0,0,0,0,0,0,0,0,00069-4210-30
00069-4210-30_RXNAVIMAGE10_641DB26D_2.jpg,DIAMOND,BLUE,2,DIAMOND_BLUE,105,0,1,0,0,0,0,0,0,0,0,0,0,00069-4210-30
00378-3567-01_RXNAVIMAGE10_A7465392_1.jpg,ROUND,WHITE,10,ROUND_WHITE,174,0,0,0,0,0,0,0,0,0,0,1,0,00378-3567-01
00378-3567-01_RXNAVIMAGE10_A7465392_2.jpg,ROUND,WHITE,10,ROUND_WHITE,174,0,0,0,0,0,0,0,0,0,0,1,0,00378-3567-01
00310-0283-60_RXNAVIMAGE10_D73D6BBB_1.jpg,OVAL,YELLOW,7,OVAL_YELLOW,145,0,0,0,0,0,0,0,0,0,0,0,1,00310-0283-60
00310-0283-60_RXNAVIMAGE10_D73D6BBB_2.jpg,OVAL,YELLOW,7,OVAL_YELLOW,145,0,0,0,0,0,0,0,0,0,0,0,1,00310-0283-60
00056-0188-70_RXNAVIMAGE10_9B134DFA_1.jpg,ROUND,BROWN,10,ROUND_BROWN,162,0,0,1,0,0,0,0,0,0,0,0,0,00056-0188-70
00056-0188-70_RXNAVIMAGE10_9B134DFA_2.jpg,ROUND,BROWN,10,ROUND_BROWN,162,0,0,1,0,0,0,0,0,0,0,0,0,00056-0188-70
29300-0188-01_RXNAVIMAGE10_DE39EF0F_1.jpg,ROUND,PINK,10,ROUND_PINK,168,0,0,0,0,0,0,1,0,0,0,0,0,29300-0188-01
29300-0188-01_RXNAVIMAGE10_DE39EF0F_2.jpg,ROUND,PINK,10,ROUND_PINK,168,0,0,0,0,0,0,1,0,0,0,0,0,29300-0188-01
16729-0035-15_RXNAVIMAGE10_5A3AAD25_1.jpg,ROUND,WHITE,10,ROUND_WHITE,174,0,0,0,0,0,0,0,0,0,0,1,0,16729-0035-15
16729-0035-15_RXNAVIMAGE10_5A3AAD25_2.jpg,ROUND,WHITE,10,ROUND_WHITE,174,0,0,0,0,0,0,0,0,0,0,1,0,16729-0035-15
00093-0311-01_RXNAVIMAGE10_6315B1FD_1.jpg,CAPSULE,"BROWN, ORANGE",1,"CAPSULE_BROWN, ORANGE",19,0,0,1,0,0,1,0,0,0,0,0,0,00093-0311-01
00093-0311-01_RXNAVIMAGE10_6315B1FD_2.jpg,CAPSULE,"BROWN, ORANGE",1,"CAPSULE_BROWN, ORANGE",19,0,0,1,0,0,1,0,0,0,0,0,0,00093-0311-01
00007-4205-11_RXNAVIMAGE10_1C198E1C_1.jpg,CAPSULE,WHITE,1,CAPSULE_WHITE,81,0,0,0,0,0,0,0,0,0,0,1,0,00007-4205-11
00007-4205-11_RXNAVIMAGE10_1C198E1C_2.jpg,CAPSULE,WHITE,1,CAPSULE_WHITE,81,0,0,0,0,0,0,0,0,0,0,1,0,00007-4205-11
65162-0553-10_RXNAVIMAGE10_033C81E4_1.jpg,OVAL,PINK,7,OVAL_PINK,133,0,0,0,0,0,0,1,0,0,0,0,0,65162-0553-10
65162-0553-10_RXNAVIMAGE10_033C81E4_2.jpg,OVAL,PINK,7,OVAL_PINK,133,0,0,0,0,0,0,1,0,0,0,0,0,65162-0553-10
00093-7259-56_RXNAVIMAGE10_B92FDCFE_1.jpg,OVAL,BLUE,7,OVAL_BLUE,123,0,1,0,0,0,0,0,0,0,0,0,0,00093-7259-56
00093-7259-56_RXNAVIMAGE10_B92FDCFE_2.jpg,OVAL,BLUE,7,OVAL_BLUE,123,0,1,0,0,0,0,0,0,0,0,0,0,00093-7259-56
51672-4012-05_RXNAVIMAGE10_A439D22E_1.jpg,CAPSULE,YELLOW,1,CAPSULE_YELLOW,94,0,0,0,0,0,0,0,0,0,0,0,1,51672-4012-05
51672-4012-05_RXNAVIMAGE10_A439D22E_2.jpg,CAPSULE,YELLOW,1,CAPSULE_YELLOW,94,0,0,0,0,0,0,0,0,0,0,0,1,51672-4012-05
00093-7314-56_RXNAVIMAGE10_18280C00_1.jpg,OVAL,PINK,7,OVAL_PINK,133,0,0,0,0,0,0,1,0,0,0,0,0,00093-7314-56
00093-7314-56_RXNAVIMAGE10_18280C00_2.jpg,OVAL,PINK,7,OVAL_PINK,133,0,0,0,0,0,0,1,0,0,0,0,0,00093-7314-56
13668-0080-30_RXNAVIMAGE10_9B3E4DA2_1.jpg,ROUND,PINK,10,ROUND_PINK,168,0,0,0,0,0,0,1,0,0,0,0,0,13668-0080-30
13668-0080-30_RXNAVIMAGE10_9B3E4DA2_2.jpg,ROUND,PINK,10,ROUND_PINK,168,0,0,0,0,0,0,1,0,0,0,0,0,13668-0080-30
53489-0531-01_RXNAVIMAGE10_CD22E6D7_1.jpg,ROUND,WHITE,10,ROUND_WHITE,174,0,0,0,0,0,0,0,0,0,0,1,0,53489-0531-01
53489-0531-01_RXNAVIMAGE10_CD22E6D7_2.jpg,ROUND,WHITE,10,ROUND_WHITE,174,0,0,0,0,0,0,0,0,0,0,1,0,53489-0531-01
00603-3856-21_RXNAVIMAGE10_AC265632_1.jpg,ROUND,ORANGE,10,ROUND_ORANGE,166,0,0,0,0,0,1,0,0,0,0,0,0,00603-3856-21
00603-3856-21_RXNAVIMAGE10_AC265632_2.jpg,ROUND,ORANGE,10,ROUND_ORANGE,166,0,0,0,0,0,1,0,0,0,0,0,0,00603-3856-21
67253-0141-50_RXNAVIMAGE10_E215711B_1.jpg,CAPSULE,"RED, PINK",1,"CAPSULE_RED, PINK",72,0,0,0,0,0,0,1,0,1,0,0,0,67253-0141-50
67253-0141-50_RXNAVIMAGE10_E215711B_2.jpg,CAPSULE,"RED, PINK",1,"CAPSULE_RED, PINK",72,0,0,0,0,0,0,1,0,1,0,0,0,67253-0141-50
00093-2263-01_RXNAVIMAGE10_0029803C_1.jpg,OVAL,WHITE,7,OVAL_WHITE,139,0,0,0,0,0,0,0,0,0,0,1,0,00093-2263-01
00093-2263-01_RXNAVIMAGE10_0029803C_2.jpg,OVAL,WHITE,7,OVAL_WHITE,139,0,0,0,0,0,0,0,0,0,0,1,0,00093-2263-01
00555-9034-58_RXNAVIMAGE10_D9136CEB_1.jpg,ROUND,ORANGE,10,ROUND_ORANGE,166,0,0,0,0,0,1,0,0,0,0,0,0,00555-9034-58
00555-9034-58_RXNAVIMAGE10_D9136CEB_2.jpg,ROUND,ORANGE,10,ROUND_ORANGE,166,0,0,0,0,0,1,0,0,0,0,0,0,00555-9034-58
00781-2855-60_RXNAVIMAGE10_A90ED4E6_1.jpg,CAPSULE,BROWN,1,CAPSULE_BROWN,18,0,0,1,0,0,0,0,0,0,0,0,0,00781-2855-60
00781-2855-60_RXNAVIMAGE10_A90ED4E6_2.jpg,CAPSULE,BROWN,1,CAPSULE_BROWN,18,0,0,1,0,0,0,0,0,0,0,0,0,00781-2855-60
00781-5046-01_RXNAVIMAGE10_F223F92F_1.jpg,ROUND,GREEN,10,ROUND_GREEN,164,0,0,0,0,1,0,0,0,0,0,0,0,00781-5046-01
00781-5046-01_RXNAVIMAGE10_F223F92F_2.jpg,ROUND,GREEN,10,ROUND_GREEN,164,0,0,0,0,1,0,0,0,0,0,0,0,00781-5046-01
49884-0652-01_RXNAVIMAGE10_132189DC_1.jpg,ROUND,WHITE,10,ROUND_WHITE,174,0,0,0,0,0,0,0,0,0,0,1,0,49884-0652-01
49884-0652-01_RXNAVIMAGE10_132189DC_2.jpg,ROUND,WHITE,10,ROUND_WHITE,174,0,0,0,0,0,0,0,0,0,0,1,0,49884-0652-01
00603-6161-32_RXNAVIMAGE10_C9126483_1.jpg,ROUND,WHITE,10,ROUND_WHITE,174,0,0,0,0,0,0,0,0,0,0,1,0,00603-6161-32
00603-6161-32_RXNAVIMAGE10_C9126483_2.jpg,ROUND,WHITE,10,ROUND_WHITE,174,0,0,0,0,0,0,0,0,0,0,1,0,00603-6161-32
51079-0119-20_RXNAVIMAGE10_8832C436_1.jpg,ROUND,BLUE,10,ROUND_BLUE,160,0,1,0,0,0,0,0,0,0,0,0,0,51079-0119-20
51079-0119-20_RXNAVIMAGE10_8832C436_2.jpg,ROUND,BLUE,10,ROUND_BLUE,160,0,1,0,0,0,0,0,0,0,0,0,0,51079-0119-20
12496-1306-02_RXNAVIMAGE10_111D889C_1.jpg,HEXAGON,ORANGE,5,HEXAGON_ORANGE,118,0,0,0,0,0,1,0,0,0,0,0,0,12496-1306-02
12496-1306-02_RXNAVIMAGE10_111D889C_2.jpg,HEXAGON,ORANGE,5,HEXAGON_ORANGE,118,0,0,0,0,0,1,0,0,0,0,0,0,12496-1306-02
50458-0098-01_RXNAVIMAGE10_2A15954C_1.jpg,CAPSULE,WHITE,1,CAPSULE_WHITE,81,0,0,0,0,0,0,0,0,0,0,1,0,50458-0098-01
50458-0098-01_RXNAVIMAGE10_2A15954C_2.jpg,CAPSULE,WHITE,1,CAPSULE_WHITE,81,0,0,0,0,0,0,0,0,0,0,1,0,50458-0098-01
50844-0548-08_RXNAVIMAGE10_AF35D78E_1.jpg,OVAL,TURQUOISE,7,OVAL_TURQUOISE,138,0,0,0,0,0,0,0,0,0,1,0,0,50844-0548-08
50844-0548-08_RXNAVIMAGE10_AF35D78E_2.jpg,OVAL,TURQUOISE,7,OVAL_TURQUOISE,138,0,0,0,0,0,0,0,0,0,1,0,0,50844-0548-08
00054-0334-25_RXNAVIMAGE10_2E45972C_1.jpg,CAPSULE,WHITE,1,CAPSULE_WHITE,81,0,0,0,0,0,0,0,0,0,0,1,0,00054-0334-25
00054-0334-25_RXNAVIMAGE10_2E45972C_2.jpg,CAPSULE,WHITE,1,CAPSULE_WHITE,81,0,0,0,0,0,0,0,0,0,0,1,0,00054-0334-25
00007-4895-20_RXNAVIMAGE10_D218E947_1.jpg,PENTAGON,PURPLE,8,PENTAGON_PURPLE,151,0,0,0,0,0,0,0,1,0,0,0,0,00007-4895-20
00007-4895-20_RXNAVIMAGE10_D218E947_2.jpg,PENTAGON,PURPLE,8,PENTAGON_PURPLE,151,0,0,0,0,0,0,0,1,0,0,0,0,00007-4895-20
63824-0008-69_RXNAVIMAGE10_2E511728_1.jpg,OVAL,"WHITE, BLUE",7,"OVAL_WHITE, BLUE",140,0,1,0,0,0,0,0,0,0,0,1,0,63824-0008-69
63824-0008-69_RXNAVIMAGE10_2E511728_2.jpg,OVAL,"WHITE, BLUE",7,"OVAL_WHITE, BLUE",140,0,1,0,0,0,0,0,0,0,0,1,0,63824-0008-69
60505-0080-00_RXNAVIMAGE10_40332019_1.jpg,OVAL,WHITE,7,OVAL_WHITE,139,0,0,0,0,0,0,0,0,0,0,1,0,60505-0080-00
60505-0080-00_RXNAVIMAGE10_40332019_2.jpg,OVAL,WHITE,7,OVAL_WHITE,139,0,0,0,0,0,0,0,0,0,0,1,0,60505-0080-00
65162-0769-10_RXNAVIMAGE10_AB3CD586_1.jpg,OVAL,WHITE,7,OVAL_WHITE,139,0,0,0,0,0,0,0,0,0,0,1,0,65162-0769-10
65162-0769-10_RXNAVIMAGE10_AB3CD586_2.jpg,OVAL,WHITE,7,OVAL_WHITE,139,0,0,0,0,0,0,0,0,0,0,1,0,65162-0769-10
00093-5385-06_RXNAVIMAGE10_FB27FDFF_1.jpg,OVAL,WHITE,7,OVAL_WHITE,139,0,0,0,0,0,0,0,0,0,0,1,0,00093-5385-06
00093-5385-06_RXNAVIMAGE10_FB27FDFF_2.jpg,OVAL,WHITE,7,OVAL_WHITE,139,0,0,0,0,0,0,0,0,0,0,1,0,00093-5385-06
00074-7126-13_RXNAVIMAGE10_C003606B_1.jpg,OVAL,GRAY,7,OVAL_GRAY,127,0,0,0,1,0,0,0,0,0,0,0,0,00074-7126-13
00074-7126-13_RXNAVIMAGE10_C003606B_2.jpg,OVAL,GRAY,7,OVAL_GRAY,127,0,0,0,1,0,0,0,0,0,0,0,0,00074-7126-13
00093-2130-01_RXNAVIMAGE10_E329F1AF_1.jpg,CAPSULE,"PINK, WHITE",1,"CAPSULE_PINK, WHITE",59,0,0,0,0,0,0,1,0,0,0,1,0,00093-2130-01
00093-2130-01_RXNAVIMAGE10_E329F1AF_2.jpg,CAPSULE,"PINK, WHITE",1,"CAPSULE_PINK, WHITE",59,0,0,0,0,0,0,1,0,0,0,1,0,00093-2130-01
50419-0105-10_RXNAVIMAGE10_16190B68_1.jpg,OVAL,BLUE,7,OVAL_BLUE,123,0,1,0,0,0,0,0,0,0,0,0,0,50419-0105-10
50419-0105-10_RXNAVIMAGE10_16190B68_2.jpg,OVAL,BLUE,7,OVAL_BLUE,123,0,1,0,0,0,0,0,0,0,0,0,0,50419-0105-10
00555-9012-58_RXNAVIMAGE10_762FBB3D_1.jpg,ROUND,YELLOW,10,ROUND_YELLOW,178,0,0,0,0,0,0,0,0,0,0,0,1,00555-9012-58
00555-9012-58_RXNAVIMAGE10_762FBB3D_2.jpg,ROUND,YELLOW,10,ROUND_YELLOW,178,0,0,0,0,0,0,0,0,0,0,0,1,00555-9012-58
43547-0367-03_RXNAVIMAGE10_B9515CEA_1.jpg,OVAL,YELLOW,7,OVAL_YELLOW,145,0,0,0,0,0,0,0,0,0,0,0,1,43547-0367-03
43547-0367-03_RXNAVIMAGE10_B9515CEA_2.jpg,OVAL,YELLOW,7,OVAL_YELLOW,145,0,0,0,0,0,0,0,0,0,0,0,1,43547-0367-03
00172-3757-60_RXNAVIMAGE10_FC2CFE07_1.jpg,ROUND,WHITE,10,ROUND_WHITE,174,0,0,0,0,0,0,0,0,0,0,1,0,00172-3757-60
00172-3757-60_RXNAVIMAGE10_FC2CFE07_2.jpg,ROUND,WHITE,10,ROUND_WHITE,174,0,0,0,0,0,0,0,0,0,0,1,0,00172-3757-60
00093-1003-01_RXNAVIMAGE10_B326D9D6_1.jpg,RECTANGLE,WHITE,9,RECTANGLE_WHITE,159,0,0,0,0,0,0,0,0,0,0,1,0,00093-1003-01
00093-1003-01_RXNAVIMAGE10_B326D9D6_2.jpg,RECTANGLE,WHITE,9,RECTANGLE_WHITE,159,0,0,0,0,0,0,0,0,0,0,1,0,00093-1003-01
16714-0371-02_RXNAVIMAGE10_9A444D22_1.jpg,OVAL,WHITE,7,OVAL_WHITE,139,0,0,0,0,0,0,0,0,0,0,1,0,16714-0371-02
16714-0371-02_RXNAVIMAGE10_9A444D22_2.jpg,OVAL,WHITE,7,OVAL_WHITE,139,0,0,0,0,0,0,0,0,0,0,1,0,16714-0371-02
00378-0127-01_RXNAVIMAGE10_873EC3C6_1.jpg,ROUND,WHITE,10,ROUND_WHITE,174,0,0,0,0,0,0,0,0,0,0,1,0,00378-0127-01
00378-0127-01_RXNAVIMAGE10_873EC3C6_2.jpg,ROUND,WHITE,10,ROUND_WHITE,174,0,0,0,0,0,0,0,0,0,0,1,0,00378-0127-01
00378-5815-77_RXNAVIMAGE10_3B4E9D94_1.jpg,OVAL,PURPLE,7,OVAL_PURPLE,135,0,0,0,0,0,0,0,1,0,0,0,0,00378-5815-77
00378-5815-77_RXNAVIMAGE10_3B4E9D94_2.jpg,OVAL,PURPLE,7,OVAL_PURPLE,135,0,0,0,0,0,0,0,1,0,0,0,0,00378-5815-77
16714-0406-01_RXNAVIMAGE10_015000E0_1.jpg,ROUND,YELLOW,10,ROUND_YELLOW,178,0,0,0,0,0,0,0,0,0,0,0,1,16714-0406-01
16714-0406-01_RXNAVIMAGE10_015000E0_2.jpg,ROUND,YELLOW,10,ROUND_YELLOW,178,0,0,0,0,0,0,0,0,0,0,0,1,16714-0406-01
76439-0107-10_RXNAVIMAGE10_083F0448_1.jpg,ROUND,BLUE,10,ROUND_BLUE,160,0,1,0,0,0,0,0,0,0,0,0,0,76439-0107-10
76439-0107-10_RXNAVIMAGE10_083F0448_2.jpg,ROUND,BLUE,10,ROUND_BLUE,160,0,1,0,0,0,0,0,0,0,0,0,0,76439-0107-10
00093-7238-98_RXNAVIMAGE10_731DB9BD_1.jpg,OVAL,ORANGE,7,OVAL_ORANGE,130,0,0,0,0,0,1,0,0,0,0,0,0,00093-7238-98
00093-7238-98_RXNAVIMAGE10_731DB9BD_2.jpg,OVAL,ORANGE,7,OVAL_ORANGE,130,0,0,0,0,0,1,0,0,0,0,0,0,00093-7238-98
00555-9032-70_RXNAVIMAGE10_5B2FAD8D_1.jpg,ROUND,BLUE,10,ROUND_BLUE,160,0,1,0,0,0,0,0,0,0,0,0,0,00555-9032-70
00555-9032-70_RXNAVIMAGE10_5B2FAD8D_2.jpg,ROUND,BLUE,10,ROUND_BLUE,160,0,1,0,0,0,0,0,0,0,0,0,0,00555-9032-70
00093-0537-01_RXNAVIMAGE10_942B4A7A_1.jpg,OVAL,WHITE,7,OVAL_WHITE,139,0,0,0,0,0,0,0,0,0,0,1,0,00093-0537-01
00093-0537-01_RXNAVIMAGE10_942B4A7A_2.jpg,OVAL,WHITE,7,OVAL_WHITE,139,0,0,0,0,0,0,0,0,0,0,1,0,00093-0537-01
68180-0302-60_RXNAVIMAGE10_813A40C2_1.jpg,OVAL,WHITE,7,OVAL_WHITE,139,0,0,0,0,0,0,0,0,0,0,1,0,68180-0302-60
68180-0302-60_RXNAVIMAGE10_813A40C2_2.jpg,OVAL,WHITE,7,OVAL_WHITE,139,0,0,0,0,0,0,0,0,0,0,1,0,68180-0302-60
00049-3970-60_RXNAVIMAGE10_36159B4C_1.jpg,CAPSULE,BLUE,1,CAPSULE_BLUE,7,0,1,0,0,0,0,0,0,0,0,0,0,00049-3970-60
00049-3970-60_RXNAVIMAGE10_36159B4C_2.jpg,CAPSULE,BLUE,1,CAPSULE_BLUE,7,0,1,0,0,0,0,0,0,0,0,0,0,00049-3970-60
51079-0958-20_RXNAVIMAGE10_D032E867_1.jpg,ROUND,PINK,10,ROUND_PINK,168,0,0,0,0,0,0,1,0,0,0,0,0,51079-0958-20
51079-0958-20_RXNAVIMAGE10_D032E867_2.jpg,ROUND,PINK,10,ROUND_PINK,168,0,0,0,0,0,0,1,0,0,0,0,0,51079-0958-20
53489-0328-01_RXNAVIMAGE10_D94AECE7_1.jpg,ROUND,WHITE,10,ROUND_WHITE,174,0,0,0,0,0,0,0,0,0,0,1,0,53489-0328-01
53489-0328-01_RXNAVIMAGE10_D94AECE7_2.jpg,ROUND,WHITE,10,ROUND_WHITE,174,0,0,0,0,0,0,0,0,0,0,1,0,53489-0328-01
50458-0197-00_RXNAVIMAGE10_CD4566FB_1.jpg,ROUND,GREEN,10,ROUND_GREEN,164,0,0,0,0,1,0,0,0,0,0,0,0,50458-0197-00
50458-0197-00_RXNAVIMAGE10_CD4566FB_2.jpg,ROUND,GREEN,10,ROUND_GREEN,164,0,0,0,0,1,0,0,0,0,0,0,0,50458-0197-00
61442-0127-10_RXNAVIMAGE10_CF16E787_1.jpg,ROUND,YELLOW,10,ROUND_YELLOW,178,0,0,0,0,0,0,0,0,0,0,0,1,61442-0127-10
61442-0127-10_RXNAVIMAGE10_CF16E787_2.jpg,ROUND,YELLOW,10,ROUND_YELLOW,178,0,0,0,0,0,0,0,0,0,0,0,1,61442-0127-10
63304-0829-90_RXNAVIMAGE10_D91C6CE3_1.jpg,OVAL,WHITE,7,OVAL_WHITE,139,0,0,0,0,0,0,0,0,0,0,1,0,63304-0829-90
63304-0829-90_RXNAVIMAGE10_D91C6CE3_2.jpg,OVAL,WHITE,7,OVAL_WHITE,139,0,0,0,0,0,0,0,0,0,0,1,0,63304-0829-90
00378-3040-01_RXNAVIMAGE10_4D32A6C5_1.jpg,ROUND,GREEN,10,ROUND_GREEN,164,0,0,0,0,1,0,0,0,0,0,0,0,00378-3040-01
00378-3040-01_RXNAVIMAGE10_4D32A6C5_2.jpg,ROUND,GREEN,10,ROUND_GREEN,164,0,0,0,0,1,0,0,0,0,0,0,0,00378-3040-01
58060-0002-01_RXNAVIMAGE10_8D3546FA_1.jpg,CAPSULE,BLUE,1,CAPSULE_BLUE,7,0,1,0,0,0,0,0,0,0,0,0,0,58060-0002-01
58060-0002-01_RXNAVIMAGE10_8D3546FA_2.jpg,CAPSULE,BLUE,1,CAPSULE_BLUE,7,0,1,0,0,0,0,0,0,0,0,0,0,58060-0002-01
67877-0224-05_RXNAVIMAGE10_2A3B1508_1.jpg,CAPSULE,ORANGE,1,CAPSULE_ORANGE,44,0,0,0,0,0,1,0,0,0,0,0,0,67877-0224-05
67877-0224-05_RXNAVIMAGE10_2A3B1508_2.jpg,CAPSULE,ORANGE,1,CAPSULE_ORANGE,44,0,0,0,0,0,1,0,0,0,0,0,0,67877-0224-05
51285-0087-87_RXNAVIMAGE10_8C2FC64E_1.jpg,ROUND,TURQUOISE,10,ROUND_TURQUOISE,173,0,0,0,0,0,0,0,0,0,1,0,0,51285-0087-87
51285-0087-87_RXNAVIMAGE10_8C2FC64E_2.jpg,ROUND,TURQUOISE,10,ROUND_TURQUOISE,173,0,0,0,0,0,0,0,0,0,1,0,0,51285-0087-87
43598-0166-30_RXNAVIMAGE10_CE3F676B_1.jpg,OVAL,WHITE,7,OVAL_WHITE,139,0,0,0,0,0,0,0,0,0,0,1,0,43598-0166-30
43598-0166-30_RXNAVIMAGE10_CE3F676B_2.jpg,OVAL,WHITE,7,OVAL_WHITE,139,0,0,0,0,0,0,0,0,0,0,1,0,43598-0166-30
16714-0442-01_RXNAVIMAGE10_DC4D6E2B_1.jpg,ROUND,YELLOW,10,ROUND_YELLOW,178,0,0,0,0,0,0,0,0,0,0,0,1,16714-0442-01
16714-0442-01_RXNAVIMAGE10_DC4D6E2B_2.jpg,ROUND,YELLOW,10,ROUND_YELLOW,178,0,0,0,0,0,0,0,0,0,0,0,1,16714-0442-01
53746-0189-01_RXNAVIMAGE10_A11B50DA_1.jpg,OVAL,WHITE,7,OVAL_WHITE,139,0,0,0,0,0,0,0,0,0,0,1,0,53746-0189-01
53746-0189-01_RXNAVIMAGE10_A11B50DA_2.jpg,OVAL,WHITE,7,OVAL_WHITE,139,0,0,0,0,0,0,0,0,0,0,1,0,53746-0189-01
00555-9049-58_RXNAVIMAGE10_4236A175_1.jpg,ROUND,WHITE,10,ROUND_WHITE,174,0,0,0,0,0,0,0,0,0,0,1,0,00555-9049-58
00555-9049-58_RXNAVIMAGE10_4236A175_2.jpg,ROUND,WHITE,10,ROUND_WHITE,174,0,0,0,0,0,0,0,0,0,0,1,0,00555-9049-58
00555-0302-02_RXNAVIMAGE10_E22B717B_1.jpg,CAPSULE,"YELLOW, RED",1,"CAPSULE_YELLOW, RED",102,0,0,0,0,0,0,0,0,1,0,0,1,00555-0302-02
00555-0302-02_RXNAVIMAGE10_E22B717B_2.jpg,CAPSULE,"YELLOW, RED",1,"CAPSULE_YELLOW, RED",102,0,0,0,0,0,0,0,0,1,0,0,1,00555-0302-02
00093-7248-06_RXNAVIMAGE10_7829BC3D_1.jpg,DIAMOND,BLUE,2,DIAMOND_BLUE,105,0,1,0,0,0,0,0,0,0,0,0,0,00093-7248-06
00093-7248-06_RXNAVIMAGE10_7829BC3D_2.jpg,DIAMOND,BLUE,2,DIAMOND_BLUE,105,0,1,0,0,0,0,0,0,0,0,0,0,00093-7248-06
51079-0126-20_RXNAVIMAGE10_DE32EF27_1.jpg,OVAL,WHITE,7,OVAL_WHITE,139,0,0,0,0,0,0,0,0,0,0,1,0,51079-0126-20
51079-0126-20_RXNAVIMAGE10_DE32EF27_2.jpg,OVAL,WHITE,7,OVAL_WHITE,139,0,0,0,0,0,0,0,0,0,0,1,0,51079-0126-20
51672-4124-01_RXNAVIMAGE10_33041990_1.jpg,ROUND,WHITE,10,ROUND_WHITE,174,0,0,0,0,0,0,0,0,0,0,1,0,51672-4124-01
51672-4124-01_RXNAVIMAGE10_33041990_2.jpg,ROUND,WHITE,10,ROUND_WHITE,174,0,0,0,0,0,0,0,0,0,0,1,0,51672-4124-01
16252-0610-01_RXNAVIMAGE10_8908C496_1.jpg,ROUND,PINK,10,ROUND_PINK,168,0,0,0,0,0,0,1,0,0,0,0,0,16252-0610-01
16252-0610-01_RXNAVIMAGE10_8908C496_2.jpg,ROUND,PINK,10,ROUND_PINK,168,0,0,0,0,0,0,1,0,0,0,0,0,16252-0610-01
68180-0334-07_RXNAVIMAGE10_FC4CFE67_1.jpg,CAPSULE,"BLUE, WHITE",1,"CAPSULE_BLUE, WHITE",16,0,1,0,0,0,0,0,0,0,0,1,0,68180-0334-07
68180-0334-07_RXNAVIMAGE10_FC4CFE67_2.jpg,CAPSULE,"BLUE, WHITE",1,"CAPSULE_BLUE, WHITE",16,0,1,0,0,0,0,0,0,0,0,1,0,68180-0334-07
60505-2653-01_RXNAVIMAGE10_8538C2A6_1.jpg,ROUND,WHITE,10,ROUND_WHITE,174,0,0,0,0,0,0,0,0,0,0,1,0,60505-2653-01
60505-2653-01_RXNAVIMAGE10_8538C2A6_2.jpg,ROUND,WHITE,10,ROUND_WHITE,174,0,0,0,0,0,0,0,0,0,0,1,0,60505-2653-01
00430-0783-27_RXNAVIMAGE10_FC12FE77_1.jpg,OVAL,BROWN,7,OVAL_BROWN,125,0,0,1,0,0,0,0,0,0,0,0,0,00430-0783-27
00430-0783-27_RXNAVIMAGE10_FC12FE77_2.jpg,OVAL,BROWN,7,OVAL_BROWN,125,0,0,1,0,0,0,0,0,0,0,0,0,00430-0783-27
00591-0861-05_RXNAVIMAGE10_1C088E04_1.jpg,ROUND,BLUE,10,ROUND_BLUE,160,0,1,0,0,0,0,0,0,0,0,0,0,00591-0861-05
00591-0861-05_RXNAVIMAGE10_1C088E04_2.jpg,ROUND,BLUE,10,ROUND_BLUE,160,0,1,0,0,0,0,0,0,0,0,0,0,00591-0861-05
00093-7582-56_RXNAVIMAGE10_B342D9B6_1.jpg,ROUND,WHITE,10,ROUND_WHITE,174,0,0,0,0,0,0,0,0,0,0,1,0,00093-7582-56
00093-7582-56_RXNAVIMAGE10_B342D9B6_2.jpg,ROUND,WHITE,10,ROUND_WHITE,174,0,0,0,0,0,0,0,0,0,0,1,0,00093-7582-56
57237-0014-05_RXNAVIMAGE10_78473C49_1.jpg,CAPSULE,"BROWN, ORANGE",1,"CAPSULE_BROWN, ORANGE",19,0,0,1,0,0,1,0,0,0,0,0,0,57237-0014-05
57237-0014-05_RXNAVIMAGE10_78473C49_2.jpg,CAPSULE,"BROWN, ORANGE",1,"CAPSULE_BROWN, ORANGE",19,0,0,1,0,0,1,0,0,0,0,0,0,57237-0014-05
00555-9008-67_RXNAVIMAGE10_292F949C_1.jpg,ROUND,WHITE,10,ROUND_WHITE,174,0,0,0,0,0,0,0,0,0,0,1,0,00555-9008-67
00555-9008-67_RXNAVIMAGE10_292F949C_2.jpg,ROUND,WHITE,10,ROUND_WHITE,174,0,0,0,0,0,0,0,0,0,0,1,0,00555-9008-67
62037-0698-90_RXNAVIMAGE10_7A51BD4D_1.jpg,CAPSULE,"PINK, BLUE",1,"CAPSULE_PINK, BLUE",54,0,1,0,0,0,0,1,0,0,0,0,0,62037-0698-90
62037-0698-90_RXNAVIMAGE10_7A51BD4D_2.jpg,CAPSULE,"PINK, BLUE",1,"CAPSULE_PINK, BLUE",54,0,1,0,0,0,0,1,0,0,0,0,0,62037-0698-90
63304-0696-05_RXNAVIMAGE10_F13878F3_1.jpg,CAPSULE,"GRAY, WHITE",1,"CAPSULE_GRAY, WHITE",30,0,0,0,1,0,0,0,0,0,0,1,0,63304-0696-05
63304-0696-05_RXNAVIMAGE10_F13878F3_2.jpg,CAPSULE,"GRAY, WHITE",1,"CAPSULE_GRAY, WHITE",30,0,0,0,1,0,0,0,0,0,0,1,0,63304-0696-05
00378-2099-01_RXNAVIMAGE10_243C1250_1.jpg,ROUND,ORANGE,10,ROUND_ORANGE,166,0,0,0,0,0,1,0,0,0,0,0,0,00378-2099-01
00378-2099-01_RXNAVIMAGE10_243C1250_2.jpg,ROUND,ORANGE,10,ROUND_ORANGE,166,0,0,0,0,0,1,0,0,0,0,0,0,00378-2099-01
00591-5215-05_RXNAVIMAGE10_4D4126E9_1.jpg,OVAL,WHITE,7,OVAL_WHITE,139,0,0,0,0,0,0,0,0,0,0,1,0,00591-5215-05
00591-5215-05_RXNAVIMAGE10_4D4126E9_2.jpg,OVAL,WHITE,7,OVAL_WHITE,139,0,0,0,0,0,0,0,0,0,0,1,0,00591-5215-05
00378-0415-10_RXNAVIMAGE10_0415825C_1.jpg,ROUND,WHITE,10,ROUND_WHITE,174,0,0,0,0,0,0,0,0,0,0,1,0,00378-0415-10
00378-0415-10_RXNAVIMAGE10_0415825C_2.jpg,ROUND,WHITE,10,ROUND_WHITE,174,0,0,0,0,0,0,0,0,0,0,1,0,00378-0415-10
63304-0794-01_RXNAVIMAGE10_F607FB3F_1.jpg,ROUND,WHITE,10,ROUND_WHITE,174,0,0,0,0,0,0,0,0,0,0,1,0,63304-0794-01
63304-0794-01_RXNAVIMAGE10_F607FB3F_2.jpg,ROUND,WHITE,10,ROUND_WHITE,174,0,0,0,0,0,0,0,0,0,0,1,0,63304-0794-01
00093-7796-06_RXNAVIMAGE10_AB27D5DE_1.jpg,OVAL,WHITE,7,OVAL_WHITE,139,0,0,0,0,0,0,0,0,0,0,1,0,00093-7796-06
00093-7796-06_RXNAVIMAGE10_AB27D5DE_2.jpg,OVAL,WHITE,7,OVAL_WHITE,139,0,0,0,0,0,0,0,0,0,0,1,0,00093-7796-06
00093-7690-56_RXNAVIMAGE10_8C43C65E_1.jpg,ROUND,YELLOW,10,ROUND_YELLOW,178,0,0,0,0,0,0,0,0,0,0,0,1,00093-7690-56
00093-7690-56_RXNAVIMAGE10_8C43C65E_2.jpg,ROUND,YELLOW,10,ROUND_YELLOW,178,0,0,0,0,0,0,0,0,0,0,0,1,00093-7690-56
63459-0548-28_RXNAVIMAGE10_30421860_1.jpg,ROUND,WHITE,10,ROUND_WHITE,174,0,0,0,0,0,0,0,0,0,0,1,0,63459-0548-28
63459-0548-28_RXNAVIMAGE10_30421860_2.jpg,ROUND,WHITE,10,ROUND_WHITE,174,0,0,0,0,0,0,0,0,0,0,1,0,63459-0548-28
00093-1063-01_RXNAVIMAGE10_A029D07E_1.jpg,OVAL,BLUE,7,OVAL_BLUE,123,0,1,0,0,0,0,0,0,0,0,0,0,00093-1063-01
00093-1063-01_RXNAVIMAGE10_A029D07E_2.jpg,OVAL,BLUE,7,OVAL_BLUE,123,0,1,0,0,0,0,0,0,0,0,0,0,00093-1063-01
00093-3193-01_RXNAVIMAGE10_AD29569A_1.jpg,CAPSULE,"BLUE, BLUE",1,"CAPSULE_BLUE, BLUE",8,0,1,0,0,0,0,0,0,0,0,0,0,00093-3193-01
00093-3193-01_RXNAVIMAGE10_AD29569A_2.jpg,CAPSULE,"BLUE, BLUE",1,"CAPSULE_BLUE, BLUE",8,0,1,0,0,0,0,0,0,0,0,0,0,00093-3193-01
64679-0929-01_RXNAVIMAGE10_6521B2ED_1.jpg,ROUND,WHITE,10,ROUND_WHITE,174,0,0,0,0,0,0,0,0,0,0,1,0,64679-0929-01
64679-0929-01_RXNAVIMAGE10_6521B2ED_2.jpg,ROUND,WHITE,10,ROUND_WHITE,174,0,0,0,0,0,0,0,0,0,0,1,0,64679-0929-01
00603-6147-21_RXNAVIMAGE10_212190CC_1.jpg,ROUND,WHITE,10,ROUND_WHITE,174,0,0,0,0,0,0,0,0,0,0,1,0,00603-6147-21
00603-6147-21_RXNAVIMAGE10_212190CC_2.jpg,ROUND,WHITE,10,ROUND_WHITE,174,0,0,0,0,0,0,0,0,0,0,1,0,00603-6147-21
60505-0084-02_RXNAVIMAGE10_A94554FA_1.jpg,OVAL,WHITE,7,OVAL_WHITE,139,0,0,0,0,0,0,0,0,0,0,1,0,60505-0084-02
60505-0084-02_RXNAVIMAGE10_A94554FA_2.jpg,OVAL,WHITE,7,OVAL_WHITE,139,0,0,0,0,0,0,0,0,0,0,1,0,60505-0084-02
00093-7355-56_RXNAVIMAGE10_D42D6A0B_1.jpg,OVAL,BLUE,7,OVAL_BLUE,123,0,1,0,0,0,0,0,0,0,0,0,0,00093-7355-56
00093-7355-56_RXNAVIMAGE10_D42D6A0B_2.jpg,OVAL,BLUE,7,OVAL_BLUE,123,0,1,0,0,0,0,0,0,0,0,0,0,00093-7355-56
50844-0466-02_RXNAVIMAGE10_DB38EDF7_1.jpg,OVAL,GREEN,7,OVAL_GREEN,129,0,0,0,0,1,0,0,0,0,0,0,0,50844-0466-02
50844-0466-02_RXNAVIMAGE10_DB38EDF7_2.jpg,OVAL,GREEN,7,OVAL_GREEN,129,0,0,0,0,1,0,0,0,0,0,0,0,50844-0466-02
16477-0505-01_RXNAVIMAGE10_851B42CA_1.jpg,ROUND,ORANGE,10,ROUND_ORANGE,166,0,0,0,0,0,1,0,0,0,0,0,0,16477-0505-01
16477-0505-01_RXNAVIMAGE10_851B42CA_2.jpg,ROUND,ORANGE,10,ROUND_ORANGE,166,0,0,0,0,0,1,0,0,0,0,0,0,16477-0505-01
00093-2268-01_RXNAVIMAGE10_D5296ADB_1.jpg,OVAL,WHITE,7,OVAL_WHITE,139,0,0,0,0,0,0,0,0,0,0,1,0,00093-2268-01
00093-2268-01_RXNAVIMAGE10_D5296ADB_2.jpg,OVAL,WHITE,7,OVAL_WHITE,139,0,0,0,0,0,0,0,0,0,0,1,0,00093-2268-01
00007-4887-13_RXNAVIMAGE10_DE18EF47_1.jpg,OVAL,BROWN,7,OVAL_BROWN,125,0,0,1,0,0,0,0,0,0,0,0,0,00007-4887-13
00007-4887-13_RXNAVIMAGE10_DE18EF47_2.jpg,OVAL,BROWN,7,OVAL_BROWN,125,0,0,1,0,0,0,0,0,0,0,0,0,00007-4887-13
13668-0220-30_RXNAVIMAGE10_614930B9_1.jpg,ROUND,WHITE,10,ROUND_WHITE,174,0,0,0,0,0,0,0,0,0,0,1,0,13668-0220-30
13668-0220-30_RXNAVIMAGE10_614930B9_2.jpg,ROUND,WHITE,10,ROUND_WHITE,174,0,0,0,0,0,0,0,0,0,0,1,0,13668-0220-30
65862-0188-30_RXNAVIMAGE10_514EA8A5_1.jpg,OVAL,YELLOW,7,OVAL_YELLOW,145,0,0,0,0,0,0,0,0,0,0,0,1,65862-0188-30
65862-0188-30_RXNAVIMAGE10_514EA8A5_2.jpg,OVAL,YELLOW,7,OVAL_YELLOW,145,0,0,0,0,0,0,0,0,0,0,0,1,65862-0188-30
62037-0831-10_RXNAVIMAGE10_7812BC45_1.jpg,ROUND,WHITE,10,ROUND_WHITE,174,0,0,0,0,0,0,0,0,0,0,1,0,62037-0831-10
62037-0831-10_RXNAVIMAGE10_7812BC45_2.jpg,ROUND,WHITE,10,ROUND_WHITE,174,0,0,0,0,0,0,0,0,0,0,1,0,62037-0831-10
69238-1251-06_RXNAVIMAGE10_FE50FF27_1.jpg,ROUND,WHITE,10,ROUND_WHITE,174,0,0,0,0,0,0,0,0,0,0,1,0,69238-1251-06
69238-1251-06_RXNAVIMAGE10_FE50FF27_2.jpg,ROUND,WHITE,10,ROUND_WHITE,174,0,0,0,0,0,0,0,0,0,0,1,0,69238-1251-06
13668-0103-05_RXNAVIMAGE10_0C3A0670_1.jpg,ROUND,ORANGE,10,ROUND_ORANGE,166,0,0,0,0,0,1,0,0,0,0,0,0,13668-0103-05
13668-0103-05_RXNAVIMAGE10_0C3A0670_2.jpg,ROUND,ORANGE,10,ROUND_ORANGE,166,0,0,0,0,0,1,0,0,0,0,0,0,13668-0103-05
51285-0538-02_RXNAVIMAGE10_9F304FB2_1.jpg,CAPSULE,"BLUE, YELLOW",1,"CAPSULE_BLUE, YELLOW",17,0,1,0,0,0,0,0,0,0,0,0,1,51285-0538-02
51285-0538-02_RXNAVIMAGE10_9F304FB2_2.jpg,CAPSULE,"BLUE, YELLOW",1,"CAPSULE_BLUE, YELLOW",17,0,1,0,0,0,0,0,0,0,0,0,1,51285-0538-02
00093-7172-01_RXNAVIMAGE10_6D05B6DD_1.jpg,OVAL,GRAY,7,OVAL_GRAY,127,0,0,0,1,0,0,0,0,0,0,0,0,00093-7172-01
00093-7172-01_RXNAVIMAGE10_6D05B6DD_2.jpg,OVAL,GRAY,7,OVAL_GRAY,127,0,0,0,1,0,0,0,0,0,0,0,0,00093-7172-01
00555-9032-70_RXNAVIMAGE10_522FA90D_1.jpg,ROUND,PINK,10,ROUND_PINK,168,0,0,0,0,0,0,1,0,0,0,0,0,00555-9032-70
00555-9032-70_RXNAVIMAGE10_522FA90D_2.jpg,ROUND,PINK,10,ROUND_PINK,168,0,0,0,0,0,0,1,0,0,0,0,0,00555-9032-70
68462-0138-01_RXNAVIMAGE10_BA085D72_1.jpg,OVAL,YELLOW,7,OVAL_YELLOW,145,0,0,0,0,0,0,0,0,0,0,0,1,68462-0138-01
68462-0138-01_RXNAVIMAGE10_BA085D72_2.jpg,OVAL,YELLOW,7,OVAL_YELLOW,145,0,0,0,0,0,0,0,0,0,0,0,1,68462-0138-01
59762-1530-01_RXNAVIMAGE10_6D45B6AD_1.jpg,OCTAGON,WHITE,6,OCTAGON_WHITE,121,0,0,0,0,0,0,0,0,0,0,1,0,59762-1530-01
59762-1530-01_RXNAVIMAGE10_6D45B6AD_2.jpg,OCTAGON,WHITE,6,OCTAGON_WHITE,121,0,0,0,0,0,0,0,0,0,0,1,0,59762-1530-01
00093-0892-01_RXNAVIMAGE10_6615B37D_1.jpg,OVAL,PINK,7,OVAL_PINK,133,0,0,0,0,0,0,1,0,0,0,0,0,00093-0892-01
00093-0892-01_RXNAVIMAGE10_6615B37D_2.jpg,OVAL,PINK,7,OVAL_PINK,133,0,0,0,0,0,0,1,0,0,0,0,0,00093-0892-01
00378-6726-01_RXNAVIMAGE10_6C473619_1.jpg,CAPSULE,"PURPLE, WHITE",1,"CAPSULE_PURPLE, WHITE",67,0,0,0,0,0,0,0,1,0,0,1,0,00378-6726-01
00378-6726-01_RXNAVIMAGE10_6C473619_2.jpg,CAPSULE,"PURPLE, WHITE",1,"CAPSULE_PURPLE, WHITE",67,0,0,0,0,0,0,0,1,0,0,1,0,00378-6726-01
68196-0159-14_RXNAVIMAGE10_8E38C726_1.jpg,ROUND,WHITE,10,ROUND_WHITE,174,0,0,0,0,0,0,0,0,0,0,1,0,68196-0159-14
68196-0159-14_RXNAVIMAGE10_8E38C726_2.jpg,ROUND,WHITE,10,ROUND_WHITE,174,0,0,0,0,0,0,0,0,0,0,1,0,68196-0159-14
50111-0563-01_RXNAVIMAGE10_6B243581_1.jpg,ROUND,YELLOW,10,ROUND_YELLOW,178,0,0,0,0,0,0,0,0,0,0,0,1,50111-0563-01
50111-0563-01_RXNAVIMAGE10_6B243581_2.jpg,ROUND,YELLOW,10,ROUND_YELLOW,178,0,0,0,0,0,0,0,0,0,0,0,1,50111-0563-01
00781-2822-13_RXNAVIMAGE10_F134F8F7_1.jpg,CAPSULE,"WHITE, GREEN",1,"CAPSULE_WHITE, GREEN",86,0,0,0,0,1,0,0,0,0,0,1,0,00781-2822-13
00781-2822-13_RXNAVIMAGE10_F134F8F7_2.jpg,CAPSULE,"WHITE, GREEN",1,"CAPSULE_WHITE, GREEN",86,0,0,0,0,1,0,0,0,0,0,1,0,00781-2822-13
00536-3990-01_RXNAVIMAGE10_AC33564A_1.jpg,ROUND,RED,10,ROUND_RED,172,0,0,0,0,0,0,0,0,1,0,0,0,00536-3990-01
00536-3990-01_RXNAVIMAGE10_AC33564A_2.jpg,ROUND,RED,10,ROUND_RED,172,0,0,0,0,0,0,0,0,1,0,0,0,00536-3990-01
51079-0957-20_RXNAVIMAGE10_15340AA0_1.jpg,ROUND,WHITE,10,ROUND_WHITE,174,0,0,0,0,0,0,0,0,0,0,1,0,51079-0957-20
51079-0957-20_RXNAVIMAGE10_15340AA0_2.jpg,ROUND,WHITE,10,ROUND_WHITE,174,0,0,0,0,0,0,0,0,0,0,1,0,51079-0957-20
23155-0105-01_RXNAVIMAGE10_F107788B_1.jpg,ROUND,WHITE,10,ROUND_WHITE,174,0,0,0,0,0,0,0,0,0,0,1,0,23155-0105-01
23155-0105-01_RXNAVIMAGE10_F107788B_2.jpg,ROUND,WHITE,10,ROUND_WHITE,174,0,0,0,0,0,0,0,0,0,0,1,0,23155-0105-01
59148-0010-13_RXNAVIMAGE10_A015501A_1.jpg,ROUND,WHITE,10,ROUND_WHITE,174,0,0,0,0,0,0,0,0,0,0,1,0,59148-0010-13
59148-0010-13_RXNAVIMAGE10_A015501A_2.jpg,ROUND,WHITE,10,ROUND_WHITE,174,0,0,0,0,0,0,0,0,0,0,1,0,59148-0010-13
61442-0103-01_RXNAVIMAGE10_BA39DD6E_1.jpg,ROUND,WHITE,10,ROUND_WHITE,174,0,0,0,0,0,0,0,0,0,0,1,0,61442-0103-01
61442-0103-01_RXNAVIMAGE10_BA39DD6E_2.jpg,ROUND,WHITE,10,ROUND_WHITE,174,0,0,0,0,0,0,0,0,0,0,1,0,61442-0103-01
67253-0902-10_RXNAVIMAGE10_AC15561A_1.jpg,OVAL,GREEN,7,OVAL_GREEN,129,0,0,0,0,1,0,0,0,0,0,0,0,67253-0902-10
67253-0902-10_RXNAVIMAGE10_AC15561A_2.jpg,OVAL,GREEN,7,OVAL_GREEN,129,0,0,0,0,1,0,0,0,0,0,0,0,67253-0902-10
60505-0170-09_RXNAVIMAGE10_85384292_1.jpg,ROUND,GREEN,10,ROUND_GREEN,164,0,0,0,0,1,0,0,0,0,0,0,0,60505-0170-09
60505-0170-09_RXNAVIMAGE10_85384292_2.jpg,ROUND,GREEN,10,ROUND_GREEN,164,0,0,0,0,1,0,0,0,0,0,0,0,60505-0170-09
00555-9012-58_RXNAVIMAGE10_7F2FBFBD_1.jpg,ROUND,ORANGE,10,ROUND_ORANGE,166,0,0,0,0,0,1,0,0,0,0,0,0,00555-9012-58
00555-9012-58_RXNAVIMAGE10_7F2FBFBD_2.jpg,ROUND,ORANGE,10,ROUND_ORANGE,166,0,0,0,0,0,1,0,0,0,0,0,0,00555-9012-58
53489-0118-02_RXNAVIMAGE10_FA34FD77_1.jpg,CAPSULE,"BLUE, WHITE",1,"CAPSULE_BLUE, WHITE",16,0,1,0,0,0,0,0,0,0,0,1,0,53489-0118-02
53489-0118-02_RXNAVIMAGE10_FA34FD77_2.jpg,CAPSULE,"BLUE, WHITE",1,"CAPSULE_BLUE, WHITE",16,0,1,0,0,0,0,0,0,0,0,1,0,53489-0118-02
00143-9580-30_RXNAVIMAGE10_49332499_1.jpg,OVAL,YELLOW,7,OVAL_YELLOW,145,0,0,0,0,0,0,0,0,0,0,0,1,00143-9580-30
00143-9580-30_RXNAVIMAGE10_49332499_2.jpg,OVAL,YELLOW,7,OVAL_YELLOW,145,0,0,0,0,0,0,0,0,0,0,0,1,00143-9580-30
00228-2666-11_RXNAVIMAGE10_DB34ED87_1.jpg,CAPSULE,"YELLOW, ORANGE",1,"CAPSULE_YELLOW, ORANGE",99,0,0,0,0,0,1,0,0,0,0,0,1,00228-2666-11
00228-2666-11_RXNAVIMAGE10_DB34ED87_2.jpg,CAPSULE,"YELLOW, ORANGE",1,"CAPSULE_YELLOW, ORANGE",99,0,0,0,0,0,1,0,0,0,0,0,1,00228-2666-11
00093-5767-56_RXNAVIMAGE10_4338A1D5_1.jpg,ROUND,WHITE,10,ROUND_WHITE,174,0,0,0,0,0,0,0,0,0,0,1,0,00093-5767-56
00093-5767-56_RXNAVIMAGE10_4338A1D5_2.jpg,ROUND,WHITE,10,ROUND_WHITE,174,0,0,0,0,0,0,0,0,0,0,1,0,00093-5767-56
00904-2725-60_RXNAVIMAGE10_AC32D666_1.jpg,OVAL,WHITE,7,OVAL_WHITE,139,0,0,0,0,0,0,0,0,0,0,1,0,00904-2725-60
00904-2725-60_RXNAVIMAGE10_AC32D666_2.jpg,OVAL,WHITE,7,OVAL_WHITE,139,0,0,0,0,0,0,0,0,0,0,1,0,00904-2725-60
00093-7223-98_RXNAVIMAGE10_882FC43E_1.jpg,OVAL,WHITE,7,OVAL_WHITE,139,0,0,0,0,0,0,0,0,0,0,1,0,00093-7223-98
00093-7223-98_RXNAVIMAGE10_882FC43E_2.jpg,OVAL,WHITE,7,OVAL_WHITE,139,0,0,0,0,0,0,0,0,0,0,1,0,00093-7223-98
00781-2051-01_RXNAVIMAGE10_9A0ECD66_1.jpg,CAPSULE,WHITE,1,CAPSULE_WHITE,81,0,0,0,0,0,0,0,0,0,0,1,0,00781-2051-01
00781-2051-01_RXNAVIMAGE10_9A0ECD66_2.jpg,CAPSULE,WHITE,1,CAPSULE_WHITE,81,0,0,0,0,0,0,0,0,0,0,1,0,00781-2051-01
00093-0318-01_RXNAVIMAGE10_462B2319_1.jpg,ROUND,ORANGE,10,ROUND_ORANGE,166,0,0,0,0,0,1,0,0,0,0,0,0,00093-0318-01
00093-0318-01_RXNAVIMAGE10_462B2319_2.jpg,ROUND,ORANGE,10,ROUND_ORANGE,166,0,0,0,0,0,1,0,0,0,0,0,0,00093-0318-01
00555-0766-02_RXNAVIMAGE10_78423C31_1.jpg,OVAL,ORANGE,7,OVAL_ORANGE,130,0,0,0,0,0,1,0,0,0,0,0,0,00555-0766-02
00555-0766-02_RXNAVIMAGE10_78423C31_2.jpg,OVAL,ORANGE,7,OVAL_ORANGE,130,0,0,0,0,0,1,0,0,0,0,0,0,00555-0766-02
00143-9582-30_RXNAVIMAGE10_FD347EE3_1.jpg,OVAL,GREEN,7,OVAL_GREEN,129,0,0,0,0,1,0,0,0,0,0,0,0,00143-9582-30
00143-9582-30_RXNAVIMAGE10_FD347EE3_2.jpg,OVAL,GREEN,7,OVAL_GREEN,129,0,0,0,0,1,0,0,0,0,0,0,0,00143-9582-30
16729-0020-15_RXNAVIMAGE10_093F84DC_1.jpg,ROUND,WHITE,10,ROUND_WHITE,174,0,0,0,0,0,0,0,0,0,0,1,0,16729-0020-15
16729-0020-15_RXNAVIMAGE10_093F84DC_2.jpg,ROUND,WHITE,10,ROUND_WHITE,174,0,0,0,0,0,0,0,0,0,0,1,0,16729-0020-15
00603-4212-21_RXNAVIMAGE10_234491C4_1.jpg,ROUND,WHITE,10,ROUND_WHITE,174,0,0,0,0,0,0,0,0,0,0,1,0,00603-4212-21
00603-4212-21_RXNAVIMAGE10_234491C4_2.jpg,ROUND,WHITE,10,ROUND_WHITE,174,0,0,0,0,0,0,0,0,0,0,1,0,00603-4212-21
00378-2077-01_RXNAVIMAGE10_4426A255_1.jpg,ROUND,BLUE,10,ROUND_BLUE,160,0,1,0,0,0,0,0,0,0,0,0,0,00378-2077-01
00378-2077-01_RXNAVIMAGE10_4426A255_2.jpg,ROUND,BLUE,10,ROUND_BLUE,160,0,1,0,0,0,0,0,0,0,0,0,0,00378-2077-01
51293-0802-01_RXNAVIMAGE10_814140FA_1.jpg,ROUND,BROWN,10,ROUND_BROWN,162,0,0,1,0,0,0,0,0,0,0,0,0,51293-0802-01
51293-0802-01_RXNAVIMAGE10_814140FA_2.jpg,ROUND,BROWN,10,ROUND_BROWN,162,0,0,1,0,0,0,0,0,0,0,0,0,51293-0802-01
65862-0697-90_RXNAVIMAGE10_F84CFC27_1.jpg,CAPSULE,ORANGE,1,CAPSULE_ORANGE,44,0,0,0,0,0,1,0,0,0,0,0,0,65862-0697-90
65862-0697-90_RXNAVIMAGE10_F84CFC27_2.jpg,CAPSULE,ORANGE,1,CAPSULE_ORANGE,44,0,0,0,0,0,1,0,0,0,0,0,0,65862-0697-90
00555-9018-58_RXNAVIMAGE10_2A369574_1.jpg,ROUND,BLUE,10,ROUND_BLUE,160,0,1,0,0,0,0,0,0,0,0,0,0,00555-9018-58
00555-9018-58_RXNAVIMAGE10_2A369574_2.jpg,ROUND,BLUE,10,ROUND_BLUE,160,0,1,0,0,0,0,0,0,0,0,0,0,00555-9018-58
66424-0020-01_RXNAVIMAGE10_1A038D6C_1.jpg,CAPSULE,"PINK, WHITE",1,"CAPSULE_PINK, WHITE",59,0,0,0,0,0,0,1,0,0,0,1,0,66424-0020-01
66424-0020-01_RXNAVIMAGE10_1A038D6C_2.jpg,CAPSULE,"PINK, WHITE",1,"CAPSULE_PINK, WHITE",59,0,0,0,0,0,0,1,0,0,0,1,0,66424-0020-01
24486-0604-90_RXNAVIMAGE10_DF1FEFFF_1.jpg,OVAL,"PURPLE, WHITE",7,"OVAL_PURPLE, WHITE",136,0,0,0,0,0,0,0,1,0,0,1,0,24486-0604-90
24486-0604-90_RXNAVIMAGE10_DF1FEFFF_2.jpg,OVAL,"PURPLE, WHITE",7,"OVAL_PURPLE, WHITE",136,0,0,0,0,0,0,0,1,0,0,1,0,24486-0604-90
00093-7383-01_RXNAVIMAGE10_56292B49_1.jpg,ROUND,ORANGE,10,ROUND_ORANGE,166,0,0,0,0,0,1,0,0,0,0,0,0,00093-7383-01
00093-7383-01_RXNAVIMAGE10_56292B49_2.jpg,ROUND,ORANGE,10,ROUND_ORANGE,166,0,0,0,0,0,1,0,0,0,0,0,0,00093-7383-01
68462-0208-01_RXNAVIMAGE10_7A1B3D59_1.jpg,ROUND,BROWN,10,ROUND_BROWN,162,0,0,1,0,0,0,0,0,0,0,0,0,68462-0208-01
68462-0208-01_RXNAVIMAGE10_7A1B3D59_2.jpg,ROUND,BROWN,10,ROUND_BROWN,162,0,0,1,0,0,0,0,0,0,0,0,0,68462-0208-01
00093-7037-56_RXNAVIMAGE10_7643BB4D_1.jpg,ROUND,YELLOW,10,ROUND_YELLOW,178,0,0,0,0,0,0,0,0,0,0,0,1,00093-7037-56
00093-7037-56_RXNAVIMAGE10_7643BB4D_2.jpg,ROUND,YELLOW,10,ROUND_YELLOW,178,0,0,0,0,0,0,0,0,0,0,0,1,00093-7037-56
00378-0028-01_RXNAVIMAGE10_A308D1E6_1.jpg,ROUND,YELLOW,10,ROUND_YELLOW,178,0,0,0,0,0,0,0,0,0,0,0,1,00378-0028-01
00378-0028-01_RXNAVIMAGE10_A308D1E6_2.jpg,ROUND,YELLOW,10,ROUND_YELLOW,178,0,0,0,0,0,0,0,0,0,0,0,1,00378-0028-01
31722-0829-30_RXNAVIMAGE10_714F38A9_1.jpg,ROUND,WHITE,10,ROUND_WHITE,174,0,0,0,0,0,0,0,0,0,0,1,0,31722-0829-30
31722-0829-30_RXNAVIMAGE10_714F38A9_2.jpg,ROUND,WHITE,10,ROUND_WHITE,174,0,0,0,0,0,0,0,0,0,0,1,0,31722-0829-30
00071-1012-68_RXNAVIMAGE10_C63BE31F_1.jpg,CAPSULE,WHITE,1,CAPSULE_WHITE,81,0,0,0,0,0,0,0,0,0,0,1,0,00071-1012-68
00071-1012-68_RXNAVIMAGE10_C63BE31F_2.jpg,CAPSULE,WHITE,1,CAPSULE_WHITE,81,0,0,0,0,0,0,0,0,0,0,1,0,00071-1012-68
75826-0114-10_RXNAVIMAGE10_4F50A7F5_1.jpg,ROUND,BROWN,10,ROUND_BROWN,162,0,0,1,0,0,0,0,0,0,0,0,0,75826-0114-10
75826-0114-10_RXNAVIMAGE10_4F50A7F5_2.jpg,ROUND,BROWN,10,ROUND_BROWN,162,0,0,1,0,0,0,0,0,0,0,0,0,75826-0114-10
00185-0047-09_RXNAVIMAGE10_8749C3BE_1.jpg,ROUND,WHITE,10,ROUND_WHITE,174,0,0,0,0,0,0,0,0,0,0,1,0,00185-0047-09
00185-0047-09_RXNAVIMAGE10_8749C3BE_2.jpg,ROUND,WHITE,10,ROUND_WHITE,174,0,0,0,0,0,0,0,0,0,0,1,0,00185-0047-09
00904-3854-61_RXNAVIMAGE10_13328984_1.jpg,ROUND,PINK,10,ROUND_PINK,168,0,0,0,0,0,0,1,0,0,0,0,0,00904-3854-61
00904-3854-61_RXNAVIMAGE10_13328984_2.jpg,ROUND,PINK,10,ROUND_PINK,168,0,0,0,0,0,0,1,0,0,0,0,0,00904-3854-61
64980-0196-01_RXNAVIMAGE10_C03FE00F_1.jpg,OVAL,RED,7,OVAL_RED,137,0,0,0,0,0,0,0,0,1,0,0,0,64980-0196-01
64980-0196-01_RXNAVIMAGE10_C03FE00F_2.jpg,OVAL,RED,7,OVAL_RED,137,0,0,0,0,0,0,0,0,1,0,0,0,64980-0196-01
16714-0682-01_RXNAVIMAGE10_684E3421_1.jpg,ROUND,PINK,10,ROUND_PINK,168,0,0,0,0,0,0,1,0,0,0,0,0,16714-0682-01
16714-0682-01_RXNAVIMAGE10_684E3421_2.jpg,ROUND,PINK,10,ROUND_PINK,168,0,0,0,0,0,0,1,0,0,0,0,0,16714-0682-01
00093-5116-01_RXNAVIMAGE10_B92D5C8A_1.jpg,OVAL,WHITE,7,OVAL_WHITE,139,0,0,0,0,0,0,0,0,0,0,1,0,00093-5116-01
00093-5116-01_RXNAVIMAGE10_B92D5C8A_2.jpg,OVAL,WHITE,7,OVAL_WHITE,139,0,0,0,0,0,0,0,0,0,0,1,0,00093-5116-01
00555-0788-02_RXNAVIMAGE10_D141E8FF_1.jpg,CAPSULE,ORANGE,1,CAPSULE_ORANGE,44,0,0,0,0,0,1,0,0,0,0,0,0,00555-0788-02
00555-0788-02_RXNAVIMAGE10_D141E8FF_2.jpg,CAPSULE,ORANGE,1,CAPSULE_ORANGE,44,0,0,0,0,0,1,0,0,0,0,0,0,00555-0788-02
00093-3167-53_RXNAVIMAGE10_F7267B83_1.jpg,CAPSULE,"RED, PINK",1,"CAPSULE_RED, PINK",72,0,0,0,0,0,0,1,0,1,0,0,0,00093-3167-53
00093-3167-53_RXNAVIMAGE10_F7267B83_2.jpg,CAPSULE,"RED, PINK",1,"CAPSULE_RED, PINK",72,0,0,0,0,0,0,1,0,1,0,0,0,00093-3167-53
00378-3121-01_RXNAVIMAGE10_C74B63CB_1.jpg,ROUND,WHITE,10,ROUND_WHITE,174,0,0,0,0,0,0,0,0,0,0,1,0,00378-3121-01
00378-3121-01_RXNAVIMAGE10_C74B63CB_2.jpg,ROUND,WHITE,10,ROUND_WHITE,174,0,0,0,0,0,0,0,0,0,0,1,0,00378-3121-01
00093-5360-01_RXNAVIMAGE10_F2127953_1.jpg,OVAL,WHITE,7,OVAL_WHITE,139,0,0,0,0,0,0,0,0,0,0,1,0,00093-5360-01
00093-5360-01_RXNAVIMAGE10_F2127953_2.jpg,OVAL,WHITE,7,OVAL_WHITE,139,0,0,0,0,0,0,0,0,0,0,1,0,00093-5360-01
65862-0154-30_RXNAVIMAGE10_B71C5BD2_1.jpg,OVAL,YELLOW,7,OVAL_YELLOW,145,0,0,0,0,0,0,0,0,0,0,0,1,65862-0154-30
65862-0154-30_RXNAVIMAGE10_B71C5BD2_2.jpg,OVAL,YELLOW,7,OVAL_YELLOW,145,0,0,0,0,0,0,0,0,0,0,0,1,65862-0154-30
00555-0874-02_RXNAVIMAGE10_8F2147DA_1.jpg,OVAL,BLUE,7,OVAL_BLUE,123,0,1,0,0,0,0,0,0,0,0,0,0,00555-0874-02
00555-0874-02_RXNAVIMAGE10_8F2147DA_2.jpg,OVAL,BLUE,7,OVAL_BLUE,123,0,1,0,0,0,0,0,0,0,0,0,0,00555-0874-02
00378-3632-01_RXNAVIMAGE10_4B242591_1.jpg,ROUND,WHITE,10,ROUND_WHITE,174,0,0,0,0,0,0,0,0,0,0,1,0,00378-3632-01
00378-3632-01_RXNAVIMAGE10_4B242591_2.jpg,ROUND,WHITE,10,ROUND_WHITE,174,0,0,0,0,0,0,0,0,0,0,1,0,00378-3632-01
00555-0787-02_RXNAVIMAGE10_B241D93E_1.jpg,CAPSULE,BLUE,1,CAPSULE_BLUE,7,0,1,0,0,0,0,0,0,0,0,0,0,00555-0787-02
00555-0787-02_RXNAVIMAGE10_B241D93E_2.jpg,CAPSULE,BLUE,1,CAPSULE_BLUE,7,0,1,0,0,0,0,0,0,0,0,0,0,00555-0787-02
31722-0830-30_RXNAVIMAGE10_B54DDABE_1.jpg,ROUND,PINK,10,ROUND_PINK,168,0,0,0,0,0,0,1,0,0,0,0,0,31722-0830-30
31722-0830-30_RXNAVIMAGE10_B54DDABE_2.jpg,ROUND,PINK,10,ROUND_PINK,168,0,0,0,0,0,0,1,0,0,0,0,0,31722-0830-30
00555-0833-02_RXNAVIMAGE10_1D128EB4_1.jpg,OVAL,ORANGE,7,OVAL_ORANGE,130,0,0,0,0,0,1,0,0,0,0,0,0,00555-0833-02
00555-0833-02_RXNAVIMAGE10_1D128EB4_2.jpg,OVAL,ORANGE,7,OVAL_ORANGE,130,0,0,0,0,0,1,0,0,0,0,0,0,00555-0833-02
00093-2057-55_RXNAVIMAGE10_E635F31F_1.jpg,ROUND,YELLOW,10,ROUND_YELLOW,178,0,0,0,0,0,0,0,0,0,0,0,1,00093-2057-55
00093-2057-55_RXNAVIMAGE10_E635F31F_2.jpg,ROUND,YELLOW,10,ROUND_YELLOW,178,0,0,0,0,0,0,0,0,0,0,0,1,00093-2057-55
47781-0268-30_RXNAVIMAGE10_03410198_1.jpg,OVAL,RED,7,OVAL_RED,137,0,0,0,0,0,0,0,0,1,0,0,0,47781-0268-30
47781-0268-30_RXNAVIMAGE10_03410198_2.jpg,OVAL,RED,7,OVAL_RED,137,0,0,0,0,0,0,0,0,1,0,0,0,47781-0268-30
00555-0658-02_RXNAVIMAGE10_FA41FD3F_1.jpg,CAPSULE,"RED, WHITE",1,"CAPSULE_RED, WHITE",74,0,0,0,0,0,0,0,0,1,0,1,0,00555-0658-02
00555-0658-02_RXNAVIMAGE10_FA41FD3F_2.jpg,CAPSULE,"RED, WHITE",1,"CAPSULE_RED, WHITE",74,0,0,0,0,0,0,0,0,1,0,1,0,00555-0658-02
00093-7202-98_RXNAVIMAGE10_093884C4_1.jpg,ROUND,GREEN,10,ROUND_GREEN,164,0,0,0,0,1,0,0,0,0,0,0,0,00093-7202-98
00093-7202-98_RXNAVIMAGE10_093884C4_2.jpg,ROUND,GREEN,10,ROUND_GREEN,164,0,0,0,0,1,0,0,0,0,0,0,0,00093-7202-98
65862-0618-90_RXNAVIMAGE10_B64EDB16_1.jpg,TRIANGLE,BROWN,15,TRIANGLE_BROWN,197,0,0,1,0,0,0,0,0,0,0,0,0,65862-0618-90
65862-0618-90_RXNAVIMAGE10_B64EDB16_2.jpg,TRIANGLE,BROWN,15,TRIANGLE_BROWN,197,0,0,1,0,0,0,0,0,0,0,0,0,65862-0618-90
16252-0573-50_RXNAVIMAGE10_EE387713_1.jpg,CAPSULE,"BLUE, WHITE",1,"CAPSULE_BLUE, WHITE",16,0,1,0,0,0,0,0,0,0,0,1,0,16252-0573-50
16252-0573-50_RXNAVIMAGE10_EE387713_2.jpg,CAPSULE,"BLUE, WHITE",1,"CAPSULE_BLUE, WHITE",16,0,1,0,0,0,0,0,0,0,0,1,0,16252-0573-50
00093-1053-98_RXNAVIMAGE10_19330C98_1.jpg,OVAL,BROWN,7,OVAL_BROWN,125,0,0,1,0,0,0,0,0,0,0,0,0,00093-1053-98
00093-1053-98_RXNAVIMAGE10_19330C98_2.jpg,OVAL,BROWN,7,OVAL_BROWN,125,0,0,1,0,0,0,0,0,0,0,0,0,00093-1053-98
00555-0887-02_RXNAVIMAGE10_18058C7C_1.jpg,OVAL,GREEN,7,OVAL_GREEN,129,0,0,0,0,1,0,0,0,0,0,0,0,00555-0887-02
00555-0887-02_RXNAVIMAGE10_18058C7C_2.jpg,OVAL,GREEN,7,OVAL_GREEN,129,0,0,0,0,1,0,0,0,0,0,0,0,00555-0887-02
65862-0603-30_RXNAVIMAGE10_3E3C1F40_1.jpg,OVAL,RED,7,OVAL_RED,137,0,0,0,0,0,0,0,0,1,0,0,0,65862-0603-30
65862-0603-30_RXNAVIMAGE10_3E3C1F40_2.jpg,OVAL,RED,7,OVAL_RED,137,0,0,0,0,0,0,0,0,1,0,0,0,65862-0603-30
00093-8343-05_RXNAVIMAGE10_5607AB5D_1.jpg,ROUND,ORANGE,10,ROUND_ORANGE,166,0,0,0,0,0,1,0,0,0,0,0,0,00093-8343-05
00093-8343-05_RXNAVIMAGE10_5607AB5D_2.jpg,ROUND,ORANGE,10,ROUND_ORANGE,166,0,0,0,0,0,1,0,0,0,0,0,0,00093-8343-05
00093-0220-56_RXNAVIMAGE10_37299BCC_1.jpg,ROUND,WHITE,10,ROUND_WHITE,174,0,0,0,0,0,0,0,0,0,0,1,0,00093-0220-56
00093-0220-56_RXNAVIMAGE10_37299BCC_2.jpg,ROUND,WHITE,10,ROUND_WHITE,174,0,0,0,0,0,0,0,0,0,0,1,0,00093-0220-56
67767-0141-30_RXNAVIMAGE10_80344042_1.jpg,ROUND,WHITE,10,ROUND_WHITE,174,0,0,0,0,0,0,0,0,0,0,1,0,67767-0141-30
67767-0141-30_RXNAVIMAGE10_80344042_2.jpg,ROUND,WHITE,10,ROUND_WHITE,174,0,0,0,0,0,0,0,0,0,0,1,0,67767-0141-30
60505-0253-03_RXNAVIMAGE10_DE46EF67_1.jpg,ROUND,PINK,10,ROUND_PINK,168,0,0,0,0,0,0,1,0,0,0,0,0,60505-0253-03
60505-0253-03_RXNAVIMAGE10_DE46EF67_2.jpg,ROUND,PINK,10,ROUND_PINK,168,0,0,0,0,0,0,1,0,0,0,0,0,60505-0253-03
00088-1090-47_RXNAVIMAGE10_D503EADF_1.jpg,OVAL,"WHITE, BROWN",7,"OVAL_WHITE, BROWN",141,0,0,1,0,0,0,0,0,0,0,1,0,00088-1090-47
00088-1090-47_RXNAVIMAGE10_D503EADF_2.jpg,OVAL,"WHITE, BROWN",7,"OVAL_WHITE, BROWN",141,0,0,1,0,0,0,0,0,0,0,1,0,00088-1090-47
66758-0110-01_RXNAVIMAGE10_39461CD0_1.jpg,ROUND,BLUE,10,ROUND_BLUE,160,0,1,0,0,0,0,0,0,0,0,0,0,66758-0110-01
66758-0110-01_RXNAVIMAGE10_39461CD0_2.jpg,ROUND,BLUE,10,ROUND_BLUE,160,0,1,0,0,0,0,0,0,0,0,0,0,66758-0110-01
00093-2065-06_RXNAVIMAGE10_8B27C5EE_1.jpg,SQUARE,WHITE,12,SQUARE_WHITE,185,0,0,0,0,0,0,0,0,0,0,1,0,00093-2065-06
00093-2065-06_RXNAVIMAGE10_8B27C5EE_2.jpg,SQUARE,WHITE,12,SQUARE_WHITE,185,0,0,0,0,0,0,0,0,0,0,1,0,00093-2065-06
00173-0642-55_RXNAVIMAGE10_C518E287_1.jpg,HEXAGON,ORANGE,5,HEXAGON_ORANGE,118,0,0,0,0,0,1,0,0,0,0,0,0,00173-0642-55
00173-0642-55_RXNAVIMAGE10_C518E287_2.jpg,HEXAGON,ORANGE,5,HEXAGON_ORANGE,118,0,0,0,0,0,1,0,0,0,0,0,0,00173-0642-55
00603-5165-32_RXNAVIMAGE10_2F1B97BC_1.jpg,ROUND,WHITE,10,ROUND_WHITE,174,0,0,0,0,0,0,0,0,0,0,1,0,00603-5165-32
00603-5165-32_RXNAVIMAGE10_2F1B97BC_2.jpg,ROUND,WHITE,10,ROUND_WHITE,174,0,0,0,0,0,0,0,0,0,0,1,0,00603-5165-32
66869-0147-30_RXNAVIMAGE10_B83BDC2E_1.jpg,CAPSULE,"WHITE, GREEN",1,"CAPSULE_WHITE, GREEN",86,0,0,0,0,1,0,0,0,0,0,1,0,66869-0147-30
66869-0147-30_RXNAVIMAGE10_B83BDC2E_2.jpg,CAPSULE,"WHITE, GREEN",1,"CAPSULE_WHITE, GREEN",86,0,0,0,0,1,0,0,0,0,0,1,0,66869-0147-30
00781-2353-31_RXNAVIMAGE10_B50EDAB6_1.jpg,CAPSULE,"GREEN, PINK",1,"CAPSULE_GREEN, PINK",39,0,0,0,0,1,0,1,0,0,0,0,0,00781-2353-31
00781-2353-31_RXNAVIMAGE10_B50EDAB6_2.jpg,CAPSULE,"GREEN, PINK",1,"CAPSULE_GREEN, PINK",39,0,0,0,0,1,0,1,0,0,0,0,0,00781-2353-31
00093-6451-56_RXNAVIMAGE10_54402A41_1.jpg,CAPSULE,TURQUOISE,1,CAPSULE_TURQUOISE,76,0,0,0,0,0,0,0,0,0,1,0,0,00093-6451-56
00093-6451-56_RXNAVIMAGE10_54402A41_2.jpg,CAPSULE,TURQUOISE,1,CAPSULE_TURQUOISE,76,0,0,0,0,0,0,0,0,0,1,0,0,00093-6451-56
59762-6722-01_RXNAVIMAGE10_DC3FEE1F_1.jpg,OVAL,WHITE,7,OVAL_WHITE,139,0,0,0,0,0,0,0,0,0,0,1,0,59762-6722-01
59762-6722-01_RXNAVIMAGE10_DC3FEE1F_2.jpg,OVAL,WHITE,7,OVAL_WHITE,139,0,0,0,0,0,0,0,0,0,0,1,0,59762-6722-01
57844-0117-01_RXNAVIMAGE10_5A4D2D49_1.jpg,OVAL,BLUE,7,OVAL_BLUE,123,0,1,0,0,0,0,0,0,0,0,0,0,57844-0117-01
57844-0117-01_RXNAVIMAGE10_5A4D2D49_2.jpg,OVAL,BLUE,7,OVAL_BLUE,123,0,1,0,0,0,0,0,0,0,0,0,0,57844-0117-01
00093-7156-56_RXNAVIMAGE10_DF27EF8F_1.jpg,OVAL,RED,7,OVAL_RED,137,0,0,0,0,0,0,0,0,1,0,0,0,00093-7156-56
00093-7156-56_RXNAVIMAGE10_DF27EF8F_2.jpg,OVAL,RED,7,OVAL_RED,137,0,0,0,0,0,0,0,0,1,0,0,0,00093-7156-56
68462-0188-01_RXNAVIMAGE10_BF08DF96_1.jpg,ROUND,ORANGE,10,ROUND_ORANGE,166,0,0,0,0,0,1,0,0,0,0,0,0,68462-0188-01
68462-0188-01_RXNAVIMAGE10_BF08DF96_2.jpg,ROUND,ORANGE,10,ROUND_ORANGE,166,0,0,0,0,0,1,0,0,0,0,0,0,68462-0188-01
16714-0685-02_RXNAVIMAGE10_944E4A12_1.jpg,OVAL,PINK,7,OVAL_PINK,133,0,0,0,0,0,0,1,0,0,0,0,0,16714-0685-02
16714-0685-02_RXNAVIMAGE10_944E4A12_2.jpg,OVAL,PINK,7,OVAL_PINK,133,0,0,0,0,0,0,1,0,0,0,0,0,16714-0685-02
00555-9025-42_RXNAVIMAGE10_F22F796B_1.jpg,ROUND,YELLOW,10,ROUND_YELLOW,178,0,0,0,0,0,0,0,0,0,0,0,1,00555-9025-42
00555-9025-42_RXNAVIMAGE10_F22F796B_2.jpg,ROUND,YELLOW,10,ROUND_YELLOW,178,0,0,0,0,0,0,0,0,0,0,0,1,00555-9025-42
68180-0352-06_RXNAVIMAGE10_EF3477C3_1.jpg,OVAL,BLUE,7,OVAL_BLUE,123,0,1,0,0,0,0,0,0,0,0,0,0,68180-0352-06
68180-0352-06_RXNAVIMAGE10_EF3477C3_2.jpg,OVAL,BLUE,7,OVAL_BLUE,123,0,1,0,0,0,0,0,0,0,0,0,0,68180-0352-06
00093-5275-01_RXNAVIMAGE10_E841F43F_1.jpg,ROUND,BLUE,10,ROUND_BLUE,160,0,1,0,0,0,0,0,0,0,0,0,0,00093-5275-01
00093-5275-01_RXNAVIMAGE10_E841F43F_2.jpg,ROUND,BLUE,10,ROUND_BLUE,160,0,1,0,0,0,0,0,0,0,0,0,0,00093-5275-01
16729-0042-01_RXNAVIMAGE10_4C1E2611_1.jpg,CAPSULE,WHITE,1,CAPSULE_WHITE,81,0,0,0,0,0,0,0,0,0,0,1,0,16729-0042-01
16729-0042-01_RXNAVIMAGE10_4C1E2611_2.jpg,CAPSULE,WHITE,1,CAPSULE_WHITE,81,0,0,0,0,0,0,0,0,0,0,1,0,16729-0042-01
00071-0418-24_RXNAVIMAGE10_72353979_1.jpg,ROUND,WHITE,10,ROUND_WHITE,174,0,0,0,0,0,0,0,0,0,0,1,0,00071-0418-24
00071-0418-24_RXNAVIMAGE10_72353979_2.jpg,ROUND,WHITE,10,ROUND_WHITE,174,0,0,0,0,0,0,0,0,0,0,1,0,00071-0418-24
65862-0029-01_RXNAVIMAGE10_E53E72C3_1.jpg,ROUND,WHITE,10,ROUND_WHITE,174,0,0,0,0,0,0,0,0,0,0,1,0,65862-0029-01
65862-0029-01_RXNAVIMAGE10_E53E72C3_2.jpg,ROUND,WHITE,10,ROUND_WHITE,174,0,0,0,0,0,0,0,0,0,0,1,0,65862-0029-01
65483-0702-10_RXNAVIMAGE10_F6387B33_1.jpg,CAPSULE,"GRAY, ORANGE",1,"CAPSULE_GRAY, ORANGE",26,0,0,0,1,0,1,0,0,0,0,0,0,65483-0702-10
65483-0702-10_RXNAVIMAGE10_F6387B33_2.jpg,CAPSULE,"GRAY, ORANGE",1,"CAPSULE_GRAY, ORANGE",26,0,0,0,1,0,1,0,0,0,0,0,0,65483-0702-10
51991-0748-10_RXNAVIMAGE10_274F93FC_1.jpg,CAPSULE,"GREEN, YELLOW",1,"CAPSULE_GREEN, YELLOW",43,0,0,0,0,1,0,0,0,0,0,0,1,51991-0748-10
51991-0748-10_RXNAVIMAGE10_274F93FC_2.jpg,CAPSULE,"GREEN, YELLOW",1,"CAPSULE_GREEN, YELLOW",43,0,0,0,0,1,0,0,0,0,0,0,1,51991-0748-10
53489-0700-07_RXNAVIMAGE10_734739D9_1.jpg,CAPSULE,WHITE,1,CAPSULE_WHITE,81,0,0,0,0,0,0,0,0,0,0,1,0,53489-0700-07
53489-0700-07_RXNAVIMAGE10_734739D9_2.jpg,CAPSULE,WHITE,1,CAPSULE_WHITE,81,0,0,0,0,0,0,0,0,0,0,1,0,53489-0700-07
63459-0215-30_RXNAVIMAGE10_D11C6893_1.jpg,OVAL,WHITE,7,OVAL_WHITE,139,0,0,0,0,0,0,0,0,0,0,1,0,63459-0215-30
63459-0215-30_RXNAVIMAGE10_D11C6893_2.jpg,OVAL,WHITE,7,OVAL_WHITE,139,0,0,0,0,0,0,0,0,0,0,1,0,63459-0215-30
00555-0572-35_RXNAVIMAGE10_1B2B8DCC_1.jpg,OVAL,YELLOW,7,OVAL_YELLOW,145,0,0,0,0,0,0,0,0,0,0,0,1,00555-0572-35
00555-0572-35_RXNAVIMAGE10_1B2B8DCC_2.jpg,OVAL,YELLOW,7,OVAL_YELLOW,145,0,0,0,0,0,0,0,0,0,0,0,1,00555-0572-35
16729-0184-17_RXNAVIMAGE10_473B23D9_1.jpg,ROUND,ORANGE,10,ROUND_ORANGE,166,0,0,0,0,0,1,0,0,0,0,0,0,16729-0184-17
16729-0184-17_RXNAVIMAGE10_473B23D9_2.jpg,ROUND,ORANGE,10,ROUND_ORANGE,166,0,0,0,0,0,1,0,0,0,0,0,0,16729-0184-17
00093-0852-53_RXNAVIMAGE10_2C241600_1.jpg,OVAL,WHITE,7,OVAL_WHITE,139,0,0,0,0,0,0,0,0,0,0,1,0,00093-0852-53
00093-0852-53_RXNAVIMAGE10_2C241600_2.jpg,OVAL,WHITE,7,OVAL_WHITE,139,0,0,0,0,0,0,0,0,0,0,1,0,00093-0852-53
00406-1170-03_RXNAVIMAGE10_AF08D7E6_1.jpg,OVAL,YELLOW,7,OVAL_YELLOW,145,0,0,0,0,0,0,0,0,0,0,0,1,00406-1170-03
00406-1170-03_RXNAVIMAGE10_AF08D7E6_2.jpg,OVAL,YELLOW,7,OVAL_YELLOW,145,0,0,0,0,0,0,0,0,0,0,0,1,00406-1170-03
00591-0348-10_RXNAVIMAGE10_4912A4D5_1.jpg,ROUND,YELLOW,10,ROUND_YELLOW,178,0,0,0,0,0,0,0,0,0,0,0,1,00591-0348-10
00591-0348-10_RXNAVIMAGE10_4912A4D5_2.jpg,ROUND,YELLOW,10,ROUND_YELLOW,178,0,0,0,0,0,0,0,0,0,0,0,1,00591-0348-10
43598-0220-28_RXNAVIMAGE10_7344B9B5_1.jpg,OVAL,WHITE,7,OVAL_WHITE,139,0,0,0,0,0,0,0,0,0,0,1,0,43598-0220-28
43598-0220-28_RXNAVIMAGE10_7344B9B5_2.jpg,OVAL,WHITE,7,OVAL_WHITE,139,0,0,0,0,0,0,0,0,0,0,1,0,43598-0220-28
00172-3759-60_RXNAVIMAGE10_702DB80D_1.jpg,TRIANGLE,WHITE,15,TRIANGLE_WHITE,202,0,0,0,0,0,0,0,0,0,0,1,0,00172-3759-60
00172-3759-60_RXNAVIMAGE10_702DB80D_2.jpg,TRIANGLE,WHITE,15,TRIANGLE_WHITE,202,0,0,0,0,0,0,0,0,0,0,1,0,00172-3759-60
00832-0302-00_RXNAVIMAGE10_C14F60FB_1.jpg,ROUND,BROWN,10,ROUND_BROWN,162,0,0,1,0,0,0,0,0,0,0,0,0,00832-0302-00
00832-0302-00_RXNAVIMAGE10_C14F60FB_2.jpg,ROUND,BROWN,10,ROUND_BROWN,162,0,0,1,0,0,0,0,0,0,0,0,0,00832-0302-00
50111-0309-01_RXNAVIMAGE10_8629434A_1.jpg,ROUND,WHITE,10,ROUND_WHITE,174,0,0,0,0,0,0,0,0,0,0,1,0,50111-0309-01
50111-0309-01_RXNAVIMAGE10_8629434A_2.jpg,ROUND,WHITE,10,ROUND_WHITE,174,0,0,0,0,0,0,0,0,0,0,1,0,50111-0309-01
60505-2649-07_RXNAVIMAGE10_80384052_1.jpg,CAPSULE,"WHITE, GREEN",1,"CAPSULE_WHITE, GREEN",86,0,0,0,0,1,0,0,0,0,0,1,0,60505-2649-07
60505-2649-07_RXNAVIMAGE10_80384052_2.jpg,CAPSULE,"WHITE, GREEN",1,"CAPSULE_WHITE, GREEN",86,0,0,0,0,1,0,0,0,0,0,1,0,60505-2649-07
57844-0691-98_RXNAVIMAGE10_88364442_1.jpg,ROUND,YELLOW,10,ROUND_YELLOW,178,0,0,0,0,0,0,0,0,0,0,0,1,57844-0691-98
57844-0691-98_RXNAVIMAGE10_88364442_2.jpg,ROUND,YELLOW,10,ROUND_YELLOW,178,0,0,0,0,0,0,0,0,0,0,0,1,57844-0691-98
65162-0727-10_RXNAVIMAGE10_33331988_1.jpg,OVAL,WHITE,7,OVAL_WHITE,139,0,0,0,0,0,0,0,0,0,0,1,0,65162-0727-10
65162-0727-10_RXNAVIMAGE10_33331988_2.jpg,OVAL,WHITE,7,OVAL_WHITE,139,0,0,0,0,0,0,0,0,0,0,1,0,65162-0727-10
00173-0527-00_RXNAVIMAGE10_B518DAA6_1.jpg,SQUARE,WHITE,12,SQUARE_WHITE,185,0,0,0,0,0,0,0,0,0,0,1,0,00173-0527-00
00173-0527-00_RXNAVIMAGE10_B518DAA6_2.jpg,SQUARE,WHITE,12,SQUARE_WHITE,185,0,0,0,0,0,0,0,0,0,0,1,0,00173-0527-00
51285-0367-01_RXNAVIMAGE10_50362851_1.jpg,OVAL,BLUE,7,OVAL_BLUE,123,0,1,0,0,0,0,0,0,0,0,0,0,51285-0367-01
51285-0367-01_RXNAVIMAGE10_50362851_2.jpg,OVAL,BLUE,7,OVAL_BLUE,123,0,1,0,0,0,0,0,0,0,0,0,0,51285-0367-01
00527-1311-01_RXNAVIMAGE10_2D2696B4_1.jpg,ROUND,WHITE,10,ROUND_WHITE,174,0,0,0,0,0,0,0,0,0,0,1,0,00527-1311-01
00527-1311-01_RXNAVIMAGE10_2D2696B4_2.jpg,ROUND,WHITE,10,ROUND_WHITE,174,0,0,0,0,0,0,0,0,0,0,1,0,00527-1311-01
60258-0850-01_RXNAVIMAGE10_DC156E1B_1.jpg,ROUND,WHITE,10,ROUND_WHITE,174,0,0,0,0,0,0,0,0,0,0,1,0,60258-0850-01
60258-0850-01_RXNAVIMAGE10_DC156E1B_2.jpg,ROUND,WHITE,10,ROUND_WHITE,174,0,0,0,0,0,0,0,0,0,0,1,0,60258-0850-01
00456-1120-30_RXNAVIMAGE10_123D0918_1.jpg,OVAL,ORANGE,7,OVAL_ORANGE,130,0,0,0,0,0,1,0,0,0,0,0,0,00456-1120-30
00456-1120-30_RXNAVIMAGE10_123D0918_2.jpg,OVAL,ORANGE,7,OVAL_ORANGE,130,0,0,0,0,0,1,0,0,0,0,0,0,00456-1120-30
68382-0096-05_RXNAVIMAGE10_F8407C03_1.jpg,OVAL,WHITE,7,OVAL_WHITE,139,0,0,0,0,0,0,0,0,0,0,1,0,68382-0096-05
68382-0096-05_RXNAVIMAGE10_F8407C03_2.jpg,OVAL,WHITE,7,OVAL_WHITE,139,0,0,0,0,0,0,0,0,0,0,1,0,68382-0096-05
00378-2005-93_RXNAVIMAGE10_3E469F54_1.jpg,ROUND,ORANGE,10,ROUND_ORANGE,166,0,0,0,0,0,1,0,0,0,0,0,0,00378-2005-93
00378-2005-93_RXNAVIMAGE10_3E469F54_2.jpg,ROUND,ORANGE,10,ROUND_ORANGE,166,0,0,0,0,0,1,0,0,0,0,0,0,00378-2005-93
16714-0388-01_RXNAVIMAGE10_884D442A_1.jpg,CAPSULE,"RED, WHITE",1,"CAPSULE_RED, WHITE",74,0,0,0,0,0,0,0,0,1,0,1,0,16714-0388-01
16714-0388-01_RXNAVIMAGE10_884D442A_2.jpg,CAPSULE,"RED, WHITE",1,"CAPSULE_RED, WHITE",74,0,0,0,0,0,0,0,0,1,0,1,0,16714-0388-01
16714-0101-05_RXNAVIMAGE10_9449CA7E_1.jpg,OVAL,WHITE,7,OVAL_WHITE,139,0,0,0,0,0,0,0,0,0,0,1,0,16714-0101-05
16714-0101-05_RXNAVIMAGE10_9449CA7E_2.jpg,OVAL,WHITE,7,OVAL_WHITE,139,0,0,0,0,0,0,0,0,0,0,1,0,16714-0101-05
99207-0465-30_RXNAVIMAGE10_88164432_1.jpg,OVAL,PINK,7,OVAL_PINK,133,0,0,0,0,0,0,1,0,0,0,0,0,99207-0465-30
99207-0465-30_RXNAVIMAGE10_88164432_2.jpg,OVAL,PINK,7,OVAL_PINK,133,0,0,0,0,0,0,1,0,0,0,0,0,99207-0465-30
00093-0132-01_RXNAVIMAGE10_15298A8C_1.jpg,OVAL,WHITE,7,OVAL_WHITE,139,0,0,0,0,0,0,0,0,0,0,1,0,00093-0132-01
00093-0132-01_RXNAVIMAGE10_15298A8C_2.jpg,OVAL,WHITE,7,OVAL_WHITE,139,0,0,0,0,0,0,0,0,0,0,1,0,00093-0132-01
55111-0587-01_RXNAVIMAGE10_FB3AFD97_1.jpg,CAPSULE,"ORANGE, WHITE",1,"CAPSULE_ORANGE, WHITE",50,0,0,0,0,0,1,0,0,0,0,1,0,55111-0587-01
55111-0587-01_RXNAVIMAGE10_FB3AFD97_2.jpg,CAPSULE,"ORANGE, WHITE",1,"CAPSULE_ORANGE, WHITE",50,0,0,0,0,0,1,0,0,0,0,1,0,55111-0587-01
00591-0241-10_RXNAVIMAGE10_8D1B468A_1.jpg,ROUND,WHITE,10,ROUND_WHITE,174,0,0,0,0,0,0,0,0,0,0,1,0,00591-0241-10
00591-0241-10_RXNAVIMAGE10_8D1B468A_2.jpg,ROUND,WHITE,10,ROUND_WHITE,174,0,0,0,0,0,0,0,0,0,0,1,0,00591-0241-10
00378-0218-01_RXNAVIMAGE10_BF205FB2_1.jpg,ROUND,WHITE,10,ROUND_WHITE,174,0,0,0,0,0,0,0,0,0,0,1,0,00378-0218-01
00378-0218-01_RXNAVIMAGE10_BF205FB2_2.jpg,ROUND,WHITE,10,ROUND_WHITE,174,0,0,0,0,0,0,0,0,0,0,1,0,00378-0218-01
62756-0368-88_RXNAVIMAGE10_28469444_1.jpg,OVAL,PINK,7,OVAL_PINK,133,0,0,0,0,0,0,1,0,0,0,0,0,62756-0368-88
62756-0368-88_RXNAVIMAGE10_28469444_2.jpg,OVAL,PINK,7,OVAL_PINK,133,0,0,0,0,0,0,1,0,0,0,0,0,62756-0368-88
00378-3131-01_RXNAVIMAGE10_8C464612_1.jpg,ROUND,WHITE,10,ROUND_WHITE,174,0,0,0,0,0,0,0,0,0,0,1,0,00378-3131-01
00378-3131-01_RXNAVIMAGE10_8C464612_2.jpg,ROUND,WHITE,10,ROUND_WHITE,174,0,0,0,0,0,0,0,0,0,0,1,0,00378-3131-01
00378-9290-91_RXNAVIMAGE10_240E9224_1.jpg,ROUND,WHITE,10,ROUND_WHITE,174,0,0,0,0,0,0,0,0,0,0,1,0,00378-9290-91
00378-9290-91_RXNAVIMAGE10_240E9224_2.jpg,ROUND,WHITE,10,ROUND_WHITE,174,0,0,0,0,0,0,0,0,0,0,1,0,00378-9290-91
00093-4029-01_RXNAVIMAGE10_FF34FF87_1.jpg,CAPSULE,GREEN,1,CAPSULE_GREEN,32,0,0,0,0,1,0,0,0,0,0,0,0,00093-4029-01
00093-4029-01_RXNAVIMAGE10_FF34FF87_2.jpg,CAPSULE,GREEN,1,CAPSULE_GREEN,32,0,0,0,0,1,0,0,0,0,0,0,0,00093-4029-01
00228-2577-50_RXNAVIMAGE10_650532A9_1.jpg,CAPSULE,"GREEN, TURQUOISE",1,"CAPSULE_GREEN, TURQUOISE",41,0,0,0,0,1,0,0,0,0,1,0,0,00228-2577-50
00228-2577-50_RXNAVIMAGE10_650532A9_2.jpg,CAPSULE,"GREEN, TURQUOISE",1,"CAPSULE_GREEN, TURQUOISE",41,0,0,0,0,1,0,0,0,0,1,0,0,00228-2577-50
00603-2957-21_RXNAVIMAGE10_46232309_1.jpg,OVAL,BROWN,7,OVAL_BROWN,125,0,0,1,0,0,0,0,0,0,0,0,0,00603-2957-21
00603-2957-21_RXNAVIMAGE10_46232309_2.jpg,OVAL,BROWN,7,OVAL_BROWN,125,0,0,1,0,0,0,0,0,0,0,0,0,00603-2957-21
00555-9045-58_RXNAVIMAGE10_AB3555FA_1.jpg,ROUND,ORANGE,10,ROUND_ORANGE,166,0,0,0,0,0,1,0,0,0,0,0,0,00555-9045-58
00555-9045-58_RXNAVIMAGE10_AB3555FA_2.jpg,ROUND,ORANGE,10,ROUND_ORANGE,166,0,0,0,0,0,1,0,0,0,0,0,0,00555-9045-58
00904-6457-60_RXNAVIMAGE10_1C500E60_1.jpg,OVAL,ORANGE,7,OVAL_ORANGE,130,0,0,0,0,0,1,0,0,0,0,0,0,00904-6457-60
00904-6457-60_RXNAVIMAGE10_1C500E60_2.jpg,OVAL,ORANGE,7,OVAL_ORANGE,130,0,0,0,0,0,1,0,0,0,0,0,0,00904-6457-60
00603-2959-21_RXNAVIMAGE10_843F422A_1.jpg,OVAL,PINK,7,OVAL_PINK,133,0,0,0,0,0,0,1,0,0,0,0,0,00603-2959-21
00603-2959-21_RXNAVIMAGE10_843F422A_2.jpg,OVAL,PINK,7,OVAL_PINK,133,0,0,0,0,0,0,1,0,0,0,0,0,00603-2959-21
00172-5034-60_RXNAVIMAGE10_052D0288_1.jpg,ROUND,YELLOW,10,ROUND_YELLOW,178,0,0,0,0,0,0,0,0,0,0,0,1,00172-5034-60
00172-5034-60_RXNAVIMAGE10_052D0288_2.jpg,ROUND,YELLOW,10,ROUND_YELLOW,178,0,0,0,0,0,0,0,0,0,0,0,1,00172-5034-60
65162-0763-10_RXNAVIMAGE10_D23E6963_1.jpg,OVAL,GREEN,7,OVAL_GREEN,129,0,0,0,0,1,0,0,0,0,0,0,0,65162-0763-10
65162-0763-10_RXNAVIMAGE10_D23E6963_2.jpg,OVAL,GREEN,7,OVAL_GREEN,129,0,0,0,0,1,0,0,0,0,0,0,0,65162-0763-10
68462-0137-01_RXNAVIMAGE10_B2085922_1.jpg,OVAL,YELLOW,7,OVAL_YELLOW,145,0,0,0,0,0,0,0,0,0,0,0,1,68462-0137-01
68462-0137-01_RXNAVIMAGE10_B2085922_2.jpg,OVAL,YELLOW,7,OVAL_YELLOW,145,0,0,0,0,0,0,0,0,0,0,0,1,68462-0137-01
00781-5188-01_RXNAVIMAGE10_D020E837_1.jpg,OVAL,PURPLE,7,OVAL_PURPLE,135,0,0,0,0,0,0,0,1,0,0,0,0,00781-5188-01
00781-5188-01_RXNAVIMAGE10_D020E837_2.jpg,OVAL,PURPLE,7,OVAL_PURPLE,135,0,0,0,0,0,0,0,1,0,0,0,0,00781-5188-01
00093-8121-01_RXNAVIMAGE10_7F363FC1_1.jpg,OVAL,WHITE,7,OVAL_WHITE,139,0,0,0,0,0,0,0,0,0,0,1,0,00093-8121-01
00093-8121-01_RXNAVIMAGE10_7F363FC1_2.jpg,OVAL,WHITE,7,OVAL_WHITE,139,0,0,0,0,0,0,0,0,0,0,1,0,00093-8121-01
65597-0701-18_RXNAVIMAGE10_AD1DD6FE_1.jpg,OVAL,WHITE,7,OVAL_WHITE,139,0,0,0,0,0,0,0,0,0,0,1,0,65597-0701-18
65597-0701-18_RXNAVIMAGE10_AD1DD6FE_2.jpg,OVAL,WHITE,7,OVAL_WHITE,139,0,0,0,0,0,0,0,0,0,0,1,0,65597-0701-18
51285-0409-02_RXNAVIMAGE10_093584AC_1.jpg,OVAL,TURQUOISE,7,OVAL_TURQUOISE,138,0,0,0,0,0,0,0,0,0,1,0,0,51285-0409-02
51285-0409-02_RXNAVIMAGE10_093584AC_2.jpg,OVAL,TURQUOISE,7,OVAL_TURQUOISE,138,0,0,0,0,0,0,0,0,0,1,0,0,51285-0409-02
00378-6044-28_RXNAVIMAGE10_35419AFC_1.jpg,ROUND,WHITE,10,ROUND_WHITE,174,0,0,0,0,0,0,0,0,0,0,1,0,00378-6044-28
00378-6044-28_RXNAVIMAGE10_35419AFC_2.jpg,ROUND,WHITE,10,ROUND_WHITE,174,0,0,0,0,0,0,0,0,0,0,1,0,00378-6044-28
23155-0004-01_RXNAVIMAGE10_643B3249_1.jpg,ROUND,PINK,10,ROUND_PINK,168,0,0,0,0,0,0,1,0,0,0,0,0,23155-0004-01
23155-0004-01_RXNAVIMAGE10_643B3249_2.jpg,ROUND,PINK,10,ROUND_PINK,168,0,0,0,0,0,0,1,0,0,0,0,0,23155-0004-01
00085-1317-01_RXNAVIMAGE10_D307E9CF_1.jpg,OVAL,BLUE,7,OVAL_BLUE,123,0,1,0,0,0,0,0,0,0,0,0,0,00085-1317-01
00085-1317-01_RXNAVIMAGE10_D307E9CF_2.jpg,OVAL,BLUE,7,OVAL_BLUE,123,0,1,0,0,0,0,0,0,0,0,0,0,00085-1317-01
51285-0424-10_RXNAVIMAGE10_562F2B09_1.jpg,OVAL,WHITE,7,OVAL_WHITE,139,0,0,0,0,0,0,0,0,0,0,1,0,51285-0424-10
51285-0424-10_RXNAVIMAGE10_562F2B09_2.jpg,OVAL,WHITE,7,OVAL_WHITE,139,0,0,0,0,0,0,0,0,0,0,1,0,51285-0424-10
45963-0142-30_RXNAVIMAGE10_CB48E587_1.jpg,OVAL,WHITE,7,OVAL_WHITE,139,0,0,0,0,0,0,0,0,0,0,1,0,45963-0142-30
45963-0142-30_RXNAVIMAGE10_CB48E587_2.jpg,OVAL,WHITE,7,OVAL_WHITE,139,0,0,0,0,0,0,0,0,0,0,1,0,45963-0142-30
51285-0084-98_RXNAVIMAGE10_FB367DA3_1.jpg,ROUND,BROWN,10,ROUND_BROWN,162,0,0,1,0,0,0,0,0,0,0,0,0,51285-0084-98
51285-0084-98_RXNAVIMAGE10_FB367DA3_2.jpg,ROUND,BROWN,10,ROUND_BROWN,162,0,0,1,0,0,0,0,0,0,0,0,0,51285-0084-98
00093-3171-01_RXNAVIMAGE10_10268814_1.jpg,CAPSULE,"RED, BLUE",1,"CAPSULE_RED, BLUE",70,0,1,0,0,0,0,0,0,1,0,0,0,00093-3171-01
00093-3171-01_RXNAVIMAGE10_10268814_2.jpg,CAPSULE,"RED, BLUE",1,"CAPSULE_RED, BLUE",70,0,1,0,0,0,0,0,0,1,0,0,0,00093-3171-01
62175-0129-37_RXNAVIMAGE10_79083CD1_1.jpg,OVAL,WHITE,7,OVAL_WHITE,139,0,0,0,0,0,0,0,0,0,0,1,0,62175-0129-37
62175-0129-37_RXNAVIMAGE10_79083CD1_2.jpg,OVAL,WHITE,7,OVAL_WHITE,139,0,0,0,0,0,0,0,0,0,0,1,0,62175-0129-37
59762-2858-01_RXNAVIMAGE10_00200070_1.jpg,ROUND,WHITE,10,ROUND_WHITE,174,0,0,0,0,0,0,0,0,0,0,1,0,59762-2858-01
59762-2858-01_RXNAVIMAGE10_00200070_2.jpg,ROUND,WHITE,10,ROUND_WHITE,174,0,0,0,0,0,0,0,0,0,0,1,0,59762-2858-01
53489-0387-01_RXNAVIMAGE10_3E451F28_1.jpg,ROUND,WHITE,10,ROUND_WHITE,174,0,0,0,0,0,0,0,0,0,0,1,0,53489-0387-01
53489-0387-01_RXNAVIMAGE10_3E451F28_2.jpg,ROUND,WHITE,10,ROUND_WHITE,174,0,0,0,0,0,0,0,0,0,0,1,0,53489-0387-01
00093-5290-56_RXNAVIMAGE10_21281080_1.jpg,OVAL,WHITE,7,OVAL_WHITE,139,0,0,0,0,0,0,0,0,0,0,1,0,00093-5290-56
00093-5290-56_RXNAVIMAGE10_21281080_2.jpg,OVAL,WHITE,7,OVAL_WHITE,139,0,0,0,0,0,0,0,0,0,0,1,0,00093-5290-56
00172-3649-60_RXNAVIMAGE10_A126D0D6_1.jpg,ROUND,WHITE,10,ROUND_WHITE,174,0,0,0,0,0,0,0,0,0,0,1,0,00172-3649-60
00172-3649-60_RXNAVIMAGE10_A126D0D6_2.jpg,ROUND,WHITE,10,ROUND_WHITE,174,0,0,0,0,0,0,0,0,0,0,1,0,00172-3649-60
00049-4900-30_RXNAVIMAGE10_283D940C_1.jpg,OVAL,BLUE,7,OVAL_BLUE,123,0,1,0,0,0,0,0,0,0,0,0,0,00049-4900-30
00049-4900-30_RXNAVIMAGE10_283D940C_2.jpg,OVAL,BLUE,7,OVAL_BLUE,123,0,1,0,0,0,0,0,0,0,0,0,0,00049-4900-30
55111-0606-01_RXNAVIMAGE10_C94164FB_1.jpg,OVAL,YELLOW,7,OVAL_YELLOW,145,0,0,0,0,0,0,0,0,0,0,0,1,55111-0606-01
55111-0606-01_RXNAVIMAGE10_C94164FB_2.jpg,OVAL,YELLOW,7,OVAL_YELLOW,145,0,0,0,0,0,0,0,0,0,0,0,1,55111-0606-01
00078-0176-15_RXNAVIMAGE10_B80EDC36_1.jpg,CAPSULE,"BROWN, WHITE",1,"CAPSULE_BROWN, WHITE",20,0,0,1,0,0,0,0,0,0,0,1,0,00078-0176-15
00078-0176-15_RXNAVIMAGE10_B80EDC36_2.jpg,CAPSULE,"BROWN, WHITE",1,"CAPSULE_BROWN, WHITE",20,0,0,1,0,0,0,0,0,0,0,1,0,00078-0176-15
00046-1103-81_RXNAVIMAGE10_B43E5A32_1.jpg,OVAL,WHITE,7,OVAL_WHITE,139,0,0,0,0,0,0,0,0,0,0,1,0,00046-1103-81
00046-1103-81_RXNAVIMAGE10_B43E5A32_2.jpg,OVAL,WHITE,7,OVAL_WHITE,139,0,0,0,0,0,0,0,0,0,0,1,0,00046-1103-81
00406-0366-01_RXNAVIMAGE10_B315D9BE_1.jpg,OVAL,WHITE,7,OVAL_WHITE,139,0,0,0,0,0,0,0,0,0,0,1,0,00406-0366-01
00406-0366-01_RXNAVIMAGE10_B315D9BE_2.jpg,OVAL,WHITE,7,OVAL_WHITE,139,0,0,0,0,0,0,0,0,0,0,1,0,00406-0366-01
00093-5768-56_RXNAVIMAGE10_7A1C3D41_1.jpg,ROUND,WHITE,10,ROUND_WHITE,174,0,0,0,0,0,0,0,0,0,0,1,0,00093-5768-56
00093-5768-56_RXNAVIMAGE10_7A1C3D41_2.jpg,ROUND,WHITE,10,ROUND_WHITE,174,0,0,0,0,0,0,0,0,0,0,1,0,00093-5768-56
00378-6201-01_RXNAVIMAGE10_9312C996_1.jpg,CAPSULE,"RED, WHITE",1,"CAPSULE_RED, WHITE",74,0,0,0,0,0,0,0,0,1,0,1,0,00378-6201-01
00378-6201-01_RXNAVIMAGE10_9312C996_2.jpg,CAPSULE,"RED, WHITE",1,"CAPSULE_RED, WHITE",74,0,0,0,0,0,0,0,0,1,0,1,0,00378-6201-01
69097-0125-03_RXNAVIMAGE10_2F5097D4_1.jpg,OVAL,PINK,7,OVAL_PINK,133,0,0,0,0,0,0,1,0,0,0,0,0,69097-0125-03
69097-0125-03_RXNAVIMAGE10_2F5097D4_2.jpg,OVAL,PINK,7,OVAL_PINK,133,0,0,0,0,0,0,1,0,0,0,0,0,69097-0125-03
00093-2048-56_RXNAVIMAGE10_632B3189_1.jpg,ROUND,WHITE,10,ROUND_WHITE,174,0,0,0,0,0,0,0,0,0,0,1,0,00093-2048-56
00093-2048-56_RXNAVIMAGE10_632B3189_2.jpg,ROUND,WHITE,10,ROUND_WHITE,174,0,0,0,0,0,0,0,0,0,0,1,0,00093-2048-56
00781-5184-01_RXNAVIMAGE10_6E21B76D_1.jpg,OVAL,YELLOW,7,OVAL_YELLOW,145,0,0,0,0,0,0,0,0,0,0,0,1,00781-5184-01
00781-5184-01_RXNAVIMAGE10_6E21B76D_2.jpg,OVAL,YELLOW,7,OVAL_YELLOW,145,0,0,0,0,0,0,0,0,0,0,0,1,00781-5184-01
00093-5161-01_RXNAVIMAGE10_6342B1C5_1.jpg,ROUND,WHITE,10,ROUND_WHITE,174,0,0,0,0,0,0,0,0,0,0,1,0,00093-5161-01
00093-5161-01_RXNAVIMAGE10_6342B1C5_2.jpg,ROUND,WHITE,10,ROUND_WHITE,174,0,0,0,0,0,0,0,0,0,0,1,0,00093-5161-01
00378-4881-01_RXNAVIMAGE10_F5127AA3_1.jpg,ROUND,YELLOW,10,ROUND_YELLOW,178,0,0,0,0,0,0,0,0,0,0,0,1,00378-4881-01
00378-4881-01_RXNAVIMAGE10_F5127AA3_2.jpg,ROUND,YELLOW,10,ROUND_YELLOW,178,0,0,0,0,0,0,0,0,0,0,0,1,00378-4881-01
00002-4463-30_RXNAVIMAGE10_B5155ACA_1.jpg,TEAR,YELLOW,13,TEAR_YELLOW,193,0,0,0,0,0,0,0,0,0,0,0,1,00002-4463-30
00002-4463-30_RXNAVIMAGE10_B5155ACA_2.jpg,TEAR,YELLOW,13,TEAR_YELLOW,193,0,0,0,0,0,0,0,0,0,0,0,1,00002-4463-30
00228-2497-10_RXNAVIMAGE10_910848D2_1.jpg,OVAL,YELLOW,7,OVAL_YELLOW,145,0,0,0,0,0,0,0,0,0,0,0,1,00228-2497-10
00228-2497-10_RXNAVIMAGE10_910848D2_2.jpg,OVAL,YELLOW,7,OVAL_YELLOW,145,0,0,0,0,0,0,0,0,0,0,0,1,00228-2497-10
00781-1486-01_RXNAVIMAGE10_16240B50_1.jpg,ROUND,PINK,10,ROUND_PINK,168,0,0,0,0,0,0,1,0,0,0,0,0,00781-1486-01
00781-1486-01_RXNAVIMAGE10_16240B50_2.jpg,ROUND,PINK,10,ROUND_PINK,168,0,0,0,0,0,0,1,0,0,0,0,0,00781-1486-01
00049-3960-60_RXNAVIMAGE10_3F159F9C_1.jpg,CAPSULE,"BLUE, WHITE",1,"CAPSULE_BLUE, WHITE",16,0,1,0,0,0,0,0,0,0,0,1,0,00049-3960-60
00049-3960-60_RXNAVIMAGE10_3F159F9C_2.jpg,CAPSULE,"BLUE, WHITE",1,"CAPSULE_BLUE, WHITE",16,0,1,0,0,0,0,0,0,0,0,1,0,00049-3960-60
00173-0783-62_RXNAVIMAGE10_4A192579_1.jpg,OVAL,YELLOW,7,OVAL_YELLOW,145,0,0,0,0,0,0,0,0,0,0,0,1,00173-0783-62
00173-0783-62_RXNAVIMAGE10_4A192579_2.jpg,OVAL,YELLOW,7,OVAL_YELLOW,145,0,0,0,0,0,0,0,0,0,0,0,1,00173-0783-62
00093-8161-01_RXNAVIMAGE10_95364AD2_1.jpg,ROUND,ORANGE,10,ROUND_ORANGE,166,0,0,0,0,0,1,0,0,0,0,0,0,00093-8161-01
00093-8161-01_RXNAVIMAGE10_95364AD2_2.jpg,ROUND,ORANGE,10,ROUND_ORANGE,166,0,0,0,0,0,1,0,0,0,0,0,0,00093-8161-01
00078-0423-15_RXNAVIMAGE10_9D3B4ECA_1.jpg,OVAL,YELLOW,7,OVAL_YELLOW,145,0,0,0,0,0,0,0,0,0,0,0,1,00078-0423-15
00078-0423-15_RXNAVIMAGE10_9D3B4ECA_2.jpg,OVAL,YELLOW,7,OVAL_YELLOW,145,0,0,0,0,0,0,0,0,0,0,0,1,00078-0423-15
00832-0038-00_RXNAVIMAGE10_BB22DDA6_1.jpg,ROUND,WHITE,10,ROUND_WHITE,174,0,0,0,0,0,0,0,0,0,0,1,0,00832-0038-00
00832-0038-00_RXNAVIMAGE10_BB22DDA6_2.jpg,ROUND,WHITE,10,ROUND_WHITE,174,0,0,0,0,0,0,0,0,0,0,1,0,00832-0038-00
00781-1962-60_RXNAVIMAGE10_00050068_1.jpg,OVAL,WHITE,7,OVAL_WHITE,139,0,0,0,0,0,0,0,0,0,0,1,0,00781-1962-60
00781-1962-60_RXNAVIMAGE10_00050068_2.jpg,OVAL,WHITE,7,OVAL_WHITE,139,0,0,0,0,0,0,0,0,0,0,1,0,00781-1962-60
13913-0004-19_RXNAVIMAGE10_E23B717B_1.jpg,OVAL,WHITE,7,OVAL_WHITE,139,0,0,0,0,0,0,0,0,0,0,1,0,13913-0004-19
13913-0004-19_RXNAVIMAGE10_E23B717B_2.jpg,OVAL,WHITE,7,OVAL_WHITE,139,0,0,0,0,0,0,0,0,0,0,1,0,13913-0004-19
76439-0123-10_RXNAVIMAGE10_6A3DB50D_1.jpg,OVAL,PINK,7,OVAL_PINK,133,0,0,0,0,0,0,1,0,0,0,0,0,76439-0123-10
76439-0123-10_RXNAVIMAGE10_6A3DB50D_2.jpg,OVAL,PINK,7,OVAL_PINK,133,0,0,0,0,0,0,1,0,0,0,0,0,76439-0123-10
51285-0162-88_RXNAVIMAGE10_F2367923_1.jpg,ROUND,WHITE,10,ROUND_WHITE,174,0,0,0,0,0,0,0,0,0,0,1,0,51285-0162-88
51285-0162-88_RXNAVIMAGE10_F2367923_2.jpg,ROUND,WHITE,10,ROUND_WHITE,174,0,0,0,0,0,0,0,0,0,0,1,0,51285-0162-88
00093-7442-56_RXNAVIMAGE10_30271848_1.jpg,CAPSULE,"WHITE, PINK",1,"CAPSULE_WHITE, PINK",88,0,0,0,0,0,0,1,0,0,0,1,0,00093-7442-56
00093-7442-56_RXNAVIMAGE10_30271848_2.jpg,CAPSULE,"WHITE, PINK",1,"CAPSULE_WHITE, PINK",88,0,0,0,0,0,0,1,0,0,0,1,0,00093-7442-56
51285-0083-70_RXNAVIMAGE10_2E2F970C_1.jpg,ROUND,PINK,10,ROUND_PINK,168,0,0,0,0,0,0,1,0,0,0,0,0,51285-0083-70
51285-0083-70_RXNAVIMAGE10_2E2F970C_2.jpg,ROUND,PINK,10,ROUND_PINK,168,0,0,0,0,0,0,1,0,0,0,0,0,51285-0083-70
53489-0108-01_RXNAVIMAGE10_1A040D00_1.jpg,ROUND,ORANGE,10,ROUND_ORANGE,166,0,0,0,0,0,1,0,0,0,0,0,0,53489-0108-01
53489-0108-01_RXNAVIMAGE10_1A040D00_2.jpg,ROUND,ORANGE,10,ROUND_ORANGE,166,0,0,0,0,0,1,0,0,0,0,0,0,53489-0108-01
49702-0216-18_RXNAVIMAGE10_71193899_1.jpg,OVAL,BLUE,7,OVAL_BLUE,123,0,1,0,0,0,0,0,0,0,0,0,0,49702-0216-18
49702-0216-18_RXNAVIMAGE10_71193899_2.jpg,OVAL,BLUE,7,OVAL_BLUE,123,0,1,0,0,0,0,0,0,0,0,0,0,49702-0216-18
00904-5870-61_RXNAVIMAGE10_F532FA97_1.jpg,OVAL,WHITE,7,OVAL_WHITE,139,0,0,0,0,0,0,0,0,0,0,1,0,00904-5870-61
00904-5870-61_RXNAVIMAGE10_F532FA97_2.jpg,OVAL,WHITE,7,OVAL_WHITE,139,0,0,0,0,0,0,0,0,0,0,1,0,00904-5870-61
60505-2581-00_RXNAVIMAGE10_003A8024_1.jpg,OVAL,WHITE,7,OVAL_WHITE,139,0,0,0,0,0,0,0,0,0,0,1,0,60505-2581-00
60505-2581-00_RXNAVIMAGE10_003A8024_2.jpg,OVAL,WHITE,7,OVAL_WHITE,139,0,0,0,0,0,0,0,0,0,0,1,0,60505-2581-00
50111-0324-01_RXNAVIMAGE10_A62F535A_1.jpg,ROUND,WHITE,10,ROUND_WHITE,174,0,0,0,0,0,0,0,0,0,0,1,0,50111-0324-01
50111-0324-01_RXNAVIMAGE10_A62F535A_2.jpg,ROUND,WHITE,10,ROUND_WHITE,174,0,0,0,0,0,0,0,0,0,0,1,0,50111-0324-01
64376-0655-01_RXNAVIMAGE10_7240B905_1.jpg,ROUND,WHITE,10,ROUND_WHITE,174,0,0,0,0,0,0,0,0,0,0,1,0,64376-0655-01
64376-0655-01_RXNAVIMAGE10_7240B905_2.jpg,ROUND,WHITE,10,ROUND_WHITE,174,0,0,0,0,0,0,0,0,0,0,1,0,64376-0655-01
00093-4030-01_RXNAVIMAGE10_20271038_1.jpg,CAPSULE,GREEN,1,CAPSULE_GREEN,32,0,0,0,0,1,0,0,0,0,0,0,0,00093-4030-01
00093-4030-01_RXNAVIMAGE10_20271038_2.jpg,CAPSULE,GREEN,1,CAPSULE_GREEN,32,0,0,0,0,1,0,0,0,0,0,0,0,00093-4030-01
16714-0041-12_RXNAVIMAGE10_23441180_1.jpg,ROUND,WHITE,10,ROUND_WHITE,174,0,0,0,0,0,0,0,0,0,0,1,0,16714-0041-12
16714-0041-12_RXNAVIMAGE10_23441180_2.jpg,ROUND,WHITE,10,ROUND_WHITE,174,0,0,0,0,0,0,0,0,0,0,1,0,16714-0041-12
00527-1347-10_RXNAVIMAGE10_430821D1_1.jpg,ROUND,BROWN,10,ROUND_BROWN,162,0,0,1,0,0,0,0,0,0,0,0,0,00527-1347-10
00527-1347-10_RXNAVIMAGE10_430821D1_2.jpg,ROUND,BROWN,10,ROUND_BROWN,162,0,0,1,0,0,0,0,0,0,0,0,0,00527-1347-10
31722-0228-01_RXNAVIMAGE10_8C4D466A_1.jpg,CAPSULE,BROWN,1,CAPSULE_BROWN,18,0,0,1,0,0,0,0,0,0,0,0,0,31722-0228-01
31722-0228-01_RXNAVIMAGE10_8C4D466A_2.jpg,CAPSULE,BROWN,1,CAPSULE_BROWN,18,0,0,1,0,0,0,0,0,0,0,0,0,31722-0228-01
55111-0197-30_RXNAVIMAGE10_D7236B9B_1.jpg,ROUND,BROWN,10,ROUND_BROWN,162,0,0,1,0,0,0,0,0,0,0,0,0,55111-0197-30
55111-0197-30_RXNAVIMAGE10_D7236B9B_2.jpg,ROUND,BROWN,10,ROUND_BROWN,162,0,0,1,0,0,0,0,0,0,0,0,0,55111-0197-30
64980-0112-01_RXNAVIMAGE10_DC236E0B_1.jpg,OVAL,WHITE,7,OVAL_WHITE,139,0,0,0,0,0,0,0,0,0,0,1,0,64980-0112-01
64980-0112-01_RXNAVIMAGE10_DC236E0B_2.jpg,OVAL,WHITE,7,OVAL_WHITE,139,0,0,0,0,0,0,0,0,0,0,1,0,64980-0112-01
62584-0976-01_RXNAVIMAGE10_4A352569_1.jpg,CAPSULE,GREEN,1,CAPSULE_GREEN,32,0,0,0,0,1,0,0,0,0,0,0,0,62584-0976-01
62584-0976-01_RXNAVIMAGE10_4A352569_2.jpg,CAPSULE,GREEN,1,CAPSULE_GREEN,32,0,0,0,0,1,0,0,0,0,0,0,0,62584-0976-01
50844-0329-07_RXNAVIMAGE10_AA35D51E_1.jpg,OVAL,PINK,7,OVAL_PINK,133,0,0,0,0,0,0,1,0,0,0,0,0,50844-0329-07
50844-0329-07_RXNAVIMAGE10_AA35D51E_2.jpg,OVAL,PINK,7,OVAL_PINK,133,0,0,0,0,0,0,1,0,0,0,0,0,50844-0329-07
49884-0514-10_RXNAVIMAGE10_6B403581_1.jpg,ROUND,YELLOW,10,ROUND_YELLOW,178,0,0,0,0,0,0,0,0,0,0,0,1,49884-0514-10
49884-0514-10_RXNAVIMAGE10_6B403581_2.jpg,ROUND,YELLOW,10,ROUND_YELLOW,178,0,0,0,0,0,0,0,0,0,0,0,1,49884-0514-10
51079-0795-20_RXNAVIMAGE10_66333339_1.jpg,OVAL,WHITE,7,OVAL_WHITE,139,0,0,0,0,0,0,0,0,0,0,1,0,51079-0795-20
51079-0795-20_RXNAVIMAGE10_66333339_2.jpg,OVAL,WHITE,7,OVAL_WHITE,139,0,0,0,0,0,0,0,0,0,0,1,0,51079-0795-20
51079-0438-20_RXNAVIMAGE10_60353079_1.jpg,CAPSULE,YELLOW,1,CAPSULE_YELLOW,94,0,0,0,0,0,0,0,0,0,0,0,1,51079-0438-20
51079-0438-20_RXNAVIMAGE10_60353079_2.jpg,CAPSULE,YELLOW,1,CAPSULE_YELLOW,94,0,0,0,0,0,0,0,0,0,0,0,1,51079-0438-20
00145-3817-03_RXNAVIMAGE10_DA196D7B_1.jpg,CAPSULE,YELLOW,1,CAPSULE_YELLOW,94,0,0,0,0,0,0,0,0,0,0,0,1,00145-3817-03
00145-3817-03_RXNAVIMAGE10_DA196D7B_2.jpg,CAPSULE,YELLOW,1,CAPSULE_YELLOW,94,0,0,0,0,0,0,0,0,0,0,0,1,00145-3817-03
51285-0410-02_RXNAVIMAGE10_0435826C_1.jpg,OVAL,YELLOW,7,OVAL_YELLOW,145,0,0,0,0,0,0,0,0,0,0,0,1,51285-0410-02
51285-0410-02_RXNAVIMAGE10_0435826C_2.jpg,OVAL,YELLOW,7,OVAL_YELLOW,145,0,0,0,0,0,0,0,0,0,0,0,1,51285-0410-02
00093-5851-01_RXNAVIMAGE10_812BC09E_1.jpg,ROUND,WHITE,10,ROUND_WHITE,174,0,0,0,0,0,0,0,0,0,0,1,0,00093-5851-01
00093-5851-01_RXNAVIMAGE10_812BC09E_2.jpg,ROUND,WHITE,10,ROUND_WHITE,174,0,0,0,0,0,0,0,0,0,0,1,0,00093-5851-01
64764-0677-30_RXNAVIMAGE10_2C1D964C_1.jpg,TEAR,GREEN,13,TEAR_GREEN,189,0,0,0,0,1,0,0,0,0,0,0,0,64764-0677-30
64764-0677-30_RXNAVIMAGE10_2C1D964C_2.jpg,TEAR,GREEN,13,TEAR_GREEN,189,0,0,0,0,1,0,0,0,0,0,0,0,64764-0677-30
50111-0916-01_RXNAVIMAGE10_131D89EC_1.jpg,ROUND,WHITE,10,ROUND_WHITE,174,0,0,0,0,0,0,0,0,0,0,1,0,50111-0916-01
50111-0916-01_RXNAVIMAGE10_131D89EC_2.jpg,ROUND,WHITE,10,ROUND_WHITE,174,0,0,0,0,0,0,0,0,0,0,1,0,50111-0916-01
00781-5220-10_RXNAVIMAGE10_08460410_1.jpg,ROUND,WHITE,10,ROUND_WHITE,174,0,0,0,0,0,0,0,0,0,0,1,0,00781-5220-10
00781-5220-10_RXNAVIMAGE10_08460410_2.jpg,ROUND,WHITE,10,ROUND_WHITE,174,0,0,0,0,0,0,0,0,0,0,1,0,00781-5220-10
00378-0752-01_RXNAVIMAGE10_D432EA77_1.jpg,ROUND,TURQUOISE,10,ROUND_TURQUOISE,173,0,0,0,0,0,0,0,0,0,1,0,0,00378-0752-01
00378-0752-01_RXNAVIMAGE10_D432EA77_2.jpg,ROUND,TURQUOISE,10,ROUND_TURQUOISE,173,0,0,0,0,0,0,0,0,0,1,0,0,00378-0752-01
69097-0421-07_RXNAVIMAGE10_954D4ABA_1.jpg,CAPSULE,WHITE,1,CAPSULE_WHITE,81,0,0,0,0,0,0,0,0,0,0,1,0,69097-0421-07
69097-0421-07_RXNAVIMAGE10_954D4ABA_2.jpg,CAPSULE,WHITE,1,CAPSULE_WHITE,81,0,0,0,0,0,0,0,0,0,0,1,0,69097-0421-07
62037-0640-30_RXNAVIMAGE10_19268CC4_1.jpg,CAPSULE,GREEN,1,CAPSULE_GREEN,32,0,0,0,0,1,0,0,0,0,0,0,0,62037-0640-30
62037-0640-30_RXNAVIMAGE10_19268CC4_2.jpg,CAPSULE,GREEN,1,CAPSULE_GREEN,32,0,0,0,0,1,0,0,0,0,0,0,0,62037-0640-30
00093-3122-98_RXNAVIMAGE10_0A160530_1.jpg,ROUND,WHITE,10,ROUND_WHITE,174,0,0,0,0,0,0,0,0,0,0,1,0,00093-3122-98
00093-3122-98_RXNAVIMAGE10_0A160530_2.jpg,ROUND,WHITE,10,ROUND_WHITE,174,0,0,0,0,0,0,0,0,0,0,1,0,00093-3122-98
43547-0362-11_RXNAVIMAGE10_A750D3D6_1.jpg,ROUND,WHITE,10,ROUND_WHITE,174,0,0,0,0,0,0,0,0,0,0,1,0,43547-0362-11
43547-0362-11_RXNAVIMAGE10_A750D3D6_2.jpg,ROUND,WHITE,10,ROUND_WHITE,174,0,0,0,0,0,0,0,0,0,0,1,0,43547-0362-11
00527-1409-01_RXNAVIMAGE10_090904B8_1.jpg,OVAL,GREEN,7,OVAL_GREEN,129,0,0,0,0,1,0,0,0,0,0,0,0,00527-1409-01
00527-1409-01_RXNAVIMAGE10_090904B8_2.jpg,OVAL,GREEN,7,OVAL_GREEN,129,0,0,0,0,1,0,0,0,0,0,0,0,00527-1409-01
43547-0338-10_RXNAVIMAGE10_EC39F65F_1.jpg,ROUND,BLUE,10,ROUND_BLUE,160,0,1,0,0,0,0,0,0,0,0,0,0,43547-0338-10
43547-0338-10_RXNAVIMAGE10_EC39F65F_2.jpg,ROUND,BLUE,10,ROUND_BLUE,160,0,1,0,0,0,0,0,0,0,0,0,0,43547-0338-10
00093-0054-01_RXNAVIMAGE10_7226B965_1.jpg,ROUND,WHITE,10,ROUND_WHITE,174,0,0,0,0,0,0,0,0,0,0,1,0,00093-0054-01
00093-0054-01_RXNAVIMAGE10_7226B965_2.jpg,ROUND,WHITE,10,ROUND_WHITE,174,0,0,0,0,0,0,0,0,0,0,1,0,00093-0054-01
00378-2721-91_RXNAVIMAGE10_2507929C_1.jpg,ROUND,BLUE,10,ROUND_BLUE,160,0,1,0,0,0,0,0,0,0,0,0,0,00378-2721-91
00378-2721-91_RXNAVIMAGE10_2507929C_2.jpg,ROUND,BLUE,10,ROUND_BLUE,160,0,1,0,0,0,0,0,0,0,0,0,0,00378-2721-91
00378-1452-05_RXNAVIMAGE10_5F23AFDD_1.jpg,ROUND,WHITE,10,ROUND_WHITE,174,0,0,0,0,0,0,0,0,0,0,1,0,00378-1452-05
00378-1452-05_RXNAVIMAGE10_5F23AFDD_2.jpg,ROUND,WHITE,10,ROUND_WHITE,174,0,0,0,0,0,0,0,0,0,0,1,0,00378-1452-05
00555-9064-58_RXNAVIMAGE10_08368464_1.jpg,ROUND,YELLOW,10,ROUND_YELLOW,178,0,0,0,0,0,0,0,0,0,0,0,1,00555-9064-58
00555-9064-58_RXNAVIMAGE10_08368464_2.jpg,ROUND,YELLOW,10,ROUND_YELLOW,178,0,0,0,0,0,0,0,0,0,0,0,1,00555-9064-58
00093-0221-06_RXNAVIMAGE10_9F294FDA_1.jpg,ROUND,YELLOW,10,ROUND_YELLOW,178,0,0,0,0,0,0,0,0,0,0,0,1,00093-0221-06
00093-0221-06_RXNAVIMAGE10_9F294FDA_2.jpg,ROUND,YELLOW,10,ROUND_YELLOW,178,0,0,0,0,0,0,0,0,0,0,0,1,00093-0221-06
62037-0697-30_RXNAVIMAGE10_6E473769_1.jpg,CAPSULE,"BLUE, WHITE",1,"CAPSULE_BLUE, WHITE",16,0,1,0,0,0,0,0,0,0,0,1,0,62037-0697-30
62037-0697-30_RXNAVIMAGE10_6E473769_2.jpg,CAPSULE,"BLUE, WHITE",1,"CAPSULE_BLUE, WHITE",16,0,1,0,0,0,0,0,0,0,0,1,0,62037-0697-30
68462-0502-01_RXNAVIMAGE10_B14ED8A6_1.jpg,OVAL,YELLOW,7,OVAL_YELLOW,145,0,0,0,0,0,0,0,0,0,0,0,1,68462-0502-01
68462-0502-01_RXNAVIMAGE10_B14ED8A6_2.jpg,OVAL,YELLOW,7,OVAL_YELLOW,145,0,0,0,0,0,0,0,0,0,0,0,1,68462-0502-01
43547-0274-10_RXNAVIMAGE10_5A3D2D49_1.jpg,ROUND,BLUE,10,ROUND_BLUE,160,0,1,0,0,0,0,0,0,0,0,0,0,43547-0274-10
43547-0274-10_RXNAVIMAGE10_5A3D2D49_2.jpg,ROUND,BLUE,10,ROUND_BLUE,160,0,1,0,0,0,0,0,0,0,0,0,0,43547-0274-10
00093-5293-01_RXNAVIMAGE10_46422341_1.jpg,CAPSULE,WHITE,1,CAPSULE_WHITE,81,0,0,0,0,0,0,0,0,0,0,1,0,00093-5293-01
00093-5293-01_RXNAVIMAGE10_46422341_2.jpg,CAPSULE,WHITE,1,CAPSULE_WHITE,81,0,0,0,0,0,0,0,0,0,0,1,0,00093-5293-01
00527-1346-10_RXNAVIMAGE10_47082381_1.jpg,ROUND,PINK,10,ROUND_PINK,168,0,0,0,0,0,0,1,0,0,0,0,0,00527-1346-10
00527-1346-10_RXNAVIMAGE10_47082381_2.jpg,ROUND,PINK,10,ROUND_PINK,168,0,0,0,0,0,0,1,0,0,0,0,0,00527-1346-10
68180-0598-01_RXNAVIMAGE10_783FBC6D_1.jpg,CAPSULE,"WHITE, YELLOW",1,"CAPSULE_WHITE, YELLOW",93,0,0,0,0,0,0,0,0,0,0,1,1,68180-0598-01
68180-0598-01_RXNAVIMAGE10_783FBC6D_2.jpg,CAPSULE,"WHITE, YELLOW",1,"CAPSULE_WHITE, YELLOW",93,0,0,0,0,0,0,0,0,0,0,1,1,68180-0598-01
51079-0876-20_RXNAVIMAGE10_14350A38_1.jpg,CAPSULE,BLUE,1,CAPSULE_BLUE,7,0,1,0,0,0,0,0,0,0,0,0,0,51079-0876-20
51079-0876-20_RXNAVIMAGE10_14350A38_2.jpg,CAPSULE,BLUE,1,CAPSULE_BLUE,7,0,1,0,0,0,0,0,0,0,0,0,0,51079-0876-20
47335-0580-81_RXNAVIMAGE10_7212B945_1.jpg,ROUND,YELLOW,10,ROUND_YELLOW,178,0,0,0,0,0,0,0,0,0,0,0,1,47335-0580-81
47335-0580-81_RXNAVIMAGE10_7212B945_2.jpg,ROUND,YELLOW,10,ROUND_YELLOW,178,0,0,0,0,0,0,0,0,0,0,0,1,47335-0580-81
16714-0357-01_RXNAVIMAGE10_D949ECFF_1.jpg,OVAL,WHITE,7,OVAL_WHITE,139,0,0,0,0,0,0,0,0,0,0,1,0,16714-0357-01
16714-0357-01_RXNAVIMAGE10_D949ECFF_2.jpg,OVAL,WHITE,7,OVAL_WHITE,139,0,0,0,0,0,0,0,0,0,0,1,0,16714-0357-01
60505-2850-01_RXNAVIMAGE10_30441840_1.jpg,ROUND,YELLOW,10,ROUND_YELLOW,178,0,0,0,0,0,0,0,0,0,0,0,1,60505-2850-01
60505-2850-01_RXNAVIMAGE10_30441840_2.jpg,ROUND,YELLOW,10,ROUND_YELLOW,178,0,0,0,0,0,0,0,0,0,0,0,1,60505-2850-01
00093-3171-01_RXNAVIMAGE10_E626F327_1.jpg,CAPSULE,"RED, BLUE",1,"CAPSULE_RED, BLUE",70,0,1,0,0,0,0,0,0,1,0,0,0,00093-3171-01
00093-3171-01_RXNAVIMAGE10_E626F327_2.jpg,CAPSULE,"RED, BLUE",1,"CAPSULE_RED, BLUE",70,0,1,0,0,0,0,0,0,1,0,0,0,00093-3171-01
64679-0928-01_RXNAVIMAGE10_92344972_1.jpg,ROUND,WHITE,10,ROUND_WHITE,174,0,0,0,0,0,0,0,0,0,0,1,0,64679-0928-01
64679-0928-01_RXNAVIMAGE10_92344972_2.jpg,ROUND,WHITE,10,ROUND_WHITE,174,0,0,0,0,0,0,0,0,0,0,1,0,64679-0928-01
59779-0525-22_RXNAVIMAGE10_F738FBD7_1.jpg,ROUND,WHITE,10,ROUND_WHITE,174,0,0,0,0,0,0,0,0,0,0,1,0,59779-0525-22
59779-0525-22_RXNAVIMAGE10_F738FBD7_2.jpg,ROUND,WHITE,10,ROUND_WHITE,174,0,0,0,0,0,0,0,0,0,0,1,0,59779-0525-22
00378-4595-77_RXNAVIMAGE10_1E450F38_1.jpg,ROUND,WHITE,10,ROUND_WHITE,174,0,0,0,0,0,0,0,0,0,0,1,0,00378-4595-77
00378-4595-77_RXNAVIMAGE10_1E450F38_2.jpg,ROUND,WHITE,10,ROUND_WHITE,174,0,0,0,0,0,0,0,0,0,0,1,0,00378-4595-77
00007-4640-13_RXNAVIMAGE10_ED18F697_1.jpg,ROUND,ORANGE,10,ROUND_ORANGE,166,0,0,0,0,0,1,0,0,0,0,0,0,00007-4640-13
00007-4640-13_RXNAVIMAGE10_ED18F697_2.jpg,ROUND,ORANGE,10,ROUND_ORANGE,166,0,0,0,0,0,1,0,0,0,0,0,0,00007-4640-13
00228-2900-11_RXNAVIMAGE10_5507AA9D_1.jpg,ROUND,WHITE,10,ROUND_WHITE,174,0,0,0,0,0,0,0,0,0,0,1,0,00228-2900-11
00228-2900-11_RXNAVIMAGE10_5507AA9D_2.jpg,ROUND,WHITE,10,ROUND_WHITE,174,0,0,0,0,0,0,0,0,0,0,1,0,00228-2900-11
00378-6709-93_RXNAVIMAGE10_424B2109_1.jpg,ROUND,BROWN,10,ROUND_BROWN,162,0,0,1,0,0,0,0,0,0,0,0,0,00378-6709-93
00378-6709-93_RXNAVIMAGE10_424B2109_2.jpg,ROUND,BROWN,10,ROUND_BROWN,162,0,0,1,0,0,0,0,0,0,0,0,0,00378-6709-93
50419-0106-10_RXNAVIMAGE10_10190868_1.jpg,OVAL,BLUE,7,OVAL_BLUE,123,0,1,0,0,0,0,0,0,0,0,0,0,50419-0106-10
50419-0106-10_RXNAVIMAGE10_10190868_2.jpg,OVAL,BLUE,7,OVAL_BLUE,123,0,1,0,0,0,0,0,0,0,0,0,0,50419-0106-10
62756-0711-86_RXNAVIMAGE10_850EC286_1.jpg,ROUND,YELLOW,10,ROUND_YELLOW,178,0,0,0,0,0,0,0,0,0,0,0,1,62756-0711-86
62756-0711-86_RXNAVIMAGE10_850EC286_2.jpg,ROUND,YELLOW,10,ROUND_YELLOW,178,0,0,0,0,0,0,0,0,0,0,0,1,62756-0711-86
67253-0181-10_RXNAVIMAGE10_0F200790_1.jpg,CAPSULE,"GRAY, BLUE",1,"CAPSULE_GRAY, BLUE",23,0,1,0,1,0,0,0,0,0,0,0,0,67253-0181-10
67253-0181-10_RXNAVIMAGE10_0F200790_2.jpg,CAPSULE,"GRAY, BLUE",1,"CAPSULE_GRAY, BLUE",23,0,1,0,1,0,0,0,0,0,0,0,0,67253-0181-10
00143-3126-01_RXNAVIMAGE10_AF34D7F6_1.jpg,CAPSULE,BLUE,1,CAPSULE_BLUE,7,0,1,0,0,0,0,0,0,0,0,0,0,00143-3126-01
00143-3126-01_RXNAVIMAGE10_AF34D7F6_2.jpg,CAPSULE,BLUE,1,CAPSULE_BLUE,7,0,1,0,0,0,0,0,0,0,0,0,0,00143-3126-01
55111-0399-90_RXNAVIMAGE10_B23BD95E_1.jpg,CAPSULE,"PINK, BLACK",1,"CAPSULE_PINK, BLACK",53,1,0,0,0,0,0,1,0,0,0,0,0,55111-0399-90
55111-0399-90_RXNAVIMAGE10_B23BD95E_2.jpg,CAPSULE,"PINK, BLACK",1,"CAPSULE_PINK, BLACK",53,1,0,0,0,0,0,1,0,0,0,0,0,55111-0399-90
00378-6233-01_RXNAVIMAGE10_47242381_1.jpg,ROUND,WHITE,10,ROUND_WHITE,174,0,0,0,0,0,0,0,0,0,0,1,0,00378-6233-01
00378-6233-01_RXNAVIMAGE10_47242381_2.jpg,ROUND,WHITE,10,ROUND_WHITE,174,0,0,0,0,0,0,0,0,0,0,1,0,00378-6233-01
13668-0014-05_RXNAVIMAGE10_2E081750_1.jpg,OVAL,BLUE,7,OVAL_BLUE,123,0,1,0,0,0,0,0,0,0,0,0,0,13668-0014-05
13668-0014-05_RXNAVIMAGE10_2E081750_2.jpg,OVAL,BLUE,7,OVAL_BLUE,123,0,1,0,0,0,0,0,0,0,0,0,0,13668-0014-05
49884-0946-01_RXNAVIMAGE10_3033987C_1.jpg,OVAL,ORANGE,7,OVAL_ORANGE,130,0,0,0,0,0,1,0,0,0,0,0,0,49884-0946-01
49884-0946-01_RXNAVIMAGE10_3033987C_2.jpg,OVAL,ORANGE,7,OVAL_ORANGE,130,0,0,0,0,0,1,0,0,0,0,0,0,49884-0946-01
23155-0002-01_RXNAVIMAGE10_784FBC4D_1.jpg,ROUND,PINK,10,ROUND_PINK,168,0,0,0,0,0,0,1,0,0,0,0,0,23155-0002-01
23155-0002-01_RXNAVIMAGE10_784FBC4D_2.jpg,ROUND,PINK,10,ROUND_PINK,168,0,0,0,0,0,0,1,0,0,0,0,0,23155-0002-01
00054-4130-25_RXNAVIMAGE10_890544AA_1.jpg,ROUND,BLUE,10,ROUND_BLUE,160,0,1,0,0,0,0,0,0,0,0,0,0,00054-4130-25
00054-4130-25_RXNAVIMAGE10_890544AA_2.jpg,ROUND,BLUE,10,ROUND_BLUE,160,0,1,0,0,0,0,0,0,0,0,0,0,00054-4130-25
65862-0619-90_RXNAVIMAGE10_964B4B0A_1.jpg,ROUND,BROWN,10,ROUND_BROWN,162,0,0,1,0,0,0,0,0,0,0,0,0,65862-0619-90
65862-0619-90_RXNAVIMAGE10_964B4B0A_2.jpg,ROUND,BROWN,10,ROUND_BROWN,162,0,0,1,0,0,0,0,0,0,0,0,0,65862-0619-90
59746-0173-10_RXNAVIMAGE10_D14EE897_1.jpg,ROUND,WHITE,10,ROUND_WHITE,174,0,0,0,0,0,0,0,0,0,0,1,0,59746-0173-10
59746-0173-10_RXNAVIMAGE10_D14EE897_2.jpg,ROUND,WHITE,10,ROUND_WHITE,174,0,0,0,0,0,0,0,0,0,0,1,0,59746-0173-10
49884-0020-01_RXNAVIMAGE10_F2467943_1.jpg,ROUND,WHITE,10,ROUND_WHITE,174,0,0,0,0,0,0,0,0,0,0,1,0,49884-0020-01
49884-0020-01_RXNAVIMAGE10_F2467943_2.jpg,ROUND,WHITE,10,ROUND_WHITE,174,0,0,0,0,0,0,0,0,0,0,1,0,49884-0020-01
60505-1325-01_RXNAVIMAGE10_124E8954_1.jpg,ROUND,BLUE,10,ROUND_BLUE,160,0,1,0,0,0,0,0,0,0,0,0,0,60505-1325-01
60505-1325-01_RXNAVIMAGE10_124E8954_2.jpg,ROUND,BLUE,10,ROUND_BLUE,160,0,1,0,0,0,0,0,0,0,0,0,0,60505-1325-01
00555-0590-01_RXNAVIMAGE10_0E2F871C_1.jpg,CAPSULE,"RED, WHITE",1,"CAPSULE_RED, WHITE",74,0,0,0,0,0,0,0,0,1,0,1,0,00555-0590-01
00555-0590-01_RXNAVIMAGE10_0E2F871C_2.jpg,CAPSULE,"RED, WHITE",1,"CAPSULE_RED, WHITE",74,0,0,0,0,0,0,0,0,1,0,1,0,00555-0590-01
50419-0405-01_RXNAVIMAGE10_C11960EB_1.jpg,ROUND,WHITE,10,ROUND_WHITE,174,0,0,0,0,0,0,0,0,0,0,1,0,50419-0405-01
50419-0405-01_RXNAVIMAGE10_C11960EB_2.jpg,ROUND,WHITE,10,ROUND_WHITE,174,0,0,0,0,0,0,0,0,0,0,1,0,50419-0405-01
00078-0358-34_RXNAVIMAGE10_EA15750B_1.jpg,TEAR,RED,13,TEAR_RED,191,0,0,0,0,0,0,0,0,1,0,0,0,00078-0358-34
00078-0358-34_RXNAVIMAGE10_EA15750B_2.jpg,TEAR,RED,13,TEAR_RED,191,0,0,0,0,0,0,0,0,1,0,0,0,00078-0358-34
51991-0738-01_RXNAVIMAGE10_951B4ADA_1.jpg,ROUND,WHITE,10,ROUND_WHITE,174,0,0,0,0,0,0,0,0,0,0,1,0,51991-0738-01
51991-0738-01_RXNAVIMAGE10_951B4ADA_2.jpg,ROUND,WHITE,10,ROUND_WHITE,174,0,0,0,0,0,0,0,0,0,0,1,0,51991-0738-01
00093-7300-01_RXNAVIMAGE10_BE365F12_1.jpg,CAPSULE,"GRAY, WHITE",1,"CAPSULE_GRAY, WHITE",30,0,0,0,1,0,0,0,0,0,0,1,0,00093-7300-01
00093-7300-01_RXNAVIMAGE10_BE365F12_2.jpg,CAPSULE,"GRAY, WHITE",1,"CAPSULE_GRAY, WHITE",30,0,0,0,1,0,0,0,0,0,0,1,0,00093-7300-01
31722-0213-05_RXNAVIMAGE10_6012B075_1.jpg,OVAL,BLUE,7,OVAL_BLUE,123,0,1,0,0,0,0,0,0,0,0,0,0,31722-0213-05
31722-0213-05_RXNAVIMAGE10_6012B075_2.jpg,OVAL,BLUE,7,OVAL_BLUE,123,0,1,0,0,0,0,0,0,0,0,0,0,31722-0213-05
00182-1093-01_RXNAVIMAGE10_4F35A78D_1.jpg,ROUND,BROWN,10,ROUND_BROWN,162,0,0,1,0,0,0,0,0,0,0,0,0,00182-1093-01
00182-1093-01_RXNAVIMAGE10_4F35A78D_2.jpg,ROUND,BROWN,10,ROUND_BROWN,162,0,0,1,0,0,0,0,0,0,0,0,0,00182-1093-01
53489-0647-01_RXNAVIMAGE10_2815945C_1.jpg,ROUND,WHITE,10,ROUND_WHITE,174,0,0,0,0,0,0,0,0,0,0,1,0,53489-0647-01
53489-0647-01_RXNAVIMAGE10_2815945C_2.jpg,ROUND,WHITE,10,ROUND_WHITE,174,0,0,0,0,0,0,0,0,0,0,1,0,53489-0647-01
00143-1475-01_RXNAVIMAGE10_B7205BF2_1.jpg,ROUND,WHITE,10,ROUND_WHITE,174,0,0,0,0,0,0,0,0,0,0,1,0,00143-1475-01
00143-1475-01_RXNAVIMAGE10_B7205BF2_2.jpg,ROUND,WHITE,10,ROUND_WHITE,174,0,0,0,0,0,0,0,0,0,0,1,0,00143-1475-01
00781-1619-66_RXNAVIMAGE10_1C340E00_1.jpg,ROUND,"PINK, BROWN",10,"ROUND_PINK, BROWN",169,0,0,1,0,0,0,1,0,0,0,0,0,00781-1619-66
00781-1619-66_RXNAVIMAGE10_1C340E00_2.jpg,ROUND,"PINK, BROWN",10,"ROUND_PINK, BROWN",169,0,0,1,0,0,0,1,0,0,0,0,0,00781-1619-66
00173-0777-02_RXNAVIMAGE10_B5195ABA_1.jpg,ROUND,WHITE,10,ROUND_WHITE,174,0,0,0,0,0,0,0,0,0,0,1,0,00173-0777-02
00173-0777-02_RXNAVIMAGE10_B5195ABA_2.jpg,ROUND,WHITE,10,ROUND_WHITE,174,0,0,0,0,0,0,0,0,0,0,1,0,00173-0777-02
16714-0297-02_RXNAVIMAGE10_6F44B7A5_1.jpg,OVAL,WHITE,7,OVAL_WHITE,139,0,0,0,0,0,0,0,0,0,0,1,0,16714-0297-02
16714-0297-02_RXNAVIMAGE10_6F44B7A5_2.jpg,OVAL,WHITE,7,OVAL_WHITE,139,0,0,0,0,0,0,0,0,0,0,1,0,16714-0297-02
00093-7222-98_RXNAVIMAGE10_4F3027F1_1.jpg,RECTANGLE,WHITE,9,RECTANGLE_WHITE,159,0,0,0,0,0,0,0,0,0,0,1,0,00093-7222-98
00093-7222-98_RXNAVIMAGE10_4F3027F1_2.jpg,RECTANGLE,WHITE,9,RECTANGLE_WHITE,159,0,0,0,0,0,0,0,0,0,0,1,0,00093-7222-98
00069-1540-68_RXNAVIMAGE10_BB1C5DE2_1.jpg,ROUND,WHITE,10,ROUND_WHITE,174,0,0,0,0,0,0,0,0,0,0,1,0,00069-1540-68
00069-1540-68_RXNAVIMAGE10_BB1C5DE2_2.jpg,ROUND,WHITE,10,ROUND_WHITE,174,0,0,0,0,0,0,0,0,0,0,1,0,00069-1540-68
68382-0078-16_RXNAVIMAGE10_C54062E3_1.jpg,CAPSULE,"YELLOW, BLUE",1,"CAPSULE_YELLOW, BLUE",96,0,1,0,0,0,0,0,0,0,0,0,1,68382-0078-16
68382-0078-16_RXNAVIMAGE10_C54062E3_2.jpg,CAPSULE,"YELLOW, BLUE",1,"CAPSULE_YELLOW, BLUE",96,0,1,0,0,0,0,0,0,0,0,0,1,68382-0078-16
00093-0050-01_RXNAVIMAGE10_CA426543_1.jpg,ROUND,WHITE,10,ROUND_WHITE,174,0,0,0,0,0,0,0,0,0,0,1,0,00093-0050-01
00093-0050-01_RXNAVIMAGE10_CA426543_2.jpg,ROUND,WHITE,10,ROUND_WHITE,174,0,0,0,0,0,0,0,0,0,0,1,0,00093-0050-01
53489-0141-05_RXNAVIMAGE10_BA0E5D12_1.jpg,ROUND,WHITE,10,ROUND_WHITE,174,0,0,0,0,0,0,0,0,0,0,1,0,53489-0141-05
53489-0141-05_RXNAVIMAGE10_BA0E5D12_2.jpg,ROUND,WHITE,10,ROUND_WHITE,174,0,0,0,0,0,0,0,0,0,0,1,0,53489-0141-05
62175-0302-46_RXNAVIMAGE10_C63EE317_1.jpg,ROUND,BLUE,10,ROUND_BLUE,160,0,1,0,0,0,0,0,0,0,0,0,0,62175-0302-46
62175-0302-46_RXNAVIMAGE10_C63EE317_2.jpg,ROUND,BLUE,10,ROUND_BLUE,160,0,1,0,0,0,0,0,0,0,0,0,0,62175-0302-46
00378-4250-01_RXNAVIMAGE10_E90574AB_1.jpg,CAPSULE,YELLOW,1,CAPSULE_YELLOW,94,0,0,0,0,0,0,0,0,0,0,0,1,00378-4250-01
00378-4250-01_RXNAVIMAGE10_E90574AB_2.jpg,CAPSULE,YELLOW,1,CAPSULE_YELLOW,94,0,0,0,0,0,0,0,0,0,0,0,1,00378-4250-01
00009-0055-01_RXNAVIMAGE10_CA1DE53F_1.jpg,OVAL,ORANGE,7,OVAL_ORANGE,130,0,0,0,0,0,1,0,0,0,0,0,0,00009-0055-01
00009-0055-01_RXNAVIMAGE10_CA1DE53F_2.jpg,OVAL,ORANGE,7,OVAL_ORANGE,130,0,0,0,0,0,1,0,0,0,0,0,0,00009-0055-01
00093-1718-01_RXNAVIMAGE10_5C472E69_1.jpg,OVAL,TURQUOISE,7,OVAL_TURQUOISE,138,0,0,0,0,0,0,0,0,0,1,0,0,00093-1718-01
00093-1718-01_RXNAVIMAGE10_5C472E69_2.jpg,OVAL,TURQUOISE,7,OVAL_TURQUOISE,138,0,0,0,0,0,0,0,0,0,1,0,0,00093-1718-01
62756-0511-83_RXNAVIMAGE10_BD445EF2_1.jpg,ROUND,YELLOW,10,ROUND_YELLOW,178,0,0,0,0,0,0,0,0,0,0,0,1,62756-0511-83
62756-0511-83_RXNAVIMAGE10_BD445EF2_2.jpg,ROUND,YELLOW,10,ROUND_YELLOW,178,0,0,0,0,0,0,0,0,0,0,0,1,62756-0511-83
10370-0117-10_RXNAVIMAGE10_851DC2BE_1.jpg,ROUND,YELLOW,10,ROUND_YELLOW,178,0,0,0,0,0,0,0,0,0,0,0,1,10370-0117-10
10370-0117-10_RXNAVIMAGE10_851DC2BE_2.jpg,ROUND,YELLOW,10,ROUND_YELLOW,178,0,0,0,0,0,0,0,0,0,0,0,1,10370-0117-10
51079-0930-20_RXNAVIMAGE10_FD32FEE7_1.jpg,ROUND,WHITE,10,ROUND_WHITE,174,0,0,0,0,0,0,0,0,0,0,1,0,51079-0930-20
51079-0930-20_RXNAVIMAGE10_FD32FEE7_2.jpg,ROUND,WHITE,10,ROUND_WHITE,174,0,0,0,0,0,0,0,0,0,0,1,0,51079-0930-20
13668-0095-90_RXNAVIMAGE10_D145E8EF_1.jpg,ROUND,WHITE,10,ROUND_WHITE,174,0,0,0,0,0,0,0,0,0,0,1,0,13668-0095-90
13668-0095-90_RXNAVIMAGE10_D145E8EF_2.jpg,ROUND,WHITE,10,ROUND_WHITE,174,0,0,0,0,0,0,0,0,0,0,1,0,13668-0095-90
00591-2882-01_RXNAVIMAGE10_BD1FDEEE_1.jpg,CAPSULE,"GRAY, YELLOW",1,"CAPSULE_GRAY, YELLOW",31,0,0,0,1,0,0,0,0,0,0,0,1,00591-2882-01
00591-2882-01_RXNAVIMAGE10_BD1FDEEE_2.jpg,CAPSULE,"GRAY, YELLOW",1,"CAPSULE_GRAY, YELLOW",31,0,0,0,1,0,0,0,0,0,0,0,1,00591-2882-01
51285-0407-02_RXNAVIMAGE10_0E35871C_1.jpg,OVAL,PINK,7,OVAL_PINK,133,0,0,0,0,0,0,1,0,0,0,0,0,51285-0407-02
51285-0407-02_RXNAVIMAGE10_0E35871C_2.jpg,OVAL,PINK,7,OVAL_PINK,133,0,0,0,0,0,0,1,0,0,0,0,0,51285-0407-02
00145-0090-25_RXNAVIMAGE10_DA196D4B_1.jpg,CAPSULE,"BROWN, WHITE",1,"CAPSULE_BROWN, WHITE",20,0,0,1,0,0,0,0,0,0,0,1,0,00145-0090-25
00145-0090-25_RXNAVIMAGE10_DA196D4B_2.jpg,CAPSULE,"BROWN, WHITE",1,"CAPSULE_BROWN, WHITE",20,0,0,1,0,0,0,0,0,0,0,1,0,00145-0090-25
43199-0037-01_RXNAVIMAGE10_4C44A635_1.jpg,ROUND,ORANGE,10,ROUND_ORANGE,166,0,0,0,0,0,1,0,0,0,0,0,0,43199-0037-01
43199-0037-01_RXNAVIMAGE10_4C44A635_2.jpg,ROUND,ORANGE,10,ROUND_ORANGE,166,0,0,0,0,0,1,0,0,0,0,0,0,43199-0037-01
50419-0409-01_RXNAVIMAGE10_A91954BA_1.jpg,ROUND,RED,10,ROUND_RED,172,0,0,0,0,0,0,0,0,1,0,0,0,50419-0409-01
50419-0409-01_RXNAVIMAGE10_A91954BA_2.jpg,ROUND,RED,10,ROUND_RED,172,0,0,0,0,0,0,0,0,1,0,0,0,50419-0409-01
43547-0361-11_RXNAVIMAGE10_CF5167FB_1.jpg,ROUND,WHITE,10,ROUND_WHITE,174,0,0,0,0,0,0,0,0,0,0,1,0,43547-0361-11
43547-0361-11_RXNAVIMAGE10_CF5167FB_2.jpg,ROUND,WHITE,10,ROUND_WHITE,174,0,0,0,0,0,0,0,0,0,0,1,0,43547-0361-11
00378-4745-01_RXNAVIMAGE10_8239C11E_1.jpg,OVAL,WHITE,7,OVAL_WHITE,139,0,0,0,0,0,0,0,0,0,0,1,0,00378-4745-01
00378-4745-01_RXNAVIMAGE10_8239C11E_2.jpg,OVAL,WHITE,7,OVAL_WHITE,139,0,0,0,0,0,0,0,0,0,0,1,0,00378-4745-01
49938-0102-01_RXNAVIMAGE10_CC4B663B_1.jpg,ROUND,WHITE,10,ROUND_WHITE,174,0,0,0,0,0,0,0,0,0,0,1,0,49938-0102-01
49938-0102-01_RXNAVIMAGE10_CC4B663B_2.jpg,ROUND,WHITE,10,ROUND_WHITE,174,0,0,0,0,0,0,0,0,0,0,1,0,49938-0102-01
50844-0529-02_RXNAVIMAGE10_B935DC9E_1.jpg,OVAL,WHITE,7,OVAL_WHITE,139,0,0,0,0,0,0,0,0,0,0,1,0,50844-0529-02
50844-0529-02_RXNAVIMAGE10_B935DC9E_2.jpg,OVAL,WHITE,7,OVAL_WHITE,139,0,0,0,0,0,0,0,0,0,0,1,0,50844-0529-02
00591-5557-05_RXNAVIMAGE10_034B0188_1.jpg,ROUND,YELLOW,10,ROUND_YELLOW,178,0,0,0,0,0,0,0,0,0,0,0,1,00591-5557-05
00591-5557-05_RXNAVIMAGE10_034B0188_2.jpg,ROUND,YELLOW,10,ROUND_YELLOW,178,0,0,0,0,0,0,0,0,0,0,0,1,00591-5557-05
00078-0521-15_RXNAVIMAGE10_E51D72AB_1.jpg,OVAL,WHITE,7,OVAL_WHITE,139,0,0,0,0,0,0,0,0,0,0,1,0,00078-0521-15
00078-0521-15_RXNAVIMAGE10_E51D72AB_2.jpg,OVAL,WHITE,7,OVAL_WHITE,139,0,0,0,0,0,0,0,0,0,0,1,0,00078-0521-15
00228-2128-10_RXNAVIMAGE10_F6337B3B_1.jpg,ROUND,ORANGE,10,ROUND_ORANGE,166,0,0,0,0,0,1,0,0,0,0,0,0,00228-2128-10
00228-2128-10_RXNAVIMAGE10_F6337B3B_2.jpg,ROUND,ORANGE,10,ROUND_ORANGE,166,0,0,0,0,0,1,0,0,0,0,0,0,00228-2128-10
68462-0303-29_RXNAVIMAGE10_5745AB9D_1.jpg,ROUND,YELLOW,10,ROUND_YELLOW,178,0,0,0,0,0,0,0,0,0,0,0,1,68462-0303-29
68462-0303-29_RXNAVIMAGE10_5745AB9D_2.jpg,ROUND,YELLOW,10,ROUND_YELLOW,178,0,0,0,0,0,0,0,0,0,0,0,1,68462-0303-29
60505-3075-03_RXNAVIMAGE10_4F48A7A5_1.jpg,RECTANGLE,GREEN,9,RECTANGLE_GREEN,157,0,0,0,0,1,0,0,0,0,0,0,0,60505-3075-03
60505-3075-03_RXNAVIMAGE10_4F48A7A5_2.jpg,RECTANGLE,GREEN,9,RECTANGLE_GREEN,157,0,0,0,0,1,0,0,0,0,0,0,0,60505-3075-03
60505-3113-03_RXNAVIMAGE10_5246A975_1.jpg,ROUND,WHITE,10,ROUND_WHITE,174,0,0,0,0,0,0,0,0,0,0,1,0,60505-3113-03
60505-3113-03_RXNAVIMAGE10_5246A975_2.jpg,ROUND,WHITE,10,ROUND_WHITE,174,0,0,0,0,0,0,0,0,0,0,1,0,60505-3113-03
00093-0320-01_RXNAVIMAGE10_702B3819_1.jpg,OVAL,ORANGE,7,OVAL_ORANGE,130,0,0,0,0,0,1,0,0,0,0,0,0,00093-0320-01
00093-0320-01_RXNAVIMAGE10_702B3819_2.jpg,OVAL,ORANGE,7,OVAL_ORANGE,130,0,0,0,0,0,1,0,0,0,0,0,0,00093-0320-01
00185-0128-01_RXNAVIMAGE10_443A2231_1.jpg,ROUND,GREEN,10,ROUND_GREEN,164,0,0,0,0,1,0,0,0,0,0,0,0,00185-0128-01
00185-0128-01_RXNAVIMAGE10_443A2231_2.jpg,ROUND,GREEN,10,ROUND_GREEN,164,0,0,0,0,1,0,0,0,0,0,0,0,00185-0128-01
00173-0791-01_RXNAVIMAGE10_4C192639_1.jpg,CAPSULE,"GRAY, WHITE",1,"CAPSULE_GRAY, WHITE",30,0,0,0,1,0,0,0,0,0,0,1,0,00173-0791-01
00173-0791-01_RXNAVIMAGE10_4C192639_2.jpg,CAPSULE,"GRAY, WHITE",1,"CAPSULE_GRAY, WHITE",30,0,0,0,1,0,0,0,0,0,0,1,0,00173-0791-01
24090-0491-84_RXNAVIMAGE10_02510168_1.jpg,ROUND,BROWN,10,ROUND_BROWN,162,0,0,1,0,0,0,0,0,0,0,0,0,24090-0491-84
24090-0491-84_RXNAVIMAGE10_02510168_2.jpg,ROUND,BROWN,10,ROUND_BROWN,162,0,0,1,0,0,0,0,0,0,0,0,0,24090-0491-84
00603-5336-21_RXNAVIMAGE10_0E0E0760_1.jpg,ROUND,WHITE,10,ROUND_WHITE,174,0,0,0,0,0,0,0,0,0,0,1,0,00603-5336-21
00603-5336-21_RXNAVIMAGE10_0E0E0760_2.jpg,ROUND,WHITE,10,ROUND_WHITE,174,0,0,0,0,0,0,0,0,0,0,1,0,00603-5336-21
23155-0006-01_RXNAVIMAGE10_5E0EAF35_1.jpg,ROUND,YELLOW,10,ROUND_YELLOW,178,0,0,0,0,0,0,0,0,0,0,0,1,23155-0006-01
23155-0006-01_RXNAVIMAGE10_5E0EAF35_2.jpg,ROUND,YELLOW,10,ROUND_YELLOW,178,0,0,0,0,0,0,0,0,0,0,0,1,23155-0006-01
00555-0873-02_RXNAVIMAGE10_BA305D62_1.jpg,ROUND,WHITE,10,ROUND_WHITE,174,0,0,0,0,0,0,0,0,0,0,1,0,00555-0873-02
00555-0873-02_RXNAVIMAGE10_BA305D62_2.jpg,ROUND,WHITE,10,ROUND_WHITE,174,0,0,0,0,0,0,0,0,0,0,1,0,00555-0873-02
00781-5385-31_RXNAVIMAGE10_EA3CF537_1.jpg,OVAL,GRAY,7,OVAL_GRAY,127,0,0,0,1,0,0,0,0,0,0,0,0,00781-5385-31
00781-5385-31_RXNAVIMAGE10_EA3CF537_2.jpg,OVAL,GRAY,7,OVAL_GRAY,127,0,0,0,1,0,0,0,0,0,0,0,0,00781-5385-31
00378-6895-01_RXNAVIMAGE10_7F4D3FA9_1.jpg,CAPSULE,PURPLE,1,CAPSULE_PURPLE,61,0,0,0,0,0,0,0,1,0,0,0,0,00378-6895-01
00378-6895-01_RXNAVIMAGE10_7F4D3FA9_2.jpg,CAPSULE,PURPLE,1,CAPSULE_PURPLE,61,0,0,0,0,0,0,0,1,0,0,0,0,00378-6895-01
63304-0192-30_RXNAVIMAGE10_9544CA96_1.jpg,DIAMOND,BROWN,2,DIAMOND_BROWN,106,0,0,1,0,0,0,0,0,0,0,0,0,63304-0192-30
63304-0192-30_RXNAVIMAGE10_9544CA96_2.jpg,DIAMOND,BROWN,2,DIAMOND_BROWN,106,0,0,1,0,0,0,0,0,0,0,0,0,63304-0192-30
00093-0135-01_RXNAVIMAGE10_39281CE0_1.jpg,OVAL,WHITE,7,OVAL_WHITE,139,0,0,0,0,0,0,0,0,0,0,1,0,00093-0135-01
00093-0135-01_RXNAVIMAGE10_39281CE0_2.jpg,OVAL,WHITE,7,OVAL_WHITE,139,0,0,0,0,0,0,0,0,0,0,1,0,00093-0135-01
31722-0573-30_RXNAVIMAGE10_914D48AA_1.jpg,CAPSULE,TURQUOISE,1,CAPSULE_TURQUOISE,76,0,0,0,0,0,0,0,0,0,1,0,0,31722-0573-30
31722-0573-30_RXNAVIMAGE10_914D48AA_2.jpg,CAPSULE,TURQUOISE,1,CAPSULE_TURQUOISE,76,0,0,0,0,0,0,0,0,0,1,0,0,31722-0573-30
00093-7157-06_RXNAVIMAGE10_4D2BA68D_1.jpg,OVAL,YELLOW,7,OVAL_YELLOW,145,0,0,0,0,0,0,0,0,0,0,0,1,00093-7157-06
00093-7157-06_RXNAVIMAGE10_4D2BA68D_2.jpg,OVAL,YELLOW,7,OVAL_YELLOW,145,0,0,0,0,0,0,0,0,0,0,0,1,00093-7157-06
00093-5125-01_RXNAVIMAGE10_342D9A0C_1.jpg,TRIANGLE,YELLOW,15,TRIANGLE_YELLOW,203,0,0,0,0,0,0,0,0,0,0,0,1,00093-5125-01
00093-5125-01_RXNAVIMAGE10_342D9A0C_2.jpg,TRIANGLE,YELLOW,15,TRIANGLE_YELLOW,203,0,0,0,0,0,0,0,0,0,0,0,1,00093-5125-01
00591-0783-01_RXNAVIMAGE10_DF156FCB_1.jpg,ROUND,WHITE,10,ROUND_WHITE,174,0,0,0,0,0,0,0,0,0,0,1,0,00591-0783-01
00591-0783-01_RXNAVIMAGE10_DF156FCB_2.jpg,ROUND,WHITE,10,ROUND_WHITE,174,0,0,0,0,0,0,0,0,0,0,1,0,00591-0783-01
31722-0730-90_RXNAVIMAGE10_A14FD08E_1.jpg,OVAL,WHITE,7,OVAL_WHITE,139,0,0,0,0,0,0,0,0,0,0,1,0,31722-0730-90
31722-0730-90_RXNAVIMAGE10_A14FD08E_2.jpg,OVAL,WHITE,7,OVAL_WHITE,139,0,0,0,0,0,0,0,0,0,0,1,0,31722-0730-90
64376-0131-01_RXNAVIMAGE10_C140E097_1.jpg,OVAL,YELLOW,7,OVAL_YELLOW,145,0,0,0,0,0,0,0,0,0,0,0,1,64376-0131-01
64376-0131-01_RXNAVIMAGE10_C140E097_2.jpg,OVAL,YELLOW,7,OVAL_YELLOW,145,0,0,0,0,0,0,0,0,0,0,0,1,64376-0131-01
67253-0741-50_RXNAVIMAGE10_7915BCDD_1.jpg,OVAL,WHITE,7,OVAL_WHITE,139,0,0,0,0,0,0,0,0,0,0,1,0,67253-0741-50
67253-0741-50_RXNAVIMAGE10_7915BCDD_2.jpg,OVAL,WHITE,7,OVAL_WHITE,139,0,0,0,0,0,0,0,0,0,0,1,0,67253-0741-50
16252-0615-30_RXNAVIMAGE10_72513949_1.jpg,ROUND,YELLOW,10,ROUND_YELLOW,178,0,0,0,0,0,0,0,0,0,0,0,1,16252-0615-30
16252-0615-30_RXNAVIMAGE10_72513949_2.jpg,ROUND,YELLOW,10,ROUND_YELLOW,178,0,0,0,0,0,0,0,0,0,0,0,1,16252-0615-30
61958-1001-01_RXNAVIMAGE10_E31C7193_1.jpg,OVAL,ORANGE,7,OVAL_ORANGE,130,0,0,0,0,0,1,0,0,0,0,0,0,61958-1001-01
61958-1001-01_RXNAVIMAGE10_E31C7193_2.jpg,OVAL,ORANGE,7,OVAL_ORANGE,130,0,0,0,0,0,1,0,0,0,0,0,0,61958-1001-01
00093-4741-01_RXNAVIMAGE10_F42D7A5B_1.jpg,OVAL,PINK,7,OVAL_PINK,133,0,0,0,0,0,0,1,0,0,0,0,0,00093-4741-01
00093-4741-01_RXNAVIMAGE10_F42D7A5B_2.jpg,OVAL,PINK,7,OVAL_PINK,133,0,0,0,0,0,0,1,0,0,0,0,0,00093-4741-01
63044-0622-01_RXNAVIMAGE10_7D3CBEA5_1.jpg,OVAL,BLACK,7,OVAL_BLACK,122,1,0,0,0,0,0,0,0,0,0,0,0,63044-0622-01
63044-0622-01_RXNAVIMAGE10_7D3CBEA5_2.jpg,OVAL,BLACK,7,OVAL_BLACK,122,1,0,0,0,0,0,0,0,0,0,0,0,63044-0622-01
50111-0334-01_RXNAVIMAGE10_0E300720_1.jpg,OVAL,WHITE,7,OVAL_WHITE,139,0,0,0,0,0,0,0,0,0,0,1,0,50111-0334-01
50111-0334-01_RXNAVIMAGE10_0E300720_2.jpg,OVAL,WHITE,7,OVAL_WHITE,139,0,0,0,0,0,0,0,0,0,0,1,0,50111-0334-01
51660-0526-05_RXNAVIMAGE10_BF16DFA6_1.jpg,ROUND,WHITE,10,ROUND_WHITE,174,0,0,0,0,0,0,0,0,0,0,1,0,51660-0526-05
51660-0526-05_RXNAVIMAGE10_BF16DFA6_2.jpg,ROUND,WHITE,10,ROUND_WHITE,174,0,0,0,0,0,0,0,0,0,0,1,0,51660-0526-05
63459-0416-30_RXNAVIMAGE10_8F2D47EA_1.jpg,OVAL,BLUE,7,OVAL_BLUE,123,0,1,0,0,0,0,0,0,0,0,0,0,63459-0416-30
63459-0416-30_RXNAVIMAGE10_8F2D47EA_2.jpg,OVAL,BLUE,7,OVAL_BLUE,123,0,1,0,0,0,0,0,0,0,0,0,0,63459-0416-30
00074-9296-90_RXNAVIMAGE10_A51D52FA_1.jpg,ROUND,PURPLE,10,ROUND_PURPLE,171,0,0,0,0,0,0,0,1,0,0,0,0,00074-9296-90
00074-9296-90_RXNAVIMAGE10_A51D52FA_2.jpg,ROUND,PURPLE,10,ROUND_PURPLE,171,0,0,0,0,0,0,0,1,0,0,0,0,00074-9296-90
64380-0742-08_RXNAVIMAGE10_B74FDB9E_1.jpg,RECTANGLE,WHITE,9,RECTANGLE_WHITE,159,0,0,0,0,0,0,0,0,0,0,1,0,64380-0742-08
64380-0742-08_RXNAVIMAGE10_B74FDB9E_2.jpg,RECTANGLE,WHITE,9,RECTANGLE_WHITE,159,0,0,0,0,0,0,0,0,0,0,1,0,64380-0742-08
00093-2929-01_RXNAVIMAGE10_E52972BB_1.jpg,ROUND,WHITE,10,ROUND_WHITE,174,0,0,0,0,0,0,0,0,0,0,1,0,00093-2929-01
00093-2929-01_RXNAVIMAGE10_E52972BB_2.jpg,ROUND,WHITE,10,ROUND_WHITE,174,0,0,0,0,0,0,0,0,0,0,1,0,00093-2929-01
00310-0134-11_RXNAVIMAGE10_8F3D47EA_1.jpg,ROUND,YELLOW,10,ROUND_YELLOW,178,0,0,0,0,0,0,0,0,0,0,0,1,00310-0134-11
00310-0134-11_RXNAVIMAGE10_8F3D47EA_2.jpg,ROUND,YELLOW,10,ROUND_YELLOW,178,0,0,0,0,0,0,0,0,0,0,0,1,00310-0134-11
00185-0118-01_RXNAVIMAGE10_F33279F3_1.jpg,ROUND,WHITE,10,ROUND_WHITE,174,0,0,0,0,0,0,0,0,0,0,1,0,00185-0118-01
00185-0118-01_RXNAVIMAGE10_F33279F3_2.jpg,ROUND,WHITE,10,ROUND_WHITE,174,0,0,0,0,0,0,0,0,0,0,1,0,00185-0118-01
16714-0331-01_RXNAVIMAGE10_39449CD4_1.jpg,TRIANGLE,YELLOW,15,TRIANGLE_YELLOW,203,0,0,0,0,0,0,0,0,0,0,0,1,16714-0331-01
16714-0331-01_RXNAVIMAGE10_39449CD4_2.jpg,TRIANGLE,YELLOW,15,TRIANGLE_YELLOW,203,0,0,0,0,0,0,0,0,0,0,0,1,16714-0331-01
51285-0091-58_RXNAVIMAGE10_8B2DC58E_1.jpg,ROUND,ORANGE,10,ROUND_ORANGE,166,0,0,0,0,0,1,0,0,0,0,0,0,51285-0091-58
51285-0091-58_RXNAVIMAGE10_8B2DC58E_2.jpg,ROUND,ORANGE,10,ROUND_ORANGE,166,0,0,0,0,0,1,0,0,0,0,0,0,51285-0091-58
69097-0814-12_RXNAVIMAGE10_334F99FC_1.jpg,CAPSULE,YELLOW,1,CAPSULE_YELLOW,94,0,0,0,0,0,0,0,0,0,0,0,1,69097-0814-12
69097-0814-12_RXNAVIMAGE10_334F99FC_2.jpg,CAPSULE,YELLOW,1,CAPSULE_YELLOW,94,0,0,0,0,0,0,0,0,0,0,0,1,69097-0814-12
00008-0836-22_RXNAVIMAGE10_2D15969C_1.jpg,CAPSULE,RED,1,CAPSULE_RED,69,0,0,0,0,0,0,0,0,1,0,0,0,00008-0836-22
00008-0836-22_RXNAVIMAGE10_2D15969C_2.jpg,CAPSULE,RED,1,CAPSULE_RED,69,0,0,0,0,0,0,0,0,1,0,0,0,00008-0836-22
00555-0382-02_RXNAVIMAGE10_22421140_1.jpg,ROUND,WHITE,10,ROUND_WHITE,174,0,0,0,0,0,0,0,0,0,0,1,0,00555-0382-02
00555-0382-02_RXNAVIMAGE10_22421140_2.jpg,ROUND,WHITE,10,ROUND_WHITE,174,0,0,0,0,0,0,0,0,0,0,1,0,00555-0382-02
67877-0419-20_RXNAVIMAGE10_48512419_1.jpg,OVAL,WHITE,7,OVAL_WHITE,139,0,0,0,0,0,0,0,0,0,0,1,0,67877-0419-20
67877-0419-20_RXNAVIMAGE10_48512419_2.jpg,OVAL,WHITE,7,OVAL_WHITE,139,0,0,0,0,0,0,0,0,0,0,1,0,67877-0419-20
57844-0151-01_RXNAVIMAGE10_9A354D2A_1.jpg,OVAL,WHITE,7,OVAL_WHITE,139,0,0,0,0,0,0,0,0,0,0,1,0,57844-0151-01
57844-0151-01_RXNAVIMAGE10_9A354D2A_2.jpg,OVAL,WHITE,7,OVAL_WHITE,139,0,0,0,0,0,0,0,0,0,0,1,0,57844-0151-01
00093-2060-98_RXNAVIMAGE10_072983CC_1.jpg,OVAL,WHITE,7,OVAL_WHITE,139,0,0,0,0,0,0,0,0,0,0,1,0,00093-2060-98
00093-2060-98_RXNAVIMAGE10_072983CC_2.jpg,OVAL,WHITE,7,OVAL_WHITE,139,0,0,0,0,0,0,0,0,0,0,1,0,00093-2060-98
49884-0827-10_RXNAVIMAGE10_CB5065C3_1.jpg,ROUND,WHITE,10,ROUND_WHITE,174,0,0,0,0,0,0,0,0,0,0,1,0,49884-0827-10
49884-0827-10_RXNAVIMAGE10_CB5065C3_2.jpg,ROUND,WHITE,10,ROUND_WHITE,174,0,0,0,0,0,0,0,0,0,0,1,0,49884-0827-10
00603-5060-21_RXNAVIMAGE10_F24E7963_1.jpg,ROUND,GRAY,10,ROUND_GRAY,163,0,0,0,1,0,0,0,0,0,0,0,0,00603-5060-21
00603-5060-21_RXNAVIMAGE10_F24E7963_2.jpg,ROUND,GRAY,10,ROUND_GRAY,163,0,0,0,1,0,0,0,0,0,0,0,0,00603-5060-21
63304-0539-10_RXNAVIMAGE10_DB396DAB_1.jpg,ROUND,WHITE,10,ROUND_WHITE,174,0,0,0,0,0,0,0,0,0,0,1,0,63304-0539-10
63304-0539-10_RXNAVIMAGE10_DB396DAB_2.jpg,ROUND,WHITE,10,ROUND_WHITE,174,0,0,0,0,0,0,0,0,0,0,1,0,63304-0539-10
00245-0070-11_RXNAVIMAGE10_234691D4_1.jpg,ROUND,YELLOW,10,ROUND_YELLOW,178,0,0,0,0,0,0,0,0,0,0,0,1,00245-0070-11
00245-0070-11_RXNAVIMAGE10_234691D4_2.jpg,ROUND,YELLOW,10,ROUND_YELLOW,178,0,0,0,0,0,0,0,0,0,0,0,1,00245-0070-11
12496-1283-02_RXNAVIMAGE10_281D940C_1.jpg,HEXAGON,ORANGE,5,HEXAGON_ORANGE,118,0,0,0,0,0,1,0,0,0,0,0,0,12496-1283-02
12496-1283-02_RXNAVIMAGE10_281D940C_2.jpg,HEXAGON,ORANGE,5,HEXAGON_ORANGE,118,0,0,0,0,0,1,0,0,0,0,0,0,12496-1283-02
45802-0425-78_RXNAVIMAGE10_473F23C9_1.jpg,ROUND,ORANGE,10,ROUND_ORANGE,166,0,0,0,0,0,1,0,0,0,0,0,0,45802-0425-78
45802-0425-78_RXNAVIMAGE10_473F23C9_2.jpg,ROUND,ORANGE,10,ROUND_ORANGE,166,0,0,0,0,0,1,0,0,0,0,0,0,45802-0425-78
00093-3147-01_RXNAVIMAGE10_C51962CB_1.jpg,CAPSULE,RED,1,CAPSULE_RED,69,0,0,0,0,0,0,0,0,1,0,0,0,00093-3147-01
00093-3147-01_RXNAVIMAGE10_C51962CB_2.jpg,CAPSULE,RED,1,CAPSULE_RED,69,0,0,0,0,0,0,0,0,1,0,0,0,00093-3147-01
24486-0603-10_RXNAVIMAGE10_0D07869C_1.jpg,ROUND,GREEN,10,ROUND_GREEN,164,0,0,0,0,1,0,0,0,0,0,0,0,24486-0603-10
24486-0603-10_RXNAVIMAGE10_0D07869C_2.jpg,ROUND,GREEN,10,ROUND_GREEN,164,0,0,0,0,1,0,0,0,0,0,0,0,24486-0603-10
51285-0079-97_RXNAVIMAGE10_EE2F775B_1.jpg,ROUND,YELLOW,10,ROUND_YELLOW,178,0,0,0,0,0,0,0,0,0,0,0,1,51285-0079-97
51285-0079-97_RXNAVIMAGE10_EE2F775B_2.jpg,ROUND,YELLOW,10,ROUND_YELLOW,178,0,0,0,0,0,0,0,0,0,0,0,1,51285-0079-97
49348-0023-12_RXNAVIMAGE10_B803DC3E_1.jpg,ROUND,WHITE,10,ROUND_WHITE,174,0,0,0,0,0,0,0,0,0,0,1,0,49348-0023-12
49348-0023-12_RXNAVIMAGE10_B803DC3E_2.jpg,ROUND,WHITE,10,ROUND_WHITE,174,0,0,0,0,0,0,0,0,0,0,1,0,49348-0023-12
00186-1088-05_RXNAVIMAGE10_A61C5302_1.jpg,OVAL,WHITE,7,OVAL_WHITE,139,0,0,0,0,0,0,0,0,0,0,1,0,00186-1088-05
00186-1088-05_RXNAVIMAGE10_A61C5302_2.jpg,OVAL,WHITE,7,OVAL_WHITE,139,0,0,0,0,0,0,0,0,0,0,1,0,00186-1088-05
00008-1222-30_RXNAVIMAGE10_563EAB05_1.jpg,SQUARE,ORANGE,12,SQUARE_ORANGE,183,0,0,0,0,0,1,0,0,0,0,0,0,00008-1222-30
00008-1222-30_RXNAVIMAGE10_563EAB05_2.jpg,SQUARE,ORANGE,12,SQUARE_ORANGE,183,0,0,0,0,0,1,0,0,0,0,0,0,00008-1222-30
67877-0197-05_RXNAVIMAGE10_914948BA_1.jpg,ROUND,WHITE,10,ROUND_WHITE,174,0,0,0,0,0,0,0,0,0,0,1,0,67877-0197-05
67877-0197-05_RXNAVIMAGE10_914948BA_2.jpg,ROUND,WHITE,10,ROUND_WHITE,174,0,0,0,0,0,0,0,0,0,0,1,0,67877-0197-05
68180-0313-01_RXNAVIMAGE10_18078C0C_1.jpg,ROUND,BROWN,10,ROUND_BROWN,162,0,0,1,0,0,0,0,0,0,0,0,0,68180-0313-01
68180-0313-01_RXNAVIMAGE10_18078C0C_2.jpg,ROUND,BROWN,10,ROUND_BROWN,162,0,0,1,0,0,0,0,0,0,0,0,0,68180-0313-01
00591-3210-60_RXNAVIMAGE10_341C9A14_1.jpg,CAPSULE,BROWN,1,CAPSULE_BROWN,18,0,0,1,0,0,0,0,0,0,0,0,0,00591-3210-60
00591-3210-60_RXNAVIMAGE10_341C9A14_2.jpg,CAPSULE,BROWN,1,CAPSULE_BROWN,18,0,0,1,0,0,0,0,0,0,0,0,0,00591-3210-60
65862-0700-60_RXNAVIMAGE10_F44F7A7B_1.jpg,OVAL,WHITE,7,OVAL_WHITE,139,0,0,0,0,0,0,0,0,0,0,1,0,65862-0700-60
65862-0700-60_RXNAVIMAGE10_F44F7A7B_2.jpg,OVAL,WHITE,7,OVAL_WHITE,139,0,0,0,0,0,0,0,0,0,0,1,0,65862-0700-60
00115-2011-01_RXNAVIMAGE10_D7516B8B_1.jpg,ROUND,WHITE,10,ROUND_WHITE,174,0,0,0,0,0,0,0,0,0,0,1,0,00115-2011-01
00115-2011-01_RXNAVIMAGE10_D7516B8B_2.jpg,ROUND,WHITE,10,ROUND_WHITE,174,0,0,0,0,0,0,0,0,0,0,1,0,00115-2011-01
00603-5686-28_RXNAVIMAGE10_060E8324_1.jpg,OVAL,PINK,7,OVAL_PINK,133,0,0,0,0,0,0,1,0,0,0,0,0,00603-5686-28
00603-5686-28_RXNAVIMAGE10_060E8324_2.jpg,OVAL,PINK,7,OVAL_PINK,133,0,0,0,0,0,0,1,0,0,0,0,0,00603-5686-28
62756-0552-88_RXNAVIMAGE10_9D3C4EB2_1.jpg,OVAL,YELLOW,7,OVAL_YELLOW,145,0,0,0,0,0,0,0,0,0,0,0,1,62756-0552-88
62756-0552-88_RXNAVIMAGE10_9D3C4EB2_2.jpg,OVAL,YELLOW,7,OVAL_YELLOW,145,0,0,0,0,0,0,0,0,0,0,0,1,62756-0552-88
23155-0113-01_RXNAVIMAGE10_AD4756EA_1.jpg,ROUND,PINK,10,ROUND_PINK,168,0,0,0,0,0,0,1,0,0,0,0,0,23155-0113-01
23155-0113-01_RXNAVIMAGE10_AD4756EA_2.jpg,ROUND,PINK,10,ROUND_PINK,168,0,0,0,0,0,0,1,0,0,0,0,0,23155-0113-01
64720-0202-10_RXNAVIMAGE10_150E8AD4_1.jpg,ROUND,YELLOW,10,ROUND_YELLOW,178,0,0,0,0,0,0,0,0,0,0,0,1,64720-0202-10
64720-0202-10_RXNAVIMAGE10_150E8AD4_2.jpg,ROUND,YELLOW,10,ROUND_YELLOW,178,0,0,0,0,0,0,0,0,0,0,0,1,64720-0202-10
17772-0123-01_RXNAVIMAGE10_BF3CDFD6_1.jpg,OVAL,RED,7,OVAL_RED,137,0,0,0,0,0,0,0,0,1,0,0,0,17772-0123-01
17772-0123-01_RXNAVIMAGE10_BF3CDFD6_2.jpg,OVAL,RED,7,OVAL_RED,137,0,0,0,0,0,0,0,0,1,0,0,0,17772-0123-01
16714-0417-02_RXNAVIMAGE10_2B4515F8_1.jpg,ROUND,WHITE,10,ROUND_WHITE,174,0,0,0,0,0,0,0,0,0,0,1,0,16714-0417-02
16714-0417-02_RXNAVIMAGE10_2B4515F8_2.jpg,ROUND,WHITE,10,ROUND_WHITE,174,0,0,0,0,0,0,0,0,0,0,1,0,16714-0417-02
00781-5443-01_RXNAVIMAGE10_E53872C3_1.jpg,ROUND,BROWN,10,ROUND_BROWN,162,0,0,1,0,0,0,0,0,0,0,0,0,00781-5443-01
00781-5443-01_RXNAVIMAGE10_E53872C3_2.jpg,ROUND,BROWN,10,ROUND_BROWN,162,0,0,1,0,0,0,0,0,0,0,0,0,00781-5443-01
69315-0136-10_RXNAVIMAGE10_994F4CBA_1.jpg,ROUND,WHITE,10,ROUND_WHITE,174,0,0,0,0,0,0,0,0,0,0,1,0,69315-0136-10
69315-0136-10_RXNAVIMAGE10_994F4CBA_2.jpg,ROUND,WHITE,10,ROUND_WHITE,174,0,0,0,0,0,0,0,0,0,0,1,0,69315-0136-10
00378-0088-01_RXNAVIMAGE10_9E464F12_1.jpg,OVAL,PURPLE,7,OVAL_PURPLE,135,0,0,0,0,0,0,0,1,0,0,0,0,00378-0088-01
00378-0088-01_RXNAVIMAGE10_9E464F12_2.jpg,OVAL,PURPLE,7,OVAL_PURPLE,135,0,0,0,0,0,0,0,1,0,0,0,0,00378-0088-01
00143-1172-01_RXNAVIMAGE10_3239995C_1.jpg,ROUND,WHITE,10,ROUND_WHITE,174,0,0,0,0,0,0,0,0,0,0,1,0,00143-1172-01
00143-1172-01_RXNAVIMAGE10_3239995C_2.jpg,ROUND,WHITE,10,ROUND_WHITE,174,0,0,0,0,0,0,0,0,0,0,1,0,00143-1172-01
60505-0101-01_RXNAVIMAGE10_7B46BDB5_1.jpg,OVAL,WHITE,7,OVAL_WHITE,139,0,0,0,0,0,0,0,0,0,0,1,0,60505-0101-01
60505-0101-01_RXNAVIMAGE10_7B46BDB5_2.jpg,OVAL,WHITE,7,OVAL_WHITE,139,0,0,0,0,0,0,0,0,0,0,1,0,60505-0101-01
51991-0467-01_RXNAVIMAGE10_E13270F3_1.jpg,ROUND,ORANGE,10,ROUND_ORANGE,166,0,0,0,0,0,1,0,0,0,0,0,0,51991-0467-01
51991-0467-01_RXNAVIMAGE10_E13270F3_2.jpg,ROUND,ORANGE,10,ROUND_ORANGE,166,0,0,0,0,0,1,0,0,0,0,0,0,51991-0467-01
59762-3718-04_RXNAVIMAGE10_0B1D859C_1.jpg,OVAL,BLUE,7,OVAL_BLUE,123,0,1,0,0,0,0,0,0,0,0,0,0,59762-3718-04
59762-3718-04_RXNAVIMAGE10_0B1D859C_2.jpg,OVAL,BLUE,7,OVAL_BLUE,123,0,1,0,0,0,0,0,0,0,0,0,0,59762-3718-04
00591-0845-10_RXNAVIMAGE10_4207A16D_1.jpg,ROUND,WHITE,10,ROUND_WHITE,174,0,0,0,0,0,0,0,0,0,0,1,0,00591-0845-10
00591-0845-10_RXNAVIMAGE10_4207A16D_2.jpg,ROUND,WHITE,10,ROUND_WHITE,174,0,0,0,0,0,0,0,0,0,0,1,0,00591-0845-10
00185-0122-01_RXNAVIMAGE10_E10E7093_1.jpg,CAPSULE,"BLACK, WHITE",1,"CAPSULE_BLACK, WHITE",5,1,0,0,0,0,0,0,0,0,0,1,0,00185-0122-01
00185-0122-01_RXNAVIMAGE10_E10E7093_2.jpg,CAPSULE,"BLACK, WHITE",1,"CAPSULE_BLACK, WHITE",5,1,0,0,0,0,0,0,0,0,0,1,0,00185-0122-01
00185-0048-01_RXNAVIMAGE10_94234A0A_1.jpg,ROUND,RED,10,ROUND_RED,172,0,0,0,0,0,0,0,0,1,0,0,0,00185-0048-01
00185-0048-01_RXNAVIMAGE10_94234A0A_2.jpg,ROUND,RED,10,ROUND_RED,172,0,0,0,0,0,0,0,0,1,0,0,0,00185-0048-01
00378-5510-93_RXNAVIMAGE10_DE44EF57_1.jpg,ROUND,YELLOW,10,ROUND_YELLOW,178,0,0,0,0,0,0,0,0,0,0,0,1,00378-5510-93
00378-5510-93_RXNAVIMAGE10_DE44EF57_2.jpg,ROUND,YELLOW,10,ROUND_YELLOW,178,0,0,0,0,0,0,0,0,0,0,0,1,00378-5510-93
00603-2948-32_RXNAVIMAGE10_C11560CB_1.jpg,ROUND,YELLOW,10,ROUND_YELLOW,178,0,0,0,0,0,0,0,0,0,0,0,1,00603-2948-32
00603-2948-32_RXNAVIMAGE10_C11560CB_2.jpg,ROUND,YELLOW,10,ROUND_YELLOW,178,0,0,0,0,0,0,0,0,0,0,0,1,00603-2948-32
00378-4187-93_RXNAVIMAGE10_D4326A03_1.jpg,ROUND,GREEN,10,ROUND_GREEN,164,0,0,0,0,1,0,0,0,0,0,0,0,00378-4187-93
00378-4187-93_RXNAVIMAGE10_D4326A03_2.jpg,ROUND,GREEN,10,ROUND_GREEN,164,0,0,0,0,1,0,0,0,0,0,0,0,00378-4187-93
00781-2148-01_RXNAVIMAGE10_6240B125_1.jpg,CAPSULE,WHITE,1,CAPSULE_WHITE,81,0,0,0,0,0,0,0,0,0,0,1,0,00781-2148-01
00781-2148-01_RXNAVIMAGE10_6240B125_2.jpg,CAPSULE,WHITE,1,CAPSULE_WHITE,81,0,0,0,0,0,0,0,0,0,0,1,0,00781-2148-01
00591-2640-01_RXNAVIMAGE10_3F3D9FAC_1.jpg,CAPSULE,BLUE,1,CAPSULE_BLUE,7,0,1,0,0,0,0,0,0,0,0,0,0,00591-2640-01
00591-2640-01_RXNAVIMAGE10_3F3D9FAC_2.jpg,CAPSULE,BLUE,1,CAPSULE_BLUE,7,0,1,0,0,0,0,0,0,0,0,0,0,00591-2640-01
68001-0206-00_RXNAVIMAGE10_DA46ED27_1.jpg,ROUND,WHITE,10,ROUND_WHITE,174,0,0,0,0,0,0,0,0,0,0,1,0,68001-0206-00
68001-0206-00_RXNAVIMAGE10_DA46ED27_2.jpg,ROUND,WHITE,10,ROUND_WHITE,174,0,0,0,0,0,0,0,0,0,0,1,0,68001-0206-00
51672-4002-02_RXNAVIMAGE10_A24D517A_1.jpg,CAPSULE,WHITE,1,CAPSULE_WHITE,81,0,0,0,0,0,0,0,0,0,0,1,0,51672-4002-02
51672-4002-02_RXNAVIMAGE10_A24D517A_2.jpg,CAPSULE,WHITE,1,CAPSULE_WHITE,81,0,0,0,0,0,0,0,0,0,0,1,0,51672-4002-02
00555-9020-58_RXNAVIMAGE10_5036A865_1.jpg,ROUND,WHITE,10,ROUND_WHITE,174,0,0,0,0,0,0,0,0,0,0,1,0,00555-9020-58
00555-9020-58_RXNAVIMAGE10_5036A865_2.jpg,ROUND,WHITE,10,ROUND_WHITE,174,0,0,0,0,0,0,0,0,0,0,1,0,00555-9020-58
23155-0104-10_RXNAVIMAGE10_743C3A71_1.jpg,OVAL,WHITE,7,OVAL_WHITE,139,0,0,0,0,0,0,0,0,0,0,1,0,23155-0104-10
23155-0104-10_RXNAVIMAGE10_743C3A71_2.jpg,OVAL,WHITE,7,OVAL_WHITE,139,0,0,0,0,0,0,0,0,0,0,1,0,23155-0104-10
59762-0542-02_RXNAVIMAGE10_523B2979_1.jpg,ROUND,WHITE,10,ROUND_WHITE,174,0,0,0,0,0,0,0,0,0,0,1,0,59762-0542-02
59762-0542-02_RXNAVIMAGE10_523B2979_2.jpg,ROUND,WHITE,10,ROUND_WHITE,174,0,0,0,0,0,0,0,0,0,0,1,0,59762-0542-02
00781-2810-01_RXNAVIMAGE10_44392279_1.jpg,CAPSULE,WHITE,1,CAPSULE_WHITE,81,0,0,0,0,0,0,0,0,0,0,1,0,00781-2810-01
00781-2810-01_RXNAVIMAGE10_44392279_2.jpg,CAPSULE,WHITE,1,CAPSULE_WHITE,81,0,0,0,0,0,0,0,0,0,0,1,0,00781-2810-01
00603-5338-32_RXNAVIMAGE10_6912B495_1.jpg,ROUND,WHITE,10,ROUND_WHITE,174,0,0,0,0,0,0,0,0,0,0,1,0,00603-5338-32
00603-5338-32_RXNAVIMAGE10_6912B495_2.jpg,ROUND,WHITE,10,ROUND_WHITE,174,0,0,0,0,0,0,0,0,0,0,1,0,00603-5338-32
00378-1133-01_RXNAVIMAGE10_58492C39_1.jpg,ROUND,BLUE,10,ROUND_BLUE,160,0,1,0,0,0,0,0,0,0,0,0,0,00378-1133-01
00378-1133-01_RXNAVIMAGE10_58492C39_2.jpg,ROUND,BLUE,10,ROUND_BLUE,160,0,1,0,0,0,0,0,0,0,0,0,0,00378-1133-01
00555-0886-02_RXNAVIMAGE10_4D2F2689_1.jpg,OVAL,PURPLE,7,OVAL_PURPLE,135,0,0,0,0,0,0,0,1,0,0,0,0,00555-0886-02
00555-0886-02_RXNAVIMAGE10_4D2F2689_2.jpg,OVAL,PURPLE,7,OVAL_PURPLE,135,0,0,0,0,0,0,0,1,0,0,0,0,00555-0886-02
00046-1101-81_RXNAVIMAGE10_4546A2B5_1.jpg,OVAL,BLUE,7,OVAL_BLUE,123,0,1,0,0,0,0,0,0,0,0,0,0,00046-1101-81
00046-1101-81_RXNAVIMAGE10_4546A2B5_2.jpg,OVAL,BLUE,7,OVAL_BLUE,123,0,1,0,0,0,0,0,0,0,0,0,0,00046-1101-81
68180-0222-01_RXNAVIMAGE10_503C2841_1.jpg,OVAL,ORANGE,7,OVAL_ORANGE,130,0,0,0,0,0,1,0,0,0,0,0,0,68180-0222-01
68180-0222-01_RXNAVIMAGE10_503C2841_2.jpg,OVAL,ORANGE,7,OVAL_ORANGE,130,0,0,0,0,0,1,0,0,0,0,0,0,68180-0222-01
13310-0153-07_RXNAVIMAGE10_E70E7393_1.jpg,CAPSULE,WHITE,1,CAPSULE_WHITE,81,0,0,0,0,0,0,0,0,0,0,1,0,13310-0153-07
13310-0153-07_RXNAVIMAGE10_E70E7393_2.jpg,CAPSULE,WHITE,1,CAPSULE_WHITE,81,0,0,0,0,0,0,0,0,0,0,1,0,13310-0153-07
57844-0324-01_RXNAVIMAGE10_DB366DE3_1.jpg,CAPSULE,ORANGE,1,CAPSULE_ORANGE,44,0,0,0,0,0,1,0,0,0,0,0,0,57844-0324-01
57844-0324-01_RXNAVIMAGE10_DB366DE3_2.jpg,CAPSULE,ORANGE,1,CAPSULE_ORANGE,44,0,0,0,0,0,1,0,0,0,0,0,0,57844-0324-01
55111-0398-30_RXNAVIMAGE10_B80EDC06_1.jpg,CAPSULE,"PINK, GREEN",1,"CAPSULE_PINK, GREEN",55,0,0,0,0,1,0,1,0,0,0,0,0,55111-0398-30
55111-0398-30_RXNAVIMAGE10_B80EDC06_2.jpg,CAPSULE,"PINK, GREEN",1,"CAPSULE_PINK, GREEN",55,0,0,0,0,1,0,1,0,0,0,0,0,55111-0398-30
00093-2063-01_RXNAVIMAGE10_6F38B795_1.jpg,ROUND,ORANGE,10,ROUND_ORANGE,166,0,0,0,0,0,1,0,0,0,0,0,0,00093-2063-01
00093-2063-01_RXNAVIMAGE10_6F38B795_2.jpg,ROUND,ORANGE,10,ROUND_ORANGE,166,0,0,0,0,0,1,0,0,0,0,0,0,00093-2063-01
49884-0455-11_RXNAVIMAGE10_D80E6C13_1.jpg,CAPSULE,"BLUE, WHITE",1,"CAPSULE_BLUE, WHITE",16,0,1,0,0,0,0,0,0,0,0,1,0,49884-0455-11
49884-0455-11_RXNAVIMAGE10_D80E6C13_2.jpg,CAPSULE,"BLUE, WHITE",1,"CAPSULE_BLUE, WHITE",16,0,1,0,0,0,0,0,0,0,0,1,0,49884-0455-11
51285-0084-98_RXNAVIMAGE10_F6367B33_1.jpg,ROUND,PINK,10,ROUND_PINK,168,0,0,0,0,0,0,1,0,0,0,0,0,51285-0084-98
51285-0084-98_RXNAVIMAGE10_F6367B33_2.jpg,ROUND,PINK,10,ROUND_PINK,168,0,0,0,0,0,0,1,0,0,0,0,0,51285-0084-98
00555-1022-01_RXNAVIMAGE10_CC2B666B_1.jpg,CAPSULE,BROWN,1,CAPSULE_BROWN,18,0,0,1,0,0,0,0,0,0,0,0,0,00555-1022-01
00555-1022-01_RXNAVIMAGE10_CC2B666B_2.jpg,CAPSULE,BROWN,1,CAPSULE_BROWN,18,0,0,1,0,0,0,0,0,0,0,0,0,00555-1022-01
60793-0116-01_RXNAVIMAGE10_0039806C_1.jpg,ROUND,WHITE,10,ROUND_WHITE,174,0,0,0,0,0,0,0,0,0,0,1,0,60793-0116-01
60793-0116-01_RXNAVIMAGE10_0039806C_2.jpg,ROUND,WHITE,10,ROUND_WHITE,174,0,0,0,0,0,0,0,0,0,0,1,0,60793-0116-01
51079-0937-20_RXNAVIMAGE10_1E350F18_1.jpg,CAPSULE,"BLACK, PURPLE",1,"CAPSULE_BLACK, PURPLE",3,1,0,0,0,0,0,0,1,0,0,0,0,51079-0937-20
51079-0937-20_RXNAVIMAGE10_1E350F18_2.jpg,CAPSULE,"BLACK, PURPLE",1,"CAPSULE_BLACK, PURPLE",3,1,0,0,0,0,0,0,1,0,0,0,0,51079-0937-20
60505-3251-06_RXNAVIMAGE10_E34AF197_1.jpg,DIAMOND,WHITE,2,DIAMOND_WHITE,110,0,0,0,0,0,0,0,0,0,0,1,0,60505-3251-06
60505-3251-06_RXNAVIMAGE10_E34AF197_2.jpg,DIAMOND,WHITE,2,DIAMOND_WHITE,110,0,0,0,0,0,0,0,0,0,0,1,0,60505-3251-06
00228-2855-11_RXNAVIMAGE10_0B4085F4_1.jpg,OVAL,YELLOW,7,OVAL_YELLOW,145,0,0,0,0,0,0,0,0,0,0,0,1,00228-2855-11
00228-2855-11_RXNAVIMAGE10_0B4085F4_2.jpg,OVAL,YELLOW,7,OVAL_YELLOW,145,0,0,0,0,0,0,0,0,0,0,0,1,00228-2855-11
63459-0546-28_RXNAVIMAGE10_A2425102_1.jpg,ROUND,WHITE,10,ROUND_WHITE,174,0,0,0,0,0,0,0,0,0,0,1,0,63459-0546-28
63459-0546-28_RXNAVIMAGE10_A2425102_2.jpg,ROUND,WHITE,10,ROUND_WHITE,174,0,0,0,0,0,0,0,0,0,0,1,0,63459-0546-28
00781-1718-01_RXNAVIMAGE10_7D04BEF5_1.jpg,ROUND,ORANGE,10,ROUND_ORANGE,166,0,0,0,0,0,1,0,0,0,0,0,0,00781-1718-01
00781-1718-01_RXNAVIMAGE10_7D04BEF5_2.jpg,ROUND,ORANGE,10,ROUND_ORANGE,166,0,0,0,0,0,1,0,0,0,0,0,0,00781-1718-01
62756-0183-88_RXNAVIMAGE10_8B50C5C6_1.jpg,OVAL,YELLOW,7,OVAL_YELLOW,145,0,0,0,0,0,0,0,0,0,0,0,1,62756-0183-88
62756-0183-88_RXNAVIMAGE10_8B50C5C6_2.jpg,OVAL,YELLOW,7,OVAL_YELLOW,145,0,0,0,0,0,0,0,0,0,0,0,1,62756-0183-88
00006-0461-06_RXNAVIMAGE10_4439A22D_1.jpg,CAPSULE,WHITE,1,CAPSULE_WHITE,81,0,0,0,0,0,0,0,0,0,0,1,0,00006-0461-06
00006-0461-06_RXNAVIMAGE10_4439A22D_2.jpg,CAPSULE,WHITE,1,CAPSULE_WHITE,81,0,0,0,0,0,0,0,0,0,0,1,0,00006-0461-06
00093-7457-01_RXNAVIMAGE10_30361860_1.jpg,OVAL,PINK,7,OVAL_PINK,133,0,0,0,0,0,0,1,0,0,0,0,0,00093-7457-01
00093-7457-01_RXNAVIMAGE10_30361860_2.jpg,OVAL,PINK,7,OVAL_PINK,133,0,0,0,0,0,0,1,0,0,0,0,0,00093-7457-01
68382-0114-05_RXNAVIMAGE10_C13F609B_1.jpg,ROUND,WHITE,10,ROUND_WHITE,174,0,0,0,0,0,0,0,0,0,0,1,0,68382-0114-05
68382-0114-05_RXNAVIMAGE10_C13F609B_2.jpg,ROUND,WHITE,10,ROUND_WHITE,174,0,0,0,0,0,0,0,0,0,0,1,0,68382-0114-05
69097-0223-16_RXNAVIMAGE10_4A51A51D_1.jpg,OVAL,WHITE,7,OVAL_WHITE,139,0,0,0,0,0,0,0,0,0,0,1,0,69097-0223-16
69097-0223-16_RXNAVIMAGE10_4A51A51D_2.jpg,OVAL,WHITE,7,OVAL_WHITE,139,0,0,0,0,0,0,0,0,0,0,1,0,69097-0223-16
00093-7425-56_RXNAVIMAGE10_D727EBFF_1.jpg,SQUARE,PINK,12,SQUARE_PINK,184,0,0,0,0,0,0,1,0,0,0,0,0,00093-7425-56
00093-7425-56_RXNAVIMAGE10_D727EBFF_2.jpg,SQUARE,PINK,12,SQUARE_PINK,184,0,0,0,0,0,0,1,0,0,0,0,0,00093-7425-56
68462-0293-05_RXNAVIMAGE10_F03CF837_1.jpg,OVAL,BROWN,7,OVAL_BROWN,125,0,0,1,0,0,0,0,0,0,0,0,0,68462-0293-05
68462-0293-05_RXNAVIMAGE10_F03CF837_2.jpg,OVAL,BROWN,7,OVAL_BROWN,125,0,0,1,0,0,0,0,0,0,0,0,0,68462-0293-05
65862-0050-30_RXNAVIMAGE10_012180AC_1.jpg,ROUND,YELLOW,10,ROUND_YELLOW,178,0,0,0,0,0,0,0,0,0,0,0,1,65862-0050-30
65862-0050-30_RXNAVIMAGE10_012180AC_2.jpg,ROUND,YELLOW,10,ROUND_YELLOW,178,0,0,0,0,0,0,0,0,0,0,0,1,65862-0050-30
00093-5060-01_RXNAVIMAGE10_28381470_1.jpg,ROUND,WHITE,10,ROUND_WHITE,174,0,0,0,0,0,0,0,0,0,0,1,0,00093-5060-01
00093-5060-01_RXNAVIMAGE10_28381470_2.jpg,ROUND,WHITE,10,ROUND_WHITE,174,0,0,0,0,0,0,0,0,0,0,1,0,00093-5060-01
50111-0915-01_RXNAVIMAGE10_CB35E59F_1.jpg,ROUND,WHITE,10,ROUND_WHITE,174,0,0,0,0,0,0,0,0,0,0,1,0,50111-0915-01
50111-0915-01_RXNAVIMAGE10_CB35E59F_2.jpg,ROUND,WHITE,10,ROUND_WHITE,174,0,0,0,0,0,0,0,0,0,0,1,0,50111-0915-01
67253-0391-50_RXNAVIMAGE10_81404092_1.jpg,ROUND,ORANGE,10,ROUND_ORANGE,166,0,0,0,0,0,1,0,0,0,0,0,0,67253-0391-50
67253-0391-50_RXNAVIMAGE10_81404092_2.jpg,ROUND,ORANGE,10,ROUND_ORANGE,166,0,0,0,0,0,1,0,0,0,0,0,0,67253-0391-50
13668-0010-01_RXNAVIMAGE10_97344B82_1.jpg,OVAL,BROWN,7,OVAL_BROWN,125,0,0,1,0,0,0,0,0,0,0,0,0,13668-0010-01
13668-0010-01_RXNAVIMAGE10_97344B82_2.jpg,OVAL,BROWN,7,OVAL_BROWN,125,0,0,1,0,0,0,0,0,0,0,0,0,13668-0010-01
60505-3247-03_RXNAVIMAGE10_374F1B98_1.jpg,OVAL,WHITE,7,OVAL_WHITE,139,0,0,0,0,0,0,0,0,0,0,1,0,60505-3247-03
60505-3247-03_RXNAVIMAGE10_374F1B98_2.jpg,OVAL,WHITE,7,OVAL_WHITE,139,0,0,0,0,0,0,0,0,0,0,1,0,60505-3247-03
62756-0142-02_RXNAVIMAGE10_E93C74C3_1.jpg,OVAL,WHITE,7,OVAL_WHITE,139,0,0,0,0,0,0,0,0,0,0,1,0,62756-0142-02
62756-0142-02_RXNAVIMAGE10_E93C74C3_2.jpg,OVAL,WHITE,7,OVAL_WHITE,139,0,0,0,0,0,0,0,0,0,0,1,0,62756-0142-02
67767-0151-01_RXNAVIMAGE10_30341820_1.jpg,ROUND,YELLOW,10,ROUND_YELLOW,178,0,0,0,0,0,0,0,0,0,0,0,1,67767-0151-01
67767-0151-01_RXNAVIMAGE10_30341820_2.jpg,ROUND,YELLOW,10,ROUND_YELLOW,178,0,0,0,0,0,0,0,0,0,0,0,1,67767-0151-01
66993-0408-32_RXNAVIMAGE10_4839A46D_1.jpg,CAPSULE,"GRAY, GREEN",1,"CAPSULE_GRAY, GREEN",25,0,0,0,1,1,0,0,0,0,0,0,0,66993-0408-32
66993-0408-32_RXNAVIMAGE10_4839A46D_2.jpg,CAPSULE,"GRAY, GREEN",1,"CAPSULE_GRAY, GREEN",25,0,0,0,1,1,0,0,0,0,0,0,0,66993-0408-32
57664-0133-88_RXNAVIMAGE10_F93FFCBF_1.jpg,OVAL,YELLOW,7,OVAL_YELLOW,145,0,0,0,0,0,0,0,0,0,0,0,1,57664-0133-88
57664-0133-88_RXNAVIMAGE10_F93FFCBF_2.jpg,OVAL,YELLOW,7,OVAL_YELLOW,145,0,0,0,0,0,0,0,0,0,0,0,1,57664-0133-88
51672-4042-02_RXNAVIMAGE10_D6156B1B_1.jpg,ROUND,PURPLE,10,ROUND_PURPLE,171,0,0,0,0,0,0,0,1,0,0,0,0,51672-4042-02
51672-4042-02_RXNAVIMAGE10_D6156B1B_2.jpg,ROUND,PURPLE,10,ROUND_PURPLE,171,0,0,0,0,0,0,0,1,0,0,0,0,51672-4042-02
65862-0157-30_RXNAVIMAGE10_473423C1_1.jpg,OVAL,PINK,7,OVAL_PINK,133,0,0,0,0,0,0,1,0,0,0,0,0,65862-0157-30
65862-0157-30_RXNAVIMAGE10_473423C1_2.jpg,OVAL,PINK,7,OVAL_PINK,133,0,0,0,0,0,0,1,0,0,0,0,0,65862-0157-30
60505-3114-03_RXNAVIMAGE10_15410AC8_1.jpg,OVAL,BLUE,7,OVAL_BLUE,123,0,1,0,0,0,0,0,0,0,0,0,0,60505-3114-03
60505-3114-03_RXNAVIMAGE10_15410AC8_2.jpg,OVAL,BLUE,7,OVAL_BLUE,123,0,1,0,0,0,0,0,0,0,0,0,0,60505-3114-03
68382-0143-16_RXNAVIMAGE10_34089A34_1.jpg,OVAL,WHITE,7,OVAL_WHITE,139,0,0,0,0,0,0,0,0,0,0,1,0,68382-0143-16
68382-0143-16_RXNAVIMAGE10_34089A34_2.jpg,OVAL,WHITE,7,OVAL_WHITE,139,0,0,0,0,0,0,0,0,0,0,1,0,68382-0143-16
60505-3140-03_RXNAVIMAGE10_1E410F18_1.jpg,OVAL,PINK,7,OVAL_PINK,133,0,0,0,0,0,0,1,0,0,0,0,0,60505-3140-03
60505-3140-03_RXNAVIMAGE10_1E410F18_2.jpg,OVAL,PINK,7,OVAL_PINK,133,0,0,0,0,0,0,1,0,0,0,0,0,60505-3140-03
51672-4001-02_RXNAVIMAGE10_75493AA9_1.jpg,CAPSULE,GREEN,1,CAPSULE_GREEN,32,0,0,0,0,1,0,0,0,0,0,0,0,51672-4001-02
51672-4001-02_RXNAVIMAGE10_75493AA9_2.jpg,CAPSULE,GREEN,1,CAPSULE_GREEN,32,0,0,0,0,1,0,0,0,0,0,0,0,51672-4001-02
50474-0598-66_RXNAVIMAGE10_FB15FDEF_1.jpg,OVAL,WHITE,7,OVAL_WHITE,139,0,0,0,0,0,0,0,0,0,0,1,0,50474-0598-66
50474-0598-66_RXNAVIMAGE10_FB15FDEF_2.jpg,OVAL,WHITE,7,OVAL_WHITE,139,0,0,0,0,0,0,0,0,0,0,1,0,50474-0598-66
13668-0037-05_RXNAVIMAGE10_8051400A_1.jpg,OVAL,WHITE,7,OVAL_WHITE,139,0,0,0,0,0,0,0,0,0,0,1,0,13668-0037-05
13668-0037-05_RXNAVIMAGE10_8051400A_2.jpg,OVAL,WHITE,7,OVAL_WHITE,139,0,0,0,0,0,0,0,0,0,0,1,0,13668-0037-05
00054-4550-25_RXNAVIMAGE10_F408FA07_1.jpg,ROUND,YELLOW,10,ROUND_YELLOW,178,0,0,0,0,0,0,0,0,0,0,0,1,00054-4550-25
00054-4550-25_RXNAVIMAGE10_F408FA07_2.jpg,ROUND,YELLOW,10,ROUND_YELLOW,178,0,0,0,0,0,0,0,0,0,0,0,1,00054-4550-25
00245-0041-11_RXNAVIMAGE10_9623CB0E_1.jpg,ROUND,YELLOW,10,ROUND_YELLOW,178,0,0,0,0,0,0,0,0,0,0,0,1,00245-0041-11
00245-0041-11_RXNAVIMAGE10_9623CB0E_2.jpg,ROUND,YELLOW,10,ROUND_YELLOW,178,0,0,0,0,0,0,0,0,0,0,0,1,00245-0041-11
00378-1458-01_RXNAVIMAGE10_01328084_1.jpg,ROUND,BLUE,10,ROUND_BLUE,160,0,1,0,0,0,0,0,0,0,0,0,0,00378-1458-01
00378-1458-01_RXNAVIMAGE10_01328084_2.jpg,ROUND,BLUE,10,ROUND_BLUE,160,0,1,0,0,0,0,0,0,0,0,0,0,00378-1458-01
00087-6071-11_RXNAVIMAGE10_E4467253_1.jpg,OVAL,WHITE,7,OVAL_WHITE,139,0,0,0,0,0,0,0,0,0,0,1,0,00087-6071-11
00087-6071-11_RXNAVIMAGE10_E4467253_2.jpg,OVAL,WHITE,7,OVAL_WHITE,139,0,0,0,0,0,0,0,0,0,0,1,0,00087-6071-11
00002-3251-30_RXNAVIMAGE10_451E2281_1.jpg,CAPSULE,BROWN,1,CAPSULE_BROWN,18,0,0,1,0,0,0,0,0,0,0,0,0,00002-3251-30
00002-3251-30_RXNAVIMAGE10_451E2281_2.jpg,CAPSULE,BROWN,1,CAPSULE_BROWN,18,0,0,1,0,0,0,0,0,0,0,0,0,00002-3251-30
13668-0159-30_RXNAVIMAGE10_754E3AE1_1.jpg,OVAL,"WHITE, YELLOW",7,"OVAL_WHITE, YELLOW",144,0,0,0,0,0,0,0,0,0,0,1,1,13668-0159-30
13668-0159-30_RXNAVIMAGE10_754E3AE1_2.jpg,OVAL,"WHITE, YELLOW",7,"OVAL_WHITE, YELLOW",144,0,0,0,0,0,0,0,0,0,0,1,1,13668-0159-30
00049-4910-30_RXNAVIMAGE10_881DC46E_1.jpg,OVAL,YELLOW,7,OVAL_YELLOW,145,0,0,0,0,0,0,0,0,0,0,0,1,00049-4910-30
00049-4910-30_RXNAVIMAGE10_881DC46E_2.jpg,OVAL,YELLOW,7,OVAL_YELLOW,145,0,0,0,0,0,0,0,0,0,0,0,1,00049-4910-30
51991-0746-90_RXNAVIMAGE10_7151B8CD_1.jpg,CAPSULE,YELLOW,1,CAPSULE_YELLOW,94,0,0,0,0,0,0,0,0,0,0,0,1,51991-0746-90
51991-0746-90_RXNAVIMAGE10_7151B8CD_2.jpg,CAPSULE,YELLOW,1,CAPSULE_YELLOW,94,0,0,0,0,0,0,0,0,0,0,0,1,51991-0746-90
00172-5728-60_RXNAVIMAGE10_9E27CF4E_1.jpg,ROUND,BROWN,10,ROUND_BROWN,162,0,0,1,0,0,0,0,0,0,0,0,0,00172-5728-60
00172-5728-60_RXNAVIMAGE10_9E27CF4E_2.jpg,ROUND,BROWN,10,ROUND_BROWN,162,0,0,1,0,0,0,0,0,0,0,0,0,00172-5728-60
00093-5503-56_RXNAVIMAGE10_A8365432_1.jpg,CAPSULE,BROWN,1,CAPSULE_BROWN,18,0,0,1,0,0,0,0,0,0,0,0,0,00093-5503-56
00093-5503-56_RXNAVIMAGE10_A8365432_2.jpg,CAPSULE,BROWN,1,CAPSULE_BROWN,18,0,0,1,0,0,0,0,0,0,0,0,0,00093-5503-56
53489-0511-01_RXNAVIMAGE10_50242801_1.jpg,ROUND,WHITE,10,ROUND_WHITE,174,0,0,0,0,0,0,0,0,0,0,1,0,53489-0511-01
53489-0511-01_RXNAVIMAGE10_50242801_2.jpg,ROUND,WHITE,10,ROUND_WHITE,174,0,0,0,0,0,0,0,0,0,0,1,0,53489-0511-01
00310-0281-60_RXNAVIMAGE10_091C84E4_1.jpg,OVAL,WHITE,7,OVAL_WHITE,139,0,0,0,0,0,0,0,0,0,0,1,0,00310-0281-60
00310-0281-60_RXNAVIMAGE10_091C84E4_2.jpg,OVAL,WHITE,7,OVAL_WHITE,139,0,0,0,0,0,0,0,0,0,0,1,0,00310-0281-60
62756-0798-13_RXNAVIMAGE10_AF39D7CE_1.jpg,OVAL,PINK,7,OVAL_PINK,133,0,0,0,0,0,0,1,0,0,0,0,0,62756-0798-13
62756-0798-13_RXNAVIMAGE10_AF39D7CE_2.jpg,OVAL,PINK,7,OVAL_PINK,133,0,0,0,0,0,0,1,0,0,0,0,0,62756-0798-13
00228-2801-11_RXNAVIMAGE10_544A2A41_1.jpg,ROUND,WHITE,10,ROUND_WHITE,174,0,0,0,0,0,0,0,0,0,0,1,0,00228-2801-11
00228-2801-11_RXNAVIMAGE10_544A2A41_2.jpg,ROUND,WHITE,10,ROUND_WHITE,174,0,0,0,0,0,0,0,0,0,0,1,0,00228-2801-11
00378-7004-93_RXNAVIMAGE10_B932DCF6_1.jpg,ROUND,BLUE,10,ROUND_BLUE,160,0,1,0,0,0,0,0,0,0,0,0,0,00378-7004-93
00378-7004-93_RXNAVIMAGE10_B932DCF6_2.jpg,ROUND,BLUE,10,ROUND_BLUE,160,0,1,0,0,0,0,0,0,0,0,0,0,00378-7004-93
50419-0409-01_RXNAVIMAGE10_B219590A_1.jpg,ROUND,WHITE,10,ROUND_WHITE,174,0,0,0,0,0,0,0,0,0,0,1,0,50419-0409-01
50419-0409-01_RXNAVIMAGE10_B219590A_2.jpg,ROUND,WHITE,10,ROUND_WHITE,174,0,0,0,0,0,0,0,0,0,0,1,0,50419-0409-01
51079-0145-20_RXNAVIMAGE10_11340890_1.jpg,ROUND,WHITE,10,ROUND_WHITE,174,0,0,0,0,0,0,0,0,0,0,1,0,51079-0145-20
51079-0145-20_RXNAVIMAGE10_11340890_2.jpg,ROUND,WHITE,10,ROUND_WHITE,174,0,0,0,0,0,0,0,0,0,0,1,0,51079-0145-20
50458-0925-50_RXNAVIMAGE10_741B3A59_1.jpg,OVAL,ORANGE,7,OVAL_ORANGE,130,0,0,0,0,0,1,0,0,0,0,0,0,50458-0925-50
50458-0925-50_RXNAVIMAGE10_741B3A59_2.jpg,OVAL,ORANGE,7,OVAL_ORANGE,130,0,0,0,0,0,1,0,0,0,0,0,0,50458-0925-50
65162-0347-58_RXNAVIMAGE10_435021B1_1.jpg,ROUND,BROWN,10,ROUND_BROWN,162,0,0,1,0,0,0,0,0,0,0,0,0,65162-0347-58
65162-0347-58_RXNAVIMAGE10_435021B1_2.jpg,ROUND,BROWN,10,ROUND_BROWN,162,0,0,1,0,0,0,0,0,0,0,0,0,65162-0347-58
50220-0001-01_RXNAVIMAGE10_6005B07D_1.jpg,OVAL,TURQUOISE,7,OVAL_TURQUOISE,138,0,0,0,0,0,0,0,0,0,1,0,0,50220-0001-01
50220-0001-01_RXNAVIMAGE10_6005B07D_2.jpg,OVAL,TURQUOISE,7,OVAL_TURQUOISE,138,0,0,0,0,0,0,0,0,0,1,0,0,50220-0001-01
60505-0222-01_RXNAVIMAGE10_FA33FD2F_1.jpg,OVAL,WHITE,7,OVAL_WHITE,139,0,0,0,0,0,0,0,0,0,0,1,0,60505-0222-01
60505-0222-01_RXNAVIMAGE10_FA33FD2F_2.jpg,OVAL,WHITE,7,OVAL_WHITE,139,0,0,0,0,0,0,0,0,0,0,1,0,60505-0222-01
60505-3121-03_RXNAVIMAGE10_7F493F89_1.jpg,CAPSULE,"WHITE, GREEN",1,"CAPSULE_WHITE, GREEN",86,0,0,0,0,1,0,0,0,0,0,1,0,60505-3121-03
60505-3121-03_RXNAVIMAGE10_7F493F89_2.jpg,CAPSULE,"WHITE, GREEN",1,"CAPSULE_WHITE, GREEN",86,0,0,0,0,1,0,0,0,0,0,1,0,60505-3121-03
51079-0997-20_RXNAVIMAGE10_37351BA8_1.jpg,CAPSULE,"WHITE, ORANGE",1,"CAPSULE_WHITE, ORANGE",87,0,0,0,0,0,1,0,0,0,0,1,0,51079-0997-20
51079-0997-20_RXNAVIMAGE10_37351BA8_2.jpg,CAPSULE,"WHITE, ORANGE",1,"CAPSULE_WHITE, ORANGE",87,0,0,0,0,0,1,0,0,0,0,1,0,51079-0997-20
55111-0256-60_RXNAVIMAGE10_074D03D8_1.jpg,CAPSULE,"PURPLE, PINK",1,"CAPSULE_PURPLE, PINK",64,0,0,0,0,0,0,1,1,0,0,0,0,55111-0256-60
55111-0256-60_RXNAVIMAGE10_074D03D8_2.jpg,CAPSULE,"PURPLE, PINK",1,"CAPSULE_PURPLE, PINK",64,0,0,0,0,0,0,1,1,0,0,0,0,55111-0256-60
00143-1445-10_RXNAVIMAGE10_211B90FC_1.jpg,ROUND,WHITE,10,ROUND_WHITE,174,0,0,0,0,0,0,0,0,0,0,1,0,00143-1445-10
00143-1445-10_RXNAVIMAGE10_211B90FC_2.jpg,ROUND,WHITE,10,ROUND_WHITE,174,0,0,0,0,0,0,0,0,0,0,1,0,00143-1445-10
59762-0104-01_RXNAVIMAGE10_F83EFC07_1.jpg,OVAL,YELLOW,7,OVAL_YELLOW,145,0,0,0,0,0,0,0,0,0,0,0,1,59762-0104-01
59762-0104-01_RXNAVIMAGE10_F83EFC07_2.jpg,OVAL,YELLOW,7,OVAL_YELLOW,145,0,0,0,0,0,0,0,0,0,0,0,1,59762-0104-01
64125-0138-01_RXNAVIMAGE10_A03DD03E_1.jpg,ROUND,WHITE,10,ROUND_WHITE,174,0,0,0,0,0,0,0,0,0,0,1,0,64125-0138-01
64125-0138-01_RXNAVIMAGE10_A03DD03E_2.jpg,ROUND,WHITE,10,ROUND_WHITE,174,0,0,0,0,0,0,0,0,0,0,1,0,64125-0138-01
00378-2042-01_RXNAVIMAGE10_5A4E2D31_1.jpg,ROUND,WHITE,10,ROUND_WHITE,174,0,0,0,0,0,0,0,0,0,0,1,0,00378-2042-01
00378-2042-01_RXNAVIMAGE10_5A4E2D31_2.jpg,ROUND,WHITE,10,ROUND_WHITE,174,0,0,0,0,0,0,0,0,0,0,1,0,00378-2042-01
00574-0251-01_RXNAVIMAGE10_C215E10F_1.jpg,OVAL,WHITE,7,OVAL_WHITE,139,0,0,0,0,0,0,0,0,0,0,1,0,00574-0251-01
00574-0251-01_RXNAVIMAGE10_C215E10F_2.jpg,OVAL,WHITE,7,OVAL_WHITE,139,0,0,0,0,0,0,0,0,0,0,1,0,00574-0251-01
65162-0896-09_RXNAVIMAGE10_3251991C_1.jpg,RECTANGLE,GREEN,9,RECTANGLE_GREEN,157,0,0,0,0,1,0,0,0,0,0,0,0,65162-0896-09
65162-0896-09_RXNAVIMAGE10_3251991C_2.jpg,RECTANGLE,GREEN,9,RECTANGLE_GREEN,157,0,0,0,0,1,0,0,0,0,0,0,0,65162-0896-09
00591-0780-05_RXNAVIMAGE10_B71D5BFA_1.jpg,OVAL,BLUE,7,OVAL_BLUE,123,0,1,0,0,0,0,0,0,0,0,0,0,00591-0780-05
00591-0780-05_RXNAVIMAGE10_B71D5BFA_2.jpg,OVAL,BLUE,7,OVAL_BLUE,123,0,1,0,0,0,0,0,0,0,0,0,0,00591-0780-05
00603-3443-28_RXNAVIMAGE10_0215810C_1.jpg,OVAL,PINK,7,OVAL_PINK,133,0,0,0,0,0,0,1,0,0,0,0,0,00603-3443-28
00603-3443-28_RXNAVIMAGE10_0215810C_2.jpg,OVAL,PINK,7,OVAL_PINK,133,0,0,0,0,0,0,1,0,0,0,0,0,00603-3443-28
00781-5656-15_RXNAVIMAGE10_E34B71AB_1.jpg,ROUND,ORANGE,10,ROUND_ORANGE,166,0,0,0,0,0,1,0,0,0,0,0,0,00781-5656-15
00781-5656-15_RXNAVIMAGE10_E34B71AB_2.jpg,ROUND,ORANGE,10,ROUND_ORANGE,166,0,0,0,0,0,1,0,0,0,0,0,0,00781-5656-15
76439-0136-11_RXNAVIMAGE10_3247994C_1.jpg,OVAL,WHITE,7,OVAL_WHITE,139,0,0,0,0,0,0,0,0,0,0,1,0,76439-0136-11
76439-0136-11_RXNAVIMAGE10_3247994C_2.jpg,OVAL,WHITE,7,OVAL_WHITE,139,0,0,0,0,0,0,0,0,0,0,1,0,76439-0136-11
00143-9130-05_RXNAVIMAGE10_2207914C_1.jpg,OVAL,WHITE,7,OVAL_WHITE,139,0,0,0,0,0,0,0,0,0,0,1,0,00143-9130-05
00143-9130-05_RXNAVIMAGE10_2207914C_2.jpg,OVAL,WHITE,7,OVAL_WHITE,139,0,0,0,0,0,0,0,0,0,0,1,0,00143-9130-05
00173-0933-08_RXNAVIMAGE10_2E1D970C_1.jpg,OVAL,BLUE,7,OVAL_BLUE,123,0,1,0,0,0,0,0,0,0,0,0,0,00173-0933-08
00173-0933-08_RXNAVIMAGE10_2E1D970C_2.jpg,OVAL,BLUE,7,OVAL_BLUE,123,0,1,0,0,0,0,0,0,0,0,0,0,00173-0933-08
00093-1719-01_RXNAVIMAGE10_14438A2C_1.jpg,OVAL,YELLOW,7,OVAL_YELLOW,145,0,0,0,0,0,0,0,0,0,0,0,1,00093-1719-01
00093-1719-01_RXNAVIMAGE10_14438A2C_2.jpg,OVAL,YELLOW,7,OVAL_YELLOW,145,0,0,0,0,0,0,0,0,0,0,0,1,00093-1719-01
00591-2170-19_RXNAVIMAGE10_C443620B_1.jpg,OVAL,GRAY,7,OVAL_GRAY,127,0,0,0,1,0,0,0,0,0,0,0,0,00591-2170-19
00591-2170-19_RXNAVIMAGE10_C443620B_2.jpg,OVAL,GRAY,7,OVAL_GRAY,127,0,0,0,1,0,0,0,0,0,0,0,0,00591-2170-19
00555-9034-58_RXNAVIMAGE10_0E130778_1.jpg,ROUND,WHITE,10,ROUND_WHITE,174,0,0,0,0,0,0,0,0,0,0,1,0,00555-9034-58
00555-9034-58_RXNAVIMAGE10_0E130778_2.jpg,ROUND,WHITE,10,ROUND_WHITE,174,0,0,0,0,0,0,0,0,0,0,1,0,00555-9034-58
45802-0132-75_RXNAVIMAGE10_004E8024_1.jpg,OVAL,WHITE,7,OVAL_WHITE,139,0,0,0,0,0,0,0,0,0,0,1,0,45802-0132-75
45802-0132-75_RXNAVIMAGE10_004E8024_2.jpg,OVAL,WHITE,7,OVAL_WHITE,139,0,0,0,0,0,0,0,0,0,0,1,0,45802-0132-75
55111-0159-01_RXNAVIMAGE10_DA0E6D63_1.jpg,CAPSULE,"YELLOW, PURPLE",1,"CAPSULE_YELLOW, PURPLE",101,0,0,0,0,0,0,0,1,0,0,0,1,55111-0159-01
55111-0159-01_RXNAVIMAGE10_DA0E6D63_2.jpg,CAPSULE,"YELLOW, PURPLE",1,"CAPSULE_YELLOW, PURPLE",101,0,0,0,0,0,0,0,1,0,0,0,1,55111-0159-01
00093-5298-01_RXNAVIMAGE10_F7427BC3_1.jpg,CAPSULE,"WHITE, BROWN",1,"CAPSULE_WHITE, BROWN",84,0,0,1,0,0,0,0,0,0,0,1,0,00093-5298-01
00093-5298-01_RXNAVIMAGE10_F7427BC3_2.jpg,CAPSULE,"WHITE, BROWN",1,"CAPSULE_WHITE, BROWN",84,0,0,1,0,0,0,0,0,0,0,1,0,00093-5298-01
00228-2588-03_RXNAVIMAGE10_04350258_1.jpg,CAPSULE,GRAY,1,CAPSULE_GRAY,22,0,0,0,1,0,0,0,0,0,0,0,0,00228-2588-03
00228-2588-03_RXNAVIMAGE10_04350258_2.jpg,CAPSULE,GRAY,1,CAPSULE_GRAY,22,0,0,0,1,0,0,0,0,0,0,0,0,00228-2588-03
62037-0598-05_RXNAVIMAGE10_1B158DCC_1.jpg,CAPSULE,"YELLOW, ORANGE",1,"CAPSULE_YELLOW, ORANGE",99,0,0,0,0,0,1,0,0,0,0,0,1,62037-0598-05
62037-0598-05_RXNAVIMAGE10_1B158DCC_2.jpg,CAPSULE,"YELLOW, ORANGE",1,"CAPSULE_YELLOW, ORANGE",99,0,0,0,0,0,1,0,0,0,0,0,1,62037-0598-05
16252-0569-60_RXNAVIMAGE10_A70ED396_1.jpg,CAPSULE,WHITE,1,CAPSULE_WHITE,81,0,0,0,0,0,0,0,0,0,0,1,0,16252-0569-60
16252-0569-60_RXNAVIMAGE10_A70ED396_2.jpg,CAPSULE,WHITE,1,CAPSULE_WHITE,81,0,0,0,0,0,0,0,0,0,0,1,0,16252-0569-60
54092-0172-12_RXNAVIMAGE10_BD38DEC6_1.jpg,CAPSULE,"GRAY, GREEN",1,"CAPSULE_GRAY, GREEN",25,0,0,0,1,1,0,0,0,0,0,0,0,54092-0172-12
54092-0172-12_RXNAVIMAGE10_BD38DEC6_2.jpg,CAPSULE,"GRAY, GREEN",1,"CAPSULE_GRAY, GREEN",25,0,0,0,1,1,0,0,0,0,0,0,0,54092-0172-12
00603-2407-21_RXNAVIMAGE10_E023707B_1.jpg,OVAL,WHITE,7,OVAL_WHITE,139,0,0,0,0,0,0,0,0,0,0,1,0,00603-2407-21
00603-2407-21_RXNAVIMAGE10_E023707B_2.jpg,OVAL,WHITE,7,OVAL_WHITE,139,0,0,0,0,0,0,0,0,0,0,1,0,00603-2407-21
00781-5187-01_RXNAVIMAGE10_34239A1C_1.jpg,OVAL,BLUE,7,OVAL_BLUE,123,0,1,0,0,0,0,0,0,0,0,0,0,00781-5187-01
00781-5187-01_RXNAVIMAGE10_34239A1C_2.jpg,OVAL,BLUE,7,OVAL_BLUE,123,0,1,0,0,0,0,0,0,0,0,0,0,00781-5187-01
00904-7809-60_RXNAVIMAGE10_D9346C83_1.jpg,ROUND,WHITE,10,ROUND_WHITE,174,0,0,0,0,0,0,0,0,0,0,1,0,00904-7809-60
00904-7809-60_RXNAVIMAGE10_D9346C83_2.jpg,ROUND,WHITE,10,ROUND_WHITE,174,0,0,0,0,0,0,0,0,0,0,1,0,00904-7809-60
00093-3098-29_RXNAVIMAGE10_D6436B3B_1.jpg,ROUND,ORANGE,10,ROUND_ORANGE,166,0,0,0,0,0,1,0,0,0,0,0,0,00093-3098-29
00093-3098-29_RXNAVIMAGE10_D6436B3B_2.jpg,ROUND,ORANGE,10,ROUND_ORANGE,166,0,0,0,0,0,1,0,0,0,0,0,0,00093-3098-29
51079-0436-20_RXNAVIMAGE10_19350CA8_1.jpg,CAPSULE,WHITE,1,CAPSULE_WHITE,81,0,0,0,0,0,0,0,0,0,0,1,0,51079-0436-20
51079-0436-20_RXNAVIMAGE10_19350CA8_2.jpg,CAPSULE,WHITE,1,CAPSULE_WHITE,81,0,0,0,0,0,0,0,0,0,0,1,0,51079-0436-20
00228-2851-11_RXNAVIMAGE10_113E08A0_1.jpg,OVAL,ORANGE,7,OVAL_ORANGE,130,0,0,0,0,0,1,0,0,0,0,0,0,00228-2851-11
00228-2851-11_RXNAVIMAGE10_113E08A0_2.jpg,OVAL,ORANGE,7,OVAL_ORANGE,130,0,0,0,0,0,1,0,0,0,0,0,0,00228-2851-11
31722-0726-30_RXNAVIMAGE10_2D4E96D4_1.jpg,SQUARE,BROWN,12,SQUARE_BROWN,182,0,0,1,0,0,0,0,0,0,0,0,0,31722-0726-30
31722-0726-30_RXNAVIMAGE10_2D4E96D4_2.jpg,SQUARE,BROWN,12,SQUARE_BROWN,182,0,0,1,0,0,0,0,0,0,0,0,0,31722-0726-30
00884-0773-04_RXNAVIMAGE10_A715D3BE_1.jpg,OVAL,WHITE,7,OVAL_WHITE,139,0,0,0,0,0,0,0,0,0,0,1,0,00884-0773-04
00884-0773-04_RXNAVIMAGE10_A715D3BE_2.jpg,OVAL,WHITE,7,OVAL_WHITE,139,0,0,0,0,0,0,0,0,0,0,1,0,00884-0773-04
16714-0612-06_RXNAVIMAGE10_864E4352_1.jpg,OVAL,BLUE,7,OVAL_BLUE,123,0,1,0,0,0,0,0,0,0,0,0,0,16714-0612-06
16714-0612-06_RXNAVIMAGE10_864E4352_2.jpg,OVAL,BLUE,7,OVAL_BLUE,123,0,1,0,0,0,0,0,0,0,0,0,0,16714-0612-06
00603-5683-20_RXNAVIMAGE10_090E84D4_1.jpg,OVAL,YELLOW,7,OVAL_YELLOW,145,0,0,0,0,0,0,0,0,0,0,0,1,00603-5683-20
00603-5683-20_RXNAVIMAGE10_090E84D4_2.jpg,OVAL,YELLOW,7,OVAL_YELLOW,145,0,0,0,0,0,0,0,0,0,0,0,1,00603-5683-20
00093-2274-34_RXNAVIMAGE10_022D814C_1.jpg,OVAL,WHITE,7,OVAL_WHITE,139,0,0,0,0,0,0,0,0,0,0,1,0,00093-2274-34
00093-2274-34_RXNAVIMAGE10_022D814C_2.jpg,OVAL,WHITE,7,OVAL_WHITE,139,0,0,0,0,0,0,0,0,0,0,1,0,00093-2274-34
52544-0959-28_RXNAVIMAGE10_D73AEBC7_1.jpg,ROUND,GREEN,10,ROUND_GREEN,164,0,0,0,0,1,0,0,0,0,0,0,0,52544-0959-28
52544-0959-28_RXNAVIMAGE10_D73AEBC7_2.jpg,ROUND,GREEN,10,ROUND_GREEN,164,0,0,0,0,1,0,0,0,0,0,0,0,52544-0959-28
00186-5020-31_RXNAVIMAGE10_C71B63CB_1.jpg,CAPSULE,PURPLE,1,CAPSULE_PURPLE,61,0,0,0,0,0,0,0,1,0,0,0,0,00186-5020-31
00186-5020-31_RXNAVIMAGE10_C71B63CB_2.jpg,CAPSULE,PURPLE,1,CAPSULE_PURPLE,61,0,0,0,0,0,0,0,1,0,0,0,0,00186-5020-31
63304-0165-30_RXNAVIMAGE10_B633DB0E_1.jpg,OVAL,WHITE,7,OVAL_WHITE,139,0,0,0,0,0,0,0,0,0,0,1,0,63304-0165-30
63304-0165-30_RXNAVIMAGE10_B633DB0E_2.jpg,OVAL,WHITE,7,OVAL_WHITE,139,0,0,0,0,0,0,0,0,0,0,1,0,63304-0165-30
00093-2270-34_RXNAVIMAGE10_E12D70FB_1.jpg,OVAL,PINK,7,OVAL_PINK,133,0,0,0,0,0,0,1,0,0,0,0,0,00093-2270-34
00093-2270-34_RXNAVIMAGE10_E12D70FB_2.jpg,OVAL,PINK,7,OVAL_PINK,133,0,0,0,0,0,0,1,0,0,0,0,0,00093-2270-34
00574-0181-90_RXNAVIMAGE10_B6505B12_1.jpg,CAPSULE,WHITE,1,CAPSULE_WHITE,81,0,0,0,0,0,0,0,0,0,0,1,0,00574-0181-90
00574-0181-90_RXNAVIMAGE10_B6505B12_2.jpg,CAPSULE,WHITE,1,CAPSULE_WHITE,81,0,0,0,0,0,0,0,0,0,0,1,0,00574-0181-90
31722-0700-90_RXNAVIMAGE10_174E0BA0_1.jpg,OVAL,WHITE,7,OVAL_WHITE,139,0,0,0,0,0,0,0,0,0,0,1,0,31722-0700-90
31722-0700-90_RXNAVIMAGE10_174E0BA0_2.jpg,OVAL,WHITE,7,OVAL_WHITE,139,0,0,0,0,0,0,0,0,0,0,1,0,31722-0700-90
00378-2146-01_RXNAVIMAGE10_5832AC65_1.jpg,ROUND,WHITE,10,ROUND_WHITE,174,0,0,0,0,0,0,0,0,0,0,1,0,00378-2146-01
00378-2146-01_RXNAVIMAGE10_5832AC65_2.jpg,ROUND,WHITE,10,ROUND_WHITE,174,0,0,0,0,0,0,0,0,0,0,1,0,00378-2146-01
00093-9774-01_RXNAVIMAGE10_F922FC97_1.jpg,OVAL,WHITE,7,OVAL_WHITE,139,0,0,0,0,0,0,0,0,0,0,1,0,00093-9774-01
00093-9774-01_RXNAVIMAGE10_F922FC97_2.jpg,OVAL,WHITE,7,OVAL_WHITE,139,0,0,0,0,0,0,0,0,0,0,1,0,00093-9774-01
31722-0268-90_RXNAVIMAGE10_C447622B_1.jpg,ROUND,BROWN,10,ROUND_BROWN,162,0,0,1,0,0,0,0,0,0,0,0,0,31722-0268-90
31722-0268-90_RXNAVIMAGE10_C447622B_2.jpg,ROUND,BROWN,10,ROUND_BROWN,162,0,0,1,0,0,0,0,0,0,0,0,0,31722-0268-90
00603-7608-01_RXNAVIMAGE10_594A2C81_1.jpg,ROUND,GREEN,10,ROUND_GREEN,164,0,0,0,0,1,0,0,0,0,0,0,0,00603-7608-01
00603-7608-01_RXNAVIMAGE10_594A2C81_2.jpg,ROUND,GREEN,10,ROUND_GREEN,164,0,0,0,0,1,0,0,0,0,0,0,0,00603-7608-01
60793-0859-01_RXNAVIMAGE10_00088024_1.jpg,OVAL,TURQUOISE,7,OVAL_TURQUOISE,138,0,0,0,0,0,0,0,0,0,1,0,0,60793-0859-01
60793-0859-01_RXNAVIMAGE10_00088024_2.jpg,OVAL,TURQUOISE,7,OVAL_TURQUOISE,138,0,0,0,0,0,0,0,0,0,1,0,0,60793-0859-01
00093-5506-56_RXNAVIMAGE10_1E270F18_1.jpg,CAPSULE,YELLOW,1,CAPSULE_YELLOW,94,0,0,0,0,0,0,0,0,0,0,0,1,00093-5506-56
00093-5506-56_RXNAVIMAGE10_1E270F18_2.jpg,CAPSULE,YELLOW,1,CAPSULE_YELLOW,94,0,0,0,0,0,0,0,0,0,0,0,1,00093-5506-56
63304-0589-30_RXNAVIMAGE10_F53A7A83_1.jpg,OVAL,WHITE,7,OVAL_WHITE,139,0,0,0,0,0,0,0,0,0,0,1,0,63304-0589-30
63304-0589-30_RXNAVIMAGE10_F53A7A83_2.jpg,OVAL,WHITE,7,OVAL_WHITE,139,0,0,0,0,0,0,0,0,0,0,1,0,63304-0589-30
68462-0126-05_RXNAVIMAGE10_2807947C_1.jpg,OVAL,WHITE,7,OVAL_WHITE,139,0,0,0,0,0,0,0,0,0,0,1,0,68462-0126-05
68462-0126-05_RXNAVIMAGE10_2807947C_2.jpg,OVAL,WHITE,7,OVAL_WHITE,139,0,0,0,0,0,0,0,0,0,0,1,0,68462-0126-05
50419-0115-06_RXNAVIMAGE10_56192B19_1.jpg,OVAL,WHITE,7,OVAL_WHITE,139,0,0,0,0,0,0,0,0,0,0,1,0,50419-0115-06
50419-0115-06_RXNAVIMAGE10_56192B19_2.jpg,OVAL,WHITE,7,OVAL_WHITE,139,0,0,0,0,0,0,0,0,0,0,1,0,50419-0115-06
00597-0044-37_RXNAVIMAGE10_D116E8D7_1.jpg,OVAL,"WHITE, ORANGE",7,"OVAL_WHITE, ORANGE",142,0,0,0,0,0,1,0,0,0,0,1,0,00597-0044-37
00597-0044-37_RXNAVIMAGE10_D116E8D7_2.jpg,OVAL,"WHITE, ORANGE",7,"OVAL_WHITE, ORANGE",142,0,0,0,0,0,1,0,0,0,0,1,0,00597-0044-37
00093-7387-56_RXNAVIMAGE10_70383871_1.jpg,OVAL,PINK,7,OVAL_PINK,133,0,0,0,0,0,0,1,0,0,0,0,0,00093-7387-56
00093-7387-56_RXNAVIMAGE10_70383871_2.jpg,OVAL,PINK,7,OVAL_PINK,133,0,0,0,0,0,0,1,0,0,0,0,0,00093-7387-56
64679-0907-04_RXNAVIMAGE10_16330B78_1.jpg,OVAL,WHITE,7,OVAL_WHITE,139,0,0,0,0,0,0,0,0,0,0,1,0,64679-0907-04
64679-0907-04_RXNAVIMAGE10_16330B78_2.jpg,OVAL,WHITE,7,OVAL_WHITE,139,0,0,0,0,0,0,0,0,0,0,1,0,64679-0907-04
27437-0201-08_RXNAVIMAGE10_B51D5AAA_1.jpg,OVAL,WHITE,7,OVAL_WHITE,139,0,0,0,0,0,0,0,0,0,0,1,0,27437-0201-08
27437-0201-08_RXNAVIMAGE10_B51D5AAA_2.jpg,OVAL,WHITE,7,OVAL_WHITE,139,0,0,0,0,0,0,0,0,0,0,1,0,27437-0201-08
00115-4233-01_RXNAVIMAGE10_923E4952_1.jpg,ROUND,GREEN,10,ROUND_GREEN,164,0,0,0,0,1,0,0,0,0,0,0,0,00115-4233-01
00115-4233-01_RXNAVIMAGE10_923E4952_2.jpg,ROUND,GREEN,10,ROUND_GREEN,164,0,0,0,0,1,0,0,0,0,0,0,0,00115-4233-01
65862-0287-01_RXNAVIMAGE10_B7455BBA_1.jpg,OVAL,WHITE,7,OVAL_WHITE,139,0,0,0,0,0,0,0,0,0,0,1,0,65862-0287-01
65862-0287-01_RXNAVIMAGE10_B7455BBA_2.jpg,OVAL,WHITE,7,OVAL_WHITE,139,0,0,0,0,0,0,0,0,0,0,1,0,65862-0287-01
00173-0755-00_RXNAVIMAGE10_BC15DE0E_1.jpg,ROUND,"GREEN, WHITE",10,"ROUND_GREEN, WHITE",165,0,0,0,0,1,0,0,0,0,0,1,0,00173-0755-00
00173-0755-00_RXNAVIMAGE10_BC15DE0E_2.jpg,ROUND,"GREEN, WHITE",10,"ROUND_GREEN, WHITE",165,0,0,0,0,1,0,0,0,0,0,1,0,00173-0755-00
31722-0532-01_RXNAVIMAGE10_4047A06D_1.jpg,OVAL,WHITE,7,OVAL_WHITE,139,0,0,0,0,0,0,0,0,0,0,1,0,31722-0532-01
31722-0532-01_RXNAVIMAGE10_4047A06D_2.jpg,OVAL,WHITE,7,OVAL_WHITE,139,0,0,0,0,0,0,0,0,0,0,1,0,31722-0532-01
51285-0063-90_RXNAVIMAGE10_6F2D3799_1.jpg,ROUND,ORANGE,10,ROUND_ORANGE,166,0,0,0,0,0,1,0,0,0,0,0,0,51285-0063-90
51285-0063-90_RXNAVIMAGE10_6F2D3799_2.jpg,ROUND,ORANGE,10,ROUND_ORANGE,166,0,0,0,0,0,1,0,0,0,0,0,0,51285-0063-90
16729-0147-17_RXNAVIMAGE10_D14768EB_1.jpg,ROUND,YELLOW,10,ROUND_YELLOW,178,0,0,0,0,0,0,0,0,0,0,0,1,16729-0147-17
16729-0147-17_RXNAVIMAGE10_D14768EB_2.jpg,ROUND,YELLOW,10,ROUND_YELLOW,178,0,0,0,0,0,0,0,0,0,0,0,1,16729-0147-17
51285-0120-58_RXNAVIMAGE10_6843B45D_1.jpg,ROUND,GREEN,10,ROUND_GREEN,164,0,0,0,0,1,0,0,0,0,0,0,0,51285-0120-58
51285-0120-58_RXNAVIMAGE10_6843B45D_2.jpg,ROUND,GREEN,10,ROUND_GREEN,164,0,0,0,0,1,0,0,0,0,0,0,0,51285-0120-58
31722-0267-90_RXNAVIMAGE10_EA507553_1.jpg,ROUND,BROWN,10,ROUND_BROWN,162,0,0,1,0,0,0,0,0,0,0,0,0,31722-0267-90
31722-0267-90_RXNAVIMAGE10_EA507553_2.jpg,ROUND,BROWN,10,ROUND_BROWN,162,0,0,1,0,0,0,0,0,0,0,0,0,31722-0267-90
68382-0136-10_RXNAVIMAGE10_2B0895B4_1.jpg,OVAL,WHITE,7,OVAL_WHITE,139,0,0,0,0,0,0,0,0,0,0,1,0,68382-0136-10
68382-0136-10_RXNAVIMAGE10_2B0895B4_2.jpg,OVAL,WHITE,7,OVAL_WHITE,139,0,0,0,0,0,0,0,0,0,0,1,0,68382-0136-10
00781-2785-31_RXNAVIMAGE10_7551BADD_1.jpg,CAPSULE,BROWN,1,CAPSULE_BROWN,18,0,0,1,0,0,0,0,0,0,0,0,0,00781-2785-31
00781-2785-31_RXNAVIMAGE10_7551BADD_2.jpg,CAPSULE,BROWN,1,CAPSULE_BROWN,18,0,0,1,0,0,0,0,0,0,0,0,0,00781-2785-31
00378-0214-01_RXNAVIMAGE10_7A07BD5D_1.jpg,ROUND,ORANGE,10,ROUND_ORANGE,166,0,0,0,0,0,1,0,0,0,0,0,0,00378-0214-01
00378-0214-01_RXNAVIMAGE10_7A07BD5D_2.jpg,ROUND,ORANGE,10,ROUND_ORANGE,166,0,0,0,0,0,1,0,0,0,0,0,0,00378-0214-01
51248-0151-03_RXNAVIMAGE10_5A1DAD5D_1.jpg,ROUND,WHITE,10,ROUND_WHITE,174,0,0,0,0,0,0,0,0,0,0,1,0,51248-0151-03
51248-0151-03_RXNAVIMAGE10_5A1DAD5D_2.jpg,ROUND,WHITE,10,ROUND_WHITE,174,0,0,0,0,0,0,0,0,0,0,1,0,51248-0151-03
59762-5020-01_RXNAVIMAGE10_8D33C6FE_1.jpg,TRIANGLE,BROWN,15,TRIANGLE_BROWN,197,0,0,1,0,0,0,0,0,0,0,0,0,59762-5020-01
59762-5020-01_RXNAVIMAGE10_8D33C6FE_2.jpg,TRIANGLE,BROWN,15,TRIANGLE_BROWN,197,0,0,1,0,0,0,0,0,0,0,0,0,59762-5020-01
00185-0205-01_RXNAVIMAGE10_F950FCE7_1.jpg,ROUND,WHITE,10,ROUND_WHITE,174,0,0,0,0,0,0,0,0,0,0,1,0,00185-0205-01
00185-0205-01_RXNAVIMAGE10_F950FCE7_2.jpg,ROUND,WHITE,10,ROUND_WHITE,174,0,0,0,0,0,0,0,0,0,0,1,0,00185-0205-01
00093-3196-53_RXNAVIMAGE10_C52DE2FF_1.jpg,CAPSULE,"RED, WHITE",1,"CAPSULE_RED, WHITE",74,0,0,0,0,0,0,0,0,1,0,1,0,00093-3196-53
00093-3196-53_RXNAVIMAGE10_C52DE2FF_2.jpg,CAPSULE,"RED, WHITE",1,"CAPSULE_RED, WHITE",74,0,0,0,0,0,0,0,0,1,0,1,0,00093-3196-53
50111-0852-01_RXNAVIMAGE10_7B303DB1_1.jpg,OVAL,WHITE,7,OVAL_WHITE,139,0,0,0,0,0,0,0,0,0,0,1,0,50111-0852-01
50111-0852-01_RXNAVIMAGE10_7B303DB1_2.jpg,OVAL,WHITE,7,OVAL_WHITE,139,0,0,0,0,0,0,0,0,0,0,1,0,50111-0852-01
00555-9032-70_RXNAVIMAGE10_5F2FAFCD_1.jpg,ROUND,BROWN,10,ROUND_BROWN,162,0,0,1,0,0,0,0,0,0,0,0,0,00555-9032-70
00555-9032-70_RXNAVIMAGE10_5F2FAFCD_2.jpg,ROUND,BROWN,10,ROUND_BROWN,162,0,0,1,0,0,0,0,0,0,0,0,0,00555-9032-70
51079-0812-20_RXNAVIMAGE10_8332C1C6_1.jpg,ROUND,YELLOW,10,ROUND_YELLOW,178,0,0,0,0,0,0,0,0,0,0,0,1,51079-0812-20
51079-0812-20_RXNAVIMAGE10_8332C1C6_2.jpg,ROUND,YELLOW,10,ROUND_YELLOW,178,0,0,0,0,0,0,0,0,0,0,0,1,51079-0812-20
29300-0114-05_RXNAVIMAGE10_553E2A91_1.jpg,TRIANGLE,BLUE,15,TRIANGLE_BLUE,196,0,1,0,0,0,0,0,0,0,0,0,0,29300-0114-05
29300-0114-05_RXNAVIMAGE10_553E2A91_2.jpg,TRIANGLE,BLUE,15,TRIANGLE_BLUE,196,0,1,0,0,0,0,0,0,0,0,0,0,29300-0114-05
68180-0114-16_RXNAVIMAGE10_35081AE0_1.jpg,OVAL,ORANGE,7,OVAL_ORANGE,130,0,0,0,0,0,1,0,0,0,0,0,0,68180-0114-16
68180-0114-16_RXNAVIMAGE10_35081AE0_2.jpg,OVAL,ORANGE,7,OVAL_ORANGE,130,0,0,0,0,0,1,0,0,0,0,0,0,68180-0114-16
29300-0138-01_RXNAVIMAGE10_4B4025B1_1.jpg,OVAL,ORANGE,7,OVAL_ORANGE,130,0,0,0,0,0,1,0,0,0,0,0,0,29300-0138-01
29300-0138-01_RXNAVIMAGE10_4B4025B1_2.jpg,OVAL,ORANGE,7,OVAL_ORANGE,130,0,0,0,0,0,1,0,0,0,0,0,0,29300-0138-01
00093-4069-01_RXNAVIMAGE10_E126F0B7_1.jpg,CAPSULE,BLUE,1,CAPSULE_BLUE,7,0,1,0,0,0,0,0,0,0,0,0,0,00093-4069-01
00093-4069-01_RXNAVIMAGE10_E126F0B7_2.jpg,CAPSULE,BLUE,1,CAPSULE_BLUE,7,0,1,0,0,0,0,0,0,0,0,0,0,00093-4069-01
45802-0315-75_RXNAVIMAGE10_243B921C_1.jpg,OVAL,WHITE,7,OVAL_WHITE,139,0,0,0,0,0,0,0,0,0,0,1,0,45802-0315-75
45802-0315-75_RXNAVIMAGE10_243B921C_2.jpg,OVAL,WHITE,7,OVAL_WHITE,139,0,0,0,0,0,0,0,0,0,0,1,0,45802-0315-75
50111-0397-01_RXNAVIMAGE10_30269804_1.jpg,ROUND,ORANGE,10,ROUND_ORANGE,166,0,0,0,0,0,1,0,0,0,0,0,0,50111-0397-01
50111-0397-01_RXNAVIMAGE10_30269804_2.jpg,ROUND,ORANGE,10,ROUND_ORANGE,166,0,0,0,0,0,1,0,0,0,0,0,0,50111-0397-01
00093-7296-01_RXNAVIMAGE10_F727FBEF_1.jpg,OVAL,WHITE,7,OVAL_WHITE,139,0,0,0,0,0,0,0,0,0,0,1,0,00093-7296-01
00093-7296-01_RXNAVIMAGE10_F727FBEF_2.jpg,OVAL,WHITE,7,OVAL_WHITE,139,0,0,0,0,0,0,0,0,0,0,1,0,00093-7296-01
23155-0246-01_RXNAVIMAGE10_093D04C8_1.jpg,DOUBLE CIRCLE,ORANGE,3,DOUBLE CIRCLE_ORANGE,112,0,0,0,0,0,1,0,0,0,0,0,0,23155-0246-01
23155-0246-01_RXNAVIMAGE10_093D04C8_2.jpg,DOUBLE CIRCLE,ORANGE,3,DOUBLE CIRCLE_ORANGE,112,0,0,0,0,0,1,0,0,0,0,0,0,23155-0246-01
00054-0018-29_RXNAVIMAGE10_A841544A_1.jpg,ROUND,WHITE,10,ROUND_WHITE,174,0,0,0,0,0,0,0,0,0,0,1,0,00054-0018-29
00054-0018-29_RXNAVIMAGE10_A841544A_2.jpg,ROUND,WHITE,10,ROUND_WHITE,174,0,0,0,0,0,0,0,0,0,0,1,0,00054-0018-29
59746-0113-06_RXNAVIMAGE10_BB475DAA_1.jpg,ROUND,YELLOW,10,ROUND_YELLOW,178,0,0,0,0,0,0,0,0,0,0,0,1,59746-0113-06
59746-0113-06_RXNAVIMAGE10_BB475DAA_2.jpg,ROUND,YELLOW,10,ROUND_YELLOW,178,0,0,0,0,0,0,0,0,0,0,0,1,59746-0113-06
00054-8740-25_RXNAVIMAGE10_08328414_1.jpg,ROUND,WHITE,10,ROUND_WHITE,174,0,0,0,0,0,0,0,0,0,0,1,0,00054-8740-25
00054-8740-25_RXNAVIMAGE10_08328414_2.jpg,ROUND,WHITE,10,ROUND_WHITE,174,0,0,0,0,0,0,0,0,0,0,1,0,00054-8740-25
53489-0177-01_RXNAVIMAGE10_DB03EDDF_1.jpg,ROUND,WHITE,10,ROUND_WHITE,174,0,0,0,0,0,0,0,0,0,0,1,0,53489-0177-01
53489-0177-01_RXNAVIMAGE10_DB03EDDF_2.jpg,ROUND,WHITE,10,ROUND_WHITE,174,0,0,0,0,0,0,0,0,0,0,1,0,53489-0177-01
61958-0701-01_RXNAVIMAGE10_4A1DA54D_1.jpg,OVAL,BLUE,7,OVAL_BLUE,123,0,1,0,0,0,0,0,0,0,0,0,0,61958-0701-01
61958-0701-01_RXNAVIMAGE10_4A1DA54D_2.jpg,OVAL,BLUE,7,OVAL_BLUE,123,0,1,0,0,0,0,0,0,0,0,0,0,61958-0701-01
13668-0088-30_RXNAVIMAGE10_BF1C5F92_1.jpg,ROUND,YELLOW,10,ROUND_YELLOW,178,0,0,0,0,0,0,0,0,0,0,0,1,13668-0088-30
13668-0088-30_RXNAVIMAGE10_BF1C5F92_2.jpg,ROUND,YELLOW,10,ROUND_YELLOW,178,0,0,0,0,0,0,0,0,0,0,0,1,13668-0088-30
00093-0294-01_RXNAVIMAGE10_D8356C7B_1.jpg,ROUND,BLUE,10,ROUND_BLUE,160,0,1,0,0,0,0,0,0,0,0,0,0,00093-0294-01
00093-0294-01_RXNAVIMAGE10_D8356C7B_2.jpg,ROUND,BLUE,10,ROUND_BLUE,160,0,1,0,0,0,0,0,0,0,0,0,0,00093-0294-01
64679-0937-03_RXNAVIMAGE10_A405D26E_1.jpg,RECTANGLE,WHITE,9,RECTANGLE_WHITE,159,0,0,0,0,0,0,0,0,0,0,1,0,64679-0937-03
64679-0937-03_RXNAVIMAGE10_A405D26E_2.jpg,RECTANGLE,WHITE,9,RECTANGLE_WHITE,159,0,0,0,0,0,0,0,0,0,0,1,0,64679-0937-03
55111-0268-30_RXNAVIMAGE10_C422E227_1.jpg,OVAL,BROWN,7,OVAL_BROWN,125,0,0,1,0,0,0,0,0,0,0,0,0,55111-0268-30
55111-0268-30_RXNAVIMAGE10_C422E227_2.jpg,OVAL,BROWN,7,OVAL_BROWN,125,0,0,1,0,0,0,0,0,0,0,0,0,55111-0268-30
68180-0223-01_RXNAVIMAGE10_6D3F3689_1.jpg,OVAL,ORANGE,7,OVAL_ORANGE,130,0,0,0,0,0,1,0,0,0,0,0,0,68180-0223-01
68180-0223-01_RXNAVIMAGE10_6D3F3689_2.jpg,OVAL,ORANGE,7,OVAL_ORANGE,130,0,0,0,0,0,1,0,0,0,0,0,0,68180-0223-01
00093-0174-56_RXNAVIMAGE10_96294B5A_1.jpg,ROUND,YELLOW,10,ROUND_YELLOW,178,0,0,0,0,0,0,0,0,0,0,0,1,00093-0174-56
00093-0174-56_RXNAVIMAGE10_96294B5A_2.jpg,ROUND,YELLOW,10,ROUND_YELLOW,178,0,0,0,0,0,0,0,0,0,0,0,1,00093-0174-56
51285-0444-02_RXNAVIMAGE10_34359A0C_1.jpg,ROUND,BLUE,10,ROUND_BLUE,160,0,1,0,0,0,0,0,0,0,0,0,0,51285-0444-02
51285-0444-02_RXNAVIMAGE10_34359A0C_2.jpg,ROUND,BLUE,10,ROUND_BLUE,160,0,1,0,0,0,0,0,0,0,0,0,0,51285-0444-02
68774-0400-01_RXNAVIMAGE10_D803EC2F_1.jpg,ROUND,GREEN,10,ROUND_GREEN,164,0,0,0,0,1,0,0,0,0,0,0,0,68774-0400-01
68774-0400-01_RXNAVIMAGE10_D803EC2F_2.jpg,ROUND,GREEN,10,ROUND_GREEN,164,0,0,0,0,1,0,0,0,0,0,0,0,68774-0400-01
60505-3562-09_RXNAVIMAGE10_A33A51D2_1.jpg,SQUARE,ORANGE,12,SQUARE_ORANGE,183,0,0,0,0,0,1,0,0,0,0,0,0,60505-3562-09
60505-3562-09_RXNAVIMAGE10_A33A51D2_2.jpg,SQUARE,ORANGE,12,SQUARE_ORANGE,183,0,0,0,0,0,1,0,0,0,0,0,0,60505-3562-09
00555-0617-62_RXNAVIMAGE10_F40DFA1F_1.jpg,ROUND,WHITE,10,ROUND_WHITE,174,0,0,0,0,0,0,0,0,0,0,1,0,00555-0617-62
00555-0617-62_RXNAVIMAGE10_F40DFA1F_2.jpg,ROUND,WHITE,10,ROUND_WHITE,174,0,0,0,0,0,0,0,0,0,0,1,0,00555-0617-62
00093-3147-01_RXNAVIMAGE10_24231258_1.jpg,CAPSULE,ORANGE,1,CAPSULE_ORANGE,44,0,0,0,0,0,1,0,0,0,0,0,0,00093-3147-01
00093-3147-01_RXNAVIMAGE10_24231258_2.jpg,CAPSULE,ORANGE,1,CAPSULE_ORANGE,44,0,0,0,0,0,1,0,0,0,0,0,0,00093-3147-01
00781-5191-01_RXNAVIMAGE10_CD20E6B7_1.jpg,OVAL,TURQUOISE,7,OVAL_TURQUOISE,138,0,0,0,0,0,0,0,0,0,1,0,0,00781-5191-01
00781-5191-01_RXNAVIMAGE10_CD20E6B7_2.jpg,OVAL,TURQUOISE,7,OVAL_TURQUOISE,138,0,0,0,0,0,0,0,0,0,1,0,0,00781-5191-01
60505-0183-00_RXNAVIMAGE10_A2325142_1.jpg,ROUND,WHITE,10,ROUND_WHITE,174,0,0,0,0,0,0,0,0,0,0,1,0,60505-0183-00
60505-0183-00_RXNAVIMAGE10_A2325142_2.jpg,ROUND,WHITE,10,ROUND_WHITE,174,0,0,0,0,0,0,0,0,0,0,1,0,60505-0183-00
00093-0109-01_RXNAVIMAGE10_8B1945EA_1.jpg,ROUND,WHITE,10,ROUND_WHITE,174,0,0,0,0,0,0,0,0,0,0,1,0,00093-0109-01
00093-0109-01_RXNAVIMAGE10_8B1945EA_2.jpg,ROUND,WHITE,10,ROUND_WHITE,174,0,0,0,0,0,0,0,0,0,0,1,0,00093-0109-01
00149-0752-15_RXNAVIMAGE10_CF12E7C7_1.jpg,OVAL,BROWN,7,OVAL_BROWN,125,0,0,1,0,0,0,0,0,0,0,0,0,00149-0752-15
00149-0752-15_RXNAVIMAGE10_CF12E7C7_2.jpg,OVAL,BROWN,7,OVAL_BROWN,125,0,0,1,0,0,0,0,0,0,0,0,0,00149-0752-15
00378-8220-77_RXNAVIMAGE10_55342AB1_1.jpg,RECTANGLE,WHITE,9,RECTANGLE_WHITE,159,0,0,0,0,0,0,0,0,0,0,1,0,00378-8220-77
00378-8220-77_RXNAVIMAGE10_55342AB1_2.jpg,RECTANGLE,WHITE,9,RECTANGLE_WHITE,159,0,0,0,0,0,0,0,0,0,0,1,0,00378-8220-77
68382-0052-01_RXNAVIMAGE10_3B129D84_1.jpg,OVAL,PINK,7,OVAL_PINK,133,0,0,0,0,0,0,1,0,0,0,0,0,68382-0052-01
68382-0052-01_RXNAVIMAGE10_3B129D84_2.jpg,OVAL,PINK,7,OVAL_PINK,133,0,0,0,0,0,0,1,0,0,0,0,0,68382-0052-01
54092-0476-12_RXNAVIMAGE10_271613A0_1.jpg,OVAL,RED,7,OVAL_RED,137,0,0,0,0,0,0,0,0,1,0,0,0,54092-0476-12
54092-0476-12_RXNAVIMAGE10_271613A0_2.jpg,OVAL,RED,7,OVAL_RED,137,0,0,0,0,0,0,0,0,1,0,0,0,54092-0476-12
00074-7068-19_RXNAVIMAGE10_A31D51AA_1.jpg,ROUND,BROWN,10,ROUND_BROWN,162,0,0,1,0,0,0,0,0,0,0,0,0,00074-7068-19
00074-7068-19_RXNAVIMAGE10_A31D51AA_2.jpg,ROUND,BROWN,10,ROUND_BROWN,162,0,0,1,0,0,0,0,0,0,0,0,0,00074-7068-19
00469-2601-90_RXNAVIMAGE10_B94E5CA2_1.jpg,OVAL,BROWN,7,OVAL_BROWN,125,0,0,1,0,0,0,0,0,0,0,0,0,00469-2601-90
00469-2601-90_RXNAVIMAGE10_B94E5CA2_2.jpg,OVAL,BROWN,7,OVAL_BROWN,125,0,0,1,0,0,0,0,0,0,0,0,0,00469-2601-90
00093-0135-01_RXNAVIMAGE10_D32169FB_1.jpg,OVAL,WHITE,7,OVAL_WHITE,139,0,0,0,0,0,0,0,0,0,0,1,0,00093-0135-01
00093-0135-01_RXNAVIMAGE10_D32169FB_2.jpg,OVAL,WHITE,7,OVAL_WHITE,139,0,0,0,0,0,0,0,0,0,0,1,0,00093-0135-01
00185-0613-01_RXNAVIMAGE10_F634FB07_1.jpg,CAPSULE,"GREEN, GREEN",1,"CAPSULE_GREEN, GREEN",37,0,0,0,0,1,0,0,0,0,0,0,0,00185-0613-01
00185-0613-01_RXNAVIMAGE10_F634FB07_2.jpg,CAPSULE,"GREEN, GREEN",1,"CAPSULE_GREEN, GREEN",37,0,0,0,0,1,0,0,0,0,0,0,0,00185-0613-01
57664-0396-88_RXNAVIMAGE10_CF4D679B_1.jpg,PENTAGON,PINK,8,PENTAGON_PINK,150,0,0,0,0,0,0,1,0,0,0,0,0,57664-0396-88
57664-0396-88_RXNAVIMAGE10_CF4D679B_2.jpg,PENTAGON,PINK,8,PENTAGON_PINK,150,0,0,0,0,0,0,1,0,0,0,0,0,57664-0396-88
52544-0249-41_RXNAVIMAGE10_AC4AD666_1.jpg,ROUND,WHITE,10,ROUND_WHITE,174,0,0,0,0,0,0,0,0,0,0,1,0,52544-0249-41
52544-0249-41_RXNAVIMAGE10_AC4AD666_2.jpg,ROUND,WHITE,10,ROUND_WHITE,174,0,0,0,0,0,0,0,0,0,0,1,0,52544-0249-41
51672-4035-01_RXNAVIMAGE10_DA266D43_1.jpg,OVAL,WHITE,7,OVAL_WHITE,139,0,0,0,0,0,0,0,0,0,0,1,0,51672-4035-01
51672-4035-01_RXNAVIMAGE10_DA266D43_2.jpg,OVAL,WHITE,7,OVAL_WHITE,139,0,0,0,0,0,0,0,0,0,0,1,0,51672-4035-01
59148-0006-13_RXNAVIMAGE10_97154BCA_1.jpg,RECTANGLE,GREEN,9,RECTANGLE_GREEN,157,0,0,0,0,1,0,0,0,0,0,0,0,59148-0006-13
59148-0006-13_RXNAVIMAGE10_97154BCA_2.jpg,RECTANGLE,GREEN,9,RECTANGLE_GREEN,157,0,0,0,0,1,0,0,0,0,0,0,0,59148-0006-13
33342-0094-07_RXNAVIMAGE10_964ACB56_1.jpg,ROUND,WHITE,10,ROUND_WHITE,174,0,0,0,0,0,0,0,0,0,0,1,0,33342-0094-07
33342-0094-07_RXNAVIMAGE10_964ACB56_2.jpg,ROUND,WHITE,10,ROUND_WHITE,174,0,0,0,0,0,0,0,0,0,0,1,0,33342-0094-07
50458-0579-30_RXNAVIMAGE10_8F1DC7FE_1.jpg,TRIANGLE,RED,15,TRIANGLE_RED,201,0,0,0,0,0,0,0,0,1,0,0,0,50458-0579-30
50458-0579-30_RXNAVIMAGE10_8F1DC7FE_2.jpg,TRIANGLE,RED,15,TRIANGLE_RED,201,0,0,0,0,0,0,0,0,1,0,0,0,50458-0579-30
68462-0361-01_RXNAVIMAGE10_D222E917_1.jpg,ROUND,WHITE,10,ROUND_WHITE,174,0,0,0,0,0,0,0,0,0,0,1,0,68462-0361-01
68462-0361-01_RXNAVIMAGE10_D222E917_2.jpg,ROUND,WHITE,10,ROUND_WHITE,174,0,0,0,0,0,0,0,0,0,0,1,0,68462-0361-01
00555-0954-02_RXNAVIMAGE10_CD41E6BF_1.jpg,CAPSULE,BROWN,1,CAPSULE_BROWN,18,0,0,1,0,0,0,0,0,0,0,0,0,00555-0954-02
00555-0954-02_RXNAVIMAGE10_CD41E6BF_2.jpg,CAPSULE,BROWN,1,CAPSULE_BROWN,18,0,0,1,0,0,0,0,0,0,0,0,0,00555-0954-02
63304-0845-01_RXNAVIMAGE10_FB08FD97_1.jpg,OVAL,WHITE,7,OVAL_WHITE,139,0,0,0,0,0,0,0,0,0,0,1,0,63304-0845-01
63304-0845-01_RXNAVIMAGE10_FB08FD97_2.jpg,OVAL,WHITE,7,OVAL_WHITE,139,0,0,0,0,0,0,0,0,0,0,1,0,63304-0845-01
00591-0345-01_RXNAVIMAGE10_3F4F1FB8_1.jpg,ROUND,WHITE,10,ROUND_WHITE,174,0,0,0,0,0,0,0,0,0,0,1,0,00591-0345-01
00591-0345-01_RXNAVIMAGE10_3F4F1FB8_2.jpg,ROUND,WHITE,10,ROUND_WHITE,174,0,0,0,0,0,0,0,0,0,0,1,0,00591-0345-01
00591-3776-19_RXNAVIMAGE10_511B28B9_1.jpg,OVAL,WHITE,7,OVAL_WHITE,139,0,0,0,0,0,0,0,0,0,0,1,0,00591-3776-19
00591-3776-19_RXNAVIMAGE10_511B28B9_2.jpg,OVAL,WHITE,7,OVAL_WHITE,139,0,0,0,0,0,0,0,0,0,0,1,0,00591-3776-19
00115-4222-01_RXNAVIMAGE10_ED45F6CF_1.jpg,ROUND,ORANGE,10,ROUND_ORANGE,166,0,0,0,0,0,1,0,0,0,0,0,0,00115-4222-01
00115-4222-01_RXNAVIMAGE10_ED45F6CF_2.jpg,ROUND,ORANGE,10,ROUND_ORANGE,166,0,0,0,0,0,1,0,0,0,0,0,0,00115-4222-01
68180-0315-06_RXNAVIMAGE10_28081450_1.jpg,CAPSULE,"YELLOW, ORANGE",1,"CAPSULE_YELLOW, ORANGE",99,0,0,0,0,0,1,0,0,0,0,0,1,68180-0315-06
68180-0315-06_RXNAVIMAGE10_28081450_2.jpg,CAPSULE,"YELLOW, ORANGE",1,"CAPSULE_YELLOW, ORANGE",99,0,0,0,0,0,1,0,0,0,0,0,1,68180-0315-06
00172-2407-80_RXNAVIMAGE10_A60ED366_1.jpg,CAPSULE,"BLACK, YELLOW",1,"CAPSULE_BLACK, YELLOW",6,1,0,0,0,0,0,0,0,0,0,0,1,00172-2407-80
00172-2407-80_RXNAVIMAGE10_A60ED366_2.jpg,CAPSULE,"BLACK, YELLOW",1,"CAPSULE_BLACK, YELLOW",6,1,0,0,0,0,0,0,0,0,0,0,1,00172-2407-80
00555-9045-58_RXNAVIMAGE10_B035586A_1.jpg,ROUND,GREEN,10,ROUND_GREEN,164,0,0,0,0,1,0,0,0,0,0,0,0,00555-9045-58
00555-9045-58_RXNAVIMAGE10_B035586A_2.jpg,ROUND,GREEN,10,ROUND_GREEN,164,0,0,0,0,1,0,0,0,0,0,0,0,00555-9045-58
16729-0006-17_RXNAVIMAGE10_5812AC25_1.jpg,OVAL,RED,7,OVAL_RED,137,0,0,0,0,0,0,0,0,1,0,0,0,16729-0006-17
16729-0006-17_RXNAVIMAGE10_5812AC25_2.jpg,OVAL,RED,7,OVAL_RED,137,0,0,0,0,0,0,0,0,1,0,0,0,16729-0006-17
52544-0966-91_RXNAVIMAGE10_1E4B0F08_1.jpg,ROUND,ORANGE,10,ROUND_ORANGE,166,0,0,0,0,0,1,0,0,0,0,0,0,52544-0966-91
52544-0966-91_RXNAVIMAGE10_1E4B0F08_2.jpg,ROUND,ORANGE,10,ROUND_ORANGE,166,0,0,0,0,0,1,0,0,0,0,0,0,52544-0966-91
16729-0023-10_RXNAVIMAGE10_82464162_1.jpg,ROUND,WHITE,10,ROUND_WHITE,174,0,0,0,0,0,0,0,0,0,0,1,0,16729-0023-10
16729-0023-10_RXNAVIMAGE10_82464162_2.jpg,ROUND,WHITE,10,ROUND_WHITE,174,0,0,0,0,0,0,0,0,0,0,1,0,16729-0023-10
68382-0079-01_RXNAVIMAGE10_EA4D751B_1.jpg,OVAL,GREEN,7,OVAL_GREEN,129,0,0,0,0,1,0,0,0,0,0,0,0,68382-0079-01
68382-0079-01_RXNAVIMAGE10_EA4D751B_2.jpg,OVAL,GREEN,7,OVAL_GREEN,129,0,0,0,0,1,0,0,0,0,0,0,0,68382-0079-01
68462-0292-01_RXNAVIMAGE10_4C3F2609_1.jpg,OVAL,BROWN,7,OVAL_BROWN,125,0,0,1,0,0,0,0,0,0,0,0,0,68462-0292-01
68462-0292-01_RXNAVIMAGE10_4C3F2609_2.jpg,OVAL,BROWN,7,OVAL_BROWN,125,0,0,1,0,0,0,0,0,0,0,0,0,68462-0292-01
16714-0683-03_RXNAVIMAGE10_634E31B1_1.jpg,ROUND,PINK,10,ROUND_PINK,168,0,0,0,0,0,0,1,0,0,0,0,0,16714-0683-03
16714-0683-03_RXNAVIMAGE10_634E31B1_2.jpg,ROUND,PINK,10,ROUND_PINK,168,0,0,0,0,0,0,1,0,0,0,0,0,16714-0683-03
50844-0600-01_RXNAVIMAGE10_CF38E7F7_1.jpg,ROUND,YELLOW,10,ROUND_YELLOW,178,0,0,0,0,0,0,0,0,0,0,0,1,50844-0600-01
50844-0600-01_RXNAVIMAGE10_CF38E7F7_2.jpg,ROUND,YELLOW,10,ROUND_YELLOW,178,0,0,0,0,0,0,0,0,0,0,0,1,50844-0600-01
00172-5413-46_RXNAVIMAGE10_5E2DAF0D_1.jpg,OVAL,PINK,7,OVAL_PINK,133,0,0,0,0,0,0,1,0,0,0,0,0,00172-5413-46
00172-5413-46_RXNAVIMAGE10_5E2DAF0D_2.jpg,OVAL,PINK,7,OVAL_PINK,133,0,0,0,0,0,0,1,0,0,0,0,0,00172-5413-46
52544-0848-28_RXNAVIMAGE10_0F4987BC_1.jpg,ROUND,WHITE,10,ROUND_WHITE,174,0,0,0,0,0,0,0,0,0,0,1,0,52544-0848-28
52544-0848-28_RXNAVIMAGE10_0F4987BC_2.jpg,ROUND,WHITE,10,ROUND_WHITE,174,0,0,0,0,0,0,0,0,0,0,1,0,52544-0848-28
60258-0161-01_RXNAVIMAGE10_950ECAC6_1.jpg,ROUND,YELLOW,10,ROUND_YELLOW,178,0,0,0,0,0,0,0,0,0,0,0,1,60258-0161-01
60258-0161-01_RXNAVIMAGE10_950ECAC6_2.jpg,ROUND,YELLOW,10,ROUND_YELLOW,178,0,0,0,0,0,0,0,0,0,0,0,1,60258-0161-01
29300-0125-10_RXNAVIMAGE10_5808AC65_1.jpg,OVAL,YELLOW,7,OVAL_YELLOW,145,0,0,0,0,0,0,0,0,0,0,0,1,29300-0125-10
29300-0125-10_RXNAVIMAGE10_5808AC65_2.jpg,OVAL,YELLOW,7,OVAL_YELLOW,145,0,0,0,0,0,0,0,0,0,0,0,1,29300-0125-10
68382-0003-01_RXNAVIMAGE10_011300E8_1.jpg,ROUND,YELLOW,10,ROUND_YELLOW,178,0,0,0,0,0,0,0,0,0,0,0,1,68382-0003-01
68382-0003-01_RXNAVIMAGE10_011300E8_2.jpg,ROUND,YELLOW,10,ROUND_YELLOW,178,0,0,0,0,0,0,0,0,0,0,0,1,68382-0003-01
00555-0715-58_RXNAVIMAGE10_FB2F7DEB_1.jpg,ROUND,PINK,10,ROUND_PINK,168,0,0,0,0,0,0,1,0,0,0,0,0,00555-0715-58
00555-0715-58_RXNAVIMAGE10_FB2F7DEB_2.jpg,ROUND,PINK,10,ROUND_PINK,168,0,0,0,0,0,0,1,0,0,0,0,0,00555-0715-58
62037-0999-10_RXNAVIMAGE10_C71D63AB_1.jpg,OVAL,WHITE,7,OVAL_WHITE,139,0,0,0,0,0,0,0,0,0,0,1,0,62037-0999-10
62037-0999-10_RXNAVIMAGE10_C71D63AB_2.jpg,OVAL,WHITE,7,OVAL_WHITE,139,0,0,0,0,0,0,0,0,0,0,1,0,62037-0999-10
00172-5729-60_RXNAVIMAGE10_092804E0_1.jpg,ROUND,BROWN,10,ROUND_BROWN,162,0,0,1,0,0,0,0,0,0,0,0,0,00172-5729-60
00172-5729-60_RXNAVIMAGE10_092804E0_2.jpg,ROUND,BROWN,10,ROUND_BROWN,162,0,0,1,0,0,0,0,0,0,0,0,0,00172-5729-60
50419-0409-01_RXNAVIMAGE10_AC19560A_1.jpg,ROUND,YELLOW,10,ROUND_YELLOW,178,0,0,0,0,0,0,0,0,0,0,0,1,50419-0409-01
50419-0409-01_RXNAVIMAGE10_AC19560A_2.jpg,ROUND,YELLOW,10,ROUND_YELLOW,178,0,0,0,0,0,0,0,0,0,0,0,1,50419-0409-01
16729-0173-01_RXNAVIMAGE10_115188CC_1.jpg,ROUND,BROWN,10,ROUND_BROWN,162,0,0,1,0,0,0,0,0,0,0,0,0,16729-0173-01
16729-0173-01_RXNAVIMAGE10_115188CC_2.jpg,ROUND,BROWN,10,ROUND_BROWN,162,0,0,1,0,0,0,0,0,0,0,0,0,16729-0173-01
59148-0640-23_RXNAVIMAGE10_C239614B_1.jpg,ROUND,PINK,10,ROUND_PINK,168,0,0,0,0,0,0,1,0,0,0,0,0,59148-0640-23
59148-0640-23_RXNAVIMAGE10_C239614B_2.jpg,ROUND,PINK,10,ROUND_PINK,168,0,0,0,0,0,0,1,0,0,0,0,0,59148-0640-23
65862-0185-01_RXNAVIMAGE10_5A442D11_1.jpg,CAPSULE,"BLUE, GREEN",1,"CAPSULE_BLUE, GREEN",11,0,1,0,0,1,0,0,0,0,0,0,0,65862-0185-01
65862-0185-01_RXNAVIMAGE10_5A442D11_2.jpg,CAPSULE,"BLUE, GREEN",1,"CAPSULE_BLUE, GREEN",11,0,1,0,0,1,0,0,0,0,0,0,0,65862-0185-01
68180-0502-01_RXNAVIMAGE10_F623FB3F_1.jpg,OVAL,YELLOW,7,OVAL_YELLOW,145,0,0,0,0,0,0,0,0,0,0,0,1,68180-0502-01
68180-0502-01_RXNAVIMAGE10_F623FB3F_2.jpg,OVAL,YELLOW,7,OVAL_YELLOW,145,0,0,0,0,0,0,0,0,0,0,0,1,68180-0502-01
64380-0737-06_RXNAVIMAGE10_2F4F978C_1.jpg,OVAL,GREEN,7,OVAL_GREEN,129,0,0,0,0,1,0,0,0,0,0,0,0,64380-0737-06
64380-0737-06_RXNAVIMAGE10_2F4F978C_2.jpg,OVAL,GREEN,7,OVAL_GREEN,129,0,0,0,0,1,0,0,0,0,0,0,0,64380-0737-06
50580-0496-60_RXNAVIMAGE10_FF03FFBF_1.jpg,ROUND,WHITE,10,ROUND_WHITE,174,0,0,0,0,0,0,0,0,0,0,1,0,50580-0496-60
50580-0496-60_RXNAVIMAGE10_FF03FFBF_2.jpg,ROUND,WHITE,10,ROUND_WHITE,174,0,0,0,0,0,0,0,0,0,0,1,0,50580-0496-60
50474-0400-01_RXNAVIMAGE10_FB1D7DEB_1.jpg,CAPSULE,"PINK, WHITE",1,"CAPSULE_PINK, WHITE",59,0,0,0,0,0,0,1,0,0,0,1,0,50474-0400-01
50474-0400-01_RXNAVIMAGE10_FB1D7DEB_2.jpg,CAPSULE,"PINK, WHITE",1,"CAPSULE_PINK, WHITE",59,0,0,0,0,0,0,1,0,0,0,1,0,50474-0400-01
47335-0614-81_RXNAVIMAGE10_9B3F4DAA_1.jpg,OVAL,PINK,7,OVAL_PINK,133,0,0,0,0,0,0,1,0,0,0,0,0,47335-0614-81
47335-0614-81_RXNAVIMAGE10_9B3F4DAA_2.jpg,OVAL,PINK,7,OVAL_PINK,133,0,0,0,0,0,0,1,0,0,0,0,0,47335-0614-81
60793-0136-05_RXNAVIMAGE10_C31D61FB_1.jpg,OVAL,PINK,7,OVAL_PINK,133,0,0,0,0,0,0,1,0,0,0,0,0,60793-0136-05
60793-0136-05_RXNAVIMAGE10_C31D61FB_2.jpg,OVAL,PINK,7,OVAL_PINK,133,0,0,0,0,0,0,1,0,0,0,0,0,60793-0136-05
00093-7385-98_RXNAVIMAGE10_9005C87E_1.jpg,CAPSULE,BROWN,1,CAPSULE_BROWN,18,0,0,1,0,0,0,0,0,0,0,0,0,00093-7385-98
00093-7385-98_RXNAVIMAGE10_9005C87E_2.jpg,CAPSULE,BROWN,1,CAPSULE_BROWN,18,0,0,1,0,0,0,0,0,0,0,0,0,00093-7385-98
65162-0643-10_RXNAVIMAGE10_BF46DFA6_1.jpg,OVAL,WHITE,7,OVAL_WHITE,139,0,0,0,0,0,0,0,0,0,0,1,0,65162-0643-10
65162-0643-10_RXNAVIMAGE10_BF46DFA6_2.jpg,OVAL,WHITE,7,OVAL_WHITE,139,0,0,0,0,0,0,0,0,0,0,1,0,65162-0643-10
50419-0119-06_RXNAVIMAGE10_59192CC9_1.jpg,OVAL,WHITE,7,OVAL_WHITE,139,0,0,0,0,0,0,0,0,0,0,1,0,50419-0119-06
50419-0119-06_RXNAVIMAGE10_59192CC9_2.jpg,OVAL,WHITE,7,OVAL_WHITE,139,0,0,0,0,0,0,0,0,0,0,1,0,50419-0119-06
43199-0011-01_RXNAVIMAGE10_C815E40F_1.jpg,ROUND,WHITE,10,ROUND_WHITE,174,0,0,0,0,0,0,0,0,0,0,1,0,43199-0011-01
43199-0011-01_RXNAVIMAGE10_C815E40F_2.jpg,ROUND,WHITE,10,ROUND_WHITE,174,0,0,0,0,0,0,0,0,0,0,1,0,43199-0011-01
00555-9051-67_RXNAVIMAGE10_5436AA75_1.jpg,ROUND,BROWN,10,ROUND_BROWN,162,0,0,1,0,0,0,0,0,0,0,0,0,00555-9051-67
00555-9051-67_RXNAVIMAGE10_5436AA75_2.jpg,ROUND,BROWN,10,ROUND_BROWN,162,0,0,1,0,0,0,0,0,0,0,0,0,00555-9051-67
68462-0139-01_RXNAVIMAGE10_B8085C22_1.jpg,OVAL,YELLOW,7,OVAL_YELLOW,145,0,0,0,0,0,0,0,0,0,0,0,1,68462-0139-01
68462-0139-01_RXNAVIMAGE10_B8085C22_2.jpg,OVAL,YELLOW,7,OVAL_YELLOW,145,0,0,0,0,0,0,0,0,0,0,0,1,68462-0139-01
00555-9051-67_RXNAVIMAGE10_6236B165_1.jpg,ROUND,WHITE,10,ROUND_WHITE,174,0,0,0,0,0,0,0,0,0,0,1,0,00555-9051-67
00555-9051-67_RXNAVIMAGE10_6236B165_2.jpg,ROUND,WHITE,10,ROUND_WHITE,174,0,0,0,0,0,0,0,0,0,0,1,0,00555-9051-67
68462-0127-05_RXNAVIMAGE10_2B0795CC_1.jpg,OVAL,WHITE,7,OVAL_WHITE,139,0,0,0,0,0,0,0,0,0,0,1,0,68462-0127-05
68462-0127-05_RXNAVIMAGE10_2B0795CC_2.jpg,OVAL,WHITE,7,OVAL_WHITE,139,0,0,0,0,0,0,0,0,0,0,1,0,68462-0127-05
00378-3634-01_RXNAVIMAGE10_5F32AFC5_1.jpg,ROUND,WHITE,10,ROUND_WHITE,174,0,0,0,0,0,0,0,0,0,0,1,0,00378-3634-01
00378-3634-01_RXNAVIMAGE10_5F32AFC5_2.jpg,ROUND,WHITE,10,ROUND_WHITE,174,0,0,0,0,0,0,0,0,0,0,1,0,00378-3634-01
16729-0139-16_RXNAVIMAGE10_F03B786B_1.jpg,ROUND,WHITE,10,ROUND_WHITE,174,0,0,0,0,0,0,0,0,0,0,1,0,16729-0139-16
16729-0139-16_RXNAVIMAGE10_F03B786B_2.jpg,ROUND,WHITE,10,ROUND_WHITE,174,0,0,0,0,0,0,0,0,0,0,1,0,16729-0139-16
00378-7003-93_RXNAVIMAGE10_74243A01_1.jpg,ROUND,BLUE,10,ROUND_BLUE,160,0,1,0,0,0,0,0,0,0,0,0,0,00378-7003-93
00378-7003-93_RXNAVIMAGE10_74243A01_2.jpg,ROUND,BLUE,10,ROUND_BLUE,160,0,1,0,0,0,0,0,0,0,0,0,0,00378-7003-93
00069-4220-30_RXNAVIMAGE10_411DA09D_1.jpg,DIAMOND,BLUE,2,DIAMOND_BLUE,105,0,1,0,0,0,0,0,0,0,0,0,0,00069-4220-30
00069-4220-30_RXNAVIMAGE10_411DA09D_2.jpg,DIAMOND,BLUE,2,DIAMOND_BLUE,105,0,1,0,0,0,0,0,0,0,0,0,0,00069-4220-30
65862-0012-30_RXNAVIMAGE10_052182EC_1.jpg,OVAL,BLUE,7,OVAL_BLUE,123,0,1,0,0,0,0,0,0,0,0,0,0,65862-0012-30
65862-0012-30_RXNAVIMAGE10_052182EC_2.jpg,OVAL,BLUE,7,OVAL_BLUE,123,0,1,0,0,0,0,0,0,0,0,0,0,65862-0012-30
13668-0190-30_RXNAVIMAGE10_A751D39E_1.jpg,CAPSULE,BLUE,1,CAPSULE_BLUE,7,0,1,0,0,0,0,0,0,0,0,0,0,13668-0190-30
13668-0190-30_RXNAVIMAGE10_A751D39E_2.jpg,CAPSULE,BLUE,1,CAPSULE_BLUE,7,0,1,0,0,0,0,0,0,0,0,0,0,13668-0190-30
44946-1008-03_RXNAVIMAGE10_894AC496_1.jpg,ROUND,WHITE,10,ROUND_WHITE,174,0,0,0,0,0,0,0,0,0,0,1,0,44946-1008-03
44946-1008-03_RXNAVIMAGE10_894AC496_2.jpg,ROUND,WHITE,10,ROUND_WHITE,174,0,0,0,0,0,0,0,0,0,0,1,0,44946-1008-03
00555-0588-01_RXNAVIMAGE10_77303BA1_1.jpg,CAPSULE,"GREEN, WHITE",1,"CAPSULE_GREEN, WHITE",42,0,0,0,0,1,0,0,0,0,0,1,0,00555-0588-01
00555-0588-01_RXNAVIMAGE10_77303BA1_2.jpg,CAPSULE,"GREEN, WHITE",1,"CAPSULE_GREEN, WHITE",42,0,0,0,0,1,0,0,0,0,0,1,0,00555-0588-01
00378-0351-01_RXNAVIMAGE10_6E07B75D_1.jpg,ROUND,ORANGE,10,ROUND_ORANGE,166,0,0,0,0,0,1,0,0,0,0,0,0,00378-0351-01
00378-0351-01_RXNAVIMAGE10_6E07B75D_2.jpg,ROUND,ORANGE,10,ROUND_ORANGE,166,0,0,0,0,0,1,0,0,0,0,0,0,00378-0351-01
68462-0304-50_RXNAVIMAGE10_8D3E46E2_1.jpg,OVAL,WHITE,7,OVAL_WHITE,139,0,0,0,0,0,0,0,0,0,0,1,0,68462-0304-50
68462-0304-50_RXNAVIMAGE10_8D3E46E2_2.jpg,OVAL,WHITE,7,OVAL_WHITE,139,0,0,0,0,0,0,0,0,0,0,1,0,68462-0304-50
62175-0262-37_RXNAVIMAGE10_94084A22_1.jpg,ROUND,RED,10,ROUND_RED,172,0,0,0,0,0,0,0,0,1,0,0,0,62175-0262-37
62175-0262-37_RXNAVIMAGE10_94084A22_2.jpg,ROUND,RED,10,ROUND_RED,172,0,0,0,0,0,0,0,0,1,0,0,0,62175-0262-37
57844-0692-98_RXNAVIMAGE10_273613E0_1.jpg,OVAL,WHITE,7,OVAL_WHITE,139,0,0,0,0,0,0,0,0,0,0,1,0,57844-0692-98
57844-0692-98_RXNAVIMAGE10_273613E0_2.jpg,OVAL,WHITE,7,OVAL_WHITE,139,0,0,0,0,0,0,0,0,0,0,1,0,57844-0692-98
00093-6450-56_RXNAVIMAGE10_C542E2E7_1.jpg,CAPSULE,TURQUOISE,1,CAPSULE_TURQUOISE,76,0,0,0,0,0,0,0,0,0,1,0,0,00093-6450-56
00093-6450-56_RXNAVIMAGE10_C542E2E7_2.jpg,CAPSULE,TURQUOISE,1,CAPSULE_TURQUOISE,76,0,0,0,0,0,0,0,0,0,1,0,0,00093-6450-56
68462-0153-10_RXNAVIMAGE10_9B41CDFE_1.jpg,ROUND,YELLOW,10,ROUND_YELLOW,178,0,0,0,0,0,0,0,0,0,0,0,1,68462-0153-10
68462-0153-10_RXNAVIMAGE10_9B41CDFE_2.jpg,ROUND,YELLOW,10,ROUND_YELLOW,178,0,0,0,0,0,0,0,0,0,0,0,1,68462-0153-10
23155-0111-01_RXNAVIMAGE10_4833A44D_1.jpg,ROUND,BLUE,10,ROUND_BLUE,160,0,1,0,0,0,0,0,0,0,0,0,0,23155-0111-01
23155-0111-01_RXNAVIMAGE10_4833A44D_2.jpg,ROUND,BLUE,10,ROUND_BLUE,160,0,1,0,0,0,0,0,0,0,0,0,0,23155-0111-01
00093-2140-62_RXNAVIMAGE10_9D4A4ED2_1.jpg,ROUND,WHITE,10,ROUND_WHITE,174,0,0,0,0,0,0,0,0,0,0,1,0,00093-2140-62
00093-2140-62_RXNAVIMAGE10_9D4A4ED2_2.jpg,ROUND,WHITE,10,ROUND_WHITE,174,0,0,0,0,0,0,0,0,0,0,1,0,00093-2140-62
51285-0050-02_RXNAVIMAGE10_8535C28E_1.jpg,ROUND,PINK,10,ROUND_PINK,168,0,0,0,0,0,0,1,0,0,0,0,0,51285-0050-02
51285-0050-02_RXNAVIMAGE10_8535C28E_2.jpg,ROUND,PINK,10,ROUND_PINK,168,0,0,0,0,0,0,1,0,0,0,0,0,51285-0050-02
51991-0293-01_RXNAVIMAGE10_B4085A72_1.jpg,OVAL,BROWN,7,OVAL_BROWN,125,0,0,1,0,0,0,0,0,0,0,0,0,51991-0293-01
51991-0293-01_RXNAVIMAGE10_B4085A72_2.jpg,OVAL,BROWN,7,OVAL_BROWN,125,0,0,1,0,0,0,0,0,0,0,0,0,51991-0293-01
00591-0900-30_RXNAVIMAGE10_4207A13D_1.jpg,ROUND,ORANGE,10,ROUND_ORANGE,166,0,0,0,0,0,1,0,0,0,0,0,0,00591-0900-30
00591-0900-30_RXNAVIMAGE10_4207A13D_2.jpg,ROUND,ORANGE,10,ROUND_ORANGE,166,0,0,0,0,0,1,0,0,0,0,0,0,00591-0900-30
00185-0123-60_RXNAVIMAGE10_714438B1_1.jpg,ROUND,WHITE,10,ROUND_WHITE,174,0,0,0,0,0,0,0,0,0,0,1,0,00185-0123-60
00185-0123-60_RXNAVIMAGE10_714438B1_2.jpg,ROUND,WHITE,10,ROUND_WHITE,174,0,0,0,0,0,0,0,0,0,0,1,0,00185-0123-60
00093-7234-01_RXNAVIMAGE10_B13058E2_1.jpg,OVAL,YELLOW,7,OVAL_YELLOW,145,0,0,0,0,0,0,0,0,0,0,0,1,00093-7234-01
00093-7234-01_RXNAVIMAGE10_B13058E2_2.jpg,OVAL,YELLOW,7,OVAL_YELLOW,145,0,0,0,0,0,0,0,0,0,0,0,1,00093-7234-01
00093-1024-06_RXNAVIMAGE10_8E29C77E_1.jpg,OVAL,WHITE,7,OVAL_WHITE,139,0,0,0,0,0,0,0,0,0,0,1,0,00093-1024-06
00093-1024-06_RXNAVIMAGE10_8E29C77E_2.jpg,OVAL,WHITE,7,OVAL_WHITE,139,0,0,0,0,0,0,0,0,0,0,1,0,00093-1024-06
11528-0010-01_RXNAVIMAGE10_5905ACED_1.jpg,OVAL,YELLOW,7,OVAL_YELLOW,145,0,0,0,0,0,0,0,0,0,0,0,1,11528-0010-01
11528-0010-01_RXNAVIMAGE10_5905ACED_2.jpg,OVAL,YELLOW,7,OVAL_YELLOW,145,0,0,0,0,0,0,0,0,0,0,0,1,11528-0010-01
00093-4742-01_RXNAVIMAGE10_CE23671B_1.jpg,OVAL,WHITE,7,OVAL_WHITE,139,0,0,0,0,0,0,0,0,0,0,1,0,00093-4742-01
00093-4742-01_RXNAVIMAGE10_CE23671B_2.jpg,OVAL,WHITE,7,OVAL_WHITE,139,0,0,0,0,0,0,0,0,0,0,1,0,00093-4742-01
00525-8049-90_RXNAVIMAGE10_353D9AFC_1.jpg,CAPSULE,"YELLOW, WHITE",1,"CAPSULE_YELLOW, WHITE",103,0,0,0,0,0,0,0,0,0,0,1,1,00525-8049-90
00525-8049-90_RXNAVIMAGE10_353D9AFC_2.jpg,CAPSULE,"YELLOW, WHITE",1,"CAPSULE_YELLOW, WHITE",103,0,0,0,0,0,0,0,0,0,0,1,1,00525-8049-90
27241-0006-06_RXNAVIMAGE10_5E41AF0D_1.jpg,OVAL,BROWN,7,OVAL_BROWN,125,0,0,1,0,0,0,0,0,0,0,0,0,27241-0006-06
27241-0006-06_RXNAVIMAGE10_5E41AF0D_2.jpg,OVAL,BROWN,7,OVAL_BROWN,125,0,0,1,0,0,0,0,0,0,0,0,0,27241-0006-06
51224-0154-50_RXNAVIMAGE10_BE49DF4E_1.jpg,ROUND,WHITE,10,ROUND_WHITE,174,0,0,0,0,0,0,0,0,0,0,1,0,51224-0154-50
51224-0154-50_RXNAVIMAGE10_BE49DF4E_2.jpg,ROUND,WHITE,10,ROUND_WHITE,174,0,0,0,0,0,0,0,0,0,0,1,0,51224-0154-50
60505-0039-01_RXNAVIMAGE10_14458A6C_1.jpg,CAPSULE,"WHITE, GRAY",1,"CAPSULE_WHITE, GRAY",85,0,0,0,1,0,0,0,0,0,0,1,0,60505-0039-01
60505-0039-01_RXNAVIMAGE10_14458A6C_2.jpg,CAPSULE,"WHITE, GRAY",1,"CAPSULE_WHITE, GRAY",85,0,0,0,1,0,0,0,0,0,0,1,0,60505-0039-01
00781-1972-01_RXNAVIMAGE10_94054A1A_1.jpg,ROUND,WHITE,10,ROUND_WHITE,174,0,0,0,0,0,0,0,0,0,0,1,0,00781-1972-01
00781-1972-01_RXNAVIMAGE10_94054A1A_2.jpg,ROUND,WHITE,10,ROUND_WHITE,174,0,0,0,0,0,0,0,0,0,0,1,0,00781-1972-01
29300-0130-05_RXNAVIMAGE10_63443191_1.jpg,CAPSULE,WHITE,1,CAPSULE_WHITE,81,0,0,0,0,0,0,0,0,0,0,1,0,29300-0130-05
29300-0130-05_RXNAVIMAGE10_63443191_2.jpg,CAPSULE,WHITE,1,CAPSULE_WHITE,81,0,0,0,0,0,0,0,0,0,0,1,0,29300-0130-05
55253-0801-30_RXNAVIMAGE10_3B429D84_1.jpg,OVAL,WHITE,7,OVAL_WHITE,139,0,0,0,0,0,0,0,0,0,0,1,0,55253-0801-30
55253-0801-30_RXNAVIMAGE10_3B429D84_2.jpg,OVAL,WHITE,7,OVAL_WHITE,139,0,0,0,0,0,0,0,0,0,0,1,0,55253-0801-30
50111-0434-01_RXNAVIMAGE10_4F212799_1.jpg,ROUND,WHITE,10,ROUND_WHITE,174,0,0,0,0,0,0,0,0,0,0,1,0,50111-0434-01
50111-0434-01_RXNAVIMAGE10_4F212799_2.jpg,ROUND,WHITE,10,ROUND_WHITE,174,0,0,0,0,0,0,0,0,0,0,1,0,50111-0434-01
59746-0384-06_RXNAVIMAGE10_E434F207_1.jpg,CAPSULE,WHITE,1,CAPSULE_WHITE,81,0,0,0,0,0,0,0,0,0,0,1,0,59746-0384-06
59746-0384-06_RXNAVIMAGE10_E434F207_2.jpg,CAPSULE,WHITE,1,CAPSULE_WHITE,81,0,0,0,0,0,0,0,0,0,0,1,0,59746-0384-06
00093-7432-98_RXNAVIMAGE10_EB4375EB_1.jpg,ROUND,PINK,10,ROUND_PINK,168,0,0,0,0,0,0,1,0,0,0,0,0,00093-7432-98
00093-7432-98_RXNAVIMAGE10_EB4375EB_2.jpg,ROUND,PINK,10,ROUND_PINK,168,0,0,0,0,0,0,1,0,0,0,0,0,00093-7432-98
00781-1146-01_RXNAVIMAGE10_F422FA27_1.jpg,ROUND,YELLOW,10,ROUND_YELLOW,178,0,0,0,0,0,0,0,0,0,0,0,1,00781-1146-01
00781-1146-01_RXNAVIMAGE10_F422FA27_2.jpg,ROUND,YELLOW,10,ROUND_YELLOW,178,0,0,0,0,0,0,0,0,0,0,0,1,00781-1146-01
51079-0986-20_RXNAVIMAGE10_E733F3FF_1.jpg,OVAL,WHITE,7,OVAL_WHITE,139,0,0,0,0,0,0,0,0,0,0,1,0,51079-0986-20
51079-0986-20_RXNAVIMAGE10_E733F3FF_2.jpg,OVAL,WHITE,7,OVAL_WHITE,139,0,0,0,0,0,0,0,0,0,0,1,0,51079-0986-20
49702-0228-13_RXNAVIMAGE10_D23D694B_1.jpg,ROUND,YELLOW,10,ROUND_YELLOW,178,0,0,0,0,0,0,0,0,0,0,0,1,49702-0228-13
49702-0228-13_RXNAVIMAGE10_D23D694B_2.jpg,ROUND,YELLOW,10,ROUND_YELLOW,178,0,0,0,0,0,0,0,0,0,0,0,1,49702-0228-13
00173-0880-25_RXNAVIMAGE10_2419920C_1.jpg,ROUND,WHITE,10,ROUND_WHITE,174,0,0,0,0,0,0,0,0,0,0,1,0,00173-0880-25
00173-0880-25_RXNAVIMAGE10_2419920C_2.jpg,ROUND,WHITE,10,ROUND_WHITE,174,0,0,0,0,0,0,0,0,0,0,1,0,00173-0880-25
00378-4735-01_RXNAVIMAGE10_8F39C7AE_1.jpg,ROUND,WHITE,10,ROUND_WHITE,174,0,0,0,0,0,0,0,0,0,0,1,0,00378-4735-01
00378-4735-01_RXNAVIMAGE10_8F39C7AE_2.jpg,ROUND,WHITE,10,ROUND_WHITE,174,0,0,0,0,0,0,0,0,0,0,1,0,00378-4735-01
59762-5008-01_RXNAVIMAGE10_8508C2E6_1.jpg,HEXAGON,WHITE,5,HEXAGON_WHITE,120,0,0,0,0,0,0,0,0,0,0,1,0,59762-5008-01
59762-5008-01_RXNAVIMAGE10_8508C2E6_2.jpg,HEXAGON,WHITE,5,HEXAGON_WHITE,120,0,0,0,0,0,0,0,0,0,0,1,0,59762-5008-01
00054-0269-13_RXNAVIMAGE10_7C3BBE5D_1.jpg,ROUND,WHITE,10,ROUND_WHITE,174,0,0,0,0,0,0,0,0,0,0,1,0,00054-0269-13
00054-0269-13_RXNAVIMAGE10_7C3BBE5D_2.jpg,ROUND,WHITE,10,ROUND_WHITE,174,0,0,0,0,0,0,0,0,0,0,1,0,00054-0269-13
59762-5019-01_RXNAVIMAGE10_232191EC_1.jpg,OVAL,BROWN,7,OVAL_BROWN,125,0,0,1,0,0,0,0,0,0,0,0,0,59762-5019-01
59762-5019-01_RXNAVIMAGE10_232191EC_2.jpg,OVAL,BROWN,7,OVAL_BROWN,125,0,0,1,0,0,0,0,0,0,0,0,0,59762-5019-01
16729-0090-10_RXNAVIMAGE10_EC3AF677_1.jpg,ROUND,BLUE,10,ROUND_BLUE,160,0,1,0,0,0,0,0,0,0,0,0,0,16729-0090-10
16729-0090-10_RXNAVIMAGE10_EC3AF677_2.jpg,ROUND,BLUE,10,ROUND_BLUE,160,0,1,0,0,0,0,0,0,0,0,0,0,16729-0090-10
49884-0210-02_RXNAVIMAGE10_6B4935C9_1.jpg,CAPSULE,"ORANGE, WHITE",1,"CAPSULE_ORANGE, WHITE",50,0,0,0,0,0,1,0,0,0,0,1,0,49884-0210-02
49884-0210-02_RXNAVIMAGE10_6B4935C9_2.jpg,CAPSULE,"ORANGE, WHITE",1,"CAPSULE_ORANGE, WHITE",50,0,0,0,0,0,1,0,0,0,0,1,0,49884-0210-02
66869-0404-90_RXNAVIMAGE10_D93C6CE3_1.jpg,ROUND,WHITE,10,ROUND_WHITE,174,0,0,0,0,0,0,0,0,0,0,1,0,66869-0404-90
66869-0404-90_RXNAVIMAGE10_D93C6CE3_2.jpg,ROUND,WHITE,10,ROUND_WHITE,174,0,0,0,0,0,0,0,0,0,0,1,0,66869-0404-90
62175-0272-37_RXNAVIMAGE10_C90864F3_1.jpg,ROUND,WHITE,10,ROUND_WHITE,174,0,0,0,0,0,0,0,0,0,0,1,0,62175-0272-37
62175-0272-37_RXNAVIMAGE10_C90864F3_2.jpg,ROUND,WHITE,10,ROUND_WHITE,174,0,0,0,0,0,0,0,0,0,0,1,0,62175-0272-37
57664-0648-88_RXNAVIMAGE10_BD51DEDE_1.jpg,ROUND,YELLOW,10,ROUND_YELLOW,178,0,0,0,0,0,0,0,0,0,0,0,1,57664-0648-88
57664-0648-88_RXNAVIMAGE10_BD51DEDE_2.jpg,ROUND,YELLOW,10,ROUND_YELLOW,178,0,0,0,0,0,0,0,0,0,0,0,1,57664-0648-88
00071-1015-68_RXNAVIMAGE10_5215A92D_1.jpg,CAPSULE,ORANGE,1,CAPSULE_ORANGE,44,0,0,0,0,0,1,0,0,0,0,0,0,00071-1015-68
00071-1015-68_RXNAVIMAGE10_5215A92D_2.jpg,CAPSULE,ORANGE,1,CAPSULE_ORANGE,44,0,0,0,0,0,1,0,0,0,0,0,0,00071-1015-68
00071-1017-68_RXNAVIMAGE10_5515AAAD_1.jpg,CAPSULE,ORANGE,1,CAPSULE_ORANGE,44,0,0,0,0,0,1,0,0,0,0,0,0,00071-1017-68
00071-1017-68_RXNAVIMAGE10_5515AAAD_2.jpg,CAPSULE,ORANGE,1,CAPSULE_ORANGE,44,0,0,0,0,0,1,0,0,0,0,0,0,00071-1017-68
00555-0392-02_RXNAVIMAGE10_EB43F5FF_1.jpg,ROUND,WHITE,10,ROUND_WHITE,174,0,0,0,0,0,0,0,0,0,0,1,0,00555-0392-02
00555-0392-02_RXNAVIMAGE10_EB43F5FF_2.jpg,ROUND,WHITE,10,ROUND_WHITE,174,0,0,0,0,0,0,0,0,0,0,1,0,00555-0392-02
00093-7287-89_RXNAVIMAGE10_D22FE95F_1.jpg,OVAL,ORANGE,7,OVAL_ORANGE,130,0,0,0,0,0,1,0,0,0,0,0,0,00093-7287-89
00093-7287-89_RXNAVIMAGE10_D22FE95F_2.jpg,OVAL,ORANGE,7,OVAL_ORANGE,130,0,0,0,0,0,1,0,0,0,0,0,0,00093-7287-89
00574-0220-01_RXNAVIMAGE10_0D0886B4_1.jpg,ROUND,WHITE,10,ROUND_WHITE,174,0,0,0,0,0,0,0,0,0,0,1,0,00574-0220-01
00574-0220-01_RXNAVIMAGE10_0D0886B4_2.jpg,ROUND,WHITE,10,ROUND_WHITE,174,0,0,0,0,0,0,0,0,0,0,1,0,00574-0220-01
00093-7620-56_RXNAVIMAGE10_42162121_1.jpg,ROUND,YELLOW,10,ROUND_YELLOW,178,0,0,0,0,0,0,0,0,0,0,0,1,00093-7620-56
00093-7620-56_RXNAVIMAGE10_42162121_2.jpg,ROUND,YELLOW,10,ROUND_YELLOW,178,0,0,0,0,0,0,0,0,0,0,0,1,00093-7620-56
00555-9064-58_RXNAVIMAGE10_0E368734_1.jpg,ROUND,WHITE,10,ROUND_WHITE,174,0,0,0,0,0,0,0,0,0,0,1,0,00555-9064-58
00555-9064-58_RXNAVIMAGE10_0E368734_2.jpg,ROUND,WHITE,10,ROUND_WHITE,174,0,0,0,0,0,0,0,0,0,0,1,0,00555-9064-58
00093-3145-01_RXNAVIMAGE10_CB1965CB_1.jpg,CAPSULE,"GRAY, RED",1,"CAPSULE_GRAY, RED",29,0,0,0,1,0,0,0,0,1,0,0,0,00093-3145-01
00093-3145-01_RXNAVIMAGE10_CB1965CB_2.jpg,CAPSULE,"GRAY, RED",1,"CAPSULE_GRAY, RED",29,0,0,0,1,0,0,0,0,1,0,0,0,00093-3145-01
00378-3002-77_RXNAVIMAGE10_DB4DEDDF_1.jpg,ROUND,YELLOW,10,ROUND_YELLOW,178,0,0,0,0,0,0,0,0,0,0,0,1,00378-3002-77
00378-3002-77_RXNAVIMAGE10_DB4DEDDF_2.jpg,ROUND,YELLOW,10,ROUND_YELLOW,178,0,0,0,0,0,0,0,0,0,0,0,1,00378-3002-77
00555-0882-02_RXNAVIMAGE10_9B304DA2_1.jpg,CAPSULE,"PURPLE, PINK",1,"CAPSULE_PURPLE, PINK",64,0,0,0,0,0,0,1,1,0,0,0,0,00555-0882-02
00555-0882-02_RXNAVIMAGE10_9B304DA2_2.jpg,CAPSULE,"PURPLE, PINK",1,"CAPSULE_PURPLE, PINK",64,0,0,0,0,0,0,1,1,0,0,0,0,00555-0882-02
00378-8200-01_RXNAVIMAGE10_183E8C44_1.jpg,CAPSULE,"TURQUOISE, GRAY",1,"CAPSULE_TURQUOISE, GRAY",77,0,0,0,1,0,0,0,0,0,1,0,0,00378-8200-01
00378-8200-01_RXNAVIMAGE10_183E8C44_2.jpg,CAPSULE,"TURQUOISE, GRAY",1,"CAPSULE_TURQUOISE, GRAY",77,0,0,0,1,0,0,0,0,0,1,0,0,00378-8200-01
59762-5022-01_RXNAVIMAGE10_DE1C6F53_1.jpg,OVAL,BROWN,7,OVAL_BROWN,125,0,0,1,0,0,0,0,0,0,0,0,0,59762-5022-01
59762-5022-01_RXNAVIMAGE10_DE1C6F53_2.jpg,OVAL,BROWN,7,OVAL_BROWN,125,0,0,1,0,0,0,0,0,0,0,0,0,59762-5022-01
23155-0001-01_RXNAVIMAGE10_F3407993_1.jpg,ROUND,PINK,10,ROUND_PINK,168,0,0,0,0,0,0,1,0,0,0,0,0,23155-0001-01
23155-0001-01_RXNAVIMAGE10_F3407993_2.jpg,ROUND,PINK,10,ROUND_PINK,168,0,0,0,0,0,0,1,0,0,0,0,0,23155-0001-01
00378-4188-93_RXNAVIMAGE10_6D32B6B5_1.jpg,OVAL,GREEN,7,OVAL_GREEN,129,0,0,0,0,1,0,0,0,0,0,0,0,00378-4188-93
00378-4188-93_RXNAVIMAGE10_6D32B6B5_2.jpg,OVAL,GREEN,7,OVAL_GREEN,129,0,0,0,0,1,0,0,0,0,0,0,0,00378-4188-93
00378-2063-01_RXNAVIMAGE10_8233C15E_1.jpg,ROUND,WHITE,10,ROUND_WHITE,174,0,0,0,0,0,0,0,0,0,0,1,0,00378-2063-01
00378-2063-01_RXNAVIMAGE10_8233C15E_2.jpg,ROUND,WHITE,10,ROUND_WHITE,174,0,0,0,0,0,0,0,0,0,0,1,0,00378-2063-01
50111-0483-01_RXNAVIMAGE10_6A0EB535_1.jpg,ROUND,WHITE,10,ROUND_WHITE,174,0,0,0,0,0,0,0,0,0,0,1,0,50111-0483-01
50111-0483-01_RXNAVIMAGE10_6A0EB535_2.jpg,ROUND,WHITE,10,ROUND_WHITE,174,0,0,0,0,0,0,0,0,0,0,1,0,50111-0483-01
00245-0040-15_RXNAVIMAGE10_D415EA0F_1.jpg,ROUND,BLUE,10,ROUND_BLUE,160,0,1,0,0,0,0,0,0,0,0,0,0,00245-0040-15
00245-0040-15_RXNAVIMAGE10_D415EA0F_2.jpg,ROUND,BLUE,10,ROUND_BLUE,160,0,1,0,0,0,0,0,0,0,0,0,0,00245-0040-15
31722-0339-01_RXNAVIMAGE10_C53C62F3_1.jpg,OVAL,WHITE,7,OVAL_WHITE,139,0,0,0,0,0,0,0,0,0,0,1,0,31722-0339-01
31722-0339-01_RXNAVIMAGE10_C53C62F3_2.jpg,OVAL,WHITE,7,OVAL_WHITE,139,0,0,0,0,0,0,0,0,0,0,1,0,31722-0339-01
49884-0196-05_RXNAVIMAGE10_AD08D696_1.jpg,OVAL,BROWN,7,OVAL_BROWN,125,0,0,1,0,0,0,0,0,0,0,0,0,49884-0196-05
49884-0196-05_RXNAVIMAGE10_AD08D696_2.jpg,OVAL,BROWN,7,OVAL_BROWN,125,0,0,1,0,0,0,0,0,0,0,0,0,49884-0196-05
00555-9066-67_RXNAVIMAGE10_17368BB4_1.jpg,ROUND,WHITE,10,ROUND_WHITE,174,0,0,0,0,0,0,0,0,0,0,1,0,00555-9066-67
00555-9066-67_RXNAVIMAGE10_17368BB4_2.jpg,ROUND,WHITE,10,ROUND_WHITE,174,0,0,0,0,0,0,0,0,0,0,1,0,00555-9066-67
51285-0131-97_RXNAVIMAGE10_8A42C576_1.jpg,ROUND,YELLOW,10,ROUND_YELLOW,178,0,0,0,0,0,0,0,0,0,0,0,1,51285-0131-97
51285-0131-97_RXNAVIMAGE10_8A42C576_2.jpg,ROUND,YELLOW,10,ROUND_YELLOW,178,0,0,0,0,0,0,0,0,0,0,0,1,51285-0131-97
00781-1008-05_RXNAVIMAGE10_4712A385_1.jpg,ROUND,YELLOW,10,ROUND_YELLOW,178,0,0,0,0,0,0,0,0,0,0,0,1,00781-1008-05
00781-1008-05_RXNAVIMAGE10_4712A385_2.jpg,ROUND,YELLOW,10,ROUND_YELLOW,178,0,0,0,0,0,0,0,0,0,0,0,1,00781-1008-05
00527-1789-01_RXNAVIMAGE10_CC46E637_1.jpg,ROUND,BLUE,10,ROUND_BLUE,160,0,1,0,0,0,0,0,0,0,0,0,0,00527-1789-01
00527-1789-01_RXNAVIMAGE10_CC46E637_2.jpg,ROUND,BLUE,10,ROUND_BLUE,160,0,1,0,0,0,0,0,0,0,0,0,0,00527-1789-01
00093-0756-01_RXNAVIMAGE10_19268C94_1.jpg,CAPSULE,GREEN,1,CAPSULE_GREEN,32,0,0,0,0,1,0,0,0,0,0,0,0,00093-0756-01
00093-0756-01_RXNAVIMAGE10_19268C94_2.jpg,CAPSULE,GREEN,1,CAPSULE_GREEN,32,0,0,0,0,1,0,0,0,0,0,0,0,00093-0756-01
00078-0384-05_RXNAVIMAGE10_052102A8_1.jpg,CAPSULE,BLUE,1,CAPSULE_BLUE,7,0,1,0,0,0,0,0,0,0,0,0,0,00078-0384-05
00078-0384-05_RXNAVIMAGE10_052102A8_2.jpg,CAPSULE,BLUE,1,CAPSULE_BLUE,7,0,1,0,0,0,0,0,0,0,0,0,0,00078-0384-05
00186-0322-54_RXNAVIMAGE10_F512FAE7_1.jpg,OVAL,YELLOW,7,OVAL_YELLOW,145,0,0,0,0,0,0,0,0,0,0,0,1,00186-0322-54
00186-0322-54_RXNAVIMAGE10_F512FAE7_2.jpg,OVAL,YELLOW,7,OVAL_YELLOW,145,0,0,0,0,0,0,0,0,0,0,0,1,00186-0322-54
00591-0698-01_RXNAVIMAGE10_E70773DB_1.jpg,OVAL,WHITE,7,OVAL_WHITE,139,0,0,0,0,0,0,0,0,0,0,1,0,00591-0698-01
00591-0698-01_RXNAVIMAGE10_E70773DB_2.jpg,OVAL,WHITE,7,OVAL_WHITE,139,0,0,0,0,0,0,0,0,0,0,1,0,00591-0698-01
62756-0147-86_RXNAVIMAGE10_C10EE0B7_1.jpg,CAPSULE,ORANGE,1,CAPSULE_ORANGE,44,0,0,0,0,0,1,0,0,0,0,0,0,62756-0147-86
62756-0147-86_RXNAVIMAGE10_C10EE0B7_2.jpg,CAPSULE,ORANGE,1,CAPSULE_ORANGE,44,0,0,0,0,0,1,0,0,0,0,0,0,62756-0147-86
64764-0544-30_RXNAVIMAGE10_96414B1A_1.jpg,ROUND,"WHITE, ORANGE",10,"ROUND_WHITE, ORANGE",176,0,0,0,0,0,1,0,0,0,0,1,0,64764-0544-30
64764-0544-30_RXNAVIMAGE10_96414B1A_2.jpg,ROUND,"WHITE, ORANGE",10,"ROUND_WHITE, ORANGE",176,0,0,0,0,0,1,0,0,0,0,1,0,64764-0544-30
51991-0544-90_RXNAVIMAGE10_9608CB26_1.jpg,OVAL,BLACK,7,OVAL_BLACK,122,1,0,0,0,0,0,0,0,0,0,0,0,51991-0544-90
51991-0544-90_RXNAVIMAGE10_9608CB26_2.jpg,OVAL,BLACK,7,OVAL_BLACK,122,1,0,0,0,0,0,0,0,0,0,0,0,51991-0544-90
00228-2348-10_RXNAVIMAGE10_D6476B2B_1.jpg,ROUND,WHITE,10,ROUND_WHITE,174,0,0,0,0,0,0,0,0,0,0,1,0,00228-2348-10
00228-2348-10_RXNAVIMAGE10_D6476B2B_2.jpg,ROUND,WHITE,10,ROUND_WHITE,174,0,0,0,0,0,0,0,0,0,0,1,0,00228-2348-10
65162-0641-10_RXNAVIMAGE10_003B801C_1.jpg,ROUND,WHITE,10,ROUND_WHITE,174,0,0,0,0,0,0,0,0,0,0,1,0,65162-0641-10
65162-0641-10_RXNAVIMAGE10_003B801C_2.jpg,ROUND,WHITE,10,ROUND_WHITE,174,0,0,0,0,0,0,0,0,0,0,1,0,65162-0641-10
24979-0004-06_RXNAVIMAGE10_F04AF857_1.jpg,ROUND,WHITE,10,ROUND_WHITE,174,0,0,0,0,0,0,0,0,0,0,1,0,24979-0004-06
24979-0004-06_RXNAVIMAGE10_F04AF857_2.jpg,ROUND,WHITE,10,ROUND_WHITE,174,0,0,0,0,0,0,0,0,0,0,1,0,24979-0004-06
00378-8030-93_RXNAVIMAGE10_7651BB0D_1.jpg,CAPSULE,PINK,1,CAPSULE_PINK,52,0,0,0,0,0,0,1,0,0,0,0,0,00378-8030-93
00378-8030-93_RXNAVIMAGE10_7651BB0D_2.jpg,CAPSULE,PINK,1,CAPSULE_PINK,52,0,0,0,0,0,0,1,0,0,0,0,0,00378-8030-93
00173-0758-60_RXNAVIMAGE10_E31971FB_1.jpg,ROUND,"GREEN, WHITE",10,"ROUND_GREEN, WHITE",165,0,0,0,0,1,0,0,0,0,0,1,0,00173-0758-60
00173-0758-60_RXNAVIMAGE10_E31971FB_2.jpg,ROUND,"GREEN, WHITE",10,"ROUND_GREEN, WHITE",165,0,0,0,0,1,0,0,0,0,0,1,0,00173-0758-60
65862-0476-01_RXNAVIMAGE10_A351D18E_1.jpg,CAPSULE,RED,1,CAPSULE_RED,69,0,0,0,0,0,0,0,0,1,0,0,0,65862-0476-01
65862-0476-01_RXNAVIMAGE10_A351D18E_2.jpg,CAPSULE,RED,1,CAPSULE_RED,69,0,0,0,0,0,0,0,0,1,0,0,0,65862-0476-01
68180-0559-09_RXNAVIMAGE10_C00E6013_1.jpg,OVAL,YELLOW,7,OVAL_YELLOW,145,0,0,0,0,0,0,0,0,0,0,0,1,68180-0559-09
68180-0559-09_RXNAVIMAGE10_C00E6013_2.jpg,OVAL,YELLOW,7,OVAL_YELLOW,145,0,0,0,0,0,0,0,0,0,0,0,1,68180-0559-09
64679-0781-02_RXNAVIMAGE10_784DBC5D_1.jpg,OVAL,ORANGE,7,OVAL_ORANGE,130,0,0,0,0,0,1,0,0,0,0,0,0,64679-0781-02
64679-0781-02_RXNAVIMAGE10_784DBC5D_2.jpg,OVAL,ORANGE,7,OVAL_ORANGE,130,0,0,0,0,0,1,0,0,0,0,0,0,64679-0781-02
46672-0053-50_RXNAVIMAGE10_6C3E3601_1.jpg,OVAL,WHITE,7,OVAL_WHITE,139,0,0,0,0,0,0,0,0,0,0,1,0,46672-0053-50
46672-0053-50_RXNAVIMAGE10_6C3E3601_2.jpg,OVAL,WHITE,7,OVAL_WHITE,139,0,0,0,0,0,0,0,0,0,0,1,0,46672-0053-50
00555-0138-09_RXNAVIMAGE10_122B894C_1.jpg,ROUND,YELLOW,10,ROUND_YELLOW,178,0,0,0,0,0,0,0,0,0,0,0,1,00555-0138-09
00555-0138-09_RXNAVIMAGE10_122B894C_2.jpg,ROUND,YELLOW,10,ROUND_YELLOW,178,0,0,0,0,0,0,0,0,0,0,0,1,00555-0138-09
68382-0272-01_RXNAVIMAGE10_08470408_1.jpg,OVAL,GRAY,7,OVAL_GRAY,127,0,0,0,1,0,0,0,0,0,0,0,0,68382-0272-01
68382-0272-01_RXNAVIMAGE10_08470408_2.jpg,OVAL,GRAY,7,OVAL_GRAY,127,0,0,0,1,0,0,0,0,0,0,0,0,68382-0272-01
68682-0065-10_RXNAVIMAGE10_A744D396_1.jpg,OVAL,GREEN,7,OVAL_GREEN,129,0,0,0,0,1,0,0,0,0,0,0,0,68682-0065-10
68682-0065-10_RXNAVIMAGE10_A744D396_2.jpg,OVAL,GREEN,7,OVAL_GREEN,129,0,0,0,0,1,0,0,0,0,0,0,0,68682-0065-10
00172-3758-60_RXNAVIMAGE10_092D04F8_1.jpg,SQUARE,WHITE,12,SQUARE_WHITE,185,0,0,0,0,0,0,0,0,0,0,1,0,00172-3758-60
00172-3758-60_RXNAVIMAGE10_092D04F8_2.jpg,SQUARE,WHITE,12,SQUARE_WHITE,185,0,0,0,0,0,0,0,0,0,0,1,0,00172-3758-60
30698-0421-12_RXNAVIMAGE10_5239A91D_1.jpg,CAPSULE,"YELLOW, BLUE",1,"CAPSULE_YELLOW, BLUE",96,0,1,0,0,0,0,0,0,0,0,0,1,30698-0421-12
30698-0421-12_RXNAVIMAGE10_5239A91D_2.jpg,CAPSULE,"YELLOW, BLUE",1,"CAPSULE_YELLOW, BLUE",96,0,1,0,0,0,0,0,0,0,0,0,1,30698-0421-12
62559-0160-01_RXNAVIMAGE10_823B411A_1.jpg,OVAL,BROWN,7,OVAL_BROWN,125,0,0,1,0,0,0,0,0,0,0,0,0,62559-0160-01
62559-0160-01_RXNAVIMAGE10_823B411A_2.jpg,OVAL,BROWN,7,OVAL_BROWN,125,0,0,1,0,0,0,0,0,0,0,0,0,62559-0160-01
31722-0208-01_RXNAVIMAGE10_673433B1_1.jpg,ROUND,WHITE,10,ROUND_WHITE,174,0,0,0,0,0,0,0,0,0,0,1,0,31722-0208-01
31722-0208-01_RXNAVIMAGE10_673433B1_2.jpg,ROUND,WHITE,10,ROUND_WHITE,174,0,0,0,0,0,0,0,0,0,0,1,0,31722-0208-01
57664-0393-88_RXNAVIMAGE10_99504CA2_1.jpg,PENTAGON,PINK,8,PENTAGON_PINK,150,0,0,0,0,0,0,1,0,0,0,0,0,57664-0393-88
57664-0393-88_RXNAVIMAGE10_99504CA2_2.jpg,PENTAGON,PINK,8,PENTAGON_PINK,150,0,0,0,0,0,0,1,0,0,0,0,0,57664-0393-88
50474-0920-90_RXNAVIMAGE10_0A47850C_1.jpg,OVAL,WHITE,7,OVAL_WHITE,139,0,0,0,0,0,0,0,0,0,0,1,0,50474-0920-90
50474-0920-90_RXNAVIMAGE10_0A47850C_2.jpg,OVAL,WHITE,7,OVAL_WHITE,139,0,0,0,0,0,0,0,0,0,0,1,0,50474-0920-90
00173-0633-10_RXNAVIMAGE10_3D191EB8_1.jpg,HEXAGON,WHITE,5,HEXAGON_WHITE,120,0,0,0,0,0,0,0,0,0,0,1,0,00173-0633-10
00173-0633-10_RXNAVIMAGE10_3D191EB8_2.jpg,HEXAGON,WHITE,5,HEXAGON_WHITE,120,0,0,0,0,0,0,0,0,0,0,1,0,00173-0633-10
16714-0082-10_RXNAVIMAGE10_734FB9DD_1.jpg,ROUND,WHITE,10,ROUND_WHITE,174,0,0,0,0,0,0,0,0,0,0,1,0,16714-0082-10
16714-0082-10_RXNAVIMAGE10_734FB9DD_2.jpg,ROUND,WHITE,10,ROUND_WHITE,174,0,0,0,0,0,0,0,0,0,0,1,0,16714-0082-10
49884-0724-01_RXNAVIMAGE10_2E3B1748_1.jpg,CAPSULE,"GREEN, PINK",1,"CAPSULE_GREEN, PINK",39,0,0,0,0,1,0,1,0,0,0,0,0,49884-0724-01
49884-0724-01_RXNAVIMAGE10_2E3B1748_2.jpg,CAPSULE,"GREEN, PINK",1,"CAPSULE_GREEN, PINK",39,0,0,0,0,1,0,1,0,0,0,0,0,49884-0724-01
59762-4900-01_RXNAVIMAGE10_F022F817_1.jpg,OVAL,BLUE,7,OVAL_BLUE,123,0,1,0,0,0,0,0,0,0,0,0,0,59762-4900-01
59762-4900-01_RXNAVIMAGE10_F022F817_2.jpg,OVAL,BLUE,7,OVAL_BLUE,123,0,1,0,0,0,0,0,0,0,0,0,0,59762-4900-01
00378-1902-01_RXNAVIMAGE10_F645FB4F_1.jpg,ROUND,WHITE,10,ROUND_WHITE,174,0,0,0,0,0,0,0,0,0,0,1,0,00378-1902-01
00378-1902-01_RXNAVIMAGE10_F645FB4F_2.jpg,ROUND,WHITE,10,ROUND_WHITE,174,0,0,0,0,0,0,0,0,0,0,1,0,00378-1902-01
00591-2520-01_RXNAVIMAGE10_B73A5BF2_1.jpg,OVAL,WHITE,7,OVAL_WHITE,139,0,0,0,0,0,0,0,0,0,0,1,0,00591-2520-01
00591-2520-01_RXNAVIMAGE10_B73A5BF2_2.jpg,OVAL,WHITE,7,OVAL_WHITE,139,0,0,0,0,0,0,0,0,0,0,1,0,00591-2520-01
00093-9133-06_RXNAVIMAGE10_A4205202_1.jpg,ROUND,PINK,10,ROUND_PINK,168,0,0,0,0,0,0,1,0,0,0,0,0,00093-9133-06
00093-9133-06_RXNAVIMAGE10_A4205202_2.jpg,ROUND,PINK,10,ROUND_PINK,168,0,0,0,0,0,0,1,0,0,0,0,0,00093-9133-06
16714-0452-01_RXNAVIMAGE10_CB4E65D3_1.jpg,ROUND,PINK,10,ROUND_PINK,168,0,0,0,0,0,0,1,0,0,0,0,0,16714-0452-01
16714-0452-01_RXNAVIMAGE10_CB4E65D3_2.jpg,ROUND,PINK,10,ROUND_PINK,168,0,0,0,0,0,0,1,0,0,0,0,0,16714-0452-01
51293-0612-01_RXNAVIMAGE10_6A3EB525_1.jpg,ROUND,BROWN,10,ROUND_BROWN,162,0,0,1,0,0,0,0,0,0,0,0,0,51293-0612-01
51293-0612-01_RXNAVIMAGE10_6A3EB525_2.jpg,ROUND,BROWN,10,ROUND_BROWN,162,0,0,1,0,0,0,0,0,0,0,0,0,51293-0612-01
42543-0727-01_RXNAVIMAGE10_334F99CC_1.jpg,CAPSULE,"BLUE, WHITE",1,"CAPSULE_BLUE, WHITE",16,0,1,0,0,0,0,0,0,0,0,1,0,42543-0727-01
42543-0727-01_RXNAVIMAGE10_334F99CC_2.jpg,CAPSULE,"BLUE, WHITE",1,"CAPSULE_BLUE, WHITE",16,0,1,0,0,0,0,0,0,0,0,1,0,42543-0727-01
00574-0250-01_RXNAVIMAGE10_BF15DFBE_1.jpg,ROUND,WHITE,10,ROUND_WHITE,174,0,0,0,0,0,0,0,0,0,0,1,0,00574-0250-01
00574-0250-01_RXNAVIMAGE10_BF15DFBE_2.jpg,ROUND,WHITE,10,ROUND_WHITE,174,0,0,0,0,0,0,0,0,0,0,1,0,00574-0250-01
23155-0249-01_RXNAVIMAGE10_F33EF997_1.jpg,OVAL,ORANGE,7,OVAL_ORANGE,130,0,0,0,0,0,1,0,0,0,0,0,0,23155-0249-01
23155-0249-01_RXNAVIMAGE10_F33EF997_2.jpg,OVAL,ORANGE,7,OVAL_ORANGE,130,0,0,0,0,0,1,0,0,0,0,0,0,23155-0249-01
00085-1322-01_RXNAVIMAGE10_CF07E78F_1.jpg,OVAL,"BLUE, WHITE",7,"OVAL_BLUE, WHITE",124,0,1,0,0,0,0,0,0,0,0,1,0,00085-1322-01
00085-1322-01_RXNAVIMAGE10_CF07E78F_2.jpg,OVAL,"BLUE, WHITE",7,"OVAL_BLUE, WHITE",124,0,1,0,0,0,0,0,0,0,0,1,0,00085-1322-01
64720-0124-10_RXNAVIMAGE10_6007B00D_1.jpg,ROUND,YELLOW,10,ROUND_YELLOW,178,0,0,0,0,0,0,0,0,0,0,0,1,64720-0124-10
64720-0124-10_RXNAVIMAGE10_6007B00D_2.jpg,ROUND,YELLOW,10,ROUND_YELLOW,178,0,0,0,0,0,0,0,0,0,0,0,1,64720-0124-10
16110-0502-01_RXNAVIMAGE10_9B4ECD96_1.jpg,OVAL,GREEN,7,OVAL_GREEN,129,0,0,0,0,1,0,0,0,0,0,0,0,16110-0502-01
16110-0502-01_RXNAVIMAGE10_9B4ECD96_2.jpg,OVAL,GREEN,7,OVAL_GREEN,129,0,0,0,0,1,0,0,0,0,0,0,0,16110-0502-01
16714-0042-11_RXNAVIMAGE10_3F441F90_1.jpg,ROUND,ORANGE,10,ROUND_ORANGE,166,0,0,0,0,0,1,0,0,0,0,0,0,16714-0042-11
16714-0042-11_RXNAVIMAGE10_3F441F90_2.jpg,ROUND,ORANGE,10,ROUND_ORANGE,166,0,0,0,0,0,1,0,0,0,0,0,0,16714-0042-11
00591-0796-05_RXNAVIMAGE10_580EAC35_1.jpg,ROUND,YELLOW,10,ROUND_YELLOW,178,0,0,0,0,0,0,0,0,0,0,0,1,00591-0796-05
00591-0796-05_RXNAVIMAGE10_580EAC35_2.jpg,ROUND,YELLOW,10,ROUND_YELLOW,178,0,0,0,0,0,0,0,0,0,0,0,1,00591-0796-05
59148-0009-13_RXNAVIMAGE10_9D154ECA_1.jpg,ROUND,YELLOW,10,ROUND_YELLOW,178,0,0,0,0,0,0,0,0,0,0,0,1,59148-0009-13
59148-0009-13_RXNAVIMAGE10_9D154ECA_2.jpg,ROUND,YELLOW,10,ROUND_YELLOW,178,0,0,0,0,0,0,0,0,0,0,0,1,59148-0009-13
65862-0390-10_RXNAVIMAGE10_373C1BE0_1.jpg,ROUND,WHITE,10,ROUND_WHITE,174,0,0,0,0,0,0,0,0,0,0,1,0,65862-0390-10
65862-0390-10_RXNAVIMAGE10_373C1BE0_2.jpg,ROUND,WHITE,10,ROUND_WHITE,174,0,0,0,0,0,0,0,0,0,0,1,0,65862-0390-10
00603-2545-21_RXNAVIMAGE10_F223797B_1.jpg,OVAL,WHITE,7,OVAL_WHITE,139,0,0,0,0,0,0,0,0,0,0,1,0,00603-2545-21
00603-2545-21_RXNAVIMAGE10_F223797B_2.jpg,OVAL,WHITE,7,OVAL_WHITE,139,0,0,0,0,0,0,0,0,0,0,1,0,00603-2545-21
49884-0290-01_RXNAVIMAGE10_5508AAB5_1.jpg,ROUND,WHITE,10,ROUND_WHITE,174,0,0,0,0,0,0,0,0,0,0,1,0,49884-0290-01
49884-0290-01_RXNAVIMAGE10_5508AAB5_2.jpg,ROUND,WHITE,10,ROUND_WHITE,174,0,0,0,0,0,0,0,0,0,0,1,0,49884-0290-01
68382-0053-01_RXNAVIMAGE10_3D129ED4_1.jpg,OVAL,PURPLE,7,OVAL_PURPLE,135,0,0,0,0,0,0,0,1,0,0,0,0,68382-0053-01
68382-0053-01_RXNAVIMAGE10_3D129ED4_2.jpg,OVAL,PURPLE,7,OVAL_PURPLE,135,0,0,0,0,0,0,0,1,0,0,0,0,68382-0053-01
31722-0903-01_RXNAVIMAGE10_8351C1CE_1.jpg,CAPSULE,"ORANGE, BLUE",1,"CAPSULE_ORANGE, BLUE",45,0,1,0,0,0,1,0,0,0,0,0,0,31722-0903-01
31722-0903-01_RXNAVIMAGE10_8351C1CE_2.jpg,CAPSULE,"ORANGE, BLUE",1,"CAPSULE_ORANGE, BLUE",45,0,1,0,0,0,1,0,0,0,0,0,0,31722-0903-01
00093-1177-01_RXNAVIMAGE10_4F2B27C9_1.jpg,ROUND,WHITE,10,ROUND_WHITE,174,0,0,0,0,0,0,0,0,0,0,1,0,00093-1177-01
00093-1177-01_RXNAVIMAGE10_4F2B27C9_2.jpg,ROUND,WHITE,10,ROUND_WHITE,174,0,0,0,0,0,0,0,0,0,0,1,0,00093-1177-01
59746-0383-06_RXNAVIMAGE10_7334B9F5_1.jpg,CAPSULE,GRAY,1,CAPSULE_GRAY,22,0,0,0,1,0,0,0,0,0,0,0,0,59746-0383-06
59746-0383-06_RXNAVIMAGE10_7334B9F5_2.jpg,CAPSULE,GRAY,1,CAPSULE_GRAY,22,0,0,0,1,0,0,0,0,0,0,0,0,59746-0383-06
16714-0691-01_RXNAVIMAGE10_AA4A5562_1.jpg,OVAL,PINK,7,OVAL_PINK,133,0,0,0,0,0,0,1,0,0,0,0,0,16714-0691-01
16714-0691-01_RXNAVIMAGE10_AA4A5562_2.jpg,OVAL,PINK,7,OVAL_PINK,133,0,0,0,0,0,0,1,0,0,0,0,0,16714-0691-01
00603-3181-21_RXNAVIMAGE10_403B2079_1.jpg,ROUND,WHITE,10,ROUND_WHITE,174,0,0,0,0,0,0,0,0,0,0,1,0,00603-3181-21
00603-3181-21_RXNAVIMAGE10_403B2079_2.jpg,ROUND,WHITE,10,ROUND_WHITE,174,0,0,0,0,0,0,0,0,0,0,1,0,00603-3181-21
00378-1743-89_RXNAVIMAGE10_9D39CE9E_1.jpg,OVAL,ORANGE,7,OVAL_ORANGE,130,0,0,0,0,0,1,0,0,0,0,0,0,00378-1743-89
00378-1743-89_RXNAVIMAGE10_9D39CE9E_2.jpg,OVAL,ORANGE,7,OVAL_ORANGE,130,0,0,0,0,0,1,0,0,0,0,0,0,00378-1743-89
00591-0607-01_RXNAVIMAGE10_CC0E6613_1.jpg,ROUND,BLUE,10,ROUND_BLUE,160,0,1,0,0,0,0,0,0,0,0,0,0,00591-0607-01
00591-0607-01_RXNAVIMAGE10_CC0E6613_2.jpg,ROUND,BLUE,10,ROUND_BLUE,160,0,1,0,0,0,0,0,0,0,0,0,0,00591-0607-01
10147-1700-03_RXNAVIMAGE10_E60E7363_1.jpg,CAPSULE,"BLUE, PINK",1,"CAPSULE_BLUE, PINK",13,0,1,0,0,0,0,1,0,0,0,0,0,10147-1700-03
10147-1700-03_RXNAVIMAGE10_E60E7363_2.jpg,CAPSULE,"BLUE, PINK",1,"CAPSULE_BLUE, PINK",13,0,1,0,0,0,0,1,0,0,0,0,0,10147-1700-03
00185-0171-01_RXNAVIMAGE10_BE32DF66_1.jpg,OVAL,BLUE,7,OVAL_BLUE,123,0,1,0,0,0,0,0,0,0,0,0,0,00185-0171-01
00185-0171-01_RXNAVIMAGE10_BE32DF66_2.jpg,OVAL,BLUE,7,OVAL_BLUE,123,0,1,0,0,0,0,0,0,0,0,0,0,00185-0171-01
64380-0735-06_RXNAVIMAGE10_7A443D01_1.jpg,ROUND,ORANGE,10,ROUND_ORANGE,166,0,0,0,0,0,1,0,0,0,0,0,0,64380-0735-06
64380-0735-06_RXNAVIMAGE10_7A443D01_2.jpg,ROUND,ORANGE,10,ROUND_ORANGE,166,0,0,0,0,0,1,0,0,0,0,0,0,64380-0735-06
00074-3074-90_RXNAVIMAGE10_991B4C8A_1.jpg,OVAL,ORANGE,7,OVAL_ORANGE,130,0,0,0,0,0,1,0,0,0,0,0,0,00074-3074-90
00074-3074-90_RXNAVIMAGE10_991B4C8A_2.jpg,OVAL,ORANGE,7,OVAL_ORANGE,130,0,0,0,0,0,1,0,0,0,0,0,0,00074-3074-90
51991-0735-20_RXNAVIMAGE10_544B2A39_1.jpg,TRIANGLE,WHITE,15,TRIANGLE_WHITE,202,0,0,0,0,0,0,0,0,0,0,1,0,51991-0735-20
51991-0735-20_RXNAVIMAGE10_544B2A39_2.jpg,TRIANGLE,WHITE,15,TRIANGLE_WHITE,202,0,0,0,0,0,0,0,0,0,0,1,0,51991-0735-20
68462-0331-90_RXNAVIMAGE10_F43E7A43_1.jpg,OVAL,WHITE,7,OVAL_WHITE,139,0,0,0,0,0,0,0,0,0,0,1,0,68462-0331-90
68462-0331-90_RXNAVIMAGE10_F43E7A43_2.jpg,OVAL,WHITE,7,OVAL_WHITE,139,0,0,0,0,0,0,0,0,0,0,1,0,68462-0331-90
47335-0673-81_RXNAVIMAGE10_5A402D11_1.jpg,CAPSULE,GREEN,1,CAPSULE_GREEN,32,0,0,0,0,1,0,0,0,0,0,0,0,47335-0673-81
47335-0673-81_RXNAVIMAGE10_5A402D11_2.jpg,CAPSULE,GREEN,1,CAPSULE_GREEN,32,0,0,0,0,1,0,0,0,0,0,0,0,47335-0673-81
64679-0921-01_RXNAVIMAGE10_EB3475B3_1.jpg,ROUND,WHITE,10,ROUND_WHITE,174,0,0,0,0,0,0,0,0,0,0,1,0,64679-0921-01
64679-0921-01_RXNAVIMAGE10_EB3475B3_2.jpg,ROUND,WHITE,10,ROUND_WHITE,174,0,0,0,0,0,0,0,0,0,0,1,0,64679-0921-01
00093-5509-44_RXNAVIMAGE10_F8437C7B_1.jpg,OVAL,WHITE,7,OVAL_WHITE,139,0,0,0,0,0,0,0,0,0,0,1,0,00093-5509-44
00093-5509-44_RXNAVIMAGE10_F8437C7B_2.jpg,OVAL,WHITE,7,OVAL_WHITE,139,0,0,0,0,0,0,0,0,0,0,1,0,00093-5509-44
68180-0591-02_RXNAVIMAGE10_AE0ED726_1.jpg,CAPSULE,BLUE,1,CAPSULE_BLUE,7,0,1,0,0,0,0,0,0,0,0,0,0,68180-0591-02
68180-0591-02_RXNAVIMAGE10_AE0ED726_2.jpg,CAPSULE,BLUE,1,CAPSULE_BLUE,7,0,1,0,0,0,0,0,0,0,0,0,0,68180-0591-02
00555-0095-96_RXNAVIMAGE10_AF4257C2_1.jpg,ROUND,WHITE,10,ROUND_WHITE,174,0,0,0,0,0,0,0,0,0,0,1,0,00555-0095-96
00555-0095-96_RXNAVIMAGE10_AF4257C2_2.jpg,ROUND,WHITE,10,ROUND_WHITE,174,0,0,0,0,0,0,0,0,0,0,1,0,00555-0095-96
65162-0751-10_RXNAVIMAGE10_6451B26D_1.jpg,ROUND,WHITE,10,ROUND_WHITE,174,0,0,0,0,0,0,0,0,0,0,1,0,65162-0751-10
65162-0751-10_RXNAVIMAGE10_6451B26D_2.jpg,ROUND,WHITE,10,ROUND_WHITE,174,0,0,0,0,0,0,0,0,0,0,1,0,65162-0751-10
00536-0355-10_RXNAVIMAGE10_E746F3B7_1.jpg,ROUND,BROWN,10,ROUND_BROWN,162,0,0,1,0,0,0,0,0,0,0,0,0,00536-0355-10
00536-0355-10_RXNAVIMAGE10_E746F3B7_2.jpg,ROUND,BROWN,10,ROUND_BROWN,162,0,0,1,0,0,0,0,0,0,0,0,0,00536-0355-10
65862-0063-99_RXNAVIMAGE10_CF1D67FB_1.jpg,ROUND,PINK,10,ROUND_PINK,168,0,0,0,0,0,0,1,0,0,0,0,0,65862-0063-99
65862-0063-99_RXNAVIMAGE10_CF1D67FB_2.jpg,ROUND,PINK,10,ROUND_PINK,168,0,0,0,0,0,0,1,0,0,0,0,0,65862-0063-99
68382-0005-14_RXNAVIMAGE10_8B3CC5F6_1.jpg,CAPSULE,WHITE,1,CAPSULE_WHITE,81,0,0,0,0,0,0,0,0,0,0,1,0,68382-0005-14
68382-0005-14_RXNAVIMAGE10_8B3CC5F6_2.jpg,CAPSULE,WHITE,1,CAPSULE_WHITE,81,0,0,0,0,0,0,0,0,0,0,1,0,68382-0005-14
65597-0113-90_RXNAVIMAGE10_D139E8DF_1.jpg,ROUND,RED,10,ROUND_RED,172,0,0,0,0,0,0,0,0,1,0,0,0,65597-0113-90
65597-0113-90_RXNAVIMAGE10_D139E8DF_2.jpg,ROUND,RED,10,ROUND_RED,172,0,0,0,0,0,0,0,0,1,0,0,0,65597-0113-90
00555-0633-02_RXNAVIMAGE10_72303931_1.jpg,CAPSULE,"YELLOW, WHITE",1,"CAPSULE_YELLOW, WHITE",103,0,0,0,0,0,0,0,0,0,0,1,1,00555-0633-02
00555-0633-02_RXNAVIMAGE10_72303931_2.jpg,CAPSULE,"YELLOW, WHITE",1,"CAPSULE_YELLOW, WHITE",103,0,0,0,0,0,0,0,0,0,0,1,1,00555-0633-02
53489-0146-01_RXNAVIMAGE10_8021C06E_1.jpg,OVAL,WHITE,7,OVAL_WHITE,139,0,0,0,0,0,0,0,0,0,0,1,0,53489-0146-01
53489-0146-01_RXNAVIMAGE10_8021C06E_2.jpg,OVAL,WHITE,7,OVAL_WHITE,139,0,0,0,0,0,0,0,0,0,0,1,0,53489-0146-01
00228-2717-11_RXNAVIMAGE10_56232B19_1.jpg,ROUND,YELLOW,10,ROUND_YELLOW,178,0,0,0,0,0,0,0,0,0,0,0,1,00228-2717-11
00228-2717-11_RXNAVIMAGE10_56232B19_2.jpg,ROUND,YELLOW,10,ROUND_YELLOW,178,0,0,0,0,0,0,0,0,0,0,0,1,00228-2717-11
00093-7306-06_RXNAVIMAGE10_BC42DE66_1.jpg,CAPSULE,"WHITE, ORANGE",1,"CAPSULE_WHITE, ORANGE",87,0,0,0,0,0,1,0,0,0,0,1,0,00093-7306-06
00093-7306-06_RXNAVIMAGE10_BC42DE66_2.jpg,CAPSULE,"WHITE, ORANGE",1,"CAPSULE_WHITE, ORANGE",87,0,0,0,0,0,1,0,0,0,0,1,0,00093-7306-06
50458-0140-90_RXNAVIMAGE10_4744A395_1.jpg,OVAL,YELLOW,7,OVAL_YELLOW,145,0,0,0,0,0,0,0,0,0,0,0,1,50458-0140-90
50458-0140-90_RXNAVIMAGE10_4744A395_2.jpg,OVAL,YELLOW,7,OVAL_YELLOW,145,0,0,0,0,0,0,0,0,0,0,0,1,50458-0140-90
16571-0413-05_RXNAVIMAGE10_B33A59E2_1.jpg,OVAL,WHITE,7,OVAL_WHITE,139,0,0,0,0,0,0,0,0,0,0,1,0,16571-0413-05
16571-0413-05_RXNAVIMAGE10_B33A59E2_2.jpg,OVAL,WHITE,7,OVAL_WHITE,139,0,0,0,0,0,0,0,0,0,0,1,0,16571-0413-05
00378-0611-01_RXNAVIMAGE10_070903F8_1.jpg,ROUND,BROWN,10,ROUND_BROWN,162,0,0,1,0,0,0,0,0,0,0,0,0,00378-0611-01
00378-0611-01_RXNAVIMAGE10_070903F8_2.jpg,ROUND,BROWN,10,ROUND_BROWN,162,0,0,1,0,0,0,0,0,0,0,0,0,00378-0611-01
51285-0368-01_RXNAVIMAGE10_1D1D8E9C_1.jpg,OVAL,PINK,7,OVAL_PINK,133,0,0,0,0,0,0,1,0,0,0,0,0,51285-0368-01
51285-0368-01_RXNAVIMAGE10_1D1D8E9C_2.jpg,OVAL,PINK,7,OVAL_PINK,133,0,0,0,0,0,0,1,0,0,0,0,0,51285-0368-01
00555-0096-96_RXNAVIMAGE10_274213B0_1.jpg,ROUND,WHITE,10,ROUND_WHITE,174,0,0,0,0,0,0,0,0,0,0,1,0,00555-0096-96
00555-0096-96_RXNAVIMAGE10_274213B0_2.jpg,ROUND,WHITE,10,ROUND_WHITE,174,0,0,0,0,0,0,0,0,0,0,1,0,00555-0096-96
51285-0127-97_RXNAVIMAGE10_8F42C7E6_1.jpg,ROUND,PINK,10,ROUND_PINK,168,0,0,0,0,0,0,1,0,0,0,0,0,51285-0127-97
51285-0127-97_RXNAVIMAGE10_8F42C7E6_2.jpg,ROUND,PINK,10,ROUND_PINK,168,0,0,0,0,0,0,1,0,0,0,0,0,51285-0127-97
55111-0322-01_RXNAVIMAGE10_37079BFC_1.jpg,OVAL,TURQUOISE,7,OVAL_TURQUOISE,138,0,0,0,0,0,0,0,0,0,1,0,0,55111-0322-01
55111-0322-01_RXNAVIMAGE10_37079BFC_2.jpg,OVAL,TURQUOISE,7,OVAL_TURQUOISE,138,0,0,0,0,0,0,0,0,0,1,0,0,55111-0322-01
62175-0486-37_RXNAVIMAGE10_8D12C6C6_1.jpg,CAPSULE,"PINK, PINK",1,"CAPSULE_PINK, PINK",57,0,0,0,0,0,0,1,0,0,0,0,0,62175-0486-37
62175-0486-37_RXNAVIMAGE10_8D12C6C6_2.jpg,CAPSULE,"PINK, PINK",1,"CAPSULE_PINK, PINK",57,0,0,0,0,0,0,1,0,0,0,0,0,62175-0486-37
00185-0771-30_RXNAVIMAGE10_8B39C59E_1.jpg,ROUND,PINK,10,ROUND_PINK,168,0,0,0,0,0,0,1,0,0,0,0,0,00185-0771-30
00185-0771-30_RXNAVIMAGE10_8B39C59E_2.jpg,ROUND,PINK,10,ROUND_PINK,168,0,0,0,0,0,0,1,0,0,0,0,0,00185-0771-30
64764-0543-11_RXNAVIMAGE10_2D3F96DC_1.jpg,ROUND,"WHITE, BROWN",10,"ROUND_WHITE, BROWN",175,0,0,1,0,0,0,0,0,0,0,1,0,64764-0543-11
64764-0543-11_RXNAVIMAGE10_2D3F96DC_2.jpg,ROUND,"WHITE, BROWN",10,"ROUND_WHITE, BROWN",175,0,0,1,0,0,0,0,0,0,0,1,0,64764-0543-11
00591-0676-01_RXNAVIMAGE10_B205591A_1.jpg,ROUND,PINK,10,ROUND_PINK,168,0,0,0,0,0,0,1,0,0,0,0,0,00591-0676-01
00591-0676-01_RXNAVIMAGE10_B205591A_2.jpg,ROUND,PINK,10,ROUND_PINK,168,0,0,0,0,0,0,1,0,0,0,0,0,00591-0676-01
59762-5011-01_RXNAVIMAGE10_1D230EC8_1.jpg,ROUND,YELLOW,10,ROUND_YELLOW,178,0,0,0,0,0,0,0,0,0,0,0,1,59762-5011-01
59762-5011-01_RXNAVIMAGE10_1D230EC8_2.jpg,ROUND,YELLOW,10,ROUND_YELLOW,178,0,0,0,0,0,0,0,0,0,0,0,1,59762-5011-01
00406-0362-01_RXNAVIMAGE10_D115E8BF_1.jpg,OVAL,WHITE,7,OVAL_WHITE,139,0,0,0,0,0,0,0,0,0,0,1,0,00406-0362-01
00406-0362-01_RXNAVIMAGE10_D115E8BF_2.jpg,OVAL,WHITE,7,OVAL_WHITE,139,0,0,0,0,0,0,0,0,0,0,1,0,00406-0362-01
00093-2070-01_RXNAVIMAGE10_A743D3DE_1.jpg,ROUND,WHITE,10,ROUND_WHITE,174,0,0,0,0,0,0,0,0,0,0,1,0,00093-2070-01
00093-2070-01_RXNAVIMAGE10_A743D3DE_2.jpg,ROUND,WHITE,10,ROUND_WHITE,174,0,0,0,0,0,0,0,0,0,0,1,0,00093-2070-01
23155-0055-19_RXNAVIMAGE10_66453369_1.jpg,SEMI-CIRCLE,WHITE,11,SEMI-CIRCLE_WHITE,181,0,0,0,0,0,0,0,0,0,0,1,0,23155-0055-19
23155-0055-19_RXNAVIMAGE10_66453369_2.jpg,SEMI-CIRCLE,WHITE,11,SEMI-CIRCLE_WHITE,181,0,0,0,0,0,0,0,0,0,0,1,0,23155-0055-19
57664-0107-88_RXNAVIMAGE10_064A0340_1.jpg,ROUND,PINK,10,ROUND_PINK,168,0,0,0,0,0,0,1,0,0,0,0,0,57664-0107-88
57664-0107-88_RXNAVIMAGE10_064A0340_2.jpg,ROUND,PINK,10,ROUND_PINK,168,0,0,0,0,0,0,1,0,0,0,0,0,57664-0107-88
65162-0711-10_RXNAVIMAGE10_B049587A_1.jpg,OVAL,WHITE,7,OVAL_WHITE,139,0,0,0,0,0,0,0,0,0,0,1,0,65162-0711-10
65162-0711-10_RXNAVIMAGE10_B049587A_2.jpg,OVAL,WHITE,7,OVAL_WHITE,139,0,0,0,0,0,0,0,0,0,0,1,0,65162-0711-10
00093-2932-01_RXNAVIMAGE10_04090248_1.jpg,ROUND,WHITE,10,ROUND_WHITE,174,0,0,0,0,0,0,0,0,0,0,1,0,00093-2932-01
00093-2932-01_RXNAVIMAGE10_04090248_2.jpg,ROUND,WHITE,10,ROUND_WHITE,174,0,0,0,0,0,0,0,0,0,0,1,0,00093-2932-01
65862-0201-90_RXNAVIMAGE10_234A1180_1.jpg,OVAL,GREEN,7,OVAL_GREEN,129,0,0,0,0,1,0,0,0,0,0,0,0,65862-0201-90
65862-0201-90_RXNAVIMAGE10_234A1180_2.jpg,OVAL,GREEN,7,OVAL_GREEN,129,0,0,0,0,1,0,0,0,0,0,0,0,65862-0201-90
00004-1101-50_RXNAVIMAGE10_3E3D1F08_1.jpg,OVAL,PINK,7,OVAL_PINK,133,0,0,0,0,0,0,1,0,0,0,0,0,00004-1101-50
00004-1101-50_RXNAVIMAGE10_3E3D1F08_2.jpg,OVAL,PINK,7,OVAL_PINK,133,0,0,0,0,0,0,1,0,0,0,0,0,00004-1101-50
57664-0109-88_RXNAVIMAGE10_A34DD18E_1.jpg,ROUND,PINK,10,ROUND_PINK,168,0,0,0,0,0,0,1,0,0,0,0,0,57664-0109-88
57664-0109-88_RXNAVIMAGE10_A34DD18E_2.jpg,ROUND,PINK,10,ROUND_PINK,168,0,0,0,0,0,0,1,0,0,0,0,0,57664-0109-88
00078-0485-15_RXNAVIMAGE10_E11D70FB_1.jpg,ROUND,PINK,10,ROUND_PINK,168,0,0,0,0,0,0,1,0,0,0,0,0,00078-0485-15
00078-0485-15_RXNAVIMAGE10_E11D70FB_2.jpg,ROUND,PINK,10,ROUND_PINK,168,0,0,0,0,0,0,1,0,0,0,0,0,00078-0485-15
00093-4030-01_RXNAVIMAGE10_04268274_1.jpg,CAPSULE,GREEN,1,CAPSULE_GREEN,32,0,0,0,0,1,0,0,0,0,0,0,0,00093-4030-01
00093-4030-01_RXNAVIMAGE10_04268274_2.jpg,CAPSULE,GREEN,1,CAPSULE_GREEN,32,0,0,0,0,1,0,0,0,0,0,0,0,00093-4030-01
49884-0545-01_RXNAVIMAGE10_EE23776B_1.jpg,OVAL,BROWN,7,OVAL_BROWN,125,0,0,1,0,0,0,0,0,0,0,0,0,49884-0545-01
49884-0545-01_RXNAVIMAGE10_EE23776B_2.jpg,OVAL,BROWN,7,OVAL_BROWN,125,0,0,1,0,0,0,0,0,0,0,0,0,49884-0545-01
27437-0208-11_RXNAVIMAGE10_B5505AE2_1.jpg,CAPSULE,PINK,1,CAPSULE_PINK,52,0,0,0,0,0,0,1,0,0,0,0,0,27437-0208-11
27437-0208-11_RXNAVIMAGE10_B5505AE2_2.jpg,CAPSULE,PINK,1,CAPSULE_PINK,52,0,0,0,0,0,0,1,0,0,0,0,0,27437-0208-11
00185-0149-01_RXNAVIMAGE10_7608BB65_1.jpg,ROUND,GRAY,10,ROUND_GRAY,163,0,0,0,1,0,0,0,0,0,0,0,0,00185-0149-01
00185-0149-01_RXNAVIMAGE10_7608BB65_2.jpg,ROUND,GRAY,10,ROUND_GRAY,163,0,0,0,1,0,0,0,0,0,0,0,0,00185-0149-01
53489-0138-01_RXNAVIMAGE10_B3205982_1.jpg,ROUND,WHITE,10,ROUND_WHITE,174,0,0,0,0,0,0,0,0,0,0,1,0,53489-0138-01
53489-0138-01_RXNAVIMAGE10_B3205982_2.jpg,ROUND,WHITE,10,ROUND_WHITE,174,0,0,0,0,0,0,0,0,0,0,1,0,53489-0138-01
60505-1321-01_RXNAVIMAGE10_4250A135_1.jpg,ROUND,ORANGE,10,ROUND_ORANGE,166,0,0,0,0,0,1,0,0,0,0,0,0,60505-1321-01
60505-1321-01_RXNAVIMAGE10_4250A135_2.jpg,ROUND,ORANGE,10,ROUND_ORANGE,166,0,0,0,0,0,1,0,0,0,0,0,0,60505-1321-01
68462-0388-84_RXNAVIMAGE10_3C471E78_1.jpg,ROUND,ORANGE,10,ROUND_ORANGE,166,0,0,0,0,0,1,0,0,0,0,0,0,68462-0388-84
68462-0388-84_RXNAVIMAGE10_3C471E78_2.jpg,ROUND,ORANGE,10,ROUND_ORANGE,166,0,0,0,0,0,1,0,0,0,0,0,0,68462-0388-84
00074-6320-13_RXNAVIMAGE10_0B0585EC_1.jpg,OVAL,WHITE,7,OVAL_WHITE,139,0,0,0,0,0,0,0,0,0,0,1,0,00074-6320-13
00074-6320-13_RXNAVIMAGE10_0B0585EC_2.jpg,OVAL,WHITE,7,OVAL_WHITE,139,0,0,0,0,0,0,0,0,0,0,1,0,00074-6320-13
55111-0189-01_RXNAVIMAGE10_D7416BBB_1.jpg,ROUND,WHITE,10,ROUND_WHITE,174,0,0,0,0,0,0,0,0,0,0,1,0,55111-0189-01
55111-0189-01_RXNAVIMAGE10_D7416BBB_2.jpg,ROUND,WHITE,10,ROUND_WHITE,174,0,0,0,0,0,0,0,0,0,0,1,0,55111-0189-01
00093-2055-06_RXNAVIMAGE10_B12B588A_1.jpg,ROUND,WHITE,10,ROUND_WHITE,174,0,0,0,0,0,0,0,0,0,0,1,0,00093-2055-06
00093-2055-06_RXNAVIMAGE10_B12B588A_2.jpg,ROUND,WHITE,10,ROUND_WHITE,174,0,0,0,0,0,0,0,0,0,0,1,0,00093-2055-06
68180-0589-01_RXNAVIMAGE10_C2506113_1.jpg,CAPSULE,ORANGE,1,CAPSULE_ORANGE,44,0,0,0,0,0,1,0,0,0,0,0,0,68180-0589-01
68180-0589-01_RXNAVIMAGE10_C2506113_2.jpg,CAPSULE,ORANGE,1,CAPSULE_ORANGE,44,0,0,0,0,0,1,0,0,0,0,0,0,68180-0589-01
59762-5018-01_RXNAVIMAGE10_3B269DD4_1.jpg,TRAPEZOID,PINK,14,TRAPEZOID_PINK,194,0,0,0,0,0,0,1,0,0,0,0,0,59762-5018-01
59762-5018-01_RXNAVIMAGE10_3B269DD4_2.jpg,TRAPEZOID,PINK,14,TRAPEZOID_PINK,194,0,0,0,0,0,0,1,0,0,0,0,0,59762-5018-01
00093-7426-56_RXNAVIMAGE10_DC27EE6F_1.jpg,ROUND,BROWN,10,ROUND_BROWN,162,0,0,1,0,0,0,0,0,0,0,0,0,00093-7426-56
00093-7426-56_RXNAVIMAGE10_DC27EE6F_2.jpg,ROUND,BROWN,10,ROUND_BROWN,162,0,0,1,0,0,0,0,0,0,0,0,0,00093-7426-56
00555-9050-58_RXNAVIMAGE10_A336D1D6_1.jpg,ROUND,BLUE,10,ROUND_BLUE,160,0,1,0,0,0,0,0,0,0,0,0,0,00555-9050-58
00555-9050-58_RXNAVIMAGE10_A336D1D6_2.jpg,ROUND,BLUE,10,ROUND_BLUE,160,0,1,0,0,0,0,0,0,0,0,0,0,00555-9050-58
16252-0613-01_RXNAVIMAGE10_9708CBE6_1.jpg,OVAL,WHITE,7,OVAL_WHITE,139,0,0,0,0,0,0,0,0,0,0,1,0,16252-0613-01
16252-0613-01_RXNAVIMAGE10_9708CBE6_2.jpg,OVAL,WHITE,7,OVAL_WHITE,139,0,0,0,0,0,0,0,0,0,0,1,0,16252-0613-01
68382-0117-14_RXNAVIMAGE10_9B3ECDE6_1.jpg,ROUND,GREEN,10,ROUND_GREEN,164,0,0,0,0,1,0,0,0,0,0,0,0,68382-0117-14
68382-0117-14_RXNAVIMAGE10_9B3ECDE6_2.jpg,ROUND,GREEN,10,ROUND_GREEN,164,0,0,0,0,1,0,0,0,0,0,0,0,68382-0117-14
68462-0157-13_RXNAVIMAGE10_931B498A_1.jpg,ROUND,WHITE,10,ROUND_WHITE,174,0,0,0,0,0,0,0,0,0,0,1,0,68462-0157-13
68462-0157-13_RXNAVIMAGE10_931B498A_2.jpg,ROUND,WHITE,10,ROUND_WHITE,174,0,0,0,0,0,0,0,0,0,0,1,0,68462-0157-13
52544-0384-28_RXNAVIMAGE10_55502AE1_1.jpg,ROUND,PINK,10,ROUND_PINK,168,0,0,0,0,0,0,1,0,0,0,0,0,52544-0384-28
52544-0384-28_RXNAVIMAGE10_55502AE1_2.jpg,ROUND,PINK,10,ROUND_PINK,168,0,0,0,0,0,0,1,0,0,0,0,0,52544-0384-28
68462-0720-84_RXNAVIMAGE10_F44FFA2F_1.jpg,ROUND,BROWN,10,ROUND_BROWN,162,0,0,1,0,0,0,0,0,0,0,0,0,68462-0720-84
68462-0720-84_RXNAVIMAGE10_F44FFA2F_2.jpg,ROUND,BROWN,10,ROUND_BROWN,162,0,0,1,0,0,0,0,0,0,0,0,0,68462-0720-84
16714-0298-01_RXNAVIMAGE10_9951CCDE_1.jpg,CAPSULE,"BLUE, PINK",1,"CAPSULE_BLUE, PINK",13,0,1,0,0,0,0,1,0,0,0,0,0,16714-0298-01
16714-0298-01_RXNAVIMAGE10_9951CCDE_2.jpg,CAPSULE,"BLUE, PINK",1,"CAPSULE_BLUE, PINK",13,0,1,0,0,0,0,1,0,0,0,0,0,16714-0298-01
00078-0457-05_RXNAVIMAGE10_DA126D53_1.jpg,OVAL,PINK,7,OVAL_PINK,133,0,0,0,0,0,0,1,0,0,0,0,0,00078-0457-05
00078-0457-05_RXNAVIMAGE10_DA126D53_2.jpg,OVAL,PINK,7,OVAL_PINK,133,0,0,0,0,0,0,1,0,0,0,0,0,00078-0457-05
00093-5206-01_RXNAVIMAGE10_682BB40D_1.jpg,ROUND,PURPLE,10,ROUND_PURPLE,171,0,0,0,0,0,0,0,1,0,0,0,0,00093-5206-01
00093-5206-01_RXNAVIMAGE10_682BB40D_2.jpg,ROUND,PURPLE,10,ROUND_PURPLE,171,0,0,0,0,0,0,0,1,0,0,0,0,00093-5206-01
51672-4052-04_RXNAVIMAGE10_35329A94_1.jpg,OVAL,GREEN,7,OVAL_GREEN,129,0,0,0,0,1,0,0,0,0,0,0,0,51672-4052-04
51672-4052-04_RXNAVIMAGE10_35329A94_2.jpg,OVAL,GREEN,7,OVAL_GREEN,129,0,0,0,0,1,0,0,0,0,0,0,0,51672-4052-04
16252-0591-99_RXNAVIMAGE10_F31D79FB_1.jpg,ROUND,WHITE,10,ROUND_WHITE,174,0,0,0,0,0,0,0,0,0,0,1,0,16252-0591-99
16252-0591-99_RXNAVIMAGE10_F31D79FB_2.jpg,ROUND,WHITE,10,ROUND_WHITE,174,0,0,0,0,0,0,0,0,0,0,1,0,16252-0591-99
00603-4486-28_RXNAVIMAGE10_EE08F707_1.jpg,OVAL,WHITE,7,OVAL_WHITE,139,0,0,0,0,0,0,0,0,0,0,1,0,00603-4486-28
00603-4486-28_RXNAVIMAGE10_EE08F707_2.jpg,OVAL,WHITE,7,OVAL_WHITE,139,0,0,0,0,0,0,0,0,0,0,1,0,00603-4486-28
63304-0191-30_RXNAVIMAGE10_AA405562_1.jpg,DIAMOND,PINK,2,DIAMOND_PINK,109,0,0,0,0,0,0,1,0,0,0,0,0,63304-0191-30
63304-0191-30_RXNAVIMAGE10_AA405562_2.jpg,DIAMOND,PINK,2,DIAMOND_PINK,109,0,0,0,0,0,0,1,0,0,0,0,0,63304-0191-30
23155-0070-01_RXNAVIMAGE10_6940B4B5_1.jpg,ROUND,WHITE,10,ROUND_WHITE,174,0,0,0,0,0,0,0,0,0,0,1,0,23155-0070-01
23155-0070-01_RXNAVIMAGE10_6940B4B5_2.jpg,ROUND,WHITE,10,ROUND_WHITE,174,0,0,0,0,0,0,0,0,0,0,1,0,23155-0070-01
00603-3180-21_RXNAVIMAGE10_A34951EA_1.jpg,ROUND,WHITE,10,ROUND_WHITE,174,0,0,0,0,0,0,0,0,0,0,1,0,00603-3180-21
00603-3180-21_RXNAVIMAGE10_A34951EA_2.jpg,ROUND,WHITE,10,ROUND_WHITE,174,0,0,0,0,0,0,0,0,0,0,1,0,00603-3180-21
00024-4200-10_RXNAVIMAGE10_27201390_1.jpg,ROUND,"YELLOW, WHITE",10,"ROUND_YELLOW, WHITE",179,0,0,0,0,0,0,0,0,0,0,1,1,00024-4200-10
00024-4200-10_RXNAVIMAGE10_27201390_2.jpg,ROUND,"YELLOW, WHITE",10,"ROUND_YELLOW, WHITE",179,0,0,0,0,0,0,0,0,0,0,1,1,00024-4200-10
00603-7609-01_RXNAVIMAGE10_5940ACD5_1.jpg,ROUND,BROWN,10,ROUND_BROWN,162,0,0,1,0,0,0,0,0,0,0,0,0,00603-7609-01
00603-7609-01_RXNAVIMAGE10_5940ACD5_2.jpg,ROUND,BROWN,10,ROUND_BROWN,162,0,0,1,0,0,0,0,0,0,0,0,0,00603-7609-01
47781-0341-01_RXNAVIMAGE10_0D4F06C8_1.jpg,ROUND,WHITE,10,ROUND_WHITE,174,0,0,0,0,0,0,0,0,0,0,1,0,47781-0341-01
47781-0341-01_RXNAVIMAGE10_0D4F06C8_2.jpg,ROUND,WHITE,10,ROUND_WHITE,174,0,0,0,0,0,0,0,0,0,0,1,0,47781-0341-01
41616-0636-83_RXNAVIMAGE10_1A240D60_1.jpg,ROUND,WHITE,10,ROUND_WHITE,174,0,0,0,0,0,0,0,0,0,0,1,0,41616-0636-83
41616-0636-83_RXNAVIMAGE10_1A240D60_2.jpg,ROUND,WHITE,10,ROUND_WHITE,174,0,0,0,0,0,0,0,0,0,0,1,0,41616-0636-83
42543-0704-90_RXNAVIMAGE10_86504372_1.jpg,ROUND,WHITE,10,ROUND_WHITE,174,0,0,0,0,0,0,0,0,0,0,1,0,42543-0704-90
42543-0704-90_RXNAVIMAGE10_86504372_2.jpg,ROUND,WHITE,10,ROUND_WHITE,174,0,0,0,0,0,0,0,0,0,0,1,0,42543-0704-90
51991-0292-01_RXNAVIMAGE10_AC23D61E_1.jpg,OVAL,BROWN,7,OVAL_BROWN,125,0,0,1,0,0,0,0,0,0,0,0,0,51991-0292-01
51991-0292-01_RXNAVIMAGE10_AC23D61E_2.jpg,OVAL,BROWN,7,OVAL_BROWN,125,0,0,1,0,0,0,0,0,0,0,0,0,51991-0292-01
00002-4770-90_RXNAVIMAGE10_9516CAA6_1.jpg,ROUND,WHITE,10,ROUND_WHITE,174,0,0,0,0,0,0,0,0,0,0,1,0,00002-4770-90
00002-4770-90_RXNAVIMAGE10_9516CAA6_2.jpg,ROUND,WHITE,10,ROUND_WHITE,174,0,0,0,0,0,0,0,0,0,0,1,0,00002-4770-90
10542-0012-10_RXNAVIMAGE10_A70553AA_1.jpg,ROUND,YELLOW,10,ROUND_YELLOW,178,0,0,0,0,0,0,0,0,0,0,0,1,10542-0012-10
10542-0012-10_RXNAVIMAGE10_A70553AA_2.jpg,ROUND,YELLOW,10,ROUND_YELLOW,178,0,0,0,0,0,0,0,0,0,0,0,1,10542-0012-10
00143-3367-01_RXNAVIMAGE10_821C4162_1.jpg,CAPSULE,"BLUE, WHITE",1,"CAPSULE_BLUE, WHITE",16,0,1,0,0,0,0,0,0,0,0,1,0,00143-3367-01
00143-3367-01_RXNAVIMAGE10_821C4162_2.jpg,CAPSULE,"BLUE, WHITE",1,"CAPSULE_BLUE, WHITE",16,0,1,0,0,0,0,0,0,0,0,1,0,00143-3367-01
00310-0131-11_RXNAVIMAGE10_9F1DCFAE_1.jpg,ROUND,PINK,10,ROUND_PINK,168,0,0,0,0,0,0,1,0,0,0,0,0,00310-0131-11
00310-0131-11_RXNAVIMAGE10_9F1DCFAE_2.jpg,ROUND,PINK,10,ROUND_PINK,168,0,0,0,0,0,0,1,0,0,0,0,0,00310-0131-11
00093-8120-01_RXNAVIMAGE10_8C364652_1.jpg,ROUND,WHITE,10,ROUND_WHITE,174,0,0,0,0,0,0,0,0,0,0,1,0,00093-8120-01
00093-8120-01_RXNAVIMAGE10_8C364652_2.jpg,ROUND,WHITE,10,ROUND_WHITE,174,0,0,0,0,0,0,0,0,0,0,1,0,00093-8120-01
00007-3163-18_RXNAVIMAGE10_DD12EE87_1.jpg,OVAL,YELLOW,7,OVAL_YELLOW,145,0,0,0,0,0,0,0,0,0,0,0,1,00007-3163-18
00007-3163-18_RXNAVIMAGE10_DD12EE87_2.jpg,OVAL,YELLOW,7,OVAL_YELLOW,145,0,0,0,0,0,0,0,0,0,0,0,1,00007-3163-18
00078-0489-15_RXNAVIMAGE10_1F3B0F98_1.jpg,OVAL,YELLOW,7,OVAL_YELLOW,145,0,0,0,0,0,0,0,0,0,0,0,1,00078-0489-15
00078-0489-15_RXNAVIMAGE10_1F3B0F98_2.jpg,OVAL,YELLOW,7,OVAL_YELLOW,145,0,0,0,0,0,0,0,0,0,0,0,1,00078-0489-15
47335-0738-86_RXNAVIMAGE10_6648B315_1.jpg,ROUND,WHITE,10,ROUND_WHITE,174,0,0,0,0,0,0,0,0,0,0,1,0,47335-0738-86
47335-0738-86_RXNAVIMAGE10_6648B315_2.jpg,ROUND,WHITE,10,ROUND_WHITE,174,0,0,0,0,0,0,0,0,0,0,1,0,47335-0738-86
67253-0462-50_RXNAVIMAGE10_BA03DD2E_1.jpg,OVAL,YELLOW,7,OVAL_YELLOW,145,0,0,0,0,0,0,0,0,0,0,0,1,67253-0462-50
67253-0462-50_RXNAVIMAGE10_BA03DD2E_2.jpg,OVAL,YELLOW,7,OVAL_YELLOW,145,0,0,0,0,0,0,0,0,0,0,0,1,67253-0462-50
51285-0442-02_RXNAVIMAGE10_FE35FF1F_1.jpg,ROUND,RED,10,ROUND_RED,172,0,0,0,0,0,0,0,0,1,0,0,0,51285-0442-02
51285-0442-02_RXNAVIMAGE10_FE35FF1F_2.jpg,ROUND,RED,10,ROUND_RED,172,0,0,0,0,0,0,0,0,1,0,0,0,51285-0442-02
00039-0067-10_RXNAVIMAGE10_44162271_1.jpg,OVAL,WHITE,7,OVAL_WHITE,139,0,0,0,0,0,0,0,0,0,0,1,0,00039-0067-10
00039-0067-10_RXNAVIMAGE10_44162271_2.jpg,OVAL,WHITE,7,OVAL_WHITE,139,0,0,0,0,0,0,0,0,0,0,1,0,00039-0067-10
00054-0007-25_RXNAVIMAGE10_6F3FB7BD_1.jpg,OVAL,YELLOW,7,OVAL_YELLOW,145,0,0,0,0,0,0,0,0,0,0,0,1,00054-0007-25
00054-0007-25_RXNAVIMAGE10_6F3FB7BD_2.jpg,OVAL,YELLOW,7,OVAL_YELLOW,145,0,0,0,0,0,0,0,0,0,0,0,1,00054-0007-25
13668-0221-30_RXNAVIMAGE10_E54D72AB_1.jpg,ROUND,WHITE,10,ROUND_WHITE,174,0,0,0,0,0,0,0,0,0,0,1,0,13668-0221-30
13668-0221-30_RXNAVIMAGE10_E54D72AB_2.jpg,ROUND,WHITE,10,ROUND_WHITE,174,0,0,0,0,0,0,0,0,0,0,1,0,13668-0221-30
64376-0604-61_RXNAVIMAGE10_F608FB57_1.jpg,OVAL,WHITE,7,OVAL_WHITE,139,0,0,0,0,0,0,0,0,0,0,1,0,64376-0604-61
64376-0604-61_RXNAVIMAGE10_F608FB57_2.jpg,OVAL,WHITE,7,OVAL_WHITE,139,0,0,0,0,0,0,0,0,0,0,1,0,64376-0604-61
64125-0127-10_RXNAVIMAGE10_A23B510A_1.jpg,ROUND,YELLOW,10,ROUND_YELLOW,178,0,0,0,0,0,0,0,0,0,0,0,1,64125-0127-10
64125-0127-10_RXNAVIMAGE10_A23B510A_2.jpg,ROUND,YELLOW,10,ROUND_YELLOW,178,0,0,0,0,0,0,0,0,0,0,0,1,64125-0127-10
64764-0175-30_RXNAVIMAGE10_4939A49D_1.jpg,CAPSULE,BLUE,1,CAPSULE_BLUE,7,0,1,0,0,0,0,0,0,0,0,0,0,64764-0175-30
64764-0175-30_RXNAVIMAGE10_4939A49D_2.jpg,CAPSULE,BLUE,1,CAPSULE_BLUE,7,0,1,0,0,0,0,0,0,0,0,0,0,64764-0175-30
68180-0516-02_RXNAVIMAGE10_10088804_1.jpg,ROUND,RED,10,ROUND_RED,172,0,0,0,0,0,0,0,0,1,0,0,0,68180-0516-02
68180-0516-02_RXNAVIMAGE10_10088804_2.jpg,ROUND,RED,10,ROUND_RED,172,0,0,0,0,0,0,0,0,1,0,0,0,68180-0516-02
50419-0701-05_RXNAVIMAGE10_091904A8_1.jpg,ROUND,PINK,10,ROUND_PINK,168,0,0,0,0,0,0,1,0,0,0,0,0,50419-0701-05
50419-0701-05_RXNAVIMAGE10_091904A8_2.jpg,ROUND,PINK,10,ROUND_PINK,168,0,0,0,0,0,0,1,0,0,0,0,0,50419-0701-05
60505-2676-03_RXNAVIMAGE10_1C490E68_1.jpg,ROUND,WHITE,10,ROUND_WHITE,174,0,0,0,0,0,0,0,0,0,0,1,0,60505-2676-03
60505-2676-03_RXNAVIMAGE10_1C490E68_2.jpg,ROUND,WHITE,10,ROUND_WHITE,174,0,0,0,0,0,0,0,0,0,0,1,0,60505-2676-03
57237-0077-10_RXNAVIMAGE10_44412269_1.jpg,ROUND,WHITE,10,ROUND_WHITE,174,0,0,0,0,0,0,0,0,0,0,1,0,57237-0077-10
57237-0077-10_RXNAVIMAGE10_44412269_2.jpg,ROUND,WHITE,10,ROUND_WHITE,174,0,0,0,0,0,0,0,0,0,0,1,0,57237-0077-10
00591-0404-01_RXNAVIMAGE10_0D1286A4_1.jpg,ROUND,ORANGE,10,ROUND_ORANGE,166,0,0,0,0,0,1,0,0,0,0,0,0,00591-0404-01
00591-0404-01_RXNAVIMAGE10_0D1286A4_2.jpg,ROUND,ORANGE,10,ROUND_ORANGE,166,0,0,0,0,0,1,0,0,0,0,0,0,00591-0404-01
00185-0102-01_RXNAVIMAGE10_024A0100_1.jpg,OVAL,ORANGE,7,OVAL_ORANGE,130,0,0,0,0,0,1,0,0,0,0,0,0,00185-0102-01
00185-0102-01_RXNAVIMAGE10_024A0100_2.jpg,OVAL,ORANGE,7,OVAL_ORANGE,130,0,0,0,0,0,1,0,0,0,0,0,0,00185-0102-01
68382-0058-01_RXNAVIMAGE10_251292D4_1.jpg,OVAL,YELLOW,7,OVAL_YELLOW,145,0,0,0,0,0,0,0,0,0,0,0,1,68382-0058-01
68382-0058-01_RXNAVIMAGE10_251292D4_2.jpg,OVAL,YELLOW,7,OVAL_YELLOW,145,0,0,0,0,0,0,0,0,0,0,0,1,68382-0058-01
64679-0922-01_RXNAVIMAGE10_651332C9_1.jpg,OVAL,WHITE,7,OVAL_WHITE,139,0,0,0,0,0,0,0,0,0,0,1,0,64679-0922-01
64679-0922-01_RXNAVIMAGE10_651332C9_2.jpg,OVAL,WHITE,7,OVAL_WHITE,139,0,0,0,0,0,0,0,0,0,0,1,0,64679-0922-01
00172-4626-60_RXNAVIMAGE10_6B2DB59D_1.jpg,ROUND,WHITE,10,ROUND_WHITE,174,0,0,0,0,0,0,0,0,0,0,1,0,00172-4626-60
00172-4626-60_RXNAVIMAGE10_6B2DB59D_2.jpg,ROUND,WHITE,10,ROUND_WHITE,174,0,0,0,0,0,0,0,0,0,0,1,0,00172-4626-60
25010-0215-15_RXNAVIMAGE10_A93AD486_1.jpg,OVAL,WHITE,7,OVAL_WHITE,139,0,0,0,0,0,0,0,0,0,0,1,0,25010-0215-15
25010-0215-15_RXNAVIMAGE10_A93AD486_2.jpg,OVAL,WHITE,7,OVAL_WHITE,139,0,0,0,0,0,0,0,0,0,0,1,0,25010-0215-15
60505-3280-06_RXNAVIMAGE10_DE49EF0F_1.jpg,OVAL,WHITE,7,OVAL_WHITE,139,0,0,0,0,0,0,0,0,0,0,1,0,60505-3280-06
60505-3280-06_RXNAVIMAGE10_DE49EF0F_2.jpg,OVAL,WHITE,7,OVAL_WHITE,139,0,0,0,0,0,0,0,0,0,0,1,0,60505-3280-06
68382-0115-05_RXNAVIMAGE10_9D3D4EAA_1.jpg,ROUND,ORANGE,10,ROUND_ORANGE,166,0,0,0,0,0,1,0,0,0,0,0,0,68382-0115-05
68382-0115-05_RXNAVIMAGE10_9D3D4EAA_2.jpg,ROUND,ORANGE,10,ROUND_ORANGE,166,0,0,0,0,0,1,0,0,0,0,0,0,68382-0115-05
00781-1183-01_RXNAVIMAGE10_B308D996_1.jpg,ROUND,WHITE,10,ROUND_WHITE,174,0,0,0,0,0,0,0,0,0,0,1,0,00781-1183-01
00781-1183-01_RXNAVIMAGE10_B308D996_2.jpg,ROUND,WHITE,10,ROUND_WHITE,174,0,0,0,0,0,0,0,0,0,0,1,0,00781-1183-01
00071-0157-23_RXNAVIMAGE10_4E1B2769_1.jpg,OVAL,WHITE,7,OVAL_WHITE,139,0,0,0,0,0,0,0,0,0,0,1,0,00071-0157-23
00071-0157-23_RXNAVIMAGE10_4E1B2769_2.jpg,OVAL,WHITE,7,OVAL_WHITE,139,0,0,0,0,0,0,0,0,0,0,1,0,00071-0157-23
49702-0221-18_RXNAVIMAGE10_5F192FC9_1.jpg,OVAL,YELLOW,7,OVAL_YELLOW,145,0,0,0,0,0,0,0,0,0,0,0,1,49702-0221-18
49702-0221-18_RXNAVIMAGE10_5F192FC9_2.jpg,OVAL,YELLOW,7,OVAL_YELLOW,145,0,0,0,0,0,0,0,0,0,0,0,1,49702-0221-18
00904-5657-61_RXNAVIMAGE10_233391EC_1.jpg,ROUND,ORANGE,10,ROUND_ORANGE,166,0,0,0,0,0,1,0,0,0,0,0,0,00904-5657-61
00904-5657-61_RXNAVIMAGE10_233391EC_2.jpg,ROUND,ORANGE,10,ROUND_ORANGE,166,0,0,0,0,0,1,0,0,0,0,0,0,00904-5657-61
66869-0104-90_RXNAVIMAGE10_323C1910_1.jpg,ROUND,WHITE,10,ROUND_WHITE,174,0,0,0,0,0,0,0,0,0,0,1,0,66869-0104-90
66869-0104-90_RXNAVIMAGE10_323C1910_2.jpg,ROUND,WHITE,10,ROUND_WHITE,174,0,0,0,0,0,0,0,0,0,0,1,0,66869-0104-90
00310-0142-11_RXNAVIMAGE10_0E47871C_1.jpg,ROUND,WHITE,10,ROUND_WHITE,174,0,0,0,0,0,0,0,0,0,0,1,0,00310-0142-11
00310-0142-11_RXNAVIMAGE10_0E47871C_2.jpg,ROUND,WHITE,10,ROUND_WHITE,174,0,0,0,0,0,0,0,0,0,0,1,0,00310-0142-11
00093-7116-98_RXNAVIMAGE10_6F2BB79D_1.jpg,ROUND,BLUE,10,ROUND_BLUE,160,0,1,0,0,0,0,0,0,0,0,0,0,00093-7116-98
00093-7116-98_RXNAVIMAGE10_6F2BB79D_2.jpg,ROUND,BLUE,10,ROUND_BLUE,160,0,1,0,0,0,0,0,0,0,0,0,0,00093-7116-98
00591-2825-01_RXNAVIMAGE10_743FBA2D_1.jpg,CAPSULE,"WHITE, YELLOW",1,"CAPSULE_WHITE, YELLOW",93,0,0,0,0,0,0,0,0,0,0,1,1,00591-2825-01
00591-2825-01_RXNAVIMAGE10_743FBA2D_2.jpg,CAPSULE,"WHITE, YELLOW",1,"CAPSULE_WHITE, YELLOW",93,0,0,0,0,0,0,0,0,0,0,1,1,00591-2825-01
00378-1010-01_RXNAVIMAGE10_072103C8_1.jpg,CAPSULE,GREEN,1,CAPSULE_GREEN,32,0,0,0,0,1,0,0,0,0,0,0,0,00378-1010-01
00378-1010-01_RXNAVIMAGE10_072103C8_2.jpg,CAPSULE,GREEN,1,CAPSULE_GREEN,32,0,0,0,0,1,0,0,0,0,0,0,0,00378-1010-01
00093-7294-01_RXNAVIMAGE10_812F40CA_1.jpg,ROUND,WHITE,10,ROUND_WHITE,174,0,0,0,0,0,0,0,0,0,0,1,0,00093-7294-01
00093-7294-01_RXNAVIMAGE10_812F40CA_2.jpg,ROUND,WHITE,10,ROUND_WHITE,174,0,0,0,0,0,0,0,0,0,0,1,0,00093-7294-01
00536-1004-10_RXNAVIMAGE10_1A400D30_1.jpg,ROUND,YELLOW,10,ROUND_YELLOW,178,0,0,0,0,0,0,0,0,0,0,0,1,00536-1004-10
00536-1004-10_RXNAVIMAGE10_1A400D30_2.jpg,ROUND,YELLOW,10,ROUND_YELLOW,178,0,0,0,0,0,0,0,0,0,0,0,1,00536-1004-10
00469-0607-73_RXNAVIMAGE10_3D3E9EA4_1.jpg,CAPSULE,YELLOW,1,CAPSULE_YELLOW,94,0,0,0,0,0,0,0,0,0,0,0,1,00469-0607-73
00469-0607-73_RXNAVIMAGE10_3D3E9EA4_2.jpg,CAPSULE,YELLOW,1,CAPSULE_YELLOW,94,0,0,0,0,0,0,0,0,0,0,0,1,00469-0607-73
51285-0595-02_RXNAVIMAGE10_EE2FF76F_1.jpg,OVAL,ORANGE,7,OVAL_ORANGE,130,0,0,0,0,0,1,0,0,0,0,0,0,51285-0595-02
51285-0595-02_RXNAVIMAGE10_EE2FF76F_2.jpg,OVAL,ORANGE,7,OVAL_ORANGE,130,0,0,0,0,0,1,0,0,0,0,0,0,51285-0595-02
55111-0258-60_RXNAVIMAGE10_813CC0B6_1.jpg,CAPSULE,PINK,1,CAPSULE_PINK,52,0,0,0,0,0,0,1,0,0,0,0,0,55111-0258-60
55111-0258-60_RXNAVIMAGE10_813CC0B6_2.jpg,CAPSULE,PINK,1,CAPSULE_PINK,52,0,0,0,0,0,0,1,0,0,0,0,0,55111-0258-60
65862-0134-99_RXNAVIMAGE10_BD4F5EBA_1.jpg,ROUND,PINK,10,ROUND_PINK,168,0,0,0,0,0,0,1,0,0,0,0,0,65862-0134-99
65862-0134-99_RXNAVIMAGE10_BD4F5EBA_2.jpg,ROUND,PINK,10,ROUND_PINK,168,0,0,0,0,0,0,1,0,0,0,0,0,65862-0134-99
50458-0551-01_RXNAVIMAGE10_0F1607A0_1.jpg,OVAL,BROWN,7,OVAL_BROWN,125,0,0,1,0,0,0,0,0,0,0,0,0,50458-0551-01
50458-0551-01_RXNAVIMAGE10_0F1607A0_2.jpg,OVAL,BROWN,7,OVAL_BROWN,125,0,0,1,0,0,0,0,0,0,0,0,0,50458-0551-01
64380-0734-06_RXNAVIMAGE10_7E443F71_1.jpg,ROUND,ORANGE,10,ROUND_ORANGE,166,0,0,0,0,0,1,0,0,0,0,0,0,64380-0734-06
64380-0734-06_RXNAVIMAGE10_7E443F71_2.jpg,ROUND,ORANGE,10,ROUND_ORANGE,166,0,0,0,0,0,1,0,0,0,0,0,0,64380-0734-06
00378-2073-01_RXNAVIMAGE10_C523E2AF_1.jpg,ROUND,ORANGE,10,ROUND_ORANGE,166,0,0,0,0,0,1,0,0,0,0,0,0,00378-2073-01
00378-2073-01_RXNAVIMAGE10_C523E2AF_2.jpg,ROUND,ORANGE,10,ROUND_ORANGE,166,0,0,0,0,0,1,0,0,0,0,0,0,00378-2073-01
00555-9018-58_RXNAVIMAGE10_2F369784_1.jpg,ROUND,BLUE,10,ROUND_BLUE,160,0,1,0,0,0,0,0,0,0,0,0,0,00555-9018-58
00555-9018-58_RXNAVIMAGE10_2F369784_2.jpg,ROUND,BLUE,10,ROUND_BLUE,160,0,1,0,0,0,0,0,0,0,0,0,0,00555-9018-58
00781-2054-01_RXNAVIMAGE10_A30ED1E6_1.jpg,CAPSULE,TURQUOISE,1,CAPSULE_TURQUOISE,76,0,0,0,0,0,0,0,0,0,1,0,0,00781-2054-01
00781-2054-01_RXNAVIMAGE10_A30ED1E6_2.jpg,CAPSULE,TURQUOISE,1,CAPSULE_TURQUOISE,76,0,0,0,0,0,0,0,0,0,1,0,0,00781-2054-01
00093-1044-01_RXNAVIMAGE10_B229D97E_1.jpg,OVAL,WHITE,7,OVAL_WHITE,139,0,0,0,0,0,0,0,0,0,0,1,0,00093-1044-01
00093-1044-01_RXNAVIMAGE10_B229D97E_2.jpg,OVAL,WHITE,7,OVAL_WHITE,139,0,0,0,0,0,0,0,0,0,0,1,0,00093-1044-01
00185-0140-01_RXNAVIMAGE10_5A33AD4D_1.jpg,OVAL,WHITE,7,OVAL_WHITE,139,0,0,0,0,0,0,0,0,0,0,1,0,00185-0140-01
00185-0140-01_RXNAVIMAGE10_5A33AD4D_2.jpg,OVAL,WHITE,7,OVAL_WHITE,139,0,0,0,0,0,0,0,0,0,0,1,0,00185-0140-01
00054-4179-25_RXNAVIMAGE10_7715BBBD_1.jpg,ROUND,YELLOW,10,ROUND_YELLOW,178,0,0,0,0,0,0,0,0,0,0,0,1,00054-4179-25
00054-4179-25_RXNAVIMAGE10_7715BBBD_2.jpg,ROUND,YELLOW,10,ROUND_YELLOW,178,0,0,0,0,0,0,0,0,0,0,0,1,00054-4179-25
00781-1048-01_RXNAVIMAGE10_EA087573_1.jpg,ROUND,WHITE,10,ROUND_WHITE,174,0,0,0,0,0,0,0,0,0,0,1,0,00781-1048-01
00781-1048-01_RXNAVIMAGE10_EA087573_2.jpg,ROUND,WHITE,10,ROUND_WHITE,174,0,0,0,0,0,0,0,0,0,0,1,0,00781-1048-01
00093-7365-56_RXNAVIMAGE10_AA305552_1.jpg,OVAL,GREEN,7,OVAL_GREEN,129,0,0,0,0,1,0,0,0,0,0,0,0,00093-7365-56
00093-7365-56_RXNAVIMAGE10_AA305552_2.jpg,OVAL,GREEN,7,OVAL_GREEN,129,0,0,0,0,1,0,0,0,0,0,0,0,00093-7365-56
64980-0104-01_RXNAVIMAGE10_CC046643_1.jpg,OVAL,WHITE,7,OVAL_WHITE,139,0,0,0,0,0,0,0,0,0,0,1,0,64980-0104-01
64980-0104-01_RXNAVIMAGE10_CC046643_2.jpg,OVAL,WHITE,7,OVAL_WHITE,139,0,0,0,0,0,0,0,0,0,0,1,0,64980-0104-01
00093-0784-06_RXNAVIMAGE10_610EB085_1.jpg,ROUND,WHITE,10,ROUND_WHITE,174,0,0,0,0,0,0,0,0,0,0,1,0,00093-0784-06
00093-0784-06_RXNAVIMAGE10_610EB085_2.jpg,ROUND,WHITE,10,ROUND_WHITE,174,0,0,0,0,0,0,0,0,0,0,1,0,00093-0784-06
00093-0039-01_RXNAVIMAGE10_4F29A7CD_1.jpg,DIAMOND,WHITE,2,DIAMOND_WHITE,110,0,0,0,0,0,0,0,0,0,0,1,0,00093-0039-01
00093-0039-01_RXNAVIMAGE10_4F29A7CD_2.jpg,DIAMOND,WHITE,2,DIAMOND_WHITE,110,0,0,0,0,0,0,0,0,0,0,1,0,00093-0039-01
00093-2204-01_RXNAVIMAGE10_8A204572_1.jpg,ROUND,WHITE,10,ROUND_WHITE,174,0,0,0,0,0,0,0,0,0,0,1,0,00093-2204-01
00093-2204-01_RXNAVIMAGE10_8A204572_2.jpg,ROUND,WHITE,10,ROUND_WHITE,174,0,0,0,0,0,0,0,0,0,0,1,0,00093-2204-01
00093-5401-89_RXNAVIMAGE10_8A3BC57E_1.jpg,OVAL,YELLOW,7,OVAL_YELLOW,145,0,0,0,0,0,0,0,0,0,0,0,1,00093-5401-89
00093-5401-89_RXNAVIMAGE10_8A3BC57E_2.jpg,OVAL,YELLOW,7,OVAL_YELLOW,145,0,0,0,0,0,0,0,0,0,0,0,1,00093-5401-89
00603-3739-21_RXNAVIMAGE10_9D344EE2_1.jpg,OVAL,WHITE,7,OVAL_WHITE,139,0,0,0,0,0,0,0,0,0,0,1,0,00603-3739-21
00603-3739-21_RXNAVIMAGE10_9D344EE2_2.jpg,OVAL,WHITE,7,OVAL_WHITE,139,0,0,0,0,0,0,0,0,0,0,1,0,00603-3739-21
63459-0700-60_RXNAVIMAGE10_572D2B99_1.jpg,CAPSULE,ORANGE,1,CAPSULE_ORANGE,44,0,0,0,0,0,1,0,0,0,0,0,0,63459-0700-60
63459-0700-60_RXNAVIMAGE10_572D2B99_2.jpg,CAPSULE,ORANGE,1,CAPSULE_ORANGE,44,0,0,0,0,0,1,0,0,0,0,0,0,63459-0700-60
00378-0441-01_RXNAVIMAGE10_033381FC_1.jpg,ROUND,WHITE,10,ROUND_WHITE,174,0,0,0,0,0,0,0,0,0,0,1,0,00378-0441-01
00378-0441-01_RXNAVIMAGE10_033381FC_2.jpg,ROUND,WHITE,10,ROUND_WHITE,174,0,0,0,0,0,0,0,0,0,0,1,0,00378-0441-01
00075-7700-60_RXNAVIMAGE10_E51C72E3_1.jpg,OVAL,WHITE,7,OVAL_WHITE,139,0,0,0,0,0,0,0,0,0,0,1,0,00075-7700-60
00075-7700-60_RXNAVIMAGE10_E51C72E3_2.jpg,OVAL,WHITE,7,OVAL_WHITE,139,0,0,0,0,0,0,0,0,0,0,1,0,00075-7700-60
51991-0354-78_RXNAVIMAGE10_A34B519A_1.jpg,OVAL,PINK,7,OVAL_PINK,133,0,0,0,0,0,0,1,0,0,0,0,0,51991-0354-78
51991-0354-78_RXNAVIMAGE10_A34B519A_2.jpg,OVAL,PINK,7,OVAL_PINK,133,0,0,0,0,0,0,1,0,0,0,0,0,51991-0354-78
68180-0515-01_RXNAVIMAGE10_4232A125_1.jpg,ROUND,PINK,10,ROUND_PINK,168,0,0,0,0,0,0,1,0,0,0,0,0,68180-0515-01
68180-0515-01_RXNAVIMAGE10_4232A125_2.jpg,ROUND,PINK,10,ROUND_PINK,168,0,0,0,0,0,0,1,0,0,0,0,0,68180-0515-01
00228-4241-06_RXNAVIMAGE10_8849440A_1.jpg,ROUND,PINK,10,ROUND_PINK,168,0,0,0,0,0,0,1,0,0,0,0,0,00228-4241-06
00228-4241-06_RXNAVIMAGE10_8849440A_2.jpg,ROUND,PINK,10,ROUND_PINK,168,0,0,0,0,0,0,1,0,0,0,0,0,00228-4241-06
00093-5423-28_RXNAVIMAGE10_D435EA1F_1.jpg,ROUND,WHITE,10,ROUND_WHITE,174,0,0,0,0,0,0,0,0,0,0,1,0,00093-5423-28
00093-5423-28_RXNAVIMAGE10_D435EA1F_2.jpg,ROUND,WHITE,10,ROUND_WHITE,174,0,0,0,0,0,0,0,0,0,0,1,0,00093-5423-28
60505-0097-01_RXNAVIMAGE10_7246B935_1.jpg,OVAL,WHITE,7,OVAL_WHITE,139,0,0,0,0,0,0,0,0,0,0,1,0,60505-0097-01
60505-0097-01_RXNAVIMAGE10_7246B935_2.jpg,OVAL,WHITE,7,OVAL_WHITE,139,0,0,0,0,0,0,0,0,0,0,1,0,60505-0097-01
00093-1061-01_RXNAVIMAGE10_9329C9EE_1.jpg,OVAL,BLUE,7,OVAL_BLUE,123,0,1,0,0,0,0,0,0,0,0,0,0,00093-1061-01
00093-1061-01_RXNAVIMAGE10_9329C9EE_2.jpg,OVAL,BLUE,7,OVAL_BLUE,123,0,1,0,0,0,0,0,0,0,0,0,0,00093-1061-01
00182-0557-89_RXNAVIMAGE10_A332D1B6_1.jpg,ROUND,ORANGE,10,ROUND_ORANGE,166,0,0,0,0,0,1,0,0,0,0,0,0,00182-0557-89
00182-0557-89_RXNAVIMAGE10_A332D1B6_2.jpg,ROUND,ORANGE,10,ROUND_ORANGE,166,0,0,0,0,0,1,0,0,0,0,0,0,00182-0557-89
52544-0630-28_RXNAVIMAGE10_3C459E1C_1.jpg,ROUND,WHITE,10,ROUND_WHITE,174,0,0,0,0,0,0,0,0,0,0,1,0,52544-0630-28
52544-0630-28_RXNAVIMAGE10_3C459E1C_2.jpg,ROUND,WHITE,10,ROUND_WHITE,174,0,0,0,0,0,0,0,0,0,0,1,0,52544-0630-28
00555-1055-86_RXNAVIMAGE10_E33071D3_1.jpg,CAPSULE,BROWN,1,CAPSULE_BROWN,18,0,0,1,0,0,0,0,0,0,0,0,0,00555-1055-86
00555-1055-86_RXNAVIMAGE10_E33071D3_2.jpg,CAPSULE,BROWN,1,CAPSULE_BROWN,18,0,0,1,0,0,0,0,0,0,0,0,0,00555-1055-86
00093-7670-01_RXNAVIMAGE10_8327C19E_1.jpg,CAPSULE,BLUE,1,CAPSULE_BLUE,7,0,1,0,0,0,0,0,0,0,0,0,0,00093-7670-01
00093-7670-01_RXNAVIMAGE10_8327C19E_2.jpg,CAPSULE,BLUE,1,CAPSULE_BLUE,7,0,1,0,0,0,0,0,0,0,0,0,0,00093-7670-01
50458-0141-30_RXNAVIMAGE10_A344D186_1.jpg,OVAL,WHITE,7,OVAL_WHITE,139,0,0,0,0,0,0,0,0,0,0,1,0,50458-0141-30
50458-0141-30_RXNAVIMAGE10_A344D186_2.jpg,OVAL,WHITE,7,OVAL_WHITE,139,0,0,0,0,0,0,0,0,0,0,1,0,50458-0141-30
00025-1381-31_RXNAVIMAGE10_811340AA_1.jpg,OVAL,WHITE,7,OVAL_WHITE,139,0,0,0,0,0,0,0,0,0,0,1,0,00025-1381-31
00025-1381-31_RXNAVIMAGE10_811340AA_2.jpg,OVAL,WHITE,7,OVAL_WHITE,139,0,0,0,0,0,0,0,0,0,0,1,0,00025-1381-31
31722-0819-30_RXNAVIMAGE10_CA4F657B_1.jpg,RECTANGLE,GREEN,9,RECTANGLE_GREEN,157,0,0,0,0,1,0,0,0,0,0,0,0,31722-0819-30
31722-0819-30_RXNAVIMAGE10_CA4F657B_2.jpg,RECTANGLE,GREEN,9,RECTANGLE_GREEN,157,0,0,0,0,1,0,0,0,0,0,0,0,31722-0819-30
00591-2169-19_RXNAVIMAGE10_C843647B_1.jpg,OVAL,ORANGE,7,OVAL_ORANGE,130,0,0,0,0,0,1,0,0,0,0,0,0,00591-2169-19
00591-2169-19_RXNAVIMAGE10_C843647B_2.jpg,OVAL,ORANGE,7,OVAL_ORANGE,130,0,0,0,0,0,1,0,0,0,0,0,0,00591-2169-19
00603-3442-28_RXNAVIMAGE10_4805A47D_1.jpg,OVAL,ORANGE,7,OVAL_ORANGE,130,0,0,0,0,0,1,0,0,0,0,0,0,00603-3442-28
00603-3442-28_RXNAVIMAGE10_4805A47D_2.jpg,OVAL,ORANGE,7,OVAL_ORANGE,130,0,0,0,0,0,1,0,0,0,0,0,0,00603-3442-28
31722-0206-01_RXNAVIMAGE10_F033F87F_1.jpg,ROUND,ORANGE,10,ROUND_ORANGE,166,0,0,0,0,0,1,0,0,0,0,0,0,31722-0206-01
31722-0206-01_RXNAVIMAGE10_F033F87F_2.jpg,ROUND,ORANGE,10,ROUND_ORANGE,166,0,0,0,0,0,1,0,0,0,0,0,0,31722-0206-01
00378-6320-01_RXNAVIMAGE10_7D473E89_1.jpg,CAPSULE,"TURQUOISE, WHITE",1,"CAPSULE_TURQUOISE, WHITE",80,0,0,0,0,0,0,0,0,0,1,1,0,00378-6320-01
00378-6320-01_RXNAVIMAGE10_7D473E89_2.jpg,CAPSULE,"TURQUOISE, WHITE",1,"CAPSULE_TURQUOISE, WHITE",80,0,0,0,0,0,0,0,0,0,1,1,0,00378-6320-01
49884-0922-02_RXNAVIMAGE10_5E08AF65_1.jpg,DIAMOND,YELLOW,2,DIAMOND_YELLOW,111,0,0,0,0,0,0,0,0,0,0,0,1,49884-0922-02
49884-0922-02_RXNAVIMAGE10_5E08AF65_2.jpg,DIAMOND,YELLOW,2,DIAMOND_YELLOW,111,0,0,0,0,0,0,0,0,0,0,0,1,49884-0922-02
00093-5554-01_RXNAVIMAGE10_CE42E767_1.jpg,CAPSULE,"WHITE, YELLOW",1,"CAPSULE_WHITE, YELLOW",93,0,0,0,0,0,0,0,0,0,0,1,1,00093-5554-01
00093-5554-01_RXNAVIMAGE10_CE42E767_2.jpg,CAPSULE,"WHITE, YELLOW",1,"CAPSULE_WHITE, YELLOW",93,0,0,0,0,0,0,0,0,0,0,1,1,00093-5554-01
59762-1415-03_RXNAVIMAGE10_4E3CA735_1.jpg,OVAL,WHITE,7,OVAL_WHITE,139,0,0,0,0,0,0,0,0,0,0,1,0,59762-1415-03
59762-1415-03_RXNAVIMAGE10_4E3CA735_2.jpg,OVAL,WHITE,7,OVAL_WHITE,139,0,0,0,0,0,0,0,0,0,0,1,0,59762-1415-03
59762-0540-01_RXNAVIMAGE10_814A4092_1.jpg,ROUND,BLUE,10,ROUND_BLUE,160,0,1,0,0,0,0,0,0,0,0,0,0,59762-0540-01
59762-0540-01_RXNAVIMAGE10_814A4092_2.jpg,ROUND,BLUE,10,ROUND_BLUE,160,0,1,0,0,0,0,0,0,0,0,0,0,59762-0540-01
65862-0620-90_RXNAVIMAGE10_9E4B4F5A_1.jpg,OVAL,BROWN,7,OVAL_BROWN,125,0,0,1,0,0,0,0,0,0,0,0,0,65862-0620-90
65862-0620-90_RXNAVIMAGE10_9E4B4F5A_2.jpg,OVAL,BROWN,7,OVAL_BROWN,125,0,0,1,0,0,0,0,0,0,0,0,0,65862-0620-90
00781-2145-01_RXNAVIMAGE10_834D41EA_1.jpg,CAPSULE,WHITE,1,CAPSULE_WHITE,81,0,0,0,0,0,0,0,0,0,0,1,0,00781-2145-01
00781-2145-01_RXNAVIMAGE10_834D41EA_2.jpg,CAPSULE,WHITE,1,CAPSULE_WHITE,81,0,0,0,0,0,0,0,0,0,0,1,0,00781-2145-01
00093-7272-05_RXNAVIMAGE10_A542D2F6_1.jpg,ROUND,WHITE,10,ROUND_WHITE,174,0,0,0,0,0,0,0,0,0,0,1,0,00093-7272-05
00093-7272-05_RXNAVIMAGE10_A542D2F6_2.jpg,ROUND,WHITE,10,ROUND_WHITE,174,0,0,0,0,0,0,0,0,0,0,1,0,00093-7272-05
00074-7148-19_RXNAVIMAGE10_971D4BAA_1.jpg,ROUND,PINK,10,ROUND_PINK,168,0,0,0,0,0,0,1,0,0,0,0,0,00074-7148-19
00074-7148-19_RXNAVIMAGE10_971D4BAA_2.jpg,ROUND,PINK,10,ROUND_PINK,168,0,0,0,0,0,0,1,0,0,0,0,0,00074-7148-19
00093-7677-86_RXNAVIMAGE10_5643AB5D_1.jpg,OVAL,WHITE,7,OVAL_WHITE,139,0,0,0,0,0,0,0,0,0,0,1,0,00093-7677-86
00093-7677-86_RXNAVIMAGE10_5643AB5D_2.jpg,OVAL,WHITE,7,OVAL_WHITE,139,0,0,0,0,0,0,0,0,0,0,1,0,00093-7677-86
63304-0097-11_RXNAVIMAGE10_A043503A_1.jpg,ROUND,WHITE,10,ROUND_WHITE,174,0,0,0,0,0,0,0,0,0,0,1,0,63304-0097-11
63304-0097-11_RXNAVIMAGE10_A043503A_2.jpg,ROUND,WHITE,10,ROUND_WHITE,174,0,0,0,0,0,0,0,0,0,0,1,0,63304-0097-11
67877-0147-01_RXNAVIMAGE10_D61DEB0F_1.jpg,CAPSULE,WHITE,1,CAPSULE_WHITE,81,0,0,0,0,0,0,0,0,0,0,1,0,67877-0147-01
67877-0147-01_RXNAVIMAGE10_D61DEB0F_2.jpg,CAPSULE,WHITE,1,CAPSULE_WHITE,81,0,0,0,0,0,0,0,0,0,0,1,0,67877-0147-01
50844-0185-08_RXNAVIMAGE10_6E35B74D_1.jpg,ROUND,PINK,10,ROUND_PINK,168,0,0,0,0,0,0,1,0,0,0,0,0,50844-0185-08
50844-0185-08_RXNAVIMAGE10_6E35B74D_2.jpg,ROUND,PINK,10,ROUND_PINK,168,0,0,0,0,0,0,1,0,0,0,0,0,50844-0185-08
00555-0033-02_RXNAVIMAGE10_AF1357EA_1.jpg,CAPSULE,"BLACK, GREEN",1,"CAPSULE_BLACK, GREEN",1,1,0,0,0,1,0,0,0,0,0,0,0,00555-0033-02
00555-0033-02_RXNAVIMAGE10_AF1357EA_2.jpg,CAPSULE,"BLACK, GREEN",1,"CAPSULE_BLACK, GREEN",1,1,0,0,0,1,0,0,0,0,0,0,0,00555-0033-02
00093-5207-01_RXNAVIMAGE10_782BBC1D_1.jpg,ROUND,PINK,10,ROUND_PINK,168,0,0,0,0,0,0,1,0,0,0,0,0,00093-5207-01
00093-5207-01_RXNAVIMAGE10_782BBC1D_2.jpg,ROUND,PINK,10,ROUND_PINK,168,0,0,0,0,0,0,1,0,0,0,0,0,00093-5207-01
00093-7243-06_RXNAVIMAGE10_7B293DD9_1.jpg,ROUND,GREEN,10,ROUND_GREEN,164,0,0,0,0,1,0,0,0,0,0,0,0,00093-7243-06
00093-7243-06_RXNAVIMAGE10_7B293DD9_2.jpg,ROUND,GREEN,10,ROUND_GREEN,164,0,0,0,0,1,0,0,0,0,0,0,0,00093-7243-06
00093-5292-01_RXNAVIMAGE10_42422131_1.jpg,CAPSULE,"WHITE, BLUE",1,"CAPSULE_WHITE, BLUE",83,0,1,0,0,0,0,0,0,0,0,1,0,00093-5292-01
00093-5292-01_RXNAVIMAGE10_42422131_2.jpg,CAPSULE,"WHITE, BLUE",1,"CAPSULE_WHITE, BLUE",83,0,1,0,0,0,0,0,0,0,0,1,0,00093-5292-01
00555-9026-58_RXNAVIMAGE10_202F901C_1.jpg,ROUND,BROWN,10,ROUND_BROWN,162,0,0,1,0,0,0,0,0,0,0,0,0,00555-9026-58
00555-9026-58_RXNAVIMAGE10_202F901C_2.jpg,ROUND,BROWN,10,ROUND_BROWN,162,0,0,1,0,0,0,0,0,0,0,0,0,00555-9026-58
68180-0115-07_RXNAVIMAGE10_3A081D50_1.jpg,OVAL,WHITE,7,OVAL_WHITE,139,0,0,0,0,0,0,0,0,0,0,1,0,68180-0115-07
68180-0115-07_RXNAVIMAGE10_3A081D50_2.jpg,OVAL,WHITE,7,OVAL_WHITE,139,0,0,0,0,0,0,0,0,0,0,1,0,68180-0115-07
00781-5939-92_RXNAVIMAGE10_6844B445_1.jpg,ROUND,PINK,10,ROUND_PINK,168,0,0,0,0,0,0,1,0,0,0,0,0,00781-5939-92
00781-5939-92_RXNAVIMAGE10_6844B445_2.jpg,ROUND,PINK,10,ROUND_PINK,168,0,0,0,0,0,0,1,0,0,0,0,0,00781-5939-92
47335-0714-81_RXNAVIMAGE10_743B3A29_1.jpg,ROUND,RED,10,ROUND_RED,172,0,0,0,0,0,0,0,0,1,0,0,0,47335-0714-81
47335-0714-81_RXNAVIMAGE10_743B3A29_2.jpg,ROUND,RED,10,ROUND_RED,172,0,0,0,0,0,0,0,0,1,0,0,0,47335-0714-81
00591-0397-60_RXNAVIMAGE10_0D3A86B4_1.jpg,ROUND,WHITE,10,ROUND_WHITE,174,0,0,0,0,0,0,0,0,0,0,1,0,00591-0397-60
00591-0397-60_RXNAVIMAGE10_0D3A86B4_2.jpg,ROUND,WHITE,10,ROUND_WHITE,174,0,0,0,0,0,0,0,0,0,0,1,0,00591-0397-60
51079-0985-20_RXNAVIMAGE10_59342CC1_1.jpg,OVAL,WHITE,7,OVAL_WHITE,139,0,0,0,0,0,0,0,0,0,0,1,0,51079-0985-20
51079-0985-20_RXNAVIMAGE10_59342CC1_2.jpg,OVAL,WHITE,7,OVAL_WHITE,139,0,0,0,0,0,0,0,0,0,0,1,0,51079-0985-20
61442-0323-01_RXNAVIMAGE10_FC4F7E6B_1.jpg,ROUND,ORANGE,10,ROUND_ORANGE,166,0,0,0,0,0,1,0,0,0,0,0,0,61442-0323-01
61442-0323-01_RXNAVIMAGE10_FC4F7E6B_2.jpg,ROUND,ORANGE,10,ROUND_ORANGE,166,0,0,0,0,0,1,0,0,0,0,0,0,61442-0323-01
00172-3626-48_RXNAVIMAGE10_4832A425_1.jpg,ROUND,ORANGE,10,ROUND_ORANGE,166,0,0,0,0,0,1,0,0,0,0,0,0,00172-3626-48
00172-3626-48_RXNAVIMAGE10_4832A425_2.jpg,ROUND,ORANGE,10,ROUND_ORANGE,166,0,0,0,0,0,1,0,0,0,0,0,0,00172-3626-48
49702-0214-18_RXNAVIMAGE10_74193A49_1.jpg,ROUND,WHITE,10,ROUND_WHITE,174,0,0,0,0,0,0,0,0,0,0,1,0,49702-0214-18
49702-0214-18_RXNAVIMAGE10_74193A49_2.jpg,ROUND,WHITE,10,ROUND_WHITE,174,0,0,0,0,0,0,0,0,0,0,1,0,49702-0214-18
51285-0081-98_RXNAVIMAGE10_04368254_1.jpg,ROUND,BROWN,10,ROUND_BROWN,162,0,0,1,0,0,0,0,0,0,0,0,0,51285-0081-98
51285-0081-98_RXNAVIMAGE10_04368254_2.jpg,ROUND,BROWN,10,ROUND_BROWN,162,0,0,1,0,0,0,0,0,0,0,0,0,51285-0081-98
00007-4892-20_RXNAVIMAGE10_BE18DF56_1.jpg,PENTAGON,GREEN,8,PENTAGON_GREEN,148,0,0,0,0,1,0,0,0,0,0,0,0,00007-4892-20
00007-4892-20_RXNAVIMAGE10_BE18DF56_2.jpg,PENTAGON,GREEN,8,PENTAGON_GREEN,148,0,0,0,0,1,0,0,0,0,0,0,0,00007-4892-20
57237-0053-99_RXNAVIMAGE10_8846C476_1.jpg,ROUND,RED,10,ROUND_RED,172,0,0,0,0,0,0,0,0,1,0,0,0,57237-0053-99
57237-0053-99_RXNAVIMAGE10_8846C476_2.jpg,ROUND,RED,10,ROUND_RED,172,0,0,0,0,0,0,0,0,1,0,0,0,57237-0053-99
00093-1077-01_RXNAVIMAGE10_60293059_1.jpg,ROUND,ORANGE,10,ROUND_ORANGE,166,0,0,0,0,0,1,0,0,0,0,0,0,00093-1077-01
00093-1077-01_RXNAVIMAGE10_60293059_2.jpg,ROUND,ORANGE,10,ROUND_ORANGE,166,0,0,0,0,0,1,0,0,0,0,0,0,00093-1077-01
00603-5764-28_RXNAVIMAGE10_460EA335_1.jpg,OVAL,WHITE,7,OVAL_WHITE,139,0,0,0,0,0,0,0,0,0,0,1,0,00603-5764-28
00603-5764-28_RXNAVIMAGE10_460EA335_2.jpg,OVAL,WHITE,7,OVAL_WHITE,139,0,0,0,0,0,0,0,0,0,0,1,0,00603-5764-28
00074-3061-90_RXNAVIMAGE10_56132B79_1.jpg,OVAL,WHITE,7,OVAL_WHITE,139,0,0,0,0,0,0,0,0,0,0,1,0,00074-3061-90
00074-3061-90_RXNAVIMAGE10_56132B79_2.jpg,OVAL,WHITE,7,OVAL_WHITE,139,0,0,0,0,0,0,0,0,0,0,1,0,00074-3061-90
50383-0172-90_RXNAVIMAGE10_363F9B2C_1.jpg,ROUND,WHITE,10,ROUND_WHITE,174,0,0,0,0,0,0,0,0,0,0,1,0,50383-0172-90
50383-0172-90_RXNAVIMAGE10_363F9B2C_2.jpg,ROUND,WHITE,10,ROUND_WHITE,174,0,0,0,0,0,0,0,0,0,0,1,0,50383-0172-90
10370-0534-01_RXNAVIMAGE10_4F49A79D_1.jpg,OVAL,WHITE,7,OVAL_WHITE,139,0,0,0,0,0,0,0,0,0,0,1,0,10370-0534-01
10370-0534-01_RXNAVIMAGE10_4F49A79D_2.jpg,OVAL,WHITE,7,OVAL_WHITE,139,0,0,0,0,0,0,0,0,0,0,1,0,10370-0534-01
50111-0456-01_RXNAVIMAGE10_6235B17D_1.jpg,ROUND,BLUE,10,ROUND_BLUE,160,0,1,0,0,0,0,0,0,0,0,0,0,50111-0456-01
50111-0456-01_RXNAVIMAGE10_6235B17D_2.jpg,ROUND,BLUE,10,ROUND_BLUE,160,0,1,0,0,0,0,0,0,0,0,0,0,50111-0456-01
00185-0704-05_RXNAVIMAGE10_02048114_1.jpg,ROUND,RED,10,ROUND_RED,172,0,0,0,0,0,0,0,0,1,0,0,0,00185-0704-05
00185-0704-05_RXNAVIMAGE10_02048114_2.jpg,ROUND,RED,10,ROUND_RED,172,0,0,0,0,0,0,0,0,1,0,0,0,00185-0704-05
00378-7732-93_RXNAVIMAGE10_850842D2_1.jpg,ROUND,WHITE,10,ROUND_WHITE,174,0,0,0,0,0,0,0,0,0,0,1,0,00378-7732-93
00378-7732-93_RXNAVIMAGE10_850842D2_2.jpg,ROUND,WHITE,10,ROUND_WHITE,174,0,0,0,0,0,0,0,0,0,0,1,0,00378-7732-93
00093-5552-01_RXNAVIMAGE10_CE42E737_1.jpg,CAPSULE,TURQUOISE,1,CAPSULE_TURQUOISE,76,0,0,0,0,0,0,0,0,0,1,0,0,00093-5552-01
00093-5552-01_RXNAVIMAGE10_CE42E737_2.jpg,CAPSULE,TURQUOISE,1,CAPSULE_TURQUOISE,76,0,0,0,0,0,0,0,0,0,1,0,0,00093-5552-01
00228-2620-11_RXNAVIMAGE10_F120F8E7_1.jpg,ROUND,BLUE,10,ROUND_BLUE,160,0,1,0,0,0,0,0,0,0,0,0,0,00228-2620-11
00228-2620-11_RXNAVIMAGE10_F120F8E7_2.jpg,ROUND,BLUE,10,ROUND_BLUE,160,0,1,0,0,0,0,0,0,0,0,0,0,00228-2620-11
00002-4772-90_RXNAVIMAGE10_8C16C656_1.jpg,ROUND,WHITE,10,ROUND_WHITE,174,0,0,0,0,0,0,0,0,0,0,1,0,00002-4772-90
00002-4772-90_RXNAVIMAGE10_8C16C656_2.jpg,ROUND,WHITE,10,ROUND_WHITE,174,0,0,0,0,0,0,0,0,0,0,1,0,00002-4772-90
00007-4641-13_RXNAVIMAGE10_FD18FEA7_1.jpg,ROUND,BLUE,10,ROUND_BLUE,160,0,1,0,0,0,0,0,0,0,0,0,0,00007-4641-13
00007-4641-13_RXNAVIMAGE10_FD18FEA7_2.jpg,ROUND,BLUE,10,ROUND_BLUE,160,0,1,0,0,0,0,0,0,0,0,0,0,00007-4641-13
00555-0324-02_RXNAVIMAGE10_DE2B6F6B_1.jpg,CAPSULE,"YELLOW, PINK",1,"CAPSULE_YELLOW, PINK",100,0,0,0,0,0,0,1,0,0,0,0,1,00555-0324-02
00555-0324-02_RXNAVIMAGE10_DE2B6F6B_2.jpg,CAPSULE,"YELLOW, PINK",1,"CAPSULE_YELLOW, PINK",100,0,0,0,0,0,0,1,0,0,0,0,1,00555-0324-02
00078-0491-15_RXNAVIMAGE10_193B0C98_1.jpg,OVAL,YELLOW,7,OVAL_YELLOW,145,0,0,0,0,0,0,0,0,0,0,0,1,00078-0491-15
00078-0491-15_RXNAVIMAGE10_193B0C98_2.jpg,OVAL,YELLOW,7,OVAL_YELLOW,145,0,0,0,0,0,0,0,0,0,0,0,1,00078-0491-15
00228-2551-06_RXNAVIMAGE10_6A233509_1.jpg,ROUND,WHITE,10,ROUND_WHITE,174,0,0,0,0,0,0,0,0,0,0,1,0,00228-2551-06
00228-2551-06_RXNAVIMAGE10_6A233509_2.jpg,ROUND,WHITE,10,ROUND_WHITE,174,0,0,0,0,0,0,0,0,0,0,1,0,00228-2551-06
00093-7295-01_RXNAVIMAGE10_31281890_1.jpg,OVAL,WHITE,7,OVAL_WHITE,139,0,0,0,0,0,0,0,0,0,0,1,0,00093-7295-01
00093-7295-01_RXNAVIMAGE10_31281890_2.jpg,OVAL,WHITE,7,OVAL_WHITE,139,0,0,0,0,0,0,0,0,0,0,1,0,00093-7295-01
00182-1061-05_RXNAVIMAGE10_042B825C_1.jpg,ROUND,YELLOW,10,ROUND_YELLOW,178,0,0,0,0,0,0,0,0,0,0,0,1,00182-1061-05
00182-1061-05_RXNAVIMAGE10_042B825C_2.jpg,ROUND,YELLOW,10,ROUND_YELLOW,178,0,0,0,0,0,0,0,0,0,0,0,1,00182-1061-05
49884-0544-01_RXNAVIMAGE10_1C218E5C_1.jpg,ROUND,BROWN,10,ROUND_BROWN,162,0,0,1,0,0,0,0,0,0,0,0,0,49884-0544-01
49884-0544-01_RXNAVIMAGE10_1C218E5C_2.jpg,ROUND,BROWN,10,ROUND_BROWN,162,0,0,1,0,0,0,0,0,0,0,0,0,49884-0544-01
68462-0233-01_RXNAVIMAGE10_1E3E0F60_1.jpg,ROUND,GREEN,10,ROUND_GREEN,164,0,0,0,0,1,0,0,0,0,0,0,0,68462-0233-01
68462-0233-01_RXNAVIMAGE10_1E3E0F60_2.jpg,ROUND,GREEN,10,ROUND_GREEN,164,0,0,0,0,1,0,0,0,0,0,0,0,68462-0233-01
13668-0070-90_RXNAVIMAGE10_EE47772B_1.jpg,OVAL,YELLOW,7,OVAL_YELLOW,145,0,0,0,0,0,0,0,0,0,0,0,1,13668-0070-90
13668-0070-90_RXNAVIMAGE10_EE47772B_2.jpg,OVAL,YELLOW,7,OVAL_YELLOW,145,0,0,0,0,0,0,0,0,0,0,0,1,13668-0070-90
31722-0521-01_RXNAVIMAGE10_8607C35E_1.jpg,ROUND,ORANGE,10,ROUND_ORANGE,166,0,0,0,0,0,1,0,0,0,0,0,0,31722-0521-01
31722-0521-01_RXNAVIMAGE10_8607C35E_2.jpg,ROUND,ORANGE,10,ROUND_ORANGE,166,0,0,0,0,0,1,0,0,0,0,0,0,31722-0521-01
59746-0385-06_RXNAVIMAGE10_9B0ECD96_1.jpg,CAPSULE,ORANGE,1,CAPSULE_ORANGE,44,0,0,0,0,0,1,0,0,0,0,0,0,59746-0385-06
59746-0385-06_RXNAVIMAGE10_9B0ECD96_2.jpg,CAPSULE,ORANGE,1,CAPSULE_ORANGE,44,0,0,0,0,0,1,0,0,0,0,0,0,59746-0385-06
00093-5960-01_RXNAVIMAGE10_C243E15F_1.jpg,OVAL,WHITE,7,OVAL_WHITE,139,0,0,0,0,0,0,0,0,0,0,1,0,00093-5960-01
00093-5960-01_RXNAVIMAGE10_C243E15F_2.jpg,OVAL,WHITE,7,OVAL_WHITE,139,0,0,0,0,0,0,0,0,0,0,1,0,00093-5960-01
00378-6440-01_RXNAVIMAGE10_E21DF16F_1.jpg,CAPSULE,BLUE,1,CAPSULE_BLUE,7,0,1,0,0,0,0,0,0,0,0,0,0,00378-6440-01
00378-6440-01_RXNAVIMAGE10_E21DF16F_2.jpg,CAPSULE,BLUE,1,CAPSULE_BLUE,7,0,1,0,0,0,0,0,0,0,0,0,0,00378-6440-01
52544-0383-28_RXNAVIMAGE10_194D0CD8_1.jpg,ROUND,PINK,10,ROUND_PINK,168,0,0,0,0,0,0,1,0,0,0,0,0,52544-0383-28
52544-0383-28_RXNAVIMAGE10_194D0CD8_2.jpg,ROUND,PINK,10,ROUND_PINK,168,0,0,0,0,0,0,1,0,0,0,0,0,52544-0383-28
00187-0844-01_RXNAVIMAGE10_AF1C5782_1.jpg,CAPSULE,PURPLE,1,CAPSULE_PURPLE,61,0,0,0,0,0,0,0,1,0,0,0,0,00187-0844-01
00187-0844-01_RXNAVIMAGE10_AF1C5782_2.jpg,CAPSULE,PURPLE,1,CAPSULE_PURPLE,61,0,0,0,0,0,0,0,1,0,0,0,0,00187-0844-01
00781-5555-92_RXNAVIMAGE10_D5496AAB_1.jpg,ROUND,PINK,10,ROUND_PINK,168,0,0,0,0,0,0,1,0,0,0,0,0,00781-5555-92
00781-5555-92_RXNAVIMAGE10_D5496AAB_2.jpg,ROUND,PINK,10,ROUND_PINK,168,0,0,0,0,0,0,1,0,0,0,0,0,00781-5555-92
16714-0532-11_RXNAVIMAGE10_094F0488_1.jpg,TRIANGLE,PINK,15,TRIANGLE_PINK,199,0,0,0,0,0,0,1,0,0,0,0,0,16714-0532-11
16714-0532-11_RXNAVIMAGE10_094F0488_2.jpg,TRIANGLE,PINK,15,TRIANGLE_PINK,199,0,0,0,0,0,0,1,0,0,0,0,0,16714-0532-11
16729-0169-01_RXNAVIMAGE10_E14FF0FF_1.jpg,ROUND,WHITE,10,ROUND_WHITE,174,0,0,0,0,0,0,0,0,0,0,1,0,16729-0169-01
16729-0169-01_RXNAVIMAGE10_E14FF0FF_2.jpg,ROUND,WHITE,10,ROUND_WHITE,174,0,0,0,0,0,0,0,0,0,0,1,0,16729-0169-01
51285-0369-01_RXNAVIMAGE10_3E361F50_1.jpg,OVAL,PURPLE,7,OVAL_PURPLE,135,0,0,0,0,0,0,0,1,0,0,0,0,51285-0369-01
51285-0369-01_RXNAVIMAGE10_3E361F50_2.jpg,OVAL,PURPLE,7,OVAL_PURPLE,135,0,0,0,0,0,0,0,1,0,0,0,0,51285-0369-01
00173-0242-55_RXNAVIMAGE10_A818D476_1.jpg,ROUND,YELLOW,10,ROUND_YELLOW,178,0,0,0,0,0,0,0,0,0,0,0,1,00173-0242-55
00173-0242-55_RXNAVIMAGE10_A818D476_2.jpg,ROUND,YELLOW,10,ROUND_YELLOW,178,0,0,0,0,0,0,0,0,0,0,0,1,00173-0242-55
55111-0586-01_RXNAVIMAGE10_6439B27D_1.jpg,CAPSULE,"PURPLE, WHITE",1,"CAPSULE_PURPLE, WHITE",67,0,0,0,0,0,0,0,1,0,0,1,0,55111-0586-01
55111-0586-01_RXNAVIMAGE10_6439B27D_2.jpg,CAPSULE,"PURPLE, WHITE",1,"CAPSULE_PURPLE, WHITE",67,0,0,0,0,0,0,0,1,0,0,1,0,55111-0586-01
42367-0111-06_RXNAVIMAGE10_AB48D5F6_1.jpg,ROUND,WHITE,10,ROUND_WHITE,174,0,0,0,0,0,0,0,0,0,0,1,0,42367-0111-06
42367-0111-06_RXNAVIMAGE10_AB48D5F6_2.jpg,ROUND,WHITE,10,ROUND_WHITE,174,0,0,0,0,0,0,0,0,0,0,1,0,42367-0111-06
60505-0145-00_RXNAVIMAGE10_4534A2B5_1.jpg,CAPSULE,"PINK, PINK",1,"CAPSULE_PINK, PINK",57,0,0,0,0,0,0,1,0,0,0,0,0,60505-0145-00
60505-0145-00_RXNAVIMAGE10_4534A2B5_2.jpg,CAPSULE,"PINK, PINK",1,"CAPSULE_PINK, PINK",57,0,0,0,0,0,0,1,0,0,0,0,0,60505-0145-00
00378-0712-01_RXNAVIMAGE10_AF4057D2_1.jpg,ROUND,WHITE,10,ROUND_WHITE,174,0,0,0,0,0,0,0,0,0,0,1,0,00378-0712-01
00378-0712-01_RXNAVIMAGE10_AF4057D2_2.jpg,ROUND,WHITE,10,ROUND_WHITE,174,0,0,0,0,0,0,0,0,0,0,1,0,00378-0712-01
45802-0498-58_RXNAVIMAGE10_4C3B2619_1.jpg,ROUND,WHITE,10,ROUND_WHITE,174,0,0,0,0,0,0,0,0,0,0,1,0,45802-0498-58
45802-0498-58_RXNAVIMAGE10_4C3B2619_2.jpg,ROUND,WHITE,10,ROUND_WHITE,174,0,0,0,0,0,0,0,0,0,0,1,0,45802-0498-58
52544-0954-28_RXNAVIMAGE10_D54B6ABB_1.jpg,ROUND,WHITE,10,ROUND_WHITE,174,0,0,0,0,0,0,0,0,0,0,1,0,52544-0954-28
52544-0954-28_RXNAVIMAGE10_D54B6ABB_2.jpg,ROUND,WHITE,10,ROUND_WHITE,174,0,0,0,0,0,0,0,0,0,0,1,0,52544-0954-28
43547-0351-10_RXNAVIMAGE10_30449854_1.jpg,OVAL,WHITE,7,OVAL_WHITE,139,0,0,0,0,0,0,0,0,0,0,1,0,43547-0351-10
43547-0351-10_RXNAVIMAGE10_30449854_2.jpg,OVAL,WHITE,7,OVAL_WHITE,139,0,0,0,0,0,0,0,0,0,0,1,0,43547-0351-10
00093-7440-01_RXNAVIMAGE10_CB3565EB_1.jpg,OVAL,BROWN,7,OVAL_BROWN,125,0,0,1,0,0,0,0,0,0,0,0,0,00093-7440-01
00093-7440-01_RXNAVIMAGE10_CB3565EB_2.jpg,OVAL,BROWN,7,OVAL_BROWN,125,0,0,1,0,0,0,0,0,0,0,0,0,00093-7440-01
00093-1135-56_RXNAVIMAGE10_6E383721_1.jpg,CAPSULE,"GREEN, WHITE",1,"CAPSULE_GREEN, WHITE",42,0,0,0,0,1,0,0,0,0,0,1,0,00093-1135-56
00093-1135-56_RXNAVIMAGE10_6E383721_2.jpg,CAPSULE,"GREEN, WHITE",1,"CAPSULE_GREEN, WHITE",42,0,0,0,0,1,0,0,0,0,0,1,0,00093-1135-56
51079-0629-20_RXNAVIMAGE10_7F32BFB5_1.jpg,ROUND,WHITE,10,ROUND_WHITE,174,0,0,0,0,0,0,0,0,0,0,1,0,51079-0629-20
51079-0629-20_RXNAVIMAGE10_7F32BFB5_2.jpg,ROUND,WHITE,10,ROUND_WHITE,174,0,0,0,0,0,0,0,0,0,0,1,0,51079-0629-20
00228-2067-10_RXNAVIMAGE10_C11B60FB_1.jpg,CAPSULE,PINK,1,CAPSULE_PINK,52,0,0,0,0,0,0,1,0,0,0,0,0,00228-2067-10
00228-2067-10_RXNAVIMAGE10_C11B60FB_2.jpg,CAPSULE,PINK,1,CAPSULE_PINK,52,0,0,0,0,0,0,1,0,0,0,0,0,00228-2067-10
00172-3925-60_RXNAVIMAGE10_1B428D94_1.jpg,ROUND,WHITE,10,ROUND_WHITE,174,0,0,0,0,0,0,0,0,0,0,1,0,00172-3925-60
00172-3925-60_RXNAVIMAGE10_1B428D94_2.jpg,ROUND,WHITE,10,ROUND_WHITE,174,0,0,0,0,0,0,0,0,0,0,1,0,00172-3925-60
00555-9051-67_RXNAVIMAGE10_5D36AEF5_1.jpg,ROUND,PINK,10,ROUND_PINK,168,0,0,0,0,0,0,1,0,0,0,0,0,00555-9051-67
00555-9051-67_RXNAVIMAGE10_5D36AEF5_2.jpg,ROUND,PINK,10,ROUND_PINK,168,0,0,0,0,0,0,1,0,0,0,0,0,00555-9051-67
00007-4896-20_RXNAVIMAGE10_D818EC47_1.jpg,PENTAGON,BROWN,8,PENTAGON_BROWN,147,0,0,1,0,0,0,0,0,0,0,0,0,00007-4896-20
00007-4896-20_RXNAVIMAGE10_D818EC47_2.jpg,PENTAGON,BROWN,8,PENTAGON_BROWN,147,0,0,1,0,0,0,0,0,0,0,0,0,00007-4896-20
00143-1333-01_RXNAVIMAGE10_B5335ACA_1.jpg,ROUND,WHITE,10,ROUND_WHITE,174,0,0,0,0,0,0,0,0,0,0,1,0,00143-1333-01
00143-1333-01_RXNAVIMAGE10_B5335ACA_2.jpg,ROUND,WHITE,10,ROUND_WHITE,174,0,0,0,0,0,0,0,0,0,0,1,0,00143-1333-01
59762-0073-01_RXNAVIMAGE10_6949B4ED_1.jpg,ROUND,WHITE,10,ROUND_WHITE,174,0,0,0,0,0,0,0,0,0,0,1,0,59762-0073-01
59762-0073-01_RXNAVIMAGE10_6949B4ED_2.jpg,ROUND,WHITE,10,ROUND_WHITE,174,0,0,0,0,0,0,0,0,0,0,1,0,59762-0073-01
00093-7114-98_RXNAVIMAGE10_8A2BC51E_1.jpg,ROUND,YELLOW,10,ROUND_YELLOW,178,0,0,0,0,0,0,0,0,0,0,0,1,00093-7114-98
00093-7114-98_RXNAVIMAGE10_8A2BC51E_2.jpg,ROUND,YELLOW,10,ROUND_YELLOW,178,0,0,0,0,0,0,0,0,0,0,0,1,00093-7114-98
43547-0249-50_RXNAVIMAGE10_C808E417_1.jpg,OVAL,WHITE,7,OVAL_WHITE,139,0,0,0,0,0,0,0,0,0,0,1,0,43547-0249-50
43547-0249-50_RXNAVIMAGE10_C808E417_2.jpg,OVAL,WHITE,7,OVAL_WHITE,139,0,0,0,0,0,0,0,0,0,0,1,0,43547-0249-50
00781-1556-01_RXNAVIMAGE10_6C3BB64D_1.jpg,ROUND,WHITE,10,ROUND_WHITE,174,0,0,0,0,0,0,0,0,0,0,1,0,00781-1556-01
00781-1556-01_RXNAVIMAGE10_6C3BB64D_2.jpg,ROUND,WHITE,10,ROUND_WHITE,174,0,0,0,0,0,0,0,0,0,0,1,0,00781-1556-01
51672-4022-01_RXNAVIMAGE10_2B4415D0_1.jpg,ROUND,WHITE,10,ROUND_WHITE,174,0,0,0,0,0,0,0,0,0,0,1,0,51672-4022-01
51672-4022-01_RXNAVIMAGE10_2B4415D0_2.jpg,ROUND,WHITE,10,ROUND_WHITE,174,0,0,0,0,0,0,0,0,0,0,1,0,51672-4022-01
00093-2238-01_RXNAVIMAGE10_8919449A_1.jpg,OVAL,WHITE,7,OVAL_WHITE,139,0,0,0,0,0,0,0,0,0,0,1,0,00093-2238-01
00093-2238-01_RXNAVIMAGE10_8919449A_2.jpg,OVAL,WHITE,7,OVAL_WHITE,139,0,0,0,0,0,0,0,0,0,0,1,0,00093-2238-01
00173-0676-01_RXNAVIMAGE10_7118B8E5_1.jpg,ROUND,PINK,10,ROUND_PINK,168,0,0,0,0,0,0,1,0,0,0,0,0,00173-0676-01
00173-0676-01_RXNAVIMAGE10_7118B8E5_2.jpg,ROUND,PINK,10,ROUND_PINK,168,0,0,0,0,0,0,1,0,0,0,0,0,00173-0676-01
00173-0712-02_RXNAVIMAGE10_32191978_1.jpg,OVAL,YELLOW,7,OVAL_YELLOW,145,0,0,0,0,0,0,0,0,0,0,0,1,00173-0712-02
00173-0712-02_RXNAVIMAGE10_32191978_2.jpg,OVAL,YELLOW,7,OVAL_YELLOW,145,0,0,0,0,0,0,0,0,0,0,0,1,00173-0712-02
49884-0494-01_RXNAVIMAGE10_A03AD006_1.jpg,ROUND,WHITE,10,ROUND_WHITE,174,0,0,0,0,0,0,0,0,0,0,1,0,49884-0494-01
49884-0494-01_RXNAVIMAGE10_A03AD006_2.jpg,ROUND,WHITE,10,ROUND_WHITE,174,0,0,0,0,0,0,0,0,0,0,1,0,49884-0494-01
59746-0171-06_RXNAVIMAGE10_080E0460_1.jpg,ROUND,WHITE,10,ROUND_WHITE,174,0,0,0,0,0,0,0,0,0,0,1,0,59746-0171-06
59746-0171-06_RXNAVIMAGE10_080E0460_2.jpg,ROUND,WHITE,10,ROUND_WHITE,174,0,0,0,0,0,0,0,0,0,0,1,0,59746-0171-06
00456-3210-60_RXNAVIMAGE10_B21FD94E_1.jpg,OVAL,GRAY,7,OVAL_GRAY,127,0,0,0,1,0,0,0,0,0,0,0,0,00456-3210-60
00456-3210-60_RXNAVIMAGE10_B21FD94E_2.jpg,OVAL,GRAY,7,OVAL_GRAY,127,0,0,0,1,0,0,0,0,0,0,0,0,00456-3210-60
00555-0902-02_RXNAVIMAGE10_D01B687B_1.jpg,ROUND,WHITE,10,ROUND_WHITE,174,0,0,0,0,0,0,0,0,0,0,1,0,00555-0902-02
00555-0902-02_RXNAVIMAGE10_D01B687B_2.jpg,ROUND,WHITE,10,ROUND_WHITE,174,0,0,0,0,0,0,0,0,0,0,1,0,00555-0902-02
65862-0587-01_RXNAVIMAGE10_33489994_1.jpg,CAPSULE,BLUE,1,CAPSULE_BLUE,7,0,1,0,0,0,0,0,0,0,0,0,0,65862-0587-01
65862-0587-01_RXNAVIMAGE10_33489994_2.jpg,CAPSULE,BLUE,1,CAPSULE_BLUE,7,0,1,0,0,0,0,0,0,0,0,0,0,65862-0587-01
00781-1046-01_RXNAVIMAGE10_453CA2E5_1.jpg,ROUND,WHITE,10,ROUND_WHITE,174,0,0,0,0,0,0,0,0,0,0,1,0,00781-1046-01
00781-1046-01_RXNAVIMAGE10_453CA2E5_2.jpg,ROUND,WHITE,10,ROUND_WHITE,174,0,0,0,0,0,0,0,0,0,0,1,0,00781-1046-01
00591-0369-01_RXNAVIMAGE10_2245912C_1.jpg,CAPSULE,WHITE,1,CAPSULE_WHITE,81,0,0,0,0,0,0,0,0,0,0,1,0,00591-0369-01
00591-0369-01_RXNAVIMAGE10_2245912C_2.jpg,CAPSULE,WHITE,1,CAPSULE_WHITE,81,0,0,0,0,0,0,0,0,0,0,1,0,00591-0369-01
51285-0063-90_RXNAVIMAGE10_732D39A9_1.jpg,ROUND,WHITE,10,ROUND_WHITE,174,0,0,0,0,0,0,0,0,0,0,1,0,51285-0063-90
51285-0063-90_RXNAVIMAGE10_732D39A9_2.jpg,ROUND,WHITE,10,ROUND_WHITE,174,0,0,0,0,0,0,0,0,0,0,1,0,51285-0063-90
00378-8210-77_RXNAVIMAGE10_8B33C5DE_1.jpg,RECTANGLE,WHITE,9,RECTANGLE_WHITE,159,0,0,0,0,0,0,0,0,0,0,1,0,00378-8210-77
00378-8210-77_RXNAVIMAGE10_8B33C5DE_2.jpg,RECTANGLE,WHITE,9,RECTANGLE_WHITE,159,0,0,0,0,0,0,0,0,0,0,1,0,00378-8210-77
00555-0779-02_RXNAVIMAGE10_4E08A755_1.jpg,ROUND,WHITE,10,ROUND_WHITE,174,0,0,0,0,0,0,0,0,0,0,1,0,00555-0779-02
00555-0779-02_RXNAVIMAGE10_4E08A755_2.jpg,ROUND,WHITE,10,ROUND_WHITE,174,0,0,0,0,0,0,0,0,0,0,1,0,00555-0779-02
68180-0519-02_RXNAVIMAGE10_19088CB4_1.jpg,ROUND,YELLOW,10,ROUND_YELLOW,178,0,0,0,0,0,0,0,0,0,0,0,1,68180-0519-02
68180-0519-02_RXNAVIMAGE10_19088CB4_2.jpg,ROUND,YELLOW,10,ROUND_YELLOW,178,0,0,0,0,0,0,0,0,0,0,0,1,68180-0519-02
00430-0420-14_RXNAVIMAGE10_234011B0_1.jpg,ROUND,BLUE,10,ROUND_BLUE,160,0,1,0,0,0,0,0,0,0,0,0,0,00430-0420-14
00430-0420-14_RXNAVIMAGE10_234011B0_2.jpg,ROUND,BLUE,10,ROUND_BLUE,160,0,1,0,0,0,0,0,0,0,0,0,0,00430-0420-14
49702-0206-13_RXNAVIMAGE10_67193389_1.jpg,OVAL,ORANGE,7,OVAL_ORANGE,130,0,0,0,0,0,1,0,0,0,0,0,0,49702-0206-13
49702-0206-13_RXNAVIMAGE10_67193389_2.jpg,OVAL,ORANGE,7,OVAL_ORANGE,130,0,0,0,0,0,1,0,0,0,0,0,0,49702-0206-13
59762-0029-01_RXNAVIMAGE10_A248D146_1.jpg,ROUND,WHITE,10,ROUND_WHITE,174,0,0,0,0,0,0,0,0,0,0,1,0,59762-0029-01
59762-0029-01_RXNAVIMAGE10_A248D146_2.jpg,ROUND,WHITE,10,ROUND_WHITE,174,0,0,0,0,0,0,0,0,0,0,1,0,59762-0029-01
50111-0441-02_RXNAVIMAGE10_CB1265D3_1.jpg,TRAPEZOID,WHITE,14,TRAPEZOID_WHITE,195,0,0,0,0,0,0,0,0,0,0,1,0,50111-0441-02
50111-0441-02_RXNAVIMAGE10_CB1265D3_2.jpg,TRAPEZOID,WHITE,14,TRAPEZOID_WHITE,195,0,0,0,0,0,0,0,0,0,0,1,0,50111-0441-02
00781-5310-06_RXNAVIMAGE10_243F925C_1.jpg,ROUND,PINK,10,ROUND_PINK,168,0,0,0,0,0,0,1,0,0,0,0,0,00781-5310-06
00781-5310-06_RXNAVIMAGE10_243F925C_2.jpg,ROUND,PINK,10,ROUND_PINK,168,0,0,0,0,0,0,1,0,0,0,0,0,00781-5310-06
00555-9131-67_RXNAVIMAGE10_233611D0_1.jpg,ROUND,WHITE,10,ROUND_WHITE,174,0,0,0,0,0,0,0,0,0,0,1,0,00555-9131-67
00555-9131-67_RXNAVIMAGE10_233611D0_2.jpg,ROUND,WHITE,10,ROUND_WHITE,174,0,0,0,0,0,0,0,0,0,0,1,0,00555-9131-67
65862-0927-90_RXNAVIMAGE10_C249E15F_1.jpg,OCTAGON,WHITE,6,OCTAGON_WHITE,121,0,0,0,0,0,0,0,0,0,0,1,0,65862-0927-90
65862-0927-90_RXNAVIMAGE10_C249E15F_2.jpg,OCTAGON,WHITE,6,OCTAGON_WHITE,121,0,0,0,0,0,0,0,0,0,0,1,0,65862-0927-90
53746-0466-05_RXNAVIMAGE10_8B0845D2_1.jpg,OVAL,WHITE,7,OVAL_WHITE,139,0,0,0,0,0,0,0,0,0,0,1,0,53746-0466-05
53746-0466-05_RXNAVIMAGE10_8B0845D2_2.jpg,OVAL,WHITE,7,OVAL_WHITE,139,0,0,0,0,0,0,0,0,0,0,1,0,53746-0466-05
00093-8947-01_RXNAVIMAGE10_F9357CFB_1.jpg,OVAL,WHITE,7,OVAL_WHITE,139,0,0,0,0,0,0,0,0,0,0,1,0,00093-8947-01
00093-8947-01_RXNAVIMAGE10_F9357CFB_2.jpg,OVAL,WHITE,7,OVAL_WHITE,139,0,0,0,0,0,0,0,0,0,0,1,0,00093-8947-01
00591-0302-01_RXNAVIMAGE10_8D2046C2_1.jpg,ROUND,WHITE,10,ROUND_WHITE,174,0,0,0,0,0,0,0,0,0,0,1,0,00591-0302-01
00591-0302-01_RXNAVIMAGE10_8D2046C2_2.jpg,ROUND,WHITE,10,ROUND_WHITE,174,0,0,0,0,0,0,0,0,0,0,1,0,00591-0302-01
10370-0190-01_RXNAVIMAGE10_C64F636B_1.jpg,ROUND,ORANGE,10,ROUND_ORANGE,166,0,0,0,0,0,1,0,0,0,0,0,0,10370-0190-01
10370-0190-01_RXNAVIMAGE10_C64F636B_2.jpg,ROUND,ORANGE,10,ROUND_ORANGE,166,0,0,0,0,0,1,0,0,0,0,0,0,10370-0190-01
00310-0280-60_RXNAVIMAGE10_633D3199_1.jpg,OVAL,PINK,7,OVAL_PINK,133,0,0,0,0,0,0,1,0,0,0,0,0,00310-0280-60
00310-0280-60_RXNAVIMAGE10_633D3199_2.jpg,OVAL,PINK,7,OVAL_PINK,133,0,0,0,0,0,0,1,0,0,0,0,0,00310-0280-60
16714-0374-04_RXNAVIMAGE10_95444AB2_1.jpg,ROUND,WHITE,10,ROUND_WHITE,174,0,0,0,0,0,0,0,0,0,0,1,0,16714-0374-04
16714-0374-04_RXNAVIMAGE10_95444AB2_2.jpg,ROUND,WHITE,10,ROUND_WHITE,174,0,0,0,0,0,0,0,0,0,0,1,0,16714-0374-04
51079-0620-06_RXNAVIMAGE10_973DCBEE_1.jpg,ROUND,YELLOW,10,ROUND_YELLOW,178,0,0,0,0,0,0,0,0,0,0,0,1,51079-0620-06
51079-0620-06_RXNAVIMAGE10_973DCBEE_2.jpg,ROUND,YELLOW,10,ROUND_YELLOW,178,0,0,0,0,0,0,0,0,0,0,0,1,51079-0620-06
00093-0109-01_RXNAVIMAGE10_40202051_1.jpg,ROUND,WHITE,10,ROUND_WHITE,174,0,0,0,0,0,0,0,0,0,0,1,0,00093-0109-01
00093-0109-01_RXNAVIMAGE10_40202051_2.jpg,ROUND,WHITE,10,ROUND_WHITE,174,0,0,0,0,0,0,0,0,0,0,1,0,00093-0109-01
00093-0900-01_RXNAVIMAGE10_5A292D59_1.jpg,ROUND,WHITE,10,ROUND_WHITE,174,0,0,0,0,0,0,0,0,0,0,1,0,00093-0900-01
00093-0900-01_RXNAVIMAGE10_5A292D59_2.jpg,ROUND,WHITE,10,ROUND_WHITE,174,0,0,0,0,0,0,0,0,0,0,1,0,00093-0900-01
13668-0086-30_RXNAVIMAGE10_364D9B2C_1.jpg,ROUND,YELLOW,10,ROUND_YELLOW,178,0,0,0,0,0,0,0,0,0,0,0,1,13668-0086-30
13668-0086-30_RXNAVIMAGE10_364D9B2C_2.jpg,ROUND,YELLOW,10,ROUND_YELLOW,178,0,0,0,0,0,0,0,0,0,0,0,1,13668-0086-30
65862-0113-01_RXNAVIMAGE10_5D34AE85_1.jpg,CAPSULE,BLUE,1,CAPSULE_BLUE,7,0,1,0,0,0,0,0,0,0,0,0,0,65862-0113-01
65862-0113-01_RXNAVIMAGE10_5D34AE85_2.jpg,CAPSULE,BLUE,1,CAPSULE_BLUE,7,0,1,0,0,0,0,0,0,0,0,0,0,65862-0113-01
00093-3010-84_RXNAVIMAGE10_F72CFBF7_1.jpg,ROUND,YELLOW,10,ROUND_YELLOW,178,0,0,0,0,0,0,0,0,0,0,0,1,00093-3010-84
00093-3010-84_RXNAVIMAGE10_F72CFBF7_2.jpg,ROUND,YELLOW,10,ROUND_YELLOW,178,0,0,0,0,0,0,0,0,0,0,0,1,00093-3010-84
00093-4068-01_RXNAVIMAGE10_CC26E637_1.jpg,CAPSULE,PINK,1,CAPSULE_PINK,52,0,0,0,0,0,0,1,0,0,0,0,0,00093-4068-01
00093-4068-01_RXNAVIMAGE10_CC26E637_2.jpg,CAPSULE,PINK,1,CAPSULE_PINK,52,0,0,0,0,0,0,1,0,0,0,0,0,00093-4068-01
00093-7350-56_RXNAVIMAGE10_5B2D2DA9_1.jpg,CAPSULE,"BLUE, PINK",1,"CAPSULE_BLUE, PINK",13,0,1,0,0,0,0,1,0,0,0,0,0,00093-7350-56
00093-7350-56_RXNAVIMAGE10_5B2D2DA9_2.jpg,CAPSULE,"BLUE, PINK",1,"CAPSULE_BLUE, PINK",13,0,1,0,0,0,0,1,0,0,0,0,0,00093-7350-56
00527-1342-10_RXNAVIMAGE10_41082081_1.jpg,ROUND,WHITE,10,ROUND_WHITE,174,0,0,0,0,0,0,0,0,0,0,1,0,00527-1342-10
00527-1342-10_RXNAVIMAGE10_41082081_2.jpg,ROUND,WHITE,10,ROUND_WHITE,174,0,0,0,0,0,0,0,0,0,0,1,0,00527-1342-10
51672-4044-01_RXNAVIMAGE10_CD1566CB_1.jpg,ROUND,PINK,10,ROUND_PINK,168,0,0,0,0,0,0,1,0,0,0,0,0,51672-4044-01
51672-4044-01_RXNAVIMAGE10_CD1566CB_2.jpg,ROUND,PINK,10,ROUND_PINK,168,0,0,0,0,0,0,1,0,0,0,0,0,51672-4044-01
00145-0091-25_RXNAVIMAGE10_DD196ECB_1.jpg,CAPSULE,"BROWN, YELLOW",1,"CAPSULE_BROWN, YELLOW",21,0,0,1,0,0,0,0,0,0,0,0,1,00145-0091-25
00145-0091-25_RXNAVIMAGE10_DD196ECB_2.jpg,CAPSULE,"BROWN, YELLOW",1,"CAPSULE_BROWN, YELLOW",21,0,0,1,0,0,0,0,0,0,0,0,1,00145-0091-25
65162-0713-10_RXNAVIMAGE10_BA495D2A_1.jpg,OVAL,WHITE,7,OVAL_WHITE,139,0,0,0,0,0,0,0,0,0,0,1,0,65162-0713-10
65162-0713-10_RXNAVIMAGE10_BA495D2A_2.jpg,OVAL,WHITE,7,OVAL_WHITE,139,0,0,0,0,0,0,0,0,0,0,1,0,65162-0713-10
61269-0210-90_RXNAVIMAGE10_994D4CFA_1.jpg,CAPSULE,"WHITE, BLACK",1,"CAPSULE_WHITE, BLACK",82,1,0,0,0,0,0,0,0,0,0,1,0,61269-0210-90
61269-0210-90_RXNAVIMAGE10_994D4CFA_2.jpg,CAPSULE,"WHITE, BLACK",1,"CAPSULE_WHITE, BLACK",82,1,0,0,0,0,0,0,0,0,0,1,0,61269-0210-90
68180-0568-01_RXNAVIMAGE10_9741CB8E_1.jpg,ROUND,RED,10,ROUND_RED,172,0,0,0,0,0,0,0,0,1,0,0,0,68180-0568-01
68180-0568-01_RXNAVIMAGE10_9741CB8E_2.jpg,ROUND,RED,10,ROUND_RED,172,0,0,0,0,0,0,0,0,1,0,0,0,68180-0568-01
17478-0766-10_RXNAVIMAGE10_2A3E9574_1.jpg,ROUND,RED,10,ROUND_RED,172,0,0,0,0,0,0,0,0,1,0,0,0,17478-0766-10
17478-0766-10_RXNAVIMAGE10_2A3E9574_2.jpg,ROUND,RED,10,ROUND_RED,172,0,0,0,0,0,0,0,0,1,0,0,0,17478-0766-10
00904-3280-60_RXNAVIMAGE10_7933BCDD_1.jpg,OVAL,WHITE,7,OVAL_WHITE,139,0,0,0,0,0,0,0,0,0,0,1,0,00904-3280-60
00904-3280-60_RXNAVIMAGE10_7933BCDD_2.jpg,OVAL,WHITE,7,OVAL_WHITE,139,0,0,0,0,0,0,0,0,0,0,1,0,00904-3280-60
63304-0713-20_RXNAVIMAGE10_F9387CE3_1.jpg,OVAL,WHITE,7,OVAL_WHITE,139,0,0,0,0,0,0,0,0,0,0,1,0,63304-0713-20
63304-0713-20_RXNAVIMAGE10_F9387CE3_2.jpg,OVAL,WHITE,7,OVAL_WHITE,139,0,0,0,0,0,0,0,0,0,0,1,0,63304-0713-20
16729-0001-01_RXNAVIMAGE10_AC3B567A_1.jpg,OVAL,PINK,7,OVAL_PINK,133,0,0,0,0,0,0,1,0,0,0,0,0,16729-0001-01
16729-0001-01_RXNAVIMAGE10_AC3B567A_2.jpg,OVAL,PINK,7,OVAL_PINK,133,0,0,0,0,0,0,1,0,0,0,0,0,16729-0001-01
00054-0230-25_RXNAVIMAGE10_AC4B564A_1.jpg,OVAL,WHITE,7,OVAL_WHITE,139,0,0,0,0,0,0,0,0,0,0,1,0,00054-0230-25
00054-0230-25_RXNAVIMAGE10_AC4B564A_2.jpg,OVAL,WHITE,7,OVAL_WHITE,139,0,0,0,0,0,0,0,0,0,0,1,0,00054-0230-25
00378-0327-10_RXNAVIMAGE10_8007C05E_1.jpg,ROUND,ORANGE,10,ROUND_ORANGE,166,0,0,0,0,0,1,0,0,0,0,0,0,00378-0327-10
00378-0327-10_RXNAVIMAGE10_8007C05E_2.jpg,ROUND,ORANGE,10,ROUND_ORANGE,166,0,0,0,0,0,1,0,0,0,0,0,0,00378-0327-10
24338-0126-13_RXNAVIMAGE10_1B3A8DA4_1.jpg,OVAL,WHITE,7,OVAL_WHITE,139,0,0,0,0,0,0,0,0,0,0,1,0,24338-0126-13
24338-0126-13_RXNAVIMAGE10_1B3A8DA4_2.jpg,OVAL,WHITE,7,OVAL_WHITE,139,0,0,0,0,0,0,0,0,0,0,1,0,24338-0126-13
00173-0758-60_RXNAVIMAGE10_E019704B_1.jpg,ROUND,"YELLOW, WHITE",10,"ROUND_YELLOW, WHITE",179,0,0,0,0,0,0,0,0,0,0,1,1,00173-0758-60
00173-0758-60_RXNAVIMAGE10_E019704B_2.jpg,ROUND,"YELLOW, WHITE",10,"ROUND_YELLOW, WHITE",179,0,0,0,0,0,0,0,0,0,0,1,1,00173-0758-60
00093-4029-01_RXNAVIMAGE10_272713C8_1.jpg,CAPSULE,GREEN,1,CAPSULE_GREEN,32,0,0,0,0,1,0,0,0,0,0,0,0,00093-4029-01
00093-4029-01_RXNAVIMAGE10_272713C8_2.jpg,CAPSULE,GREEN,1,CAPSULE_GREEN,32,0,0,0,0,1,0,0,0,0,0,0,0,00093-4029-01
55111-0144-30_RXNAVIMAGE10_B44F5A6A_1.jpg,OVAL,PINK,7,OVAL_PINK,133,0,0,0,0,0,0,1,0,0,0,0,0,55111-0144-30
55111-0144-30_RXNAVIMAGE10_B44F5A6A_2.jpg,OVAL,PINK,7,OVAL_PINK,133,0,0,0,0,0,0,1,0,0,0,0,0,55111-0144-30
63304-0459-30_RXNAVIMAGE10_CC3C6653_1.jpg,OVAL,YELLOW,7,OVAL_YELLOW,145,0,0,0,0,0,0,0,0,0,0,0,1,63304-0459-30
63304-0459-30_RXNAVIMAGE10_CC3C6653_2.jpg,OVAL,YELLOW,7,OVAL_YELLOW,145,0,0,0,0,0,0,0,0,0,0,0,1,63304-0459-30
00093-0576-06_RXNAVIMAGE10_DB23EDBF_1.jpg,ROUND,TURQUOISE,10,ROUND_TURQUOISE,173,0,0,0,0,0,0,0,0,0,1,0,0,00093-0576-06
00093-0576-06_RXNAVIMAGE10_DB23EDBF_2.jpg,ROUND,TURQUOISE,10,ROUND_TURQUOISE,173,0,0,0,0,0,0,0,0,0,1,0,0,00093-0576-06
00093-8123-01_RXNAVIMAGE10_66363361_1.jpg,ROUND,WHITE,10,ROUND_WHITE,174,0,0,0,0,0,0,0,0,0,0,1,0,00093-8123-01
00093-8123-01_RXNAVIMAGE10_66363361_2.jpg,ROUND,WHITE,10,ROUND_WHITE,174,0,0,0,0,0,0,0,0,0,0,1,0,00093-8123-01
43547-0278-50_RXNAVIMAGE10_5E3BAF5D_1.jpg,OVAL,WHITE,7,OVAL_WHITE,139,0,0,0,0,0,0,0,0,0,0,1,0,43547-0278-50
43547-0278-50_RXNAVIMAGE10_5E3BAF5D_2.jpg,OVAL,WHITE,7,OVAL_WHITE,139,0,0,0,0,0,0,0,0,0,0,1,0,43547-0278-50
00093-5861-01_RXNAVIMAGE10_0C420630_1.jpg,OVAL,BLUE,7,OVAL_BLUE,123,0,1,0,0,0,0,0,0,0,0,0,0,00093-5861-01
00093-5861-01_RXNAVIMAGE10_0C420630_2.jpg,OVAL,BLUE,7,OVAL_BLUE,123,0,1,0,0,0,0,0,0,0,0,0,0,00093-5861-01
00591-3611-30_RXNAVIMAGE10_2F3D979C_1.jpg,OVAL,PINK,7,OVAL_PINK,133,0,0,0,0,0,0,1,0,0,0,0,0,00591-3611-30
00591-3611-30_RXNAVIMAGE10_2F3D979C_2.jpg,OVAL,PINK,7,OVAL_PINK,133,0,0,0,0,0,0,1,0,0,0,0,0,00591-3611-30
00093-7154-56_RXNAVIMAGE10_2C281650_1.jpg,ROUND,BROWN,10,ROUND_BROWN,162,0,0,1,0,0,0,0,0,0,0,0,0,00093-7154-56
00093-7154-56_RXNAVIMAGE10_2C281650_2.jpg,ROUND,BROWN,10,ROUND_BROWN,162,0,0,1,0,0,0,0,0,0,0,0,0,00093-7154-56
00603-3340-21_RXNAVIMAGE10_8851C40E_1.jpg,CAPSULE,"PINK, RED",1,"CAPSULE_PINK, RED",58,0,0,0,0,0,0,1,0,1,0,0,0,00603-3340-21
00603-3340-21_RXNAVIMAGE10_8851C40E_2.jpg,CAPSULE,"PINK, RED",1,"CAPSULE_PINK, RED",58,0,0,0,0,0,0,1,0,1,0,0,0,00603-3340-21
51672-4011-05_RXNAVIMAGE10_F804FC47_1.jpg,CAPSULE,"BLUE, TURQUOISE",1,"CAPSULE_BLUE, TURQUOISE",15,0,1,0,0,0,0,0,0,0,1,0,0,51672-4011-05
51672-4011-05_RXNAVIMAGE10_F804FC47_2.jpg,CAPSULE,"BLUE, TURQUOISE",1,"CAPSULE_BLUE, TURQUOISE",15,0,1,0,0,0,0,0,0,0,1,0,0,51672-4011-05
16729-0168-01_RXNAVIMAGE10_F946FCE7_1.jpg,ROUND,WHITE,10,ROUND_WHITE,174,0,0,0,0,0,0,0,0,0,0,1,0,16729-0168-01
16729-0168-01_RXNAVIMAGE10_F946FCE7_2.jpg,ROUND,WHITE,10,ROUND_WHITE,174,0,0,0,0,0,0,0,0,0,0,1,0,16729-0168-01
60505-2659-01_RXNAVIMAGE10_57382BE1_1.jpg,OVAL,WHITE,7,OVAL_WHITE,139,0,0,0,0,0,0,0,0,0,0,1,0,60505-2659-01
60505-2659-01_RXNAVIMAGE10_57382BE1_2.jpg,OVAL,WHITE,7,OVAL_WHITE,139,0,0,0,0,0,0,0,0,0,0,1,0,60505-2659-01
68180-0478-01_RXNAVIMAGE10_AB21558A_1.jpg,OVAL,PINK,7,OVAL_PINK,133,0,0,0,0,0,0,1,0,0,0,0,0,68180-0478-01
68180-0478-01_RXNAVIMAGE10_AB21558A_2.jpg,OVAL,PINK,7,OVAL_PINK,133,0,0,0,0,0,0,1,0,0,0,0,0,68180-0478-01
00003-0894-21_RXNAVIMAGE10_3D491EB8_1.jpg,OVAL,PINK,7,OVAL_PINK,133,0,0,0,0,0,0,1,0,0,0,0,0,00003-0894-21
00003-0894-21_RXNAVIMAGE10_3D491EB8_2.jpg,OVAL,PINK,7,OVAL_PINK,133,0,0,0,0,0,0,1,0,0,0,0,0,00003-0894-21
00172-3762-60_RXNAVIMAGE10_0B2D85FC_1.jpg,OVAL,WHITE,7,OVAL_WHITE,139,0,0,0,0,0,0,0,0,0,0,1,0,00172-3762-60
00172-3762-60_RXNAVIMAGE10_0B2D85FC_2.jpg,OVAL,WHITE,7,OVAL_WHITE,139,0,0,0,0,0,0,0,0,0,0,1,0,00172-3762-60
24090-0493-84_RXNAVIMAGE10_08510438_1.jpg,ROUND,BROWN,10,ROUND_BROWN,162,0,0,1,0,0,0,0,0,0,0,0,0,24090-0493-84
24090-0493-84_RXNAVIMAGE10_08510438_2.jpg,ROUND,BROWN,10,ROUND_BROWN,162,0,0,1,0,0,0,0,0,0,0,0,0,24090-0493-84
49884-0831-05_RXNAVIMAGE10_37489BD4_1.jpg,CAPSULE,GREEN,1,CAPSULE_GREEN,32,0,0,0,0,1,0,0,0,0,0,0,0,49884-0831-05
49884-0831-05_RXNAVIMAGE10_37489BD4_2.jpg,CAPSULE,GREEN,1,CAPSULE_GREEN,32,0,0,0,0,1,0,0,0,0,0,0,0,49884-0831-05
49035-0940-12_RXNAVIMAGE10_B238D956_1.jpg,ROUND,YELLOW,10,ROUND_YELLOW,178,0,0,0,0,0,0,0,0,0,0,0,1,49035-0940-12
49035-0940-12_RXNAVIMAGE10_B238D956_2.jpg,ROUND,YELLOW,10,ROUND_YELLOW,178,0,0,0,0,0,0,0,0,0,0,0,1,49035-0940-12
60793-0854-01_RXNAVIMAGE10_FC087E73_1.jpg,OVAL,YELLOW,7,OVAL_YELLOW,145,0,0,0,0,0,0,0,0,0,0,0,1,60793-0854-01
60793-0854-01_RXNAVIMAGE10_FC087E73_2.jpg,OVAL,YELLOW,7,OVAL_YELLOW,145,0,0,0,0,0,0,0,0,0,0,0,1,60793-0854-01
50844-0611-19_RXNAVIMAGE10_903BC81E_1.jpg,OVAL,BLUE,7,OVAL_BLUE,123,0,1,0,0,0,0,0,0,0,0,0,0,50844-0611-19
50844-0611-19_RXNAVIMAGE10_903BC81E_2.jpg,OVAL,BLUE,7,OVAL_BLUE,123,0,1,0,0,0,0,0,0,0,0,0,0,50844-0611-19
00004-0259-01_RXNAVIMAGE10_B8135C6A_1.jpg,CAPSULE,"BLUE, ORANGE",1,"CAPSULE_BLUE, ORANGE",12,0,1,0,0,0,1,0,0,0,0,0,0,00004-0259-01
00004-0259-01_RXNAVIMAGE10_B8135C6A_2.jpg,CAPSULE,"BLUE, ORANGE",1,"CAPSULE_BLUE, ORANGE",12,0,1,0,0,0,1,0,0,0,0,0,0,00004-0259-01
00603-7610-01_RXNAVIMAGE10_2B4B15F8_1.jpg,ROUND,BROWN,10,ROUND_BROWN,162,0,0,1,0,0,0,0,0,0,0,0,0,00603-7610-01
00603-7610-01_RXNAVIMAGE10_2B4B15F8_2.jpg,ROUND,BROWN,10,ROUND_BROWN,162,0,0,1,0,0,0,0,0,0,0,0,0,00603-7610-01
00093-0738-56_RXNAVIMAGE10_14158A0C_1.jpg,ROUND,WHITE,10,ROUND_WHITE,174,0,0,0,0,0,0,0,0,0,0,1,0,00093-0738-56
00093-0738-56_RXNAVIMAGE10_14158A0C_2.jpg,ROUND,WHITE,10,ROUND_WHITE,174,0,0,0,0,0,0,0,0,0,0,1,0,00093-0738-56
51079-0131-20_RXNAVIMAGE10_5E342F31_1.jpg,ROUND,WHITE,10,ROUND_WHITE,174,0,0,0,0,0,0,0,0,0,0,1,0,51079-0131-20
51079-0131-20_RXNAVIMAGE10_5E342F31_2.jpg,ROUND,WHITE,10,ROUND_WHITE,174,0,0,0,0,0,0,0,0,0,0,1,0,51079-0131-20
52937-0001-20_RXNAVIMAGE10_B0505872_1.jpg,OVAL,YELLOW,7,OVAL_YELLOW,145,0,0,0,0,0,0,0,0,0,0,0,1,52937-0001-20
52937-0001-20_RXNAVIMAGE10_B0505872_2.jpg,OVAL,YELLOW,7,OVAL_YELLOW,145,0,0,0,0,0,0,0,0,0,0,0,1,52937-0001-20
11822-0532-01_RXNAVIMAGE10_E038F067_1.jpg,ROUND,TURQUOISE,10,ROUND_TURQUOISE,173,0,0,0,0,0,0,0,0,0,1,0,0,11822-0532-01
11822-0532-01_RXNAVIMAGE10_E038F067_2.jpg,ROUND,TURQUOISE,10,ROUND_TURQUOISE,173,0,0,0,0,0,0,0,0,0,1,0,0,11822-0532-01
00093-5105-56_RXNAVIMAGE10_B31B59DA_1.jpg,OVAL,WHITE,7,OVAL_WHITE,139,0,0,0,0,0,0,0,0,0,0,1,0,00093-5105-56
00093-5105-56_RXNAVIMAGE10_B31B59DA_2.jpg,OVAL,WHITE,7,OVAL_WHITE,139,0,0,0,0,0,0,0,0,0,0,1,0,00093-5105-56
65597-0118-30_RXNAVIMAGE10_071D83EC_1.jpg,OVAL,RED,7,OVAL_RED,137,0,0,0,0,0,0,0,0,1,0,0,0,65597-0118-30
65597-0118-30_RXNAVIMAGE10_071D83EC_2.jpg,OVAL,RED,7,OVAL_RED,137,0,0,0,0,0,0,0,0,1,0,0,0,65597-0118-30
00093-7613-56_RXNAVIMAGE10_2A43953C_1.jpg,OVAL,GREEN,7,OVAL_GREEN,129,0,0,0,0,1,0,0,0,0,0,0,0,00093-7613-56
00093-7613-56_RXNAVIMAGE10_2A43953C_2.jpg,OVAL,GREEN,7,OVAL_GREEN,129,0,0,0,0,1,0,0,0,0,0,0,0,00093-7613-56
42806-0056-10_RXNAVIMAGE10_514F28E9_1.jpg,ROUND,WHITE,10,ROUND_WHITE,174,0,0,0,0,0,0,0,0,0,0,1,0,42806-0056-10
42806-0056-10_RXNAVIMAGE10_514F28E9_2.jpg,ROUND,WHITE,10,ROUND_WHITE,174,0,0,0,0,0,0,0,0,0,0,1,0,42806-0056-10
52544-0936-28_RXNAVIMAGE10_EC44F617_1.jpg,ROUND,WHITE,10,ROUND_WHITE,174,0,0,0,0,0,0,0,0,0,0,1,0,52544-0936-28
52544-0936-28_RXNAVIMAGE10_EC44F617_2.jpg,ROUND,WHITE,10,ROUND_WHITE,174,0,0,0,0,0,0,0,0,0,0,1,0,52544-0936-28
42192-0353-60_RXNAVIMAGE10_9B3BCDEE_1.jpg,OVAL,BROWN,7,OVAL_BROWN,125,0,0,1,0,0,0,0,0,0,0,0,0,42192-0353-60
42192-0353-60_RXNAVIMAGE10_9B3BCDEE_2.jpg,OVAL,BROWN,7,OVAL_BROWN,125,0,0,1,0,0,0,0,0,0,0,0,0,42192-0353-60
53746-0465-05_RXNAVIMAGE10_C515E2BF_1.jpg,OVAL,WHITE,7,OVAL_WHITE,139,0,0,0,0,0,0,0,0,0,0,1,0,53746-0465-05
53746-0465-05_RXNAVIMAGE10_C515E2BF_2.jpg,OVAL,WHITE,7,OVAL_WHITE,139,0,0,0,0,0,0,0,0,0,0,1,0,53746-0465-05
59762-6721-01_RXNAVIMAGE10_5F4EAF95_1.jpg,OVAL,WHITE,7,OVAL_WHITE,139,0,0,0,0,0,0,0,0,0,0,1,0,59762-6721-01
59762-6721-01_RXNAVIMAGE10_5F4EAF95_2.jpg,OVAL,WHITE,7,OVAL_WHITE,139,0,0,0,0,0,0,0,0,0,0,1,0,59762-6721-01
00378-2180-01_RXNAVIMAGE10_8F23479A_1.jpg,OVAL,BLUE,7,OVAL_BLUE,123,0,1,0,0,0,0,0,0,0,0,0,0,00378-2180-01
00378-2180-01_RXNAVIMAGE10_8F23479A_2.jpg,OVAL,BLUE,7,OVAL_BLUE,123,0,1,0,0,0,0,0,0,0,0,0,0,00378-2180-01
00003-4214-21_RXNAVIMAGE10_1A1B8D0C_1.jpg,ROUND,YELLOW,10,ROUND_YELLOW,178,0,0,0,0,0,0,0,0,0,0,0,1,00003-4214-21
00003-4214-21_RXNAVIMAGE10_1A1B8D0C_2.jpg,ROUND,YELLOW,10,ROUND_YELLOW,178,0,0,0,0,0,0,0,0,0,0,0,1,00003-4214-21
23155-0054-19_RXNAVIMAGE10_614530F9_1.jpg,ROUND,YELLOW,10,ROUND_YELLOW,178,0,0,0,0,0,0,0,0,0,0,0,1,23155-0054-19
23155-0054-19_RXNAVIMAGE10_614530F9_2.jpg,ROUND,YELLOW,10,ROUND_YELLOW,178,0,0,0,0,0,0,0,0,0,0,0,1,23155-0054-19
51285-0524-02_RXNAVIMAGE10_582F2C29_1.jpg,ROUND,WHITE,10,ROUND_WHITE,174,0,0,0,0,0,0,0,0,0,0,1,0,51285-0524-02
51285-0524-02_RXNAVIMAGE10_582F2C29_2.jpg,ROUND,WHITE,10,ROUND_WHITE,174,0,0,0,0,0,0,0,0,0,0,1,0,51285-0524-02
42794-0018-02_RXNAVIMAGE10_533CA9A5_1.jpg,ROUND,WHITE,10,ROUND_WHITE,174,0,0,0,0,0,0,0,0,0,0,1,0,42794-0018-02
42794-0018-02_RXNAVIMAGE10_533CA9A5_2.jpg,ROUND,WHITE,10,ROUND_WHITE,174,0,0,0,0,0,0,0,0,0,0,1,0,42794-0018-02
69097-0123-03_RXNAVIMAGE10_8D4EC6D6_1.jpg,ROUND,ORANGE,10,ROUND_ORANGE,166,0,0,0,0,0,1,0,0,0,0,0,0,69097-0123-03
69097-0123-03_RXNAVIMAGE10_8D4EC6D6_2.jpg,ROUND,ORANGE,10,ROUND_ORANGE,166,0,0,0,0,0,1,0,0,0,0,0,0,69097-0123-03
00115-1460-10_RXNAVIMAGE10_37459BDC_1.jpg,CAPSULE,"YELLOW, BLUE",1,"CAPSULE_YELLOW, BLUE",96,0,1,0,0,0,0,0,0,0,0,0,1,00115-1460-10
00115-1460-10_RXNAVIMAGE10_37459BDC_2.jpg,CAPSULE,"YELLOW, BLUE",1,"CAPSULE_YELLOW, BLUE",96,0,1,0,0,0,0,0,0,0,0,0,1,00115-1460-10
00178-0615-01_RXNAVIMAGE10_581DAC0D_1.jpg,OVAL,YELLOW,7,OVAL_YELLOW,145,0,0,0,0,0,0,0,0,0,0,0,1,00178-0615-01
00178-0615-01_RXNAVIMAGE10_581DAC0D_2.jpg,OVAL,YELLOW,7,OVAL_YELLOW,145,0,0,0,0,0,0,0,0,0,0,0,1,00178-0615-01
53746-0464-05_RXNAVIMAGE10_1007884C_1.jpg,ROUND,WHITE,10,ROUND_WHITE,174,0,0,0,0,0,0,0,0,0,0,1,0,53746-0464-05
53746-0464-05_RXNAVIMAGE10_1007884C_2.jpg,ROUND,WHITE,10,ROUND_WHITE,174,0,0,0,0,0,0,0,0,0,0,1,0,53746-0464-05
00093-2140-62_RXNAVIMAGE10_934A4992_1.jpg,ROUND,BLUE,10,ROUND_BLUE,160,0,1,0,0,0,0,0,0,0,0,0,0,00093-2140-62
00093-2140-62_RXNAVIMAGE10_934A4992_2.jpg,ROUND,BLUE,10,ROUND_BLUE,160,0,1,0,0,0,0,0,0,0,0,0,0,00093-2140-62
52544-0692-19_RXNAVIMAGE10_123A8924_1.jpg,OVAL,WHITE,7,OVAL_WHITE,139,0,0,0,0,0,0,0,0,0,0,1,0,52544-0692-19
52544-0692-19_RXNAVIMAGE10_123A8924_2.jpg,OVAL,WHITE,7,OVAL_WHITE,139,0,0,0,0,0,0,0,0,0,0,1,0,52544-0692-19
00054-0222-25_RXNAVIMAGE10_F54AFAC7_1.jpg,ROUND,WHITE,10,ROUND_WHITE,174,0,0,0,0,0,0,0,0,0,0,1,0,00054-0222-25
00054-0222-25_RXNAVIMAGE10_F54AFAC7_2.jpg,ROUND,WHITE,10,ROUND_WHITE,174,0,0,0,0,0,0,0,0,0,0,1,0,00054-0222-25
00378-5123-01_RXNAVIMAGE10_D223E93F_1.jpg,ROUND,ORANGE,10,ROUND_ORANGE,166,0,0,0,0,0,1,0,0,0,0,0,0,00378-5123-01
00378-5123-01_RXNAVIMAGE10_D223E93F_2.jpg,ROUND,ORANGE,10,ROUND_ORANGE,166,0,0,0,0,0,1,0,0,0,0,0,0,00378-5123-01
00054-0079-28_RXNAVIMAGE10_F251790B_1.jpg,CAPSULE,ORANGE,1,CAPSULE_ORANGE,44,0,0,0,0,0,1,0,0,0,0,0,0,00054-0079-28
00054-0079-28_RXNAVIMAGE10_F251790B_2.jpg,CAPSULE,ORANGE,1,CAPSULE_ORANGE,44,0,0,0,0,0,1,0,0,0,0,0,0,00054-0079-28
00093-1716-01_RXNAVIMAGE10_4843A46D_1.jpg,OVAL,BLUE,7,OVAL_BLUE,123,0,1,0,0,0,0,0,0,0,0,0,0,00093-1716-01
00093-1716-01_RXNAVIMAGE10_4843A46D_2.jpg,OVAL,BLUE,7,OVAL_BLUE,123,0,1,0,0,0,0,0,0,0,0,0,0,00093-1716-01
00078-0383-34_RXNAVIMAGE10_0E15870C_1.jpg,OVAL,BROWN,7,OVAL_BROWN,125,0,0,1,0,0,0,0,0,0,0,0,0,00078-0383-34
00078-0383-34_RXNAVIMAGE10_0E15870C_2.jpg,OVAL,BROWN,7,OVAL_BROWN,125,0,0,1,0,0,0,0,0,0,0,0,0,00078-0383-34
00310-0751-90_RXNAVIMAGE10_8D1346AA_1.jpg,ROUND,PINK,10,ROUND_PINK,168,0,0,0,0,0,0,1,0,0,0,0,0,00310-0751-90
00310-0751-90_RXNAVIMAGE10_8D1346AA_2.jpg,ROUND,PINK,10,ROUND_PINK,168,0,0,0,0,0,0,1,0,0,0,0,0,00310-0751-90
00093-0051-01_RXNAVIMAGE10_3E281F50_1.jpg,OVAL,WHITE,7,OVAL_WHITE,139,0,0,0,0,0,0,0,0,0,0,1,0,00093-0051-01
00093-0051-01_RXNAVIMAGE10_3E281F50_2.jpg,OVAL,WHITE,7,OVAL_WHITE,139,0,0,0,0,0,0,0,0,0,0,1,0,00093-0051-01
00378-0208-01_RXNAVIMAGE10_99204CF2_1.jpg,ROUND,WHITE,10,ROUND_WHITE,174,0,0,0,0,0,0,0,0,0,0,1,0,00378-0208-01
00378-0208-01_RXNAVIMAGE10_99204CF2_2.jpg,ROUND,WHITE,10,ROUND_WHITE,174,0,0,0,0,0,0,0,0,0,0,1,0,00378-0208-01
52544-0691-19_RXNAVIMAGE10_FC157E0B_1.jpg,OVAL,WHITE,7,OVAL_WHITE,139,0,0,0,0,0,0,0,0,0,0,1,0,52544-0691-19
52544-0691-19_RXNAVIMAGE10_FC157E0B_2.jpg,OVAL,WHITE,7,OVAL_WHITE,139,0,0,0,0,0,0,0,0,0,0,1,0,52544-0691-19
49884-0829-05_RXNAVIMAGE10_5639AB2D_1.jpg,CAPSULE,GRAY,1,CAPSULE_GRAY,22,0,0,0,1,0,0,0,0,0,0,0,0,49884-0829-05
49884-0829-05_RXNAVIMAGE10_5639AB2D_2.jpg,CAPSULE,GRAY,1,CAPSULE_GRAY,22,0,0,0,1,0,0,0,0,0,0,0,0,49884-0829-05
00173-0778-61_RXNAVIMAGE10_E91974FB_1.jpg,ROUND,WHITE,10,ROUND_WHITE,174,0,0,0,0,0,0,0,0,0,0,1,0,00173-0778-61
00173-0778-61_RXNAVIMAGE10_E91974FB_2.jpg,ROUND,WHITE,10,ROUND_WHITE,174,0,0,0,0,0,0,0,0,0,0,1,0,00173-0778-61
00093-0711-01_RXNAVIMAGE10_7E2B3F69_1.jpg,ROUND,BLUE,10,ROUND_BLUE,160,0,1,0,0,0,0,0,0,0,0,0,0,00093-0711-01
00093-0711-01_RXNAVIMAGE10_7E2B3F69_2.jpg,ROUND,BLUE,10,ROUND_BLUE,160,0,1,0,0,0,0,0,0,0,0,0,0,00093-0711-01
52544-0629-28_RXNAVIMAGE10_0A49857C_1.jpg,ROUND,WHITE,10,ROUND_WHITE,174,0,0,0,0,0,0,0,0,0,0,1,0,52544-0629-28
52544-0629-28_RXNAVIMAGE10_0A49857C_2.jpg,ROUND,WHITE,10,ROUND_WHITE,174,0,0,0,0,0,0,0,0,0,0,1,0,52544-0629-28
00045-0650-60_RXNAVIMAGE10_EC127653_1.jpg,OVAL,YELLOW,7,OVAL_YELLOW,145,0,0,0,0,0,0,0,0,0,0,0,1,00045-0650-60
00045-0650-60_RXNAVIMAGE10_EC127653_2.jpg,OVAL,YELLOW,7,OVAL_YELLOW,145,0,0,0,0,0,0,0,0,0,0,0,1,00045-0650-60
00093-5423-28_RXNAVIMAGE10_D035E80F_1.jpg,ROUND,PINK,10,ROUND_PINK,168,0,0,0,0,0,0,1,0,0,0,0,0,00093-5423-28
00093-5423-28_RXNAVIMAGE10_D035E80F_2.jpg,ROUND,PINK,10,ROUND_PINK,168,0,0,0,0,0,0,1,0,0,0,0,0,00093-5423-28
51285-0091-58_RXNAVIMAGE10_8F2DC79E_1.jpg,ROUND,PINK,10,ROUND_PINK,168,0,0,0,0,0,0,1,0,0,0,0,0,51285-0091-58
51285-0091-58_RXNAVIMAGE10_8F2DC79E_2.jpg,ROUND,PINK,10,ROUND_PINK,168,0,0,0,0,0,0,1,0,0,0,0,0,51285-0091-58
00093-7443-56_RXNAVIMAGE10_052702B8_1.jpg,CAPSULE,"YELLOW, PINK",1,"CAPSULE_YELLOW, PINK",100,0,0,0,0,0,0,1,0,0,0,0,1,00093-7443-56
00093-7443-56_RXNAVIMAGE10_052702B8_2.jpg,CAPSULE,"YELLOW, PINK",1,"CAPSULE_YELLOW, PINK",100,0,0,0,0,0,0,1,0,0,0,0,1,00093-7443-56
44946-1015-03_RXNAVIMAGE10_4008A035_1.jpg,ROUND,WHITE,10,ROUND_WHITE,174,0,0,0,0,0,0,0,0,0,0,1,0,44946-1015-03
44946-1015-03_RXNAVIMAGE10_4008A035_2.jpg,ROUND,WHITE,10,ROUND_WHITE,174,0,0,0,0,0,0,0,0,0,0,1,0,44946-1015-03
67253-0900-11_RXNAVIMAGE10_4104A0C5_1.jpg,OVAL,WHITE,7,OVAL_WHITE,139,0,0,0,0,0,0,0,0,0,0,1,0,67253-0900-11
67253-0900-11_RXNAVIMAGE10_4104A0C5_2.jpg,OVAL,WHITE,7,OVAL_WHITE,139,0,0,0,0,0,0,0,0,0,0,1,0,67253-0900-11
00007-3373-13_RXNAVIMAGE10_AC13566A_1.jpg,CAPSULE,WHITE,1,CAPSULE_WHITE,81,0,0,0,0,0,0,0,0,0,0,1,0,00007-3373-13
00007-3373-13_RXNAVIMAGE10_AC13566A_2.jpg,CAPSULE,WHITE,1,CAPSULE_WHITE,81,0,0,0,0,0,0,0,0,0,0,1,0,00007-3373-13
00093-7241-06_RXNAVIMAGE10_8B2945BA_1.jpg,ROUND,ORANGE,10,ROUND_ORANGE,166,0,0,0,0,0,1,0,0,0,0,0,0,00093-7241-06
00093-7241-06_RXNAVIMAGE10_8B2945BA_2.jpg,ROUND,ORANGE,10,ROUND_ORANGE,166,0,0,0,0,0,1,0,0,0,0,0,0,00093-7241-06
00781-5988-01_RXNAVIMAGE10_A43DD27E_1.jpg,ROUND,BROWN,10,ROUND_BROWN,162,0,0,1,0,0,0,0,0,0,0,0,0,00781-5988-01
00781-5988-01_RXNAVIMAGE10_A43DD27E_2.jpg,ROUND,BROWN,10,ROUND_BROWN,162,0,0,1,0,0,0,0,0,0,0,0,0,00781-5988-01
64980-0111-01_RXNAVIMAGE10_98234C1A_1.jpg,ROUND,WHITE,10,ROUND_WHITE,174,0,0,0,0,0,0,0,0,0,0,1,0,64980-0111-01
64980-0111-01_RXNAVIMAGE10_98234C1A_2.jpg,ROUND,WHITE,10,ROUND_WHITE,174,0,0,0,0,0,0,0,0,0,0,1,0,64980-0111-01
00074-4341-13_RXNAVIMAGE10_50162871_1.jpg,ROUND,ORANGE,10,ROUND_ORANGE,166,0,0,0,0,0,1,0,0,0,0,0,0,00074-4341-13
00074-4341-13_RXNAVIMAGE10_50162871_2.jpg,ROUND,ORANGE,10,ROUND_ORANGE,166,0,0,0,0,0,1,0,0,0,0,0,0,00074-4341-13
00603-2130-28_RXNAVIMAGE10_B012D806_1.jpg,OVAL,WHITE,7,OVAL_WHITE,139,0,0,0,0,0,0,0,0,0,0,1,0,00603-2130-28
00603-2130-28_RXNAVIMAGE10_B012D806_2.jpg,OVAL,WHITE,7,OVAL_WHITE,139,0,0,0,0,0,0,0,0,0,0,1,0,00603-2130-28
00378-2004-93_RXNAVIMAGE10_D8086C73_1.jpg,ROUND,PURPLE,10,ROUND_PURPLE,171,0,0,0,0,0,0,0,1,0,0,0,0,00378-2004-93
00378-2004-93_RXNAVIMAGE10_D8086C73_2.jpg,ROUND,PURPLE,10,ROUND_PURPLE,171,0,0,0,0,0,0,0,1,0,0,0,0,00378-2004-93
00143-9740-01_RXNAVIMAGE10_E249716B_1.jpg,ROUND,WHITE,10,ROUND_WHITE,174,0,0,0,0,0,0,0,0,0,0,1,0,00143-9740-01
00143-9740-01_RXNAVIMAGE10_E249716B_2.jpg,ROUND,WHITE,10,ROUND_WHITE,174,0,0,0,0,0,0,0,0,0,0,1,0,00143-9740-01
68462-0110-60_RXNAVIMAGE10_884EC466_1.jpg,ROUND,PINK,10,ROUND_PINK,168,0,0,0,0,0,0,1,0,0,0,0,0,68462-0110-60
68462-0110-60_RXNAVIMAGE10_884EC466_2.jpg,ROUND,PINK,10,ROUND_PINK,168,0,0,0,0,0,0,1,0,0,0,0,0,68462-0110-60
00603-3078-28_RXNAVIMAGE10_8005405A_1.jpg,ROUND,ORANGE,10,ROUND_ORANGE,166,0,0,0,0,0,1,0,0,0,0,0,0,00603-3078-28
00603-3078-28_RXNAVIMAGE10_8005405A_2.jpg,ROUND,ORANGE,10,ROUND_ORANGE,166,0,0,0,0,0,1,0,0,0,0,0,0,00603-3078-28
53489-0591-01_RXNAVIMAGE10_3E339F6C_1.jpg,ROUND,WHITE,10,ROUND_WHITE,174,0,0,0,0,0,0,0,0,0,0,1,0,53489-0591-01
53489-0591-01_RXNAVIMAGE10_3E339F6C_2.jpg,ROUND,WHITE,10,ROUND_WHITE,174,0,0,0,0,0,0,0,0,0,0,1,0,53489-0591-01
00093-7437-01_RXNAVIMAGE10_80304022_1.jpg,CAPSULE,PINK,1,CAPSULE_PINK,52,0,0,0,0,0,0,1,0,0,0,0,0,00093-7437-01
00093-7437-01_RXNAVIMAGE10_80304022_2.jpg,CAPSULE,PINK,1,CAPSULE_PINK,52,0,0,0,0,0,0,1,0,0,0,0,0,00093-7437-01
42192-0353-60_RXNAVIMAGE10_963BCB7E_1.jpg,OVAL,YELLOW,7,OVAL_YELLOW,145,0,0,0,0,0,0,0,0,0,0,0,1,42192-0353-60
42192-0353-60_RXNAVIMAGE10_963BCB7E_2.jpg,OVAL,YELLOW,7,OVAL_YELLOW,145,0,0,0,0,0,0,0,0,0,0,0,1,42192-0353-60
51672-4046-01_RXNAVIMAGE10_0005807C_1.jpg,OVAL,PINK,7,OVAL_PINK,133,0,0,0,0,0,0,1,0,0,0,0,0,51672-4046-01
51672-4046-01_RXNAVIMAGE10_0005807C_2.jpg,OVAL,PINK,7,OVAL_PINK,133,0,0,0,0,0,0,1,0,0,0,0,0,51672-4046-01
61971-0115-05_RXNAVIMAGE10_055082D4_1.jpg,ROUND,WHITE,10,ROUND_WHITE,174,0,0,0,0,0,0,0,0,0,0,1,0,61971-0115-05
61971-0115-05_RXNAVIMAGE10_055082D4_2.jpg,ROUND,WHITE,10,ROUND_WHITE,174,0,0,0,0,0,0,0,0,0,0,1,0,61971-0115-05
64764-0560-30_RXNAVIMAGE10_5A3A2D71_1.jpg,TEAR,YELLOW,13,TEAR_YELLOW,193,0,0,0,0,0,0,0,0,0,0,0,1,64764-0560-30
64764-0560-30_RXNAVIMAGE10_5A3A2D71_2.jpg,TEAR,YELLOW,13,TEAR_YELLOW,193,0,0,0,0,0,0,0,0,0,0,0,1,64764-0560-30
59762-0156-01_RXNAVIMAGE10_093A84A4_1.jpg,OVAL,WHITE,7,OVAL_WHITE,139,0,0,0,0,0,0,0,0,0,0,1,0,59762-0156-01
59762-0156-01_RXNAVIMAGE10_093A84A4_2.jpg,OVAL,WHITE,7,OVAL_WHITE,139,0,0,0,0,0,0,0,0,0,0,1,0,59762-0156-01
00378-2076-01_RXNAVIMAGE10_5A23AD6D_1.jpg,ROUND,GREEN,10,ROUND_GREEN,164,0,0,0,0,1,0,0,0,0,0,0,0,00378-2076-01
00378-2076-01_RXNAVIMAGE10_5A23AD6D_2.jpg,ROUND,GREEN,10,ROUND_GREEN,164,0,0,0,0,1,0,0,0,0,0,0,0,00378-2076-01
00093-2240-01_RXNAVIMAGE10_811940DA_1.jpg,OVAL,WHITE,7,OVAL_WHITE,139,0,0,0,0,0,0,0,0,0,0,1,0,00093-2240-01
00093-2240-01_RXNAVIMAGE10_811940DA_2.jpg,OVAL,WHITE,7,OVAL_WHITE,139,0,0,0,0,0,0,0,0,0,0,1,0,00093-2240-01
68382-0023-01_RXNAVIMAGE10_452022C1_1.jpg,ROUND,WHITE,10,ROUND_WHITE,174,0,0,0,0,0,0,0,0,0,0,1,0,68382-0023-01
68382-0023-01_RXNAVIMAGE10_452022C1_2.jpg,ROUND,WHITE,10,ROUND_WHITE,174,0,0,0,0,0,0,0,0,0,0,1,0,68382-0023-01
51079-0673-06_RXNAVIMAGE10_C01B600B_1.jpg,OVAL,WHITE,7,OVAL_WHITE,139,0,0,0,0,0,0,0,0,0,0,1,0,51079-0673-06
51079-0673-06_RXNAVIMAGE10_C01B600B_2.jpg,OVAL,WHITE,7,OVAL_WHITE,139,0,0,0,0,0,0,0,0,0,0,1,0,51079-0673-06
00093-7772-01_RXNAVIMAGE10_242D1278_1.jpg,ROUND,YELLOW,10,ROUND_YELLOW,178,0,0,0,0,0,0,0,0,0,0,0,1,00093-7772-01
00093-7772-01_RXNAVIMAGE10_242D1278_2.jpg,ROUND,YELLOW,10,ROUND_YELLOW,178,0,0,0,0,0,0,0,0,0,0,0,1,00093-7772-01
51672-4016-01_RXNAVIMAGE10_09268484_1.jpg,CAPSULE,PINK,1,CAPSULE_PINK,52,0,0,0,0,0,0,1,0,0,0,0,0,51672-4016-01
51672-4016-01_RXNAVIMAGE10_09268484_2.jpg,CAPSULE,PINK,1,CAPSULE_PINK,52,0,0,0,0,0,0,1,0,0,0,0,0,51672-4016-01
00555-1883-02_RXNAVIMAGE10_92324902_1.jpg,OVAL,YELLOW,7,OVAL_YELLOW,145,0,0,0,0,0,0,0,0,0,0,0,1,00555-1883-02
00555-1883-02_RXNAVIMAGE10_92324902_2.jpg,OVAL,YELLOW,7,OVAL_YELLOW,145,0,0,0,0,0,0,0,0,0,0,0,1,00555-1883-02
00603-4110-21_RXNAVIMAGE10_2649935C_1.jpg,OVAL,WHITE,7,OVAL_WHITE,139,0,0,0,0,0,0,0,0,0,0,1,0,00603-4110-21
00603-4110-21_RXNAVIMAGE10_2649935C_2.jpg,OVAL,WHITE,7,OVAL_WHITE,139,0,0,0,0,0,0,0,0,0,0,1,0,00603-4110-21
50844-0291-08_RXNAVIMAGE10_6335B1AD_1.jpg,ROUND,RED,10,ROUND_RED,172,0,0,0,0,0,0,0,0,1,0,0,0,50844-0291-08
50844-0291-08_RXNAVIMAGE10_6335B1AD_2.jpg,ROUND,RED,10,ROUND_RED,172,0,0,0,0,0,0,0,0,1,0,0,0,50844-0291-08
62756-0185-88_RXNAVIMAGE10_BE085F22_1.jpg,OVAL,YELLOW,7,OVAL_YELLOW,145,0,0,0,0,0,0,0,0,0,0,0,1,62756-0185-88
62756-0185-88_RXNAVIMAGE10_BE085F22_2.jpg,OVAL,YELLOW,7,OVAL_YELLOW,145,0,0,0,0,0,0,0,0,0,0,0,1,62756-0185-88
00591-0862-01_RXNAVIMAGE10_68203401_1.jpg,ROUND,PINK,10,ROUND_PINK,168,0,0,0,0,0,0,1,0,0,0,0,0,00591-0862-01
00591-0862-01_RXNAVIMAGE10_68203401_2.jpg,ROUND,PINK,10,ROUND_PINK,168,0,0,0,0,0,0,1,0,0,0,0,0,00591-0862-01
00054-4496-25_RXNAVIMAGE10_773BBBED_1.jpg,ROUND,WHITE,10,ROUND_WHITE,174,0,0,0,0,0,0,0,0,0,0,1,0,00054-4496-25
00054-4496-25_RXNAVIMAGE10_773BBBED_2.jpg,ROUND,WHITE,10,ROUND_WHITE,174,0,0,0,0,0,0,0,0,0,0,1,0,00054-4496-25
00591-3543-76_RXNAVIMAGE10_4B4625D1_1.jpg,ROUND,WHITE,10,ROUND_WHITE,174,0,0,0,0,0,0,0,0,0,0,1,0,00591-3543-76
00591-3543-76_RXNAVIMAGE10_4B4625D1_2.jpg,ROUND,WHITE,10,ROUND_WHITE,174,0,0,0,0,0,0,0,0,0,0,1,0,00591-3543-76
16252-0571-01_RXNAVIMAGE10_733CB9F5_1.jpg,CAPSULE,"ORANGE, WHITE",1,"CAPSULE_ORANGE, WHITE",50,0,0,0,0,0,1,0,0,0,0,1,0,16252-0571-01
16252-0571-01_RXNAVIMAGE10_733CB9F5_2.jpg,CAPSULE,"ORANGE, WHITE",1,"CAPSULE_ORANGE, WHITE",50,0,0,0,0,0,1,0,0,0,0,1,0,16252-0571-01
16252-0505-90_RXNAVIMAGE10_340E9A34_1.jpg,ROUND,WHITE,10,ROUND_WHITE,174,0,0,0,0,0,0,0,0,0,0,1,0,16252-0505-90
16252-0505-90_RXNAVIMAGE10_340E9A34_2.jpg,ROUND,WHITE,10,ROUND_WHITE,174,0,0,0,0,0,0,0,0,0,0,1,0,16252-0505-90
13811-0684-30_RXNAVIMAGE10_2C51964C_1.jpg,ROUND,WHITE,10,ROUND_WHITE,174,0,0,0,0,0,0,0,0,0,0,1,0,13811-0684-30
13811-0684-30_RXNAVIMAGE10_2C51964C_2.jpg,ROUND,WHITE,10,ROUND_WHITE,174,0,0,0,0,0,0,0,0,0,0,1,0,13811-0684-30
52544-0550-28_RXNAVIMAGE10_50502871_1.jpg,ROUND,WHITE,10,ROUND_WHITE,174,0,0,0,0,0,0,0,0,0,0,1,0,52544-0550-28
52544-0550-28_RXNAVIMAGE10_50502871_2.jpg,ROUND,WHITE,10,ROUND_WHITE,174,0,0,0,0,0,0,0,0,0,0,1,0,52544-0550-28
55111-0129-60_RXNAVIMAGE10_B051D81E_1.jpg,CAPSULE,BROWN,1,CAPSULE_BROWN,18,0,0,1,0,0,0,0,0,0,0,0,0,55111-0129-60
55111-0129-60_RXNAVIMAGE10_B051D81E_2.jpg,CAPSULE,BROWN,1,CAPSULE_BROWN,18,0,0,1,0,0,0,0,0,0,0,0,0,55111-0129-60
00093-7267-01_RXNAVIMAGE10_DF2FEFEF_1.jpg,OVAL,WHITE,7,OVAL_WHITE,139,0,0,0,0,0,0,0,0,0,0,1,0,00093-7267-01
00093-7267-01_RXNAVIMAGE10_DF2FEFEF_2.jpg,OVAL,WHITE,7,OVAL_WHITE,139,0,0,0,0,0,0,0,0,0,0,1,0,00093-7267-01
00056-0169-70_RXNAVIMAGE10_931349AA_1.jpg,ROUND,PINK,10,ROUND_PINK,168,0,0,0,0,0,0,1,0,0,0,0,0,00056-0169-70
00056-0169-70_RXNAVIMAGE10_931349AA_2.jpg,ROUND,PINK,10,ROUND_PINK,168,0,0,0,0,0,0,1,0,0,0,0,0,00056-0169-70
00378-1054-01_RXNAVIMAGE10_133489F4_1.jpg,ROUND,BLUE,10,ROUND_BLUE,160,0,1,0,0,0,0,0,0,0,0,0,0,00378-1054-01
00378-1054-01_RXNAVIMAGE10_133489F4_2.jpg,ROUND,BLUE,10,ROUND_BLUE,160,0,1,0,0,0,0,0,0,0,0,0,0,00378-1054-01
51285-0126-98_RXNAVIMAGE10_9842CC36_1.jpg,ROUND,YELLOW,10,ROUND_YELLOW,178,0,0,0,0,0,0,0,0,0,0,0,1,51285-0126-98
51285-0126-98_RXNAVIMAGE10_9842CC36_2.jpg,ROUND,YELLOW,10,ROUND_YELLOW,178,0,0,0,0,0,0,0,0,0,0,0,1,51285-0126-98
00603-4213-21_RXNAVIMAGE10_2C449614_1.jpg,ROUND,WHITE,10,ROUND_WHITE,174,0,0,0,0,0,0,0,0,0,0,1,0,00603-4213-21
00603-4213-21_RXNAVIMAGE10_2C449614_2.jpg,ROUND,WHITE,10,ROUND_WHITE,174,0,0,0,0,0,0,0,0,0,0,1,0,00603-4213-21
00093-7474-89_RXNAVIMAGE10_6E3CB725_1.jpg,OVAL,ORANGE,7,OVAL_ORANGE,130,0,0,0,0,0,1,0,0,0,0,0,0,00093-7474-89
00093-7474-89_RXNAVIMAGE10_6E3CB725_2.jpg,OVAL,ORANGE,7,OVAL_ORANGE,130,0,0,0,0,0,1,0,0,0,0,0,0,00093-7474-89
00093-5562-01_RXNAVIMAGE10_B241D90E_1.jpg,CAPSULE,"TURQUOISE, WHITE",1,"CAPSULE_TURQUOISE, WHITE",80,0,0,0,0,0,0,0,0,0,1,1,0,00093-5562-01
00093-5562-01_RXNAVIMAGE10_B241D90E_2.jpg,CAPSULE,"TURQUOISE, WHITE",1,"CAPSULE_TURQUOISE, WHITE",80,0,0,0,0,0,0,0,0,0,1,1,0,00093-5562-01
00378-3066-77_RXNAVIMAGE10_EE4F777B_1.jpg,OVAL,WHITE,7,OVAL_WHITE,139,0,0,0,0,0,0,0,0,0,0,1,0,00378-3066-77
00378-3066-77_RXNAVIMAGE10_EE4F777B_2.jpg,OVAL,WHITE,7,OVAL_WHITE,139,0,0,0,0,0,0,0,0,0,0,1,0,00378-3066-77
68462-0160-01_RXNAVIMAGE10_B123D88E_1.jpg,ROUND,WHITE,10,ROUND_WHITE,174,0,0,0,0,0,0,0,0,0,0,1,0,68462-0160-01
68462-0160-01_RXNAVIMAGE10_B123D88E_2.jpg,ROUND,WHITE,10,ROUND_WHITE,174,0,0,0,0,0,0,0,0,0,0,1,0,68462-0160-01
00093-5711-01_RXNAVIMAGE10_3A2B9D5C_1.jpg,OVAL,ORANGE,7,OVAL_ORANGE,130,0,0,0,0,0,1,0,0,0,0,0,0,00093-5711-01
00093-5711-01_RXNAVIMAGE10_3A2B9D5C_2.jpg,OVAL,ORANGE,7,OVAL_ORANGE,130,0,0,0,0,0,1,0,0,0,0,0,0,00093-5711-01
33342-0121-10_RXNAVIMAGE10_2547928C_1.jpg,ROUND,WHITE,10,ROUND_WHITE,174,0,0,0,0,0,0,0,0,0,0,1,0,33342-0121-10
33342-0121-10_RXNAVIMAGE10_2547928C_2.jpg,ROUND,WHITE,10,ROUND_WHITE,174,0,0,0,0,0,0,0,0,0,0,1,0,33342-0121-10
59762-5026-01_RXNAVIMAGE10_26349324_1.jpg,CAPSULE,WHITE,1,CAPSULE_WHITE,81,0,0,0,0,0,0,0,0,0,0,1,0,59762-5026-01
59762-5026-01_RXNAVIMAGE10_26349324_2.jpg,CAPSULE,WHITE,1,CAPSULE_WHITE,81,0,0,0,0,0,0,0,0,0,0,1,0,59762-5026-01
51672-4111-01_RXNAVIMAGE10_3C349E34_1.jpg,CAPSULE,ORANGE,1,CAPSULE_ORANGE,44,0,0,0,0,0,1,0,0,0,0,0,0,51672-4111-01
51672-4111-01_RXNAVIMAGE10_3C349E34_2.jpg,CAPSULE,ORANGE,1,CAPSULE_ORANGE,44,0,0,0,0,0,1,0,0,0,0,0,0,51672-4111-01
50111-0470-01_RXNAVIMAGE10_FB2FFDFF_1.jpg,ROUND,PINK,10,ROUND_PINK,168,0,0,0,0,0,0,1,0,0,0,0,0,50111-0470-01
50111-0470-01_RXNAVIMAGE10_FB2FFDFF_2.jpg,ROUND,PINK,10,ROUND_PINK,168,0,0,0,0,0,0,1,0,0,0,0,0,50111-0470-01
00781-1818-01_RXNAVIMAGE10_A6325352_1.jpg,ROUND,WHITE,10,ROUND_WHITE,174,0,0,0,0,0,0,0,0,0,0,1,0,00781-1818-01
00781-1818-01_RXNAVIMAGE10_A6325352_2.jpg,ROUND,WHITE,10,ROUND_WHITE,174,0,0,0,0,0,0,0,0,0,0,1,0,00781-1818-01
00093-5035-01_RXNAVIMAGE10_472DA39D_1.jpg,ROUND,WHITE,10,ROUND_WHITE,174,0,0,0,0,0,0,0,0,0,0,1,0,00093-5035-01
00093-5035-01_RXNAVIMAGE10_472DA39D_2.jpg,ROUND,WHITE,10,ROUND_WHITE,174,0,0,0,0,0,0,0,0,0,0,1,0,00093-5035-01
00378-1101-01_RXNAVIMAGE10_F20E7963_1.jpg,CAPSULE,"GREEN, BROWN",1,"CAPSULE_GREEN, BROWN",35,0,0,1,0,1,0,0,0,0,0,0,0,00378-1101-01
00378-1101-01_RXNAVIMAGE10_F20E7963_2.jpg,CAPSULE,"GREEN, BROWN",1,"CAPSULE_GREEN, BROWN",35,0,0,1,0,1,0,0,0,0,0,0,0,00378-1101-01
00555-0953-02_RXNAVIMAGE10_E341F1CF_1.jpg,ROUND,PINK,10,ROUND_PINK,168,0,0,0,0,0,0,1,0,0,0,0,0,00555-0953-02
00555-0953-02_RXNAVIMAGE10_E341F1CF_2.jpg,ROUND,PINK,10,ROUND_PINK,168,0,0,0,0,0,0,1,0,0,0,0,0,00555-0953-02
00378-1901-01_RXNAVIMAGE10_DB45EDCF_1.jpg,ROUND,WHITE,10,ROUND_WHITE,174,0,0,0,0,0,0,0,0,0,0,1,0,00378-1901-01
00378-1901-01_RXNAVIMAGE10_DB45EDCF_2.jpg,ROUND,WHITE,10,ROUND_WHITE,174,0,0,0,0,0,0,0,0,0,0,1,0,00378-1901-01
00093-2068-01_RXNAVIMAGE10_A2405112_1.jpg,DIAMOND,WHITE,2,DIAMOND_WHITE,110,0,0,0,0,0,0,0,0,0,0,1,0,00093-2068-01
00093-2068-01_RXNAVIMAGE10_A2405112_2.jpg,DIAMOND,WHITE,2,DIAMOND_WHITE,110,0,0,0,0,0,0,0,0,0,0,1,0,00093-2068-01
69387-0100-01_RXNAVIMAGE10_634F31E9_1.jpg,OVAL,YELLOW,7,OVAL_YELLOW,145,0,0,0,0,0,0,0,0,0,0,0,1,69387-0100-01
69387-0100-01_RXNAVIMAGE10_634F31E9_2.jpg,OVAL,YELLOW,7,OVAL_YELLOW,145,0,0,0,0,0,0,0,0,0,0,0,1,69387-0100-01
00173-0778-61_RXNAVIMAGE10_EC19764B_1.jpg,ROUND,WHITE,10,ROUND_WHITE,174,0,0,0,0,0,0,0,0,0,0,1,0,00173-0778-61
00173-0778-61_RXNAVIMAGE10_EC19764B_2.jpg,ROUND,WHITE,10,ROUND_WHITE,174,0,0,0,0,0,0,0,0,0,0,1,0,00173-0778-61
31722-0377-02_RXNAVIMAGE10_513DA8AD_1.jpg,CAPSULE,"BLUE, WHITE",1,"CAPSULE_BLUE, WHITE",16,0,1,0,0,0,0,0,0,0,0,1,0,31722-0377-02
31722-0377-02_RXNAVIMAGE10_513DA8AD_2.jpg,CAPSULE,"BLUE, WHITE",1,"CAPSULE_BLUE, WHITE",16,0,1,0,0,0,0,0,0,0,0,1,0,31722-0377-02
00093-5512-89_RXNAVIMAGE10_C33661E3_1.jpg,CAPSULE,GREEN,1,CAPSULE_GREEN,32,0,0,0,0,1,0,0,0,0,0,0,0,00093-5512-89
00093-5512-89_RXNAVIMAGE10_C33661E3_2.jpg,CAPSULE,GREEN,1,CAPSULE_GREEN,32,0,0,0,0,1,0,0,0,0,0,0,0,00093-5512-89
60505-1323-09_RXNAVIMAGE10_853842C2_1.jpg,ROUND,YELLOW,10,ROUND_YELLOW,178,0,0,0,0,0,0,0,0,0,0,0,1,60505-1323-09
60505-1323-09_RXNAVIMAGE10_853842C2_2.jpg,ROUND,YELLOW,10,ROUND_YELLOW,178,0,0,0,0,0,0,0,0,0,0,0,1,60505-1323-09
00093-5214-01_RXNAVIMAGE10_5A2BAD7D_1.jpg,OVAL,WHITE,7,OVAL_WHITE,139,0,0,0,0,0,0,0,0,0,0,1,0,00093-5214-01
00093-5214-01_RXNAVIMAGE10_5A2BAD7D_2.jpg,OVAL,WHITE,7,OVAL_WHITE,139,0,0,0,0,0,0,0,0,0,0,1,0,00093-5214-01
68180-0767-06_RXNAVIMAGE10_5F4F2FA9_1.jpg,OVAL,YELLOW,7,OVAL_YELLOW,145,0,0,0,0,0,0,0,0,0,0,0,1,68180-0767-06
68180-0767-06_RXNAVIMAGE10_5F4F2FA9_2.jpg,OVAL,YELLOW,7,OVAL_YELLOW,145,0,0,0,0,0,0,0,0,0,0,0,1,68180-0767-06
65862-0143-01_RXNAVIMAGE10_1F240FD0_1.jpg,OVAL,WHITE,7,OVAL_WHITE,139,0,0,0,0,0,0,0,0,0,0,1,0,65862-0143-01
65862-0143-01_RXNAVIMAGE10_1F240FD0_2.jpg,OVAL,WHITE,7,OVAL_WHITE,139,0,0,0,0,0,0,0,0,0,0,1,0,65862-0143-01
57844-0187-01_RXNAVIMAGE10_A73553BA_1.jpg,OVAL,WHITE,7,OVAL_WHITE,139,0,0,0,0,0,0,0,0,0,0,1,0,57844-0187-01
57844-0187-01_RXNAVIMAGE10_A73553BA_2.jpg,OVAL,WHITE,7,OVAL_WHITE,139,0,0,0,0,0,0,0,0,0,0,1,0,57844-0187-01
16729-0043-01_RXNAVIMAGE10_501E2851_1.jpg,CAPSULE,PINK,1,CAPSULE_PINK,52,0,0,0,0,0,0,1,0,0,0,0,0,16729-0043-01
16729-0043-01_RXNAVIMAGE10_501E2851_2.jpg,CAPSULE,PINK,1,CAPSULE_PINK,52,0,0,0,0,0,0,1,0,0,0,0,0,16729-0043-01
00591-3544-01_RXNAVIMAGE10_A71B53DA_1.jpg,OVAL,WHITE,7,OVAL_WHITE,139,0,0,0,0,0,0,0,0,0,0,1,0,00591-3544-01
00591-3544-01_RXNAVIMAGE10_A71B53DA_2.jpg,OVAL,WHITE,7,OVAL_WHITE,139,0,0,0,0,0,0,0,0,0,0,1,0,00591-3544-01
16252-0616-30_RXNAVIMAGE10_635131F9_1.jpg,ROUND,PINK,10,ROUND_PINK,168,0,0,0,0,0,0,1,0,0,0,0,0,16252-0616-30
16252-0616-30_RXNAVIMAGE10_635131F9_2.jpg,ROUND,PINK,10,ROUND_PINK,168,0,0,0,0,0,0,1,0,0,0,0,0,16252-0616-30
59762-6690-05_RXNAVIMAGE10_96084B72_1.jpg,ROUND,PINK,10,ROUND_PINK,168,0,0,0,0,0,0,1,0,0,0,0,0,59762-6690-05
59762-6690-05_RXNAVIMAGE10_96084B72_2.jpg,ROUND,PINK,10,ROUND_PINK,168,0,0,0,0,0,0,1,0,0,0,0,0,59762-6690-05
64980-0141-06_RXNAVIMAGE10_B612DB06_1.jpg,ROUND,YELLOW,10,ROUND_YELLOW,178,0,0,0,0,0,0,0,0,0,0,0,1,64980-0141-06
64980-0141-06_RXNAVIMAGE10_B612DB06_2.jpg,ROUND,YELLOW,10,ROUND_YELLOW,178,0,0,0,0,0,0,0,0,0,0,0,1,64980-0141-06
60793-0853-01_RXNAVIMAGE10_FA087D23_1.jpg,OVAL,GREEN,7,OVAL_GREEN,129,0,0,0,0,1,0,0,0,0,0,0,0,60793-0853-01
60793-0853-01_RXNAVIMAGE10_FA087D23_2.jpg,OVAL,GREEN,7,OVAL_GREEN,129,0,0,0,0,1,0,0,0,0,0,0,0,60793-0853-01
43199-0038-01_RXNAVIMAGE10_5644AB15_1.jpg,ROUND,WHITE,10,ROUND_WHITE,174,0,0,0,0,0,0,0,0,0,0,1,0,43199-0038-01
43199-0038-01_RXNAVIMAGE10_5644AB15_2.jpg,ROUND,WHITE,10,ROUND_WHITE,174,0,0,0,0,0,0,0,0,0,0,1,0,43199-0038-01
00007-3148-13_RXNAVIMAGE10_22191168_1.jpg,TRIANGLE,PINK,15,TRIANGLE_PINK,199,0,0,0,0,0,0,1,0,0,0,0,0,00007-3148-13
00007-3148-13_RXNAVIMAGE10_22191168_2.jpg,TRIANGLE,PINK,15,TRIANGLE_PINK,199,0,0,0,0,0,0,1,0,0,0,0,0,00007-3148-13
00173-0785-01_RXNAVIMAGE10_AC18D656_1.jpg,ROUND,BROWN,10,ROUND_BROWN,162,0,0,1,0,0,0,0,0,0,0,0,0,00173-0785-01
00173-0785-01_RXNAVIMAGE10_AC18D656_2.jpg,ROUND,BROWN,10,ROUND_BROWN,162,0,0,1,0,0,0,0,0,0,0,0,0,00173-0785-01
13913-0002-13_RXNAVIMAGE10_5007A82D_1.jpg,OVAL,BLUE,7,OVAL_BLUE,123,0,1,0,0,0,0,0,0,0,0,0,0,13913-0002-13
13913-0002-13_RXNAVIMAGE10_5007A82D_2.jpg,OVAL,BLUE,7,OVAL_BLUE,123,0,1,0,0,0,0,0,0,0,0,0,0,13913-0002-13
00143-1473-01_RXNAVIMAGE10_A8205472_1.jpg,ROUND,WHITE,10,ROUND_WHITE,174,0,0,0,0,0,0,0,0,0,0,1,0,00143-1473-01
00143-1473-01_RXNAVIMAGE10_A8205472_2.jpg,ROUND,WHITE,10,ROUND_WHITE,174,0,0,0,0,0,0,0,0,0,0,1,0,00143-1473-01
00603-2540-21_RXNAVIMAGE10_45042291_1.jpg,OVAL,WHITE,7,OVAL_WHITE,139,0,0,0,0,0,0,0,0,0,0,1,0,00603-2540-21
00603-2540-21_RXNAVIMAGE10_45042291_2.jpg,OVAL,WHITE,7,OVAL_WHITE,139,0,0,0,0,0,0,0,0,0,0,1,0,00603-2540-21
65162-0537-10_RXNAVIMAGE10_8435424A_1.jpg,OVAL,YELLOW,7,OVAL_YELLOW,145,0,0,0,0,0,0,0,0,0,0,0,1,65162-0537-10
65162-0537-10_RXNAVIMAGE10_8435424A_2.jpg,OVAL,YELLOW,7,OVAL_YELLOW,145,0,0,0,0,0,0,0,0,0,0,0,1,65162-0537-10
00093-8344-10_RXNAVIMAGE10_250912F8_1.jpg,ROUND,GREEN,10,ROUND_GREEN,164,0,0,0,0,1,0,0,0,0,0,0,0,00093-8344-10
00093-8344-10_RXNAVIMAGE10_250912F8_2.jpg,ROUND,GREEN,10,ROUND_GREEN,164,0,0,0,0,1,0,0,0,0,0,0,0,00093-8344-10
00013-5301-17_RXNAVIMAGE10_691E34B1_1.jpg,CAPSULE,RED,1,CAPSULE_RED,69,0,0,0,0,0,0,0,0,1,0,0,0,00013-5301-17
00013-5301-17_RXNAVIMAGE10_691E34B1_2.jpg,CAPSULE,RED,1,CAPSULE_RED,69,0,0,0,0,0,0,0,0,1,0,0,0,00013-5301-17
00046-1104-81_RXNAVIMAGE10_AB3E55B2_1.jpg,OVAL,YELLOW,7,OVAL_YELLOW,145,0,0,0,0,0,0,0,0,0,0,0,1,00046-1104-81
00046-1104-81_RXNAVIMAGE10_AB3E55B2_2.jpg,OVAL,YELLOW,7,OVAL_YELLOW,145,0,0,0,0,0,0,0,0,0,0,0,1,00046-1104-81
64380-0741-08_RXNAVIMAGE10_5848AC25_1.jpg,RECTANGLE,WHITE,9,RECTANGLE_WHITE,159,0,0,0,0,0,0,0,0,0,0,1,0,64380-0741-08
64380-0741-08_RXNAVIMAGE10_5848AC25_2.jpg,RECTANGLE,WHITE,9,RECTANGLE_WHITE,159,0,0,0,0,0,0,0,0,0,0,1,0,64380-0741-08
00378-3857-77_RXNAVIMAGE10_FD1C7EE3_1.jpg,ROUND,WHITE,10,ROUND_WHITE,174,0,0,0,0,0,0,0,0,0,0,1,0,00378-3857-77
00378-3857-77_RXNAVIMAGE10_FD1C7EE3_2.jpg,ROUND,WHITE,10,ROUND_WHITE,174,0,0,0,0,0,0,0,0,0,0,1,0,00378-3857-77
53746-0254-01_RXNAVIMAGE10_A732D3C6_1.jpg,OVAL,YELLOW,7,OVAL_YELLOW,145,0,0,0,0,0,0,0,0,0,0,0,1,53746-0254-01
53746-0254-01_RXNAVIMAGE10_A732D3C6_2.jpg,OVAL,YELLOW,7,OVAL_YELLOW,145,0,0,0,0,0,0,0,0,0,0,0,1,53746-0254-01
00093-4356-01_RXNAVIMAGE10_0E210728_1.jpg,CAPSULE,BLUE,1,CAPSULE_BLUE,7,0,1,0,0,0,0,0,0,0,0,0,0,00093-4356-01
00093-4356-01_RXNAVIMAGE10_0E210728_2.jpg,CAPSULE,BLUE,1,CAPSULE_BLUE,7,0,1,0,0,0,0,0,0,0,0,0,0,00093-4356-01
68180-0311-01_RXNAVIMAGE10_053B828C_1.jpg,ROUND,YELLOW,10,ROUND_YELLOW,178,0,0,0,0,0,0,0,0,0,0,0,1,68180-0311-01
68180-0311-01_RXNAVIMAGE10_053B828C_2.jpg,ROUND,YELLOW,10,ROUND_YELLOW,178,0,0,0,0,0,0,0,0,0,0,0,1,68180-0311-01
00536-4544-10_RXNAVIMAGE10_3D0E9E84_1.jpg,ROUND,WHITE,10,ROUND_WHITE,174,0,0,0,0,0,0,0,0,0,0,1,0,00536-4544-10
00536-4544-10_RXNAVIMAGE10_3D0E9E84_2.jpg,ROUND,WHITE,10,ROUND_WHITE,174,0,0,0,0,0,0,0,0,0,0,1,0,00536-4544-10
49884-0403-91_RXNAVIMAGE10_3E1C9F54_1.jpg,ROUND,WHITE,10,ROUND_WHITE,174,0,0,0,0,0,0,0,0,0,0,1,0,49884-0403-91
49884-0403-91_RXNAVIMAGE10_3E1C9F54_2.jpg,ROUND,WHITE,10,ROUND_WHITE,174,0,0,0,0,0,0,0,0,0,0,1,0,49884-0403-91
00062-2085-12_RXNAVIMAGE10_06130328_1.jpg,ROUND,WHITE,10,ROUND_WHITE,174,0,0,0,0,0,0,0,0,0,0,1,0,00062-2085-12
00062-2085-12_RXNAVIMAGE10_06130328_2.jpg,ROUND,WHITE,10,ROUND_WHITE,174,0,0,0,0,0,0,0,0,0,0,1,0,00062-2085-12
65162-0520-10_RXNAVIMAGE10_F5087AE3_1.jpg,ROUND,BROWN,10,ROUND_BROWN,162,0,0,1,0,0,0,0,0,0,0,0,0,65162-0520-10
65162-0520-10_RXNAVIMAGE10_F5087AE3_2.jpg,ROUND,BROWN,10,ROUND_BROWN,162,0,0,1,0,0,0,0,0,0,0,0,0,65162-0520-10
59762-1540-01_RXNAVIMAGE10_923DC97E_1.jpg,ROUND,WHITE,10,ROUND_WHITE,174,0,0,0,0,0,0,0,0,0,0,1,0,59762-1540-01
59762-1540-01_RXNAVIMAGE10_923DC97E_2.jpg,ROUND,WHITE,10,ROUND_WHITE,174,0,0,0,0,0,0,0,0,0,0,1,0,59762-1540-01
68462-0305-84_RXNAVIMAGE10_E744F3A7_1.jpg,ROUND,YELLOW,10,ROUND_YELLOW,178,0,0,0,0,0,0,0,0,0,0,0,1,68462-0305-84
68462-0305-84_RXNAVIMAGE10_E744F3A7_2.jpg,ROUND,YELLOW,10,ROUND_YELLOW,178,0,0,0,0,0,0,0,0,0,0,0,1,68462-0305-84
63459-0504-30_RXNAVIMAGE10_8841C43E_1.jpg,BULLET,WHITE,0,BULLET_WHITE,0,0,0,0,0,0,0,0,0,0,0,1,0,63459-0504-30
63459-0504-30_RXNAVIMAGE10_8841C43E_2.jpg,BULLET,WHITE,0,BULLET_WHITE,0,0,0,0,0,0,0,0,0,0,0,1,0,63459-0504-30
00093-5247-65_RXNAVIMAGE10_8F26C7D6_1.jpg,ROUND,YELLOW,10,ROUND_YELLOW,178,0,0,0,0,0,0,0,0,0,0,0,1,00093-5247-65
00093-5247-65_RXNAVIMAGE10_8F26C7D6_2.jpg,ROUND,YELLOW,10,ROUND_YELLOW,178,0,0,0,0,0,0,0,0,0,0,0,1,00093-5247-65
00093-8940-01_RXNAVIMAGE10_FB267DF3_1.jpg,CAPSULE,BLUE,1,CAPSULE_BLUE,7,0,1,0,0,0,0,0,0,0,0,0,0,00093-8940-01
00093-8940-01_RXNAVIMAGE10_FB267DF3_2.jpg,CAPSULE,BLUE,1,CAPSULE_BLUE,7,0,1,0,0,0,0,0,0,0,0,0,0,00093-8940-01
31722-0201-90_RXNAVIMAGE10_034081A4_1.jpg,ROUND,WHITE,10,ROUND_WHITE,174,0,0,0,0,0,0,0,0,0,0,1,0,31722-0201-90
31722-0201-90_RXNAVIMAGE10_034081A4_2.jpg,ROUND,WHITE,10,ROUND_WHITE,174,0,0,0,0,0,0,0,0,0,0,1,0,31722-0201-90
00555-0071-01_RXNAVIMAGE10_BF2B5FAA_1.jpg,OVAL,WHITE,7,OVAL_WHITE,139,0,0,0,0,0,0,0,0,0,0,1,0,00555-0071-01
00555-0071-01_RXNAVIMAGE10_BF2B5FAA_2.jpg,OVAL,WHITE,7,OVAL_WHITE,139,0,0,0,0,0,0,0,0,0,0,1,0,00555-0071-01
24658-0312-05_RXNAVIMAGE10_2B491588_1.jpg,ROUND,BROWN,10,ROUND_BROWN,162,0,0,1,0,0,0,0,0,0,0,0,0,24658-0312-05
24658-0312-05_RXNAVIMAGE10_2B491588_2.jpg,ROUND,BROWN,10,ROUND_BROWN,162,0,0,1,0,0,0,0,0,0,0,0,0,24658-0312-05
00378-1355-01_RXNAVIMAGE10_B9325C82_1.jpg,ROUND,YELLOW,10,ROUND_YELLOW,178,0,0,0,0,0,0,0,0,0,0,0,1,00378-1355-01
00378-1355-01_RXNAVIMAGE10_B9325C82_2.jpg,ROUND,YELLOW,10,ROUND_YELLOW,178,0,0,0,0,0,0,0,0,0,0,0,1,00378-1355-01
00591-0795-10_RXNAVIMAGE10_D9156CCB_1.jpg,ROUND,BLUE,10,ROUND_BLUE,160,0,1,0,0,0,0,0,0,0,0,0,0,00591-0795-10
00591-0795-10_RXNAVIMAGE10_D9156CCB_2.jpg,ROUND,BLUE,10,ROUND_BLUE,160,0,1,0,0,0,0,0,0,0,0,0,0,00591-0795-10
67877-0296-05_RXNAVIMAGE10_9A40CD46_1.jpg,OVAL,WHITE,7,OVAL_WHITE,139,0,0,0,0,0,0,0,0,0,0,1,0,67877-0296-05
67877-0296-05_RXNAVIMAGE10_9A40CD46_2.jpg,OVAL,WHITE,7,OVAL_WHITE,139,0,0,0,0,0,0,0,0,0,0,1,0,67877-0296-05
00555-0634-02_RXNAVIMAGE10_670533F9_1.jpg,CAPSULE,"YELLOW, YELLOW",1,"CAPSULE_YELLOW, YELLOW",104,0,0,0,0,0,0,0,0,0,0,0,1,00555-0634-02
00555-0634-02_RXNAVIMAGE10_670533F9_2.jpg,CAPSULE,"YELLOW, YELLOW",1,"CAPSULE_YELLOW, YELLOW",104,0,0,0,0,0,0,0,0,0,0,0,1,00555-0634-02
65862-0044-01_RXNAVIMAGE10_8C23C65E_1.jpg,ROUND,YELLOW,10,ROUND_YELLOW,178,0,0,0,0,0,0,0,0,0,0,0,1,65862-0044-01
65862-0044-01_RXNAVIMAGE10_8C23C65E_2.jpg,ROUND,YELLOW,10,ROUND_YELLOW,178,0,0,0,0,0,0,0,0,0,0,0,1,65862-0044-01
00093-7121-98_RXNAVIMAGE10_5D2BAE9D_1.jpg,ROUND,GREEN,10,ROUND_GREEN,164,0,0,0,0,1,0,0,0,0,0,0,0,00093-7121-98
00093-7121-98_RXNAVIMAGE10_5D2BAE9D_2.jpg,ROUND,GREEN,10,ROUND_GREEN,164,0,0,0,0,1,0,0,0,0,0,0,0,00093-7121-98
00555-9123-66_RXNAVIMAGE10_6636B375_1.jpg,ROUND,PINK,10,ROUND_PINK,168,0,0,0,0,0,0,1,0,0,0,0,0,00555-9123-66
00555-9123-66_RXNAVIMAGE10_6636B375_2.jpg,ROUND,PINK,10,ROUND_PINK,168,0,0,0,0,0,0,1,0,0,0,0,0,00555-9123-66
00093-5769-56_RXNAVIMAGE10_F227F97F_1.jpg,ROUND,WHITE,10,ROUND_WHITE,174,0,0,0,0,0,0,0,0,0,0,1,0,00093-5769-56
00093-5769-56_RXNAVIMAGE10_F227F97F_2.jpg,ROUND,WHITE,10,ROUND_WHITE,174,0,0,0,0,0,0,0,0,0,0,1,0,00093-5769-56
23155-0118-01_RXNAVIMAGE10_EF3977FB_1.jpg,OVAL,ORANGE,7,OVAL_ORANGE,130,0,0,0,0,0,1,0,0,0,0,0,0,23155-0118-01
23155-0118-01_RXNAVIMAGE10_EF3977FB_2.jpg,OVAL,ORANGE,7,OVAL_ORANGE,130,0,0,0,0,0,1,0,0,0,0,0,0,23155-0118-01
00074-7070-90_RXNAVIMAGE10_991D4CFA_1.jpg,ROUND,PURPLE,10,ROUND_PURPLE,171,0,0,0,0,0,0,0,1,0,0,0,0,00074-7070-90
00074-7070-90_RXNAVIMAGE10_991D4CFA_2.jpg,ROUND,PURPLE,10,ROUND_PURPLE,171,0,0,0,0,0,0,0,1,0,0,0,0,00074-7070-90
00093-0058-01_RXNAVIMAGE10_00280060_1.jpg,OVAL,WHITE,7,OVAL_WHITE,139,0,0,0,0,0,0,0,0,0,0,1,0,00093-0058-01
00093-0058-01_RXNAVIMAGE10_00280060_2.jpg,OVAL,WHITE,7,OVAL_WHITE,139,0,0,0,0,0,0,0,0,0,0,1,0,00093-0058-01
00527-1341-10_RXNAVIMAGE10_3D081EA0_1.jpg,ROUND,ORANGE,10,ROUND_ORANGE,166,0,0,0,0,0,1,0,0,0,0,0,0,00527-1341-10
00527-1341-10_RXNAVIMAGE10_3D081EA0_2.jpg,ROUND,ORANGE,10,ROUND_ORANGE,166,0,0,0,0,0,1,0,0,0,0,0,0,00527-1341-10
54505-0331-05_RXNAVIMAGE10_093B84CC_1.jpg,ROUND,WHITE,10,ROUND_WHITE,174,0,0,0,0,0,0,0,0,0,0,1,0,54505-0331-05
54505-0331-05_RXNAVIMAGE10_093B84CC_2.jpg,ROUND,WHITE,10,ROUND_WHITE,174,0,0,0,0,0,0,0,0,0,0,1,0,54505-0331-05
13107-0156-30_RXNAVIMAGE10_17510BE8_1.jpg,OVAL,BLUE,7,OVAL_BLUE,123,0,1,0,0,0,0,0,0,0,0,0,0,13107-0156-30
13107-0156-30_RXNAVIMAGE10_17510BE8_2.jpg,OVAL,BLUE,7,OVAL_BLUE,123,0,1,0,0,0,0,0,0,0,0,0,0,13107-0156-30
00172-7311-46_RXNAVIMAGE10_922BC96E_1.jpg,OVAL,YELLOW,7,OVAL_YELLOW,145,0,0,0,0,0,0,0,0,0,0,0,1,00172-7311-46
00172-7311-46_RXNAVIMAGE10_922BC96E_2.jpg,OVAL,YELLOW,7,OVAL_YELLOW,145,0,0,0,0,0,0,0,0,0,0,0,1,00172-7311-46
00131-2478-35_RXNAVIMAGE10_B41DDA5E_1.jpg,OVAL,YELLOW,7,OVAL_YELLOW,145,0,0,0,0,0,0,0,0,0,0,0,1,00131-2478-35
00131-2478-35_RXNAVIMAGE10_B41DDA5E_2.jpg,OVAL,YELLOW,7,OVAL_YELLOW,145,0,0,0,0,0,0,0,0,0,0,0,1,00131-2478-35
00430-0540-14_RXNAVIMAGE10_A44AD216_1.jpg,ROUND,BROWN,10,ROUND_BROWN,162,0,0,1,0,0,0,0,0,0,0,0,0,00430-0540-14
00430-0540-14_RXNAVIMAGE10_A44AD216_2.jpg,ROUND,BROWN,10,ROUND_BROWN,162,0,0,1,0,0,0,0,0,0,0,0,0,00430-0540-14
50419-0702-05_RXNAVIMAGE10_531929C9_1.jpg,ROUND,RED,10,ROUND_RED,172,0,0,0,0,0,0,0,0,1,0,0,0,50419-0702-05
50419-0702-05_RXNAVIMAGE10_531929C9_2.jpg,ROUND,RED,10,ROUND_RED,172,0,0,0,0,0,0,0,0,1,0,0,0,50419-0702-05
00093-7658-56_RXNAVIMAGE10_63383181_1.jpg,OVAL,YELLOW,7,OVAL_YELLOW,145,0,0,0,0,0,0,0,0,0,0,0,1,00093-7658-56
00093-7658-56_RXNAVIMAGE10_63383181_2.jpg,OVAL,YELLOW,7,OVAL_YELLOW,145,0,0,0,0,0,0,0,0,0,0,0,1,00093-7658-56
17478-0767-10_RXNAVIMAGE10_B6415B0A_1.jpg,OVAL,WHITE,7,OVAL_WHITE,139,0,0,0,0,0,0,0,0,0,0,1,0,17478-0767-10
17478-0767-10_RXNAVIMAGE10_B6415B0A_2.jpg,OVAL,WHITE,7,OVAL_WHITE,139,0,0,0,0,0,0,0,0,0,0,1,0,17478-0767-10
55111-0264-81_RXNAVIMAGE10_E33BF1BF_1.jpg,OVAL,YELLOW,7,OVAL_YELLOW,145,0,0,0,0,0,0,0,0,0,0,0,1,55111-0264-81
55111-0264-81_RXNAVIMAGE10_E33BF1BF_2.jpg,OVAL,YELLOW,7,OVAL_YELLOW,145,0,0,0,0,0,0,0,0,0,0,0,1,55111-0264-81
00054-4183-25_RXNAVIMAGE10_A10550AA_1.jpg,ROUND,WHITE,10,ROUND_WHITE,174,0,0,0,0,0,0,0,0,0,0,1,0,00054-4183-25
00054-4183-25_RXNAVIMAGE10_A10550AA_2.jpg,ROUND,WHITE,10,ROUND_WHITE,174,0,0,0,0,0,0,0,0,0,0,1,0,00054-4183-25
00378-1005-01_RXNAVIMAGE10_7A45BD6D_1.jpg,ROUND,YELLOW,10,ROUND_YELLOW,178,0,0,0,0,0,0,0,0,0,0,0,1,00378-1005-01
00378-1005-01_RXNAVIMAGE10_7A45BD6D_2.jpg,ROUND,YELLOW,10,ROUND_YELLOW,178,0,0,0,0,0,0,0,0,0,0,0,1,00378-1005-01
00143-1201-01_RXNAVIMAGE10_E6327303_1.jpg,ROUND,WHITE,10,ROUND_WHITE,174,0,0,0,0,0,0,0,0,0,0,1,0,00143-1201-01
00143-1201-01_RXNAVIMAGE10_E6327303_2.jpg,ROUND,WHITE,10,ROUND_WHITE,174,0,0,0,0,0,0,0,0,0,0,1,0,00143-1201-01
00093-5171-20_RXNAVIMAGE10_4C2DA60D_1.jpg,SQUARE,WHITE,12,SQUARE_WHITE,185,0,0,0,0,0,0,0,0,0,0,1,0,00093-5171-20
00093-5171-20_RXNAVIMAGE10_4C2DA60D_2.jpg,SQUARE,WHITE,12,SQUARE_WHITE,185,0,0,0,0,0,0,0,0,0,0,1,0,00093-5171-20
00078-0408-05_RXNAVIMAGE10_4A162571_1.jpg,OVAL,BROWN,7,OVAL_BROWN,125,0,0,1,0,0,0,0,0,0,0,0,0,00078-0408-05
00078-0408-05_RXNAVIMAGE10_4A162571_2.jpg,OVAL,BROWN,7,OVAL_BROWN,125,0,0,1,0,0,0,0,0,0,0,0,0,00078-0408-05
13668-0096-90_RXNAVIMAGE10_72413979_1.jpg,OVAL,WHITE,7,OVAL_WHITE,139,0,0,0,0,0,0,0,0,0,0,1,0,13668-0096-90
13668-0096-90_RXNAVIMAGE10_72413979_2.jpg,OVAL,WHITE,7,OVAL_WHITE,139,0,0,0,0,0,0,0,0,0,0,1,0,13668-0096-90
00781-5231-92_RXNAVIMAGE10_EF4977FB_1.jpg,ROUND,BROWN,10,ROUND_BROWN,162,0,0,1,0,0,0,0,0,0,0,0,0,00781-5231-92
00781-5231-92_RXNAVIMAGE10_EF4977FB_2.jpg,ROUND,BROWN,10,ROUND_BROWN,162,0,0,1,0,0,0,0,0,0,0,0,0,00781-5231-92
00228-2530-10_RXNAVIMAGE10_BD3BDE9E_1.jpg,OVAL,RED,7,OVAL_RED,137,0,0,0,0,0,0,0,0,1,0,0,0,00228-2530-10
00228-2530-10_RXNAVIMAGE10_BD3BDE9E_2.jpg,OVAL,RED,7,OVAL_RED,137,0,0,0,0,0,0,0,0,1,0,0,0,00228-2530-10
15456-0980-04_RXNAVIMAGE10_9418CA26_1.jpg,ROUND,YELLOW,10,ROUND_YELLOW,178,0,0,0,0,0,0,0,0,0,0,0,1,15456-0980-04
15456-0980-04_RXNAVIMAGE10_9418CA26_2.jpg,ROUND,YELLOW,10,ROUND_YELLOW,178,0,0,0,0,0,0,0,0,0,0,0,1,15456-0980-04
00093-8204-01_RXNAVIMAGE10_35361AD0_1.jpg,OVAL,GREEN,7,OVAL_GREEN,129,0,0,0,0,1,0,0,0,0,0,0,0,00093-8204-01
00093-8204-01_RXNAVIMAGE10_35361AD0_2.jpg,OVAL,GREEN,7,OVAL_GREEN,129,0,0,0,0,1,0,0,0,0,0,0,0,00093-8204-01
00093-0819-01_RXNAVIMAGE10_F835FC1F_1.jpg,ROUND,RED,10,ROUND_RED,172,0,0,0,0,0,0,0,0,1,0,0,0,00093-0819-01
00093-0819-01_RXNAVIMAGE10_F835FC1F_2.jpg,ROUND,RED,10,ROUND_RED,172,0,0,0,0,0,0,0,0,1,0,0,0,00093-0819-01
49884-0641-01_RXNAVIMAGE10_DD08EEC7_1.jpg,ROUND,WHITE,10,ROUND_WHITE,174,0,0,0,0,0,0,0,0,0,0,1,0,49884-0641-01
49884-0641-01_RXNAVIMAGE10_DD08EEC7_2.jpg,ROUND,WHITE,10,ROUND_WHITE,174,0,0,0,0,0,0,0,0,0,0,1,0,49884-0641-01
00093-2080-01_RXNAVIMAGE10_D326E9C7_1.jpg,CAPSULE,WHITE,1,CAPSULE_WHITE,81,0,0,0,0,0,0,0,0,0,0,1,0,00093-2080-01
00093-2080-01_RXNAVIMAGE10_D326E9C7_2.jpg,CAPSULE,WHITE,1,CAPSULE_WHITE,81,0,0,0,0,0,0,0,0,0,0,1,0,00093-2080-01
65862-0009-05_RXNAVIMAGE10_1F4E8FE4_1.jpg,ROUND,WHITE,10,ROUND_WHITE,174,0,0,0,0,0,0,0,0,0,0,1,0,65862-0009-05
65862-0009-05_RXNAVIMAGE10_1F4E8FE4_2.jpg,ROUND,WHITE,10,ROUND_WHITE,174,0,0,0,0,0,0,0,0,0,0,1,0,65862-0009-05
58468-0021-01_RXNAVIMAGE10_CB1C6593_1.jpg,OVAL,WHITE,7,OVAL_WHITE,139,0,0,0,0,0,0,0,0,0,0,1,0,58468-0021-01
58468-0021-01_RXNAVIMAGE10_CB1C6593_2.jpg,OVAL,WHITE,7,OVAL_WHITE,139,0,0,0,0,0,0,0,0,0,0,1,0,58468-0021-01
00093-3002-56_RXNAVIMAGE10_0D2986FC_1.jpg,CAPSULE,WHITE,1,CAPSULE_WHITE,81,0,0,0,0,0,0,0,0,0,0,1,0,00093-3002-56
00093-3002-56_RXNAVIMAGE10_0D2986FC_2.jpg,CAPSULE,WHITE,1,CAPSULE_WHITE,81,0,0,0,0,0,0,0,0,0,0,1,0,00093-3002-56
60505-2675-03_RXNAVIMAGE10_214910A8_1.jpg,ROUND,YELLOW,10,ROUND_YELLOW,178,0,0,0,0,0,0,0,0,0,0,0,1,60505-2675-03
60505-2675-03_RXNAVIMAGE10_214910A8_2.jpg,ROUND,YELLOW,10,ROUND_YELLOW,178,0,0,0,0,0,0,0,0,0,0,0,1,60505-2675-03
65862-0528-90_RXNAVIMAGE10_AB5055D2_1.jpg,CAPSULE,ORANGE,1,CAPSULE_ORANGE,44,0,0,0,0,0,1,0,0,0,0,0,0,65862-0528-90
65862-0528-90_RXNAVIMAGE10_AB5055D2_2.jpg,CAPSULE,ORANGE,1,CAPSULE_ORANGE,44,0,0,0,0,0,1,0,0,0,0,0,0,65862-0528-90
00093-5140-56_RXNAVIMAGE10_1B2D0DF8_1.jpg,ROUND,WHITE,10,ROUND_WHITE,174,0,0,0,0,0,0,0,0,0,0,1,0,00093-5140-56
00093-5140-56_RXNAVIMAGE10_1B2D0DF8_2.jpg,ROUND,WHITE,10,ROUND_WHITE,174,0,0,0,0,0,0,0,0,0,0,1,0,00093-5140-56
00185-0104-01_RXNAVIMAGE10_2C33966C_1.jpg,OVAL,YELLOW,7,OVAL_YELLOW,145,0,0,0,0,0,0,0,0,0,0,0,1,00185-0104-01
00185-0104-01_RXNAVIMAGE10_2C33966C_2.jpg,OVAL,YELLOW,7,OVAL_YELLOW,145,0,0,0,0,0,0,0,0,0,0,0,1,00185-0104-01
49884-0685-05_RXNAVIMAGE10_90464822_1.jpg,ROUND,WHITE,10,ROUND_WHITE,174,0,0,0,0,0,0,0,0,0,0,1,0,49884-0685-05
49884-0685-05_RXNAVIMAGE10_90464822_2.jpg,ROUND,WHITE,10,ROUND_WHITE,174,0,0,0,0,0,0,0,0,0,0,1,0,49884-0685-05
00781-1223-01_RXNAVIMAGE10_06348364_1.jpg,ROUND,WHITE,10,ROUND_WHITE,174,0,0,0,0,0,0,0,0,0,0,1,0,00781-1223-01
00781-1223-01_RXNAVIMAGE10_06348364_2.jpg,ROUND,WHITE,10,ROUND_WHITE,174,0,0,0,0,0,0,0,0,0,0,1,0,00781-1223-01
00093-0233-56_RXNAVIMAGE10_1E2B0F08_1.jpg,ROUND,WHITE,10,ROUND_WHITE,174,0,0,0,0,0,0,0,0,0,0,1,0,00093-0233-56
00093-0233-56_RXNAVIMAGE10_1E2B0F08_2.jpg,ROUND,WHITE,10,ROUND_WHITE,174,0,0,0,0,0,0,0,0,0,0,1,0,00093-0233-56
55111-0168-30_RXNAVIMAGE10_D03C6863_1.jpg,OVAL,WHITE,7,OVAL_WHITE,139,0,0,0,0,0,0,0,0,0,0,1,0,55111-0168-30
55111-0168-30_RXNAVIMAGE10_D03C6863_2.jpg,OVAL,WHITE,7,OVAL_WHITE,139,0,0,0,0,0,0,0,0,0,0,1,0,55111-0168-30
68462-0231-10_RXNAVIMAGE10_0B45858C_1.jpg,CAPSULE,PURPLE,1,CAPSULE_PURPLE,61,0,0,0,0,0,0,0,1,0,0,0,0,68462-0231-10
68462-0231-10_RXNAVIMAGE10_0B45858C_2.jpg,CAPSULE,PURPLE,1,CAPSULE_PURPLE,61,0,0,0,0,0,0,0,1,0,0,0,0,68462-0231-10
00093-7180-01_RXNAVIMAGE10_482BA47D_1.jpg,OVAL,YELLOW,7,OVAL_YELLOW,145,0,0,0,0,0,0,0,0,0,0,0,1,00093-7180-01
00093-7180-01_RXNAVIMAGE10_482BA47D_2.jpg,OVAL,YELLOW,7,OVAL_YELLOW,145,0,0,0,0,0,0,0,0,0,0,0,1,00093-7180-01
53489-0368-01_RXNAVIMAGE10_293414C0_1.jpg,ROUND,GREEN,10,ROUND_GREEN,164,0,0,0,0,1,0,0,0,0,0,0,0,53489-0368-01
53489-0368-01_RXNAVIMAGE10_293414C0_2.jpg,ROUND,GREEN,10,ROUND_GREEN,164,0,0,0,0,1,0,0,0,0,0,0,0,53489-0368-01
00093-8943-01_RXNAVIMAGE10_DD35EE9F_1.jpg,OVAL,BLUE,7,OVAL_BLUE,123,0,1,0,0,0,0,0,0,0,0,0,0,00093-8943-01
00093-8943-01_RXNAVIMAGE10_DD35EE9F_2.jpg,OVAL,BLUE,7,OVAL_BLUE,123,0,1,0,0,0,0,0,0,0,0,0,0,00093-8943-01
52544-0268-84_RXNAVIMAGE10_D73A6BE3_1.jpg,ROUND,BLUE,10,ROUND_BLUE,160,0,1,0,0,0,0,0,0,0,0,0,0,52544-0268-84
52544-0268-84_RXNAVIMAGE10_D73A6BE3_2.jpg,ROUND,BLUE,10,ROUND_BLUE,160,0,1,0,0,0,0,0,0,0,0,0,0,52544-0268-84
24090-0479-88_RXNAVIMAGE10_28081420_1.jpg,CAPSULE,BLUE,1,CAPSULE_BLUE,7,0,1,0,0,0,0,0,0,0,0,0,0,24090-0479-88
24090-0479-88_RXNAVIMAGE10_28081420_2.jpg,CAPSULE,BLUE,1,CAPSULE_BLUE,7,0,1,0,0,0,0,0,0,0,0,0,0,24090-0479-88
68462-0190-05_RXNAVIMAGE10_7B12BD95_1.jpg,OVAL,ORANGE,7,OVAL_ORANGE,130,0,0,0,0,0,1,0,0,0,0,0,0,68462-0190-05
68462-0190-05_RXNAVIMAGE10_7B12BD95_2.jpg,OVAL,ORANGE,7,OVAL_ORANGE,130,0,0,0,0,0,1,0,0,0,0,0,0,68462-0190-05
43547-0269-10_RXNAVIMAGE10_5041A87D_1.jpg,ROUND,YELLOW,10,ROUND_YELLOW,178,0,0,0,0,0,0,0,0,0,0,0,1,43547-0269-10
43547-0269-10_RXNAVIMAGE10_5041A87D_2.jpg,ROUND,YELLOW,10,ROUND_YELLOW,178,0,0,0,0,0,0,0,0,0,0,0,1,43547-0269-10
00093-0658-01_RXNAVIMAGE10_2B2B15C8_1.jpg,OVAL,"BROWN, PINK",7,"OVAL_BROWN, PINK",126,0,0,1,0,0,0,1,0,0,0,0,0,00093-0658-01
00093-0658-01_RXNAVIMAGE10_2B2B15C8_2.jpg,OVAL,"BROWN, PINK",7,"OVAL_BROWN, PINK",126,0,0,1,0,0,0,1,0,0,0,0,0,00093-0658-01
51079-0810-20_RXNAVIMAGE10_0C33867C_1.jpg,ROUND,WHITE,10,ROUND_WHITE,174,0,0,0,0,0,0,0,0,0,0,1,0,51079-0810-20
51079-0810-20_RXNAVIMAGE10_0C33867C_2.jpg,ROUND,WHITE,10,ROUND_WHITE,174,0,0,0,0,0,0,0,0,0,0,1,0,51079-0810-20
10144-0606-15_RXNAVIMAGE10_FA1DFD0F_1.jpg,CAPSULE,BLUE,1,CAPSULE_BLUE,7,0,1,0,0,0,0,0,0,0,0,0,0,10144-0606-15
10144-0606-15_RXNAVIMAGE10_FA1DFD0F_2.jpg,CAPSULE,BLUE,1,CAPSULE_BLUE,7,0,1,0,0,0,0,0,0,0,0,0,0,10144-0606-15
00472-0850-10_RXNAVIMAGE10_230591EC_1.jpg,ROUND,WHITE,10,ROUND_WHITE,174,0,0,0,0,0,0,0,0,0,0,1,0,00472-0850-10
00472-0850-10_RXNAVIMAGE10_230591EC_2.jpg,ROUND,WHITE,10,ROUND_WHITE,174,0,0,0,0,0,0,0,0,0,0,1,0,00472-0850-10
00023-9350-07_RXNAVIMAGE10_D4196A7B_1.jpg,CAPSULE,"ORANGE, WHITE",1,"CAPSULE_ORANGE, WHITE",50,0,0,0,0,0,1,0,0,0,0,1,0,00023-9350-07
00023-9350-07_RXNAVIMAGE10_D4196A7B_2.jpg,CAPSULE,"ORANGE, WHITE",1,"CAPSULE_ORANGE, WHITE",50,0,0,0,0,0,1,0,0,0,0,1,0,00023-9350-07
00591-2465-01_RXNAVIMAGE10_2439923C_1.jpg,OVAL,WHITE,7,OVAL_WHITE,139,0,0,0,0,0,0,0,0,0,0,1,0,00591-2465-01
00591-2465-01_RXNAVIMAGE10_2439923C_2.jpg,OVAL,WHITE,7,OVAL_WHITE,139,0,0,0,0,0,0,0,0,0,0,1,0,00591-2465-01
00002-3250-30_RXNAVIMAGE10_431E21C1_1.jpg,CAPSULE,"WHITE, BROWN",1,"CAPSULE_WHITE, BROWN",84,0,0,1,0,0,0,0,0,0,0,1,0,00002-3250-30
00002-3250-30_RXNAVIMAGE10_431E21C1_2.jpg,CAPSULE,"WHITE, BROWN",1,"CAPSULE_WHITE, BROWN",84,0,0,1,0,0,0,0,0,0,0,1,0,00002-3250-30
00093-5124-01_RXNAVIMAGE10_30241810_1.jpg,TRIANGLE,YELLOW,15,TRIANGLE_YELLOW,203,0,0,0,0,0,0,0,0,0,0,0,1,00093-5124-01
00093-5124-01_RXNAVIMAGE10_30241810_2.jpg,TRIANGLE,YELLOW,15,TRIANGLE_YELLOW,203,0,0,0,0,0,0,0,0,0,0,0,1,00093-5124-01
00054-0077-25_RXNAVIMAGE10_053282F4_1.jpg,ROUND,WHITE,10,ROUND_WHITE,174,0,0,0,0,0,0,0,0,0,0,1,0,00054-0077-25
00054-0077-25_RXNAVIMAGE10_053282F4_2.jpg,ROUND,WHITE,10,ROUND_WHITE,174,0,0,0,0,0,0,0,0,0,0,1,0,00054-0077-25
00071-0419-24_RXNAVIMAGE10_361C9B04_1.jpg,ROUND,WHITE,10,ROUND_WHITE,174,0,0,0,0,0,0,0,0,0,0,1,0,00071-0419-24
00071-0419-24_RXNAVIMAGE10_361C9B04_2.jpg,ROUND,WHITE,10,ROUND_WHITE,174,0,0,0,0,0,0,0,0,0,0,1,0,00071-0419-24
13668-0158-30_RXNAVIMAGE10_56512B69_1.jpg,OVAL,WHITE,7,OVAL_WHITE,139,0,0,0,0,0,0,0,0,0,0,1,0,13668-0158-30
13668-0158-30_RXNAVIMAGE10_56512B69_2.jpg,OVAL,WHITE,7,OVAL_WHITE,139,0,0,0,0,0,0,0,0,0,0,1,0,13668-0158-30
00781-5426-06_RXNAVIMAGE10_2D4E16B0_1.jpg,ROUND,WHITE,10,ROUND_WHITE,174,0,0,0,0,0,0,0,0,0,0,1,0,00781-5426-06
00781-5426-06_RXNAVIMAGE10_2D4E16B0_2.jpg,ROUND,WHITE,10,ROUND_WHITE,174,0,0,0,0,0,0,0,0,0,0,1,0,00781-5426-06
23155-0046-10_RXNAVIMAGE10_A415D20E_1.jpg,ROUND,WHITE,10,ROUND_WHITE,174,0,0,0,0,0,0,0,0,0,0,1,0,23155-0046-10
23155-0046-10_RXNAVIMAGE10_A415D20E_2.jpg,ROUND,WHITE,10,ROUND_WHITE,174,0,0,0,0,0,0,0,0,0,0,1,0,23155-0046-10
51285-0040-01_RXNAVIMAGE10_14360A20_1.jpg,ROUND,WHITE,10,ROUND_WHITE,174,0,0,0,0,0,0,0,0,0,0,1,0,51285-0040-01
51285-0040-01_RXNAVIMAGE10_14360A20_2.jpg,ROUND,WHITE,10,ROUND_WHITE,174,0,0,0,0,0,0,0,0,0,0,1,0,51285-0040-01
57664-0437-18_RXNAVIMAGE10_04490208_1.jpg,ROUND,YELLOW,10,ROUND_YELLOW,178,0,0,0,0,0,0,0,0,0,0,0,1,57664-0437-18
57664-0437-18_RXNAVIMAGE10_04490208_2.jpg,ROUND,YELLOW,10,ROUND_YELLOW,178,0,0,0,0,0,0,0,0,0,0,0,1,57664-0437-18
00173-0561-00_RXNAVIMAGE10_97194BBA_1.jpg,SEMI-CIRCLE,WHITE,11,SEMI-CIRCLE_WHITE,181,0,0,0,0,0,0,0,0,0,0,1,0,00173-0561-00
00173-0561-00_RXNAVIMAGE10_97194BBA_2.jpg,SEMI-CIRCLE,WHITE,11,SEMI-CIRCLE_WHITE,181,0,0,0,0,0,0,0,0,0,0,1,0,00173-0561-00
00781-2325-10_RXNAVIMAGE10_1D080E80_1.jpg,CAPSULE,GREEN,1,CAPSULE_GREEN,32,0,0,0,0,1,0,0,0,0,0,0,0,00781-2325-10
00781-2325-10_RXNAVIMAGE10_1D080E80_2.jpg,CAPSULE,GREEN,1,CAPSULE_GREEN,32,0,0,0,0,1,0,0,0,0,0,0,0,00781-2325-10
31722-0713-90_RXNAVIMAGE10_464A2351_1.jpg,OVAL,YELLOW,7,OVAL_YELLOW,145,0,0,0,0,0,0,0,0,0,0,0,1,31722-0713-90
31722-0713-90_RXNAVIMAGE10_464A2351_2.jpg,OVAL,YELLOW,7,OVAL_YELLOW,145,0,0,0,0,0,0,0,0,0,0,0,1,31722-0713-90
00555-9043-58_RXNAVIMAGE10_D5136AAB_1.jpg,ROUND,RED,10,ROUND_RED,172,0,0,0,0,0,0,0,0,1,0,0,0,00555-9043-58
00555-9043-58_RXNAVIMAGE10_D5136AAB_2.jpg,ROUND,RED,10,ROUND_RED,172,0,0,0,0,0,0,0,0,1,0,0,0,00555-9043-58
49884-0066-01_RXNAVIMAGE10_9215C90E_1.jpg,ROUND,WHITE,10,ROUND_WHITE,174,0,0,0,0,0,0,0,0,0,0,1,0,49884-0066-01
49884-0066-01_RXNAVIMAGE10_9215C90E_2.jpg,ROUND,WHITE,10,ROUND_WHITE,174,0,0,0,0,0,0,0,0,0,0,1,0,49884-0066-01
68382-0182-01_RXNAVIMAGE10_9A45CD5E_1.jpg,OVAL,WHITE,7,OVAL_WHITE,139,0,0,0,0,0,0,0,0,0,0,1,0,68382-0182-01
68382-0182-01_RXNAVIMAGE10_9A45CD5E_2.jpg,OVAL,WHITE,7,OVAL_WHITE,139,0,0,0,0,0,0,0,0,0,0,1,0,68382-0182-01
00378-6010-01_RXNAVIMAGE10_C2326103_1.jpg,ROUND,WHITE,10,ROUND_WHITE,174,0,0,0,0,0,0,0,0,0,0,1,0,00378-6010-01
00378-6010-01_RXNAVIMAGE10_C2326103_2.jpg,ROUND,WHITE,10,ROUND_WHITE,174,0,0,0,0,0,0,0,0,0,0,1,0,00378-6010-01
59746-0217-01_RXNAVIMAGE10_0A508544_1.jpg,ROUND,BROWN,10,ROUND_BROWN,162,0,0,1,0,0,0,0,0,0,0,0,0,59746-0217-01
59746-0217-01_RXNAVIMAGE10_0A508544_2.jpg,ROUND,BROWN,10,ROUND_BROWN,162,0,0,1,0,0,0,0,0,0,0,0,0,59746-0217-01
00904-2013-72_RXNAVIMAGE10_A34ED1E6_1.jpg,ROUND,ORANGE,10,ROUND_ORANGE,166,0,0,0,0,0,1,0,0,0,0,0,0,00904-2013-72
00904-2013-72_RXNAVIMAGE10_A34ED1E6_2.jpg,ROUND,ORANGE,10,ROUND_ORANGE,166,0,0,0,0,0,1,0,0,0,0,0,0,00904-2013-72
00078-0510-05_RXNAVIMAGE10_C93E64B3_1.jpg,ROUND,YELLOW,10,ROUND_YELLOW,178,0,0,0,0,0,0,0,0,0,0,0,1,00078-0510-05
00078-0510-05_RXNAVIMAGE10_C93E64B3_2.jpg,ROUND,YELLOW,10,ROUND_YELLOW,178,0,0,0,0,0,0,0,0,0,0,0,1,00078-0510-05
51285-0697-02_RXNAVIMAGE10_8E2F475A_1.jpg,ROUND,WHITE,10,ROUND_WHITE,174,0,0,0,0,0,0,0,0,0,0,1,0,51285-0697-02
51285-0697-02_RXNAVIMAGE10_8E2F475A_2.jpg,ROUND,WHITE,10,ROUND_WHITE,174,0,0,0,0,0,0,0,0,0,0,1,0,51285-0697-02
55111-0493-30_RXNAVIMAGE10_7A493D79_1.jpg,CAPSULE,"PURPLE, PURPLE",1,"CAPSULE_PURPLE, PURPLE",65,0,0,0,0,0,0,0,1,0,0,0,0,55111-0493-30
55111-0493-30_RXNAVIMAGE10_7A493D79_2.jpg,CAPSULE,"PURPLE, PURPLE",1,"CAPSULE_PURPLE, PURPLE",65,0,0,0,0,0,0,0,1,0,0,0,0,55111-0493-30
00591-5347-01_RXNAVIMAGE10_260E1360_1.jpg,OVAL,YELLOW,7,OVAL_YELLOW,145,0,0,0,0,0,0,0,0,0,0,0,1,00591-5347-01
00591-5347-01_RXNAVIMAGE10_260E1360_2.jpg,OVAL,YELLOW,7,OVAL_YELLOW,145,0,0,0,0,0,0,0,0,0,0,0,1,00591-5347-01
68382-0651-01_RXNAVIMAGE10_284D946C_1.jpg,OVAL,YELLOW,7,OVAL_YELLOW,145,0,0,0,0,0,0,0,0,0,0,0,1,68382-0651-01
68382-0651-01_RXNAVIMAGE10_284D946C_2.jpg,OVAL,YELLOW,7,OVAL_YELLOW,145,0,0,0,0,0,0,0,0,0,0,0,1,68382-0651-01
00093-5296-01_RXNAVIMAGE10_40422071_1.jpg,CAPSULE,"WHITE, TURQUOISE",1,"CAPSULE_WHITE, TURQUOISE",91,0,0,0,0,0,0,0,0,0,1,1,0,00093-5296-01
00093-5296-01_RXNAVIMAGE10_40422071_2.jpg,CAPSULE,"WHITE, TURQUOISE",1,"CAPSULE_WHITE, TURQUOISE",91,0,0,0,0,0,0,0,0,0,1,1,0,00093-5296-01
68462-0388-84_RXNAVIMAGE10_414720E9_1.jpg,ROUND,PINK,10,ROUND_PINK,168,0,0,0,0,0,0,1,0,0,0,0,0,68462-0388-84
68462-0388-84_RXNAVIMAGE10_414720E9_2.jpg,ROUND,PINK,10,ROUND_PINK,168,0,0,0,0,0,0,1,0,0,0,0,0,68462-0388-84
54092-0517-02_RXNAVIMAGE10_D715EBBF_1.jpg,ROUND,GREEN,10,ROUND_GREEN,164,0,0,0,0,1,0,0,0,0,0,0,0,54092-0517-02
54092-0517-02_RXNAVIMAGE10_D715EBBF_2.jpg,ROUND,GREEN,10,ROUND_GREEN,164,0,0,0,0,1,0,0,0,0,0,0,0,54092-0517-02
00093-7656-56_RXNAVIMAGE10_5E382F41_1.jpg,OVAL,GREEN,7,OVAL_GREEN,129,0,0,0,0,1,0,0,0,0,0,0,0,00093-7656-56
00093-7656-56_RXNAVIMAGE10_5E382F41_2.jpg,OVAL,GREEN,7,OVAL_GREEN,129,0,0,0,0,1,0,0,0,0,0,0,0,00093-7656-56
00781-2076-01_RXNAVIMAGE10_143E8A04_1.jpg,CAPSULE,"GREEN, YELLOW",1,"CAPSULE_GREEN, YELLOW",43,0,0,0,0,1,0,0,0,0,0,0,1,00781-2076-01
00781-2076-01_RXNAVIMAGE10_143E8A04_2.jpg,CAPSULE,"GREEN, YELLOW",1,"CAPSULE_GREEN, YELLOW",43,0,0,0,0,1,0,0,0,0,0,0,1,00781-2076-01
66993-0121-30_RXNAVIMAGE10_7B4EBDD5_1.jpg,OVAL,WHITE,7,OVAL_WHITE,139,0,0,0,0,0,0,0,0,0,0,1,0,66993-0121-30
66993-0121-30_RXNAVIMAGE10_7B4EBDD5_2.jpg,OVAL,WHITE,7,OVAL_WHITE,139,0,0,0,0,0,0,0,0,0,0,1,0,66993-0121-30
00574-0292-01_RXNAVIMAGE10_473AA3F5_1.jpg,DIAMOND,WHITE,2,DIAMOND_WHITE,110,0,0,0,0,0,0,0,0,0,0,1,0,00574-0292-01
00574-0292-01_RXNAVIMAGE10_473AA3F5_2.jpg,DIAMOND,WHITE,2,DIAMOND_WHITE,110,0,0,0,0,0,0,0,0,0,0,1,0,00574-0292-01
00115-1438-08_RXNAVIMAGE10_9151C88E_1.jpg,OVAL,YELLOW,7,OVAL_YELLOW,145,0,0,0,0,0,0,0,0,0,0,0,1,00115-1438-08
00115-1438-08_RXNAVIMAGE10_9151C88E_2.jpg,OVAL,YELLOW,7,OVAL_YELLOW,145,0,0,0,0,0,0,0,0,0,0,0,1,00115-1438-08
68382-0042-01_RXNAVIMAGE10_A73353DA_1.jpg,ROUND,WHITE,10,ROUND_WHITE,174,0,0,0,0,0,0,0,0,0,0,1,0,68382-0042-01
68382-0042-01_RXNAVIMAGE10_A73353DA_2.jpg,ROUND,WHITE,10,ROUND_WHITE,174,0,0,0,0,0,0,0,0,0,0,1,0,68382-0042-01
63010-0010-30_RXNAVIMAGE10_691934D9_1.jpg,OVAL,BLUE,7,OVAL_BLUE,123,0,1,0,0,0,0,0,0,0,0,0,0,63010-0010-30
63010-0010-30_RXNAVIMAGE10_691934D9_2.jpg,OVAL,BLUE,7,OVAL_BLUE,123,0,1,0,0,0,0,0,0,0,0,0,0,63010-0010-30
47781-0100-60_RXNAVIMAGE10_AA3C5542_1.jpg,OVAL,WHITE,7,OVAL_WHITE,139,0,0,0,0,0,0,0,0,0,0,1,0,47781-0100-60
47781-0100-60_RXNAVIMAGE10_AA3C5542_2.jpg,OVAL,WHITE,7,OVAL_WHITE,139,0,0,0,0,0,0,0,0,0,0,1,0,47781-0100-60
00078-0490-15_RXNAVIMAGE10_0B3B05A8_1.jpg,OVAL,BROWN,7,OVAL_BROWN,125,0,0,1,0,0,0,0,0,0,0,0,0,00078-0490-15
00078-0490-15_RXNAVIMAGE10_0B3B05A8_2.jpg,OVAL,BROWN,7,OVAL_BROWN,125,0,0,1,0,0,0,0,0,0,0,0,0,00078-0490-15
68180-0482-06_RXNAVIMAGE10_5D332EB9_1.jpg,ROUND,BROWN,10,ROUND_BROWN,162,0,0,1,0,0,0,0,0,0,0,0,0,68180-0482-06
68180-0482-06_RXNAVIMAGE10_5D332EB9_2.jpg,ROUND,BROWN,10,ROUND_BROWN,162,0,0,1,0,0,0,0,0,0,0,0,0,68180-0482-06
50844-0235-15_RXNAVIMAGE10_2A35955C_1.jpg,OVAL,BLUE,7,OVAL_BLUE,123,0,1,0,0,0,0,0,0,0,0,0,0,50844-0235-15
50844-0235-15_RXNAVIMAGE10_2A35955C_2.jpg,OVAL,BLUE,7,OVAL_BLUE,123,0,1,0,0,0,0,0,0,0,0,0,0,50844-0235-15
00555-9050-58_RXNAVIMAGE10_9A36CD56_1.jpg,ROUND,WHITE,10,ROUND_WHITE,174,0,0,0,0,0,0,0,0,0,0,1,0,00555-9050-58
00555-9050-58_RXNAVIMAGE10_9A36CD56_2.jpg,ROUND,WHITE,10,ROUND_WHITE,174,0,0,0,0,0,0,0,0,0,0,1,0,00555-9050-58
00430-0540-14_RXNAVIMAGE10_9F4ACFA6_1.jpg,ROUND,WHITE,10,ROUND_WHITE,174,0,0,0,0,0,0,0,0,0,0,1,0,00430-0540-14
00430-0540-14_RXNAVIMAGE10_9F4ACFA6_2.jpg,ROUND,WHITE,10,ROUND_WHITE,174,0,0,0,0,0,0,0,0,0,0,1,0,00430-0540-14
68462-0404-67_RXNAVIMAGE10_CC39E66F_1.jpg,ROUND,RED,10,ROUND_RED,172,0,0,0,0,0,0,0,0,1,0,0,0,68462-0404-67
68462-0404-67_RXNAVIMAGE10_CC39E66F_2.jpg,ROUND,RED,10,ROUND_RED,172,0,0,0,0,0,0,0,0,1,0,0,0,68462-0404-67
52544-0295-28_RXNAVIMAGE10_C53A62E3_1.jpg,ROUND,WHITE,10,ROUND_WHITE,174,0,0,0,0,0,0,0,0,0,0,1,0,52544-0295-28
52544-0295-28_RXNAVIMAGE10_C53A62E3_2.jpg,ROUND,WHITE,10,ROUND_WHITE,174,0,0,0,0,0,0,0,0,0,0,1,0,52544-0295-28
00555-0899-02_RXNAVIMAGE10_442F2209_1.jpg,OVAL,WHITE,7,OVAL_WHITE,139,0,0,0,0,0,0,0,0,0,0,1,0,00555-0899-02
00555-0899-02_RXNAVIMAGE10_442F2209_2.jpg,OVAL,WHITE,7,OVAL_WHITE,139,0,0,0,0,0,0,0,0,0,0,1,0,00555-0899-02
63304-0240-01_RXNAVIMAGE10_4D3DA69D_1.jpg,OVAL,ORANGE,7,OVAL_ORANGE,130,0,0,0,0,0,1,0,0,0,0,0,0,63304-0240-01
63304-0240-01_RXNAVIMAGE10_4D3DA69D_2.jpg,OVAL,ORANGE,7,OVAL_ORANGE,130,0,0,0,0,0,1,0,0,0,0,0,0,63304-0240-01
55111-0192-01_RXNAVIMAGE10_ED07F68F_1.jpg,OVAL,PINK,7,OVAL_PINK,133,0,0,0,0,0,0,1,0,0,0,0,0,55111-0192-01
55111-0192-01_RXNAVIMAGE10_ED07F68F_2.jpg,OVAL,PINK,7,OVAL_PINK,133,0,0,0,0,0,0,1,0,0,0,0,0,55111-0192-01
00006-0081-54_RXNAVIMAGE10_1D498EDC_1.jpg,OVAL,BLUE,7,OVAL_BLUE,123,0,1,0,0,0,0,0,0,0,0,0,0,00006-0081-54
00006-0081-54_RXNAVIMAGE10_1D498EDC_2.jpg,OVAL,BLUE,7,OVAL_BLUE,123,0,1,0,0,0,0,0,0,0,0,0,0,00006-0081-54
00007-3149-13_RXNAVIMAGE10_8F18C7E6_1.jpg,TRIANGLE,RED,15,TRIANGLE_RED,201,0,0,0,0,0,0,0,0,1,0,0,0,00007-3149-13
00007-3149-13_RXNAVIMAGE10_8F18C7E6_2.jpg,TRIANGLE,RED,15,TRIANGLE_RED,201,0,0,0,0,0,0,0,0,1,0,0,0,00007-3149-13
00093-8162-01_RXNAVIMAGE10_70363811_1.jpg,ROUND,ORANGE,10,ROUND_ORANGE,166,0,0,0,0,0,1,0,0,0,0,0,0,00093-8162-01
00093-8162-01_RXNAVIMAGE10_70363811_2.jpg,ROUND,ORANGE,10,ROUND_ORANGE,166,0,0,0,0,0,1,0,0,0,0,0,0,00093-8162-01
50419-0402-01_RXNAVIMAGE10_B8195C0A_1.jpg,ROUND,YELLOW,10,ROUND_YELLOW,178,0,0,0,0,0,0,0,0,0,0,0,1,50419-0402-01
50419-0402-01_RXNAVIMAGE10_B8195C0A_2.jpg,ROUND,YELLOW,10,ROUND_YELLOW,178,0,0,0,0,0,0,0,0,0,0,0,1,50419-0402-01
68682-0367-90_RXNAVIMAGE10_7B4ABDD5_1.jpg,CAPSULE,PURPLE,1,CAPSULE_PURPLE,61,0,0,0,0,0,0,0,1,0,0,0,0,68682-0367-90
68682-0367-90_RXNAVIMAGE10_7B4ABDD5_2.jpg,CAPSULE,PURPLE,1,CAPSULE_PURPLE,61,0,0,0,0,0,0,0,1,0,0,0,0,68682-0367-90
00093-7678-06_RXNAVIMAGE10_4D43A6AD_1.jpg,OVAL,WHITE,7,OVAL_WHITE,139,0,0,0,0,0,0,0,0,0,0,1,0,00093-7678-06
00093-7678-06_RXNAVIMAGE10_4D43A6AD_2.jpg,OVAL,WHITE,7,OVAL_WHITE,139,0,0,0,0,0,0,0,0,0,0,1,0,00093-7678-06
51285-0443-02_RXNAVIMAGE10_213590DC_1.jpg,ROUND,WHITE,10,ROUND_WHITE,174,0,0,0,0,0,0,0,0,0,0,1,0,51285-0443-02
51285-0443-02_RXNAVIMAGE10_213590DC_2.jpg,ROUND,WHITE,10,ROUND_WHITE,174,0,0,0,0,0,0,0,0,0,0,1,0,51285-0443-02
16714-0340-01_RXNAVIMAGE10_F54B7ADB_1.jpg,ROUND,GREEN,10,ROUND_GREEN,164,0,0,0,0,1,0,0,0,0,0,0,0,16714-0340-01
16714-0340-01_RXNAVIMAGE10_F54B7ADB_2.jpg,ROUND,GREEN,10,ROUND_GREEN,164,0,0,0,0,1,0,0,0,0,0,0,0,16714-0340-01
00228-2597-96_RXNAVIMAGE10_573B2BB9_1.jpg,ROUND,ORANGE,10,ROUND_ORANGE,166,0,0,0,0,0,1,0,0,0,0,0,0,00228-2597-96
00228-2597-96_RXNAVIMAGE10_573B2BB9_2.jpg,ROUND,ORANGE,10,ROUND_ORANGE,166,0,0,0,0,0,1,0,0,0,0,0,0,00228-2597-96
63304-0693-01_RXNAVIMAGE10_F7267BB3_1.jpg,CAPSULE,BLUE,1,CAPSULE_BLUE,7,0,1,0,0,0,0,0,0,0,0,0,0,63304-0693-01
63304-0693-01_RXNAVIMAGE10_F7267BB3_2.jpg,CAPSULE,BLUE,1,CAPSULE_BLUE,7,0,1,0,0,0,0,0,0,0,0,0,0,63304-0693-01
60505-2578-09_RXNAVIMAGE10_A93854C2_1.jpg,OVAL,WHITE,7,OVAL_WHITE,139,0,0,0,0,0,0,0,0,0,0,1,0,60505-2578-09
60505-2578-09_RXNAVIMAGE10_A93854C2_2.jpg,OVAL,WHITE,7,OVAL_WHITE,139,0,0,0,0,0,0,0,0,0,0,1,0,60505-2578-09
49884-0009-01_RXNAVIMAGE10_C8466473_1.jpg,ROUND,BLUE,10,ROUND_BLUE,160,0,1,0,0,0,0,0,0,0,0,0,0,49884-0009-01
49884-0009-01_RXNAVIMAGE10_C8466473_2.jpg,ROUND,BLUE,10,ROUND_BLUE,160,0,1,0,0,0,0,0,0,0,0,0,0,49884-0009-01
00527-1324-10_RXNAVIMAGE10_BF055FDA_1.jpg,ROUND,YELLOW,10,ROUND_YELLOW,178,0,0,0,0,0,0,0,0,0,0,0,1,00527-1324-10
00527-1324-10_RXNAVIMAGE10_BF055FDA_2.jpg,ROUND,YELLOW,10,ROUND_YELLOW,178,0,0,0,0,0,0,0,0,0,0,0,1,00527-1324-10
00093-5269-01_RXNAVIMAGE10_00428014_1.jpg,CAPSULE,"BLUE, TURQUOISE",1,"CAPSULE_BLUE, TURQUOISE",15,0,1,0,0,0,0,0,0,0,1,0,0,00093-5269-01
00093-5269-01_RXNAVIMAGE10_00428014_2.jpg,CAPSULE,"BLUE, TURQUOISE",1,"CAPSULE_BLUE, TURQUOISE",15,0,1,0,0,0,0,0,0,0,1,0,0,00093-5269-01
00378-1903-01_RXNAVIMAGE10_E940F4D7_1.jpg,ROUND,WHITE,10,ROUND_WHITE,174,0,0,0,0,0,0,0,0,0,0,1,0,00378-1903-01
00378-1903-01_RXNAVIMAGE10_E940F4D7_2.jpg,ROUND,WHITE,10,ROUND_WHITE,174,0,0,0,0,0,0,0,0,0,0,1,0,00378-1903-01
65162-0768-10_RXNAVIMAGE10_9D3CCEC6_1.jpg,OVAL,YELLOW,7,OVAL_YELLOW,145,0,0,0,0,0,0,0,0,0,0,0,1,65162-0768-10
65162-0768-10_RXNAVIMAGE10_9D3CCEC6_2.jpg,OVAL,YELLOW,7,OVAL_YELLOW,145,0,0,0,0,0,0,0,0,0,0,0,1,65162-0768-10
00527-1393-30_RXNAVIMAGE10_BB0EDDB6_1.jpg,CAPSULE,RED,1,CAPSULE_RED,69,0,0,0,0,0,0,0,0,1,0,0,0,00527-1393-30
00527-1393-30_RXNAVIMAGE10_BB0EDDB6_2.jpg,CAPSULE,RED,1,CAPSULE_RED,69,0,0,0,0,0,0,0,0,1,0,0,0,00527-1393-30
00093-0155-06_RXNAVIMAGE10_BA295D5A_1.jpg,OVAL,WHITE,7,OVAL_WHITE,139,0,0,0,0,0,0,0,0,0,0,1,0,00093-0155-06
00093-0155-06_RXNAVIMAGE10_BA295D5A_2.jpg,OVAL,WHITE,7,OVAL_WHITE,139,0,0,0,0,0,0,0,0,0,0,1,0,00093-0155-06
55111-0123-05_RXNAVIMAGE10_CA3DE53F_1.jpg,OVAL,WHITE,7,OVAL_WHITE,139,0,0,0,0,0,0,0,0,0,0,1,0,55111-0123-05
55111-0123-05_RXNAVIMAGE10_CA3DE53F_2.jpg,OVAL,WHITE,7,OVAL_WHITE,139,0,0,0,0,0,0,0,0,0,0,1,0,55111-0123-05
00555-0808-02_RXNAVIMAGE10_62303121_1.jpg,CAPSULE,"BROWN, YELLOW",1,"CAPSULE_BROWN, YELLOW",21,0,0,1,0,0,0,0,0,0,0,0,1,00555-0808-02
00555-0808-02_RXNAVIMAGE10_62303121_2.jpg,CAPSULE,"BROWN, YELLOW",1,"CAPSULE_BROWN, YELLOW",21,0,0,1,0,0,0,0,0,0,0,0,1,00555-0808-02
00591-5335-01_RXNAVIMAGE10_501DA84D_1.jpg,ROUND,WHITE,10,ROUND_WHITE,174,0,0,0,0,0,0,0,0,0,0,1,0,00591-5335-01
00591-5335-01_RXNAVIMAGE10_501DA84D_2.jpg,ROUND,WHITE,10,ROUND_WHITE,174,0,0,0,0,0,0,0,0,0,0,1,0,00591-5335-01
00591-3137-60_RXNAVIMAGE10_E30E71E3_1.jpg,CAPSULE,WHITE,1,CAPSULE_WHITE,81,0,0,0,0,0,0,0,0,0,0,1,0,00591-3137-60
00591-3137-60_RXNAVIMAGE10_E30E71E3_2.jpg,CAPSULE,WHITE,1,CAPSULE_WHITE,81,0,0,0,0,0,0,0,0,0,0,1,0,00591-3137-60
63459-0508-30_RXNAVIMAGE10_8941C4FE_1.jpg,BULLET,WHITE,0,BULLET_WHITE,0,0,0,0,0,0,0,0,0,0,0,1,0,63459-0508-30
63459-0508-30_RXNAVIMAGE10_8941C4FE_2.jpg,BULLET,WHITE,0,BULLET_WHITE,0,0,0,0,0,0,0,0,0,0,0,1,0,63459-0508-30
00009-5135-02_RXNAVIMAGE10_D6506B63_1.jpg,OVAL,WHITE,7,OVAL_WHITE,139,0,0,0,0,0,0,0,0,0,0,1,0,00009-5135-02
00009-5135-02_RXNAVIMAGE10_D6506B63_2.jpg,OVAL,WHITE,7,OVAL_WHITE,139,0,0,0,0,0,0,0,0,0,0,1,0,00009-5135-02
23155-0110-10_RXNAVIMAGE10_880E4432_1.jpg,ROUND,ORANGE,10,ROUND_ORANGE,166,0,0,0,0,0,1,0,0,0,0,0,0,23155-0110-10
23155-0110-10_RXNAVIMAGE10_880E4432_2.jpg,ROUND,ORANGE,10,ROUND_ORANGE,166,0,0,0,0,0,1,0,0,0,0,0,0,23155-0110-10
41616-0758-81_RXNAVIMAGE10_071283A4_1.jpg,OVAL,"PINK, WHITE",7,"OVAL_PINK, WHITE",134,0,0,0,0,0,0,1,0,0,0,1,0,41616-0758-81
41616-0758-81_RXNAVIMAGE10_071283A4_2.jpg,OVAL,"PINK, WHITE",7,"OVAL_PINK, WHITE",134,0,0,0,0,0,0,1,0,0,0,1,0,41616-0758-81
00781-5020-01_RXNAVIMAGE10_6F0E37A1_1.jpg,ROUND,YELLOW,10,ROUND_YELLOW,178,0,0,0,0,0,0,0,0,0,0,0,1,00781-5020-01
00781-5020-01_RXNAVIMAGE10_6F0E37A1_2.jpg,ROUND,YELLOW,10,ROUND_YELLOW,178,0,0,0,0,0,0,0,0,0,0,0,1,00781-5020-01
00002-3235-60_RXNAVIMAGE10_1B158D9C_1.jpg,CAPSULE,GREEN,1,CAPSULE_GREEN,32,0,0,0,0,1,0,0,0,0,0,0,0,00002-3235-60
00002-3235-60_RXNAVIMAGE10_1B158D9C_2.jpg,CAPSULE,GREEN,1,CAPSULE_GREEN,32,0,0,0,0,1,0,0,0,0,0,0,0,00002-3235-60
00555-0727-02_RXNAVIMAGE10_5405AA7D_1.jpg,ROUND,YELLOW,10,ROUND_YELLOW,178,0,0,0,0,0,0,0,0,0,0,0,1,00555-0727-02
00555-0727-02_RXNAVIMAGE10_5405AA7D_2.jpg,ROUND,YELLOW,10,ROUND_YELLOW,178,0,0,0,0,0,0,0,0,0,0,0,1,00555-0727-02
00093-7795-06_RXNAVIMAGE10_A727D3CE_1.jpg,OVAL,WHITE,7,OVAL_WHITE,139,0,0,0,0,0,0,0,0,0,0,1,0,00093-7795-06
00093-7795-06_RXNAVIMAGE10_A727D3CE_2.jpg,OVAL,WHITE,7,OVAL_WHITE,139,0,0,0,0,0,0,0,0,0,0,1,0,00093-7795-06
00115-1041-01_RXNAVIMAGE10_6832B445_1.jpg,ROUND,WHITE,10,ROUND_WHITE,174,0,0,0,0,0,0,0,0,0,0,1,0,00115-1041-01
00115-1041-01_RXNAVIMAGE10_6832B445_2.jpg,ROUND,WHITE,10,ROUND_WHITE,174,0,0,0,0,0,0,0,0,0,0,1,0,00115-1041-01
49884-0734-11_RXNAVIMAGE10_8505C2DE_1.jpg,OVAL,WHITE,7,OVAL_WHITE,139,0,0,0,0,0,0,0,0,0,0,1,0,49884-0734-11
49884-0734-11_RXNAVIMAGE10_8505C2DE_2.jpg,OVAL,WHITE,7,OVAL_WHITE,139,0,0,0,0,0,0,0,0,0,0,1,0,49884-0734-11
00093-0150-01_RXNAVIMAGE10_094284C4_1.jpg,ROUND,WHITE,10,ROUND_WHITE,174,0,0,0,0,0,0,0,0,0,0,1,0,00093-0150-01
00093-0150-01_RXNAVIMAGE10_094284C4_2.jpg,ROUND,WHITE,10,ROUND_WHITE,174,0,0,0,0,0,0,0,0,0,0,1,0,00093-0150-01
00378-0501-01_RXNAVIMAGE10_CA21657B_1.jpg,ROUND,ORANGE,10,ROUND_ORANGE,166,0,0,0,0,0,1,0,0,0,0,0,0,00378-0501-01
00378-0501-01_RXNAVIMAGE10_CA21657B_2.jpg,ROUND,ORANGE,10,ROUND_ORANGE,166,0,0,0,0,0,1,0,0,0,0,0,0,00378-0501-01
00603-2949-28_RXNAVIMAGE10_BE155F1A_1.jpg,ROUND,BLUE,10,ROUND_BLUE,160,0,1,0,0,0,0,0,0,0,0,0,0,00603-2949-28
00603-2949-28_RXNAVIMAGE10_BE155F1A_2.jpg,ROUND,BLUE,10,ROUND_BLUE,160,0,1,0,0,0,0,0,0,0,0,0,0,00603-2949-28
00603-4112-21_RXNAVIMAGE10_AA4E5552_1.jpg,OVAL,WHITE,7,OVAL_WHITE,139,0,0,0,0,0,0,0,0,0,0,1,0,00603-4112-21
00603-4112-21_RXNAVIMAGE10_AA4E5552_2.jpg,OVAL,WHITE,7,OVAL_WHITE,139,0,0,0,0,0,0,0,0,0,0,1,0,00603-4112-21
63459-0225-30_RXNAVIMAGE10_C441E20F_1.jpg,OVAL,WHITE,7,OVAL_WHITE,139,0,0,0,0,0,0,0,0,0,0,1,0,63459-0225-30
63459-0225-30_RXNAVIMAGE10_C441E20F_2.jpg,OVAL,WHITE,7,OVAL_WHITE,139,0,0,0,0,0,0,0,0,0,0,1,0,63459-0225-30
00781-1047-01_RXNAVIMAGE10_2C3F1618_1.jpg,ROUND,WHITE,10,ROUND_WHITE,174,0,0,0,0,0,0,0,0,0,0,1,0,00781-1047-01
00781-1047-01_RXNAVIMAGE10_2C3F1618_2.jpg,ROUND,WHITE,10,ROUND_WHITE,174,0,0,0,0,0,0,0,0,0,0,1,0,00781-1047-01
13668-0429-90_RXNAVIMAGE10_5546AAC5_1.jpg,OVAL,WHITE,7,OVAL_WHITE,139,0,0,0,0,0,0,0,0,0,0,1,0,13668-0429-90
13668-0429-90_RXNAVIMAGE10_5546AAC5_2.jpg,OVAL,WHITE,7,OVAL_WHITE,139,0,0,0,0,0,0,0,0,0,0,1,0,13668-0429-90
00555-9012-58_RXNAVIMAGE10_7A2FBD4D_1.jpg,ROUND,BLUE,10,ROUND_BLUE,160,0,1,0,0,0,0,0,0,0,0,0,0,00555-9012-58
00555-9012-58_RXNAVIMAGE10_7A2FBD4D_2.jpg,ROUND,BLUE,10,ROUND_BLUE,160,0,1,0,0,0,0,0,0,0,0,0,0,00555-9012-58
65649-0303-02_RXNAVIMAGE10_CA3EE557_1.jpg,OVAL,PINK,7,OVAL_PINK,133,0,0,0,0,0,0,1,0,0,0,0,0,65649-0303-02
65649-0303-02_RXNAVIMAGE10_CA3EE557_2.jpg,OVAL,PINK,7,OVAL_PINK,133,0,0,0,0,0,0,1,0,0,0,0,0,65649-0303-02
51672-4026-01_RXNAVIMAGE10_83084182_1.jpg,ROUND,WHITE,10,ROUND_WHITE,174,0,0,0,0,0,0,0,0,0,0,1,0,51672-4026-01
51672-4026-01_RXNAVIMAGE10_83084182_2.jpg,ROUND,WHITE,10,ROUND_WHITE,174,0,0,0,0,0,0,0,0,0,0,1,0,51672-4026-01
00178-0083-90_RXNAVIMAGE10_E507F2CF_1.jpg,RECTANGLE,GREEN,9,RECTANGLE_GREEN,157,0,0,0,0,1,0,0,0,0,0,0,0,00178-0083-90
00178-0083-90_RXNAVIMAGE10_E507F2CF_2.jpg,RECTANGLE,GREEN,9,RECTANGLE_GREEN,157,0,0,0,0,1,0,0,0,0,0,0,0,00178-0083-90
57664-0391-08_RXNAVIMAGE10_6046B065_1.jpg,OVAL,WHITE,7,OVAL_WHITE,139,0,0,0,0,0,0,0,0,0,0,1,0,57664-0391-08
57664-0391-08_RXNAVIMAGE10_6046B065_2.jpg,OVAL,WHITE,7,OVAL_WHITE,139,0,0,0,0,0,0,0,0,0,0,1,0,57664-0391-08
68462-0128-01_RXNAVIMAGE10_024D0138_1.jpg,CAPSULE,"BLUE, WHITE",1,"CAPSULE_BLUE, WHITE",16,0,1,0,0,0,0,0,0,0,0,1,0,68462-0128-01
68462-0128-01_RXNAVIMAGE10_024D0138_2.jpg,CAPSULE,"BLUE, WHITE",1,"CAPSULE_BLUE, WHITE",16,0,1,0,0,0,0,0,0,0,0,1,0,68462-0128-01
00310-0209-20_RXNAVIMAGE10_DC16EE77_1.jpg,ROUND,WHITE,10,ROUND_WHITE,174,0,0,0,0,0,0,0,0,0,0,1,0,00310-0209-20
00310-0209-20_RXNAVIMAGE10_DC16EE77_2.jpg,ROUND,WHITE,10,ROUND_WHITE,174,0,0,0,0,0,0,0,0,0,0,1,0,00310-0209-20
00555-0777-02_RXNAVIMAGE10_FE41FF7F_1.jpg,ROUND,ORANGE,10,ROUND_ORANGE,166,0,0,0,0,0,1,0,0,0,0,0,0,00555-0777-02
00555-0777-02_RXNAVIMAGE10_FE41FF7F_2.jpg,ROUND,ORANGE,10,ROUND_ORANGE,166,0,0,0,0,0,1,0,0,0,0,0,0,00555-0777-02
51285-0120-58_RXNAVIMAGE10_6343B1ED_1.jpg,ROUND,WHITE,10,ROUND_WHITE,174,0,0,0,0,0,0,0,0,0,0,1,0,51285-0120-58
51285-0120-58_RXNAVIMAGE10_6343B1ED_2.jpg,ROUND,WHITE,10,ROUND_WHITE,174,0,0,0,0,0,0,0,0,0,0,1,0,51285-0120-58
49884-0826-10_RXNAVIMAGE10_DF506FB3_1.jpg,ROUND,WHITE,10,ROUND_WHITE,174,0,0,0,0,0,0,0,0,0,0,1,0,49884-0826-10
49884-0826-10_RXNAVIMAGE10_DF506FB3_2.jpg,ROUND,WHITE,10,ROUND_WHITE,174,0,0,0,0,0,0,0,0,0,0,1,0,49884-0826-10
00603-5688-20_RXNAVIMAGE10_000E8024_1.jpg,OVAL,GREEN,7,OVAL_GREEN,129,0,0,0,0,1,0,0,0,0,0,0,0,00603-5688-20
00603-5688-20_RXNAVIMAGE10_000E8024_2.jpg,OVAL,GREEN,7,OVAL_GREEN,129,0,0,0,0,1,0,0,0,0,0,0,0,00603-5688-20
51079-0279-20_RXNAVIMAGE10_7A32BD45_1.jpg,ROUND,GREEN,10,ROUND_GREEN,164,0,0,0,0,1,0,0,0,0,0,0,0,51079-0279-20
51079-0279-20_RXNAVIMAGE10_7A32BD45_2.jpg,ROUND,GREEN,10,ROUND_GREEN,164,0,0,0,0,1,0,0,0,0,0,0,0,51079-0279-20
00555-0635-09_RXNAVIMAGE10_92304922_1.jpg,CAPSULE,"ORANGE, YELLOW",1,"CAPSULE_ORANGE, YELLOW",51,0,0,0,0,0,1,0,0,0,0,0,1,00555-0635-09
00555-0635-09_RXNAVIMAGE10_92304922_2.jpg,CAPSULE,"ORANGE, YELLOW",1,"CAPSULE_ORANGE, YELLOW",51,0,0,0,0,0,1,0,0,0,0,0,1,00555-0635-09
50111-0884-05_RXNAVIMAGE10_68303421_1.jpg,CAPSULE,"GREEN, BLACK",1,"CAPSULE_GREEN, BLACK",33,1,0,0,0,1,0,0,0,0,0,0,0,50111-0884-05
50111-0884-05_RXNAVIMAGE10_68303421_2.jpg,CAPSULE,"GREEN, BLACK",1,"CAPSULE_GREEN, BLACK",33,1,0,0,0,1,0,0,0,0,0,0,0,50111-0884-05
00781-2074-01_RXNAVIMAGE10_9D34CEF6_1.jpg,CAPSULE,"WHITE, BLACK",1,"CAPSULE_WHITE, BLACK",82,1,0,0,0,0,0,0,0,0,0,1,0,00781-2074-01
00781-2074-01_RXNAVIMAGE10_9D34CEF6_2.jpg,CAPSULE,"WHITE, BLACK",1,"CAPSULE_WHITE, BLACK",82,1,0,0,0,0,0,0,0,0,0,1,0,00781-2074-01
64679-0966-01_RXNAVIMAGE10_70463861_1.jpg,OVAL,PINK,7,OVAL_PINK,133,0,0,0,0,0,0,1,0,0,0,0,0,64679-0966-01
64679-0966-01_RXNAVIMAGE10_70463861_2.jpg,OVAL,PINK,7,OVAL_PINK,133,0,0,0,0,0,0,1,0,0,0,0,0,64679-0966-01
23155-0234-05_RXNAVIMAGE10_6B3B35A9_1.jpg,OVAL,ORANGE,7,OVAL_ORANGE,130,0,0,0,0,0,1,0,0,0,0,0,0,23155-0234-05
23155-0234-05_RXNAVIMAGE10_6B3B35A9_2.jpg,OVAL,ORANGE,7,OVAL_ORANGE,130,0,0,0,0,0,1,0,0,0,0,0,0,23155-0234-05
00555-0381-02_RXNAVIMAGE10_19420CF0_1.jpg,ROUND,WHITE,10,ROUND_WHITE,174,0,0,0,0,0,0,0,0,0,0,1,0,00555-0381-02
00555-0381-02_RXNAVIMAGE10_19420CF0_2.jpg,ROUND,WHITE,10,ROUND_WHITE,174,0,0,0,0,0,0,0,0,0,0,1,0,00555-0381-02
00555-0980-37_RXNAVIMAGE10_96304B32_1.jpg,OVAL,ORANGE,7,OVAL_ORANGE,130,0,0,0,0,0,1,0,0,0,0,0,0,00555-0980-37
00555-0980-37_RXNAVIMAGE10_96304B32_2.jpg,OVAL,ORANGE,7,OVAL_ORANGE,130,0,0,0,0,0,1,0,0,0,0,0,0,00555-0980-37
00555-0925-02_RXNAVIMAGE10_46212319_1.jpg,OVAL,BROWN,7,OVAL_BROWN,125,0,0,1,0,0,0,0,0,0,0,0,0,00555-0925-02
00555-0925-02_RXNAVIMAGE10_46212319_2.jpg,OVAL,BROWN,7,OVAL_BROWN,125,0,0,1,0,0,0,0,0,0,0,0,0,00555-0925-02
00093-5454-62_RXNAVIMAGE10_B9395CCA_1.jpg,ROUND,WHITE,10,ROUND_WHITE,174,0,0,0,0,0,0,0,0,0,0,1,0,00093-5454-62
00093-5454-62_RXNAVIMAGE10_B9395CCA_2.jpg,ROUND,WHITE,10,ROUND_WHITE,174,0,0,0,0,0,0,0,0,0,0,1,0,00093-5454-62
51079-0813-20_RXNAVIMAGE10_8C32C646_1.jpg,ROUND,YELLOW,10,ROUND_YELLOW,178,0,0,0,0,0,0,0,0,0,0,0,1,51079-0813-20
51079-0813-20_RXNAVIMAGE10_8C32C646_2.jpg,ROUND,YELLOW,10,ROUND_YELLOW,178,0,0,0,0,0,0,0,0,0,0,0,1,51079-0813-20
68382-0022-01_RXNAVIMAGE10_59202C81_1.jpg,ROUND,WHITE,10,ROUND_WHITE,174,0,0,0,0,0,0,0,0,0,0,1,0,68382-0022-01
68382-0022-01_RXNAVIMAGE10_59202C81_2.jpg,ROUND,WHITE,10,ROUND_WHITE,174,0,0,0,0,0,0,0,0,0,0,1,0,68382-0022-01
00378-6231-01_RXNAVIMAGE10_6B2135D9_1.jpg,ROUND,ORANGE,10,ROUND_ORANGE,166,0,0,0,0,0,1,0,0,0,0,0,0,00378-6231-01
00378-6231-01_RXNAVIMAGE10_6B2135D9_2.jpg,ROUND,ORANGE,10,ROUND_ORANGE,166,0,0,0,0,0,1,0,0,0,0,0,0,00378-6231-01
00093-7544-56_RXNAVIMAGE10_4738A385_1.jpg,CAPSULE,"BLUE, GREEN",1,"CAPSULE_BLUE, GREEN",11,0,1,0,0,1,0,0,0,0,0,0,0,00093-7544-56
00093-7544-56_RXNAVIMAGE10_4738A385_2.jpg,CAPSULE,"BLUE, GREEN",1,"CAPSULE_BLUE, GREEN",11,0,1,0,0,1,0,0,0,0,0,0,0,00093-7544-56
00093-5514-89_RXNAVIMAGE10_B33659D2_1.jpg,CAPSULE,"BLACK, TURQUOISE",1,"CAPSULE_BLACK, TURQUOISE",4,1,0,0,0,0,0,0,0,0,1,0,0,00093-5514-89
00093-5514-89_RXNAVIMAGE10_B33659D2_2.jpg,CAPSULE,"BLACK, TURQUOISE",1,"CAPSULE_BLACK, TURQUOISE",4,1,0,0,0,0,0,0,0,0,1,0,0,00093-5514-89
00093-7239-98_RXNAVIMAGE10_A71DD3FE_1.jpg,OVAL,ORANGE,7,OVAL_ORANGE,130,0,0,0,0,0,1,0,0,0,0,0,0,00093-7239-98
00093-7239-98_RXNAVIMAGE10_A71DD3FE_2.jpg,OVAL,ORANGE,7,OVAL_ORANGE,130,0,0,0,0,0,1,0,0,0,0,0,0,00093-7239-98
59762-1517-01_RXNAVIMAGE10_433DA1ED_1.jpg,CAPSULE,"WHITE, YELLOW",1,"CAPSULE_WHITE, YELLOW",93,0,0,0,0,0,0,0,0,0,0,1,1,59762-1517-01
59762-1517-01_RXNAVIMAGE10_433DA1ED_2.jpg,CAPSULE,"WHITE, YELLOW",1,"CAPSULE_WHITE, YELLOW",93,0,0,0,0,0,0,0,0,0,0,1,1,59762-1517-01
00173-0778-61_RXNAVIMAGE10_341E1A40_1.jpg,ROUND,WHITE,10,ROUND_WHITE,174,0,0,0,0,0,0,0,0,0,0,1,0,00173-0778-61
00173-0778-61_RXNAVIMAGE10_341E1A40_2.jpg,ROUND,WHITE,10,ROUND_WHITE,174,0,0,0,0,0,0,0,0,0,0,1,0,00173-0778-61
00456-1510-60_RXNAVIMAGE10_011C8094_1.jpg,OVAL,PINK,7,OVAL_PINK,133,0,0,0,0,0,0,1,0,0,0,0,0,00456-1510-60
00456-1510-60_RXNAVIMAGE10_011C8094_2.jpg,OVAL,PINK,7,OVAL_PINK,133,0,0,0,0,0,0,1,0,0,0,0,0,00456-1510-60
49884-0830-09_RXNAVIMAGE10_14458A3C_1.jpg,CAPSULE,"GREEN, BLUE",1,"CAPSULE_GREEN, BLUE",34,0,1,0,0,1,0,0,0,0,0,0,0,49884-0830-09
49884-0830-09_RXNAVIMAGE10_14458A3C_2.jpg,CAPSULE,"GREEN, BLUE",1,"CAPSULE_GREEN, BLUE",34,0,1,0,0,1,0,0,0,0,0,0,0,49884-0830-09
16571-0412-50_RXNAVIMAGE10_BC3DDE7E_1.jpg,OVAL,WHITE,7,OVAL_WHITE,139,0,0,0,0,0,0,0,0,0,0,1,0,16571-0412-50
16571-0412-50_RXNAVIMAGE10_BC3DDE7E_2.jpg,OVAL,WHITE,7,OVAL_WHITE,139,0,0,0,0,0,0,0,0,0,0,1,0,16571-0412-50
50532-0115-10_RXNAVIMAGE10_1E408F24_1.jpg,OVAL,WHITE,7,OVAL_WHITE,139,0,0,0,0,0,0,0,0,0,0,1,0,50532-0115-10
50532-0115-10_RXNAVIMAGE10_1E408F24_2.jpg,OVAL,WHITE,7,OVAL_WHITE,139,0,0,0,0,0,0,0,0,0,0,1,0,50532-0115-10
65862-0199-05_RXNAVIMAGE10_10080850_1.jpg,CAPSULE,YELLOW,1,CAPSULE_YELLOW,94,0,0,0,0,0,0,0,0,0,0,0,1,65862-0199-05
65862-0199-05_RXNAVIMAGE10_10080850_2.jpg,CAPSULE,YELLOW,1,CAPSULE_YELLOW,94,0,0,0,0,0,0,0,0,0,0,0,1,65862-0199-05
55111-0122-05_RXNAVIMAGE10_C53DE2CF_1.jpg,OVAL,WHITE,7,OVAL_WHITE,139,0,0,0,0,0,0,0,0,0,0,1,0,55111-0122-05
55111-0122-05_RXNAVIMAGE10_C53DE2CF_2.jpg,OVAL,WHITE,7,OVAL_WHITE,139,0,0,0,0,0,0,0,0,0,0,1,0,55111-0122-05
00185-0145-05_RXNAVIMAGE10_F949FC8F_1.jpg,OVAL,WHITE,7,OVAL_WHITE,139,0,0,0,0,0,0,0,0,0,0,1,0,00185-0145-05
00185-0145-05_RXNAVIMAGE10_F949FC8F_2.jpg,OVAL,WHITE,7,OVAL_WHITE,139,0,0,0,0,0,0,0,0,0,0,1,0,00185-0145-05
00093-5420-88_RXNAVIMAGE10_8E2BC72E_1.jpg,OVAL,WHITE,7,OVAL_WHITE,139,0,0,0,0,0,0,0,0,0,0,1,0,00093-5420-88
00093-5420-88_RXNAVIMAGE10_8E2BC72E_2.jpg,OVAL,WHITE,7,OVAL_WHITE,139,0,0,0,0,0,0,0,0,0,0,1,0,00093-5420-88
42937-0701-10_RXNAVIMAGE10_5D50AEB5_1.jpg,ROUND,BROWN,10,ROUND_BROWN,162,0,0,1,0,0,0,0,0,0,0,0,0,42937-0701-10
42937-0701-10_RXNAVIMAGE10_5D50AEB5_2.jpg,ROUND,BROWN,10,ROUND_BROWN,162,0,0,1,0,0,0,0,0,0,0,0,0,42937-0701-10
60793-0115-01_RXNAVIMAGE10_7B133DA9_1.jpg,ROUND,WHITE,10,ROUND_WHITE,174,0,0,0,0,0,0,0,0,0,0,1,0,60793-0115-01
60793-0115-01_RXNAVIMAGE10_7B133DA9_2.jpg,ROUND,WHITE,10,ROUND_WHITE,174,0,0,0,0,0,0,0,0,0,0,1,0,60793-0115-01
00054-0036-21_RXNAVIMAGE10_EC33F66F_1.jpg,ROUND,WHITE,10,ROUND_WHITE,174,0,0,0,0,0,0,0,0,0,0,1,0,00054-0036-21
00054-0036-21_RXNAVIMAGE10_EC33F66F_2.jpg,ROUND,WHITE,10,ROUND_WHITE,174,0,0,0,0,0,0,0,0,0,0,1,0,00054-0036-21
00591-0411-50_RXNAVIMAGE10_DB056DEB_1.jpg,CAPSULE,"BROWN, WHITE",1,"CAPSULE_BROWN, WHITE",20,0,0,1,0,0,0,0,0,0,0,1,0,00591-0411-50
00591-0411-50_RXNAVIMAGE10_DB056DEB_2.jpg,CAPSULE,"BROWN, WHITE",1,"CAPSULE_BROWN, WHITE",20,0,0,1,0,0,0,0,0,0,0,1,0,00591-0411-50
16729-0171-17_RXNAVIMAGE10_7E4F3F69_1.jpg,ROUND,BROWN,10,ROUND_BROWN,162,0,0,1,0,0,0,0,0,0,0,0,0,16729-0171-17
16729-0171-17_RXNAVIMAGE10_7E4F3F69_2.jpg,ROUND,BROWN,10,ROUND_BROWN,162,0,0,1,0,0,0,0,0,0,0,0,0,16729-0171-17
65862-0210-01_RXNAVIMAGE10_7A493D49_1.jpg,CAPSULE,"WHITE, GRAY",1,"CAPSULE_WHITE, GRAY",85,0,0,0,1,0,0,0,0,0,0,1,0,65862-0210-01
65862-0210-01_RXNAVIMAGE10_7A493D49_2.jpg,CAPSULE,"WHITE, GRAY",1,"CAPSULE_WHITE, GRAY",85,0,0,0,1,0,0,0,0,0,0,1,0,65862-0210-01
51862-0172-12_RXNAVIMAGE10_55462AE1_1.jpg,ROUND,PINK,10,ROUND_PINK,168,0,0,0,0,0,0,1,0,0,0,0,0,51862-0172-12
51862-0172-12_RXNAVIMAGE10_55462AE1_2.jpg,ROUND,PINK,10,ROUND_PINK,168,0,0,0,0,0,0,1,0,0,0,0,0,51862-0172-12
65597-0114-30_RXNAVIMAGE10_7C1DBE6D_1.jpg,ROUND,ORANGE,10,ROUND_ORANGE,166,0,0,0,0,0,1,0,0,0,0,0,0,65597-0114-30
65597-0114-30_RXNAVIMAGE10_7C1DBE6D_2.jpg,ROUND,ORANGE,10,ROUND_ORANGE,166,0,0,0,0,0,1,0,0,0,0,0,0,65597-0114-30
53014-0404-10_RXNAVIMAGE10_2D1C9684_1.jpg,CAPSULE,"GREEN, WHITE",1,"CAPSULE_GREEN, WHITE",42,0,0,0,0,1,0,0,0,0,0,1,0,53014-0404-10
53014-0404-10_RXNAVIMAGE10_2D1C9684_2.jpg,CAPSULE,"GREEN, WHITE",1,"CAPSULE_GREEN, WHITE",42,0,0,0,0,1,0,0,0,0,0,1,0,53014-0404-10
00555-0860-02_RXNAVIMAGE10_D72F6BEB_1.jpg,OVAL,WHITE,7,OVAL_WHITE,139,0,0,0,0,0,0,0,0,0,0,1,0,00555-0860-02
00555-0860-02_RXNAVIMAGE10_D72F6BEB_2.jpg,OVAL,WHITE,7,OVAL_WHITE,139,0,0,0,0,0,0,0,0,0,0,1,0,00555-0860-02
59762-3717-04_RXNAVIMAGE10_24391258_1.jpg,OVAL,WHITE,7,OVAL_WHITE,139,0,0,0,0,0,0,0,0,0,0,1,0,59762-3717-04
59762-3717-04_RXNAVIMAGE10_24391258_2.jpg,OVAL,WHITE,7,OVAL_WHITE,139,0,0,0,0,0,0,0,0,0,0,1,0,59762-3717-04
00781-1488-01_RXNAVIMAGE10_0F2407C0_1.jpg,ROUND,BROWN,10,ROUND_BROWN,162,0,0,1,0,0,0,0,0,0,0,0,0,00781-1488-01
00781-1488-01_RXNAVIMAGE10_0F2407C0_2.jpg,ROUND,BROWN,10,ROUND_BROWN,162,0,0,1,0,0,0,0,0,0,0,0,0,00781-1488-01
16252-0524-01_RXNAVIMAGE10_753ABAA5_1.jpg,ROUND,WHITE,10,ROUND_WHITE,174,0,0,0,0,0,0,0,0,0,0,1,0,16252-0524-01
16252-0524-01_RXNAVIMAGE10_753ABAA5_2.jpg,ROUND,WHITE,10,ROUND_WHITE,174,0,0,0,0,0,0,0,0,0,0,1,0,16252-0524-01
57844-0323-01_RXNAVIMAGE10_CF3667E3_1.jpg,CAPSULE,BLUE,1,CAPSULE_BLUE,7,0,1,0,0,0,0,0,0,0,0,0,0,57844-0323-01
57844-0323-01_RXNAVIMAGE10_CF3667E3_2.jpg,CAPSULE,BLUE,1,CAPSULE_BLUE,7,0,1,0,0,0,0,0,0,0,0,0,0,57844-0323-01
50383-0565-10_RXNAVIMAGE10_1F460F80_1.jpg,ROUND,WHITE,10,ROUND_WHITE,174,0,0,0,0,0,0,0,0,0,0,1,0,50383-0565-10
50383-0565-10_RXNAVIMAGE10_1F460F80_2.jpg,ROUND,WHITE,10,ROUND_WHITE,174,0,0,0,0,0,0,0,0,0,0,1,0,50383-0565-10
00093-7433-98_RXNAVIMAGE10_E643737B_1.jpg,OVAL,ORANGE,7,OVAL_ORANGE,130,0,0,0,0,0,1,0,0,0,0,0,0,00093-7433-98
00093-7433-98_RXNAVIMAGE10_E643737B_2.jpg,OVAL,ORANGE,7,OVAL_ORANGE,130,0,0,0,0,0,1,0,0,0,0,0,0,00093-7433-98
00093-8740-01_RXNAVIMAGE10_A33651C2_1.jpg,CAPSULE,ORANGE,1,CAPSULE_ORANGE,44,0,0,0,0,0,1,0,0,0,0,0,0,00093-8740-01
00093-8740-01_RXNAVIMAGE10_A33651C2_2.jpg,CAPSULE,ORANGE,1,CAPSULE_ORANGE,44,0,0,0,0,0,1,0,0,0,0,0,0,00093-8740-01
68462-0332-90_RXNAVIMAGE10_EF3E77D3_1.jpg,OVAL,WHITE,7,OVAL_WHITE,139,0,0,0,0,0,0,0,0,0,0,1,0,68462-0332-90
68462-0332-90_RXNAVIMAGE10_EF3E77D3_2.jpg,OVAL,WHITE,7,OVAL_WHITE,139,0,0,0,0,0,0,0,0,0,0,1,0,68462-0332-90
65862-0193-99_RXNAVIMAGE10_E40E7213_1.jpg,CAPSULE,"GREEN, WHITE",1,"CAPSULE_GREEN, WHITE",42,0,0,0,0,1,0,0,0,0,0,1,0,65862-0193-99
65862-0193-99_RXNAVIMAGE10_E40E7213_2.jpg,CAPSULE,"GREEN, WHITE",1,"CAPSULE_GREEN, WHITE",42,0,0,0,0,1,0,0,0,0,0,1,0,65862-0193-99
00597-0140-30_RXNAVIMAGE10_ED3D76CB_1.jpg,ROUND,RED,10,ROUND_RED,172,0,0,0,0,0,0,0,0,1,0,0,0,00597-0140-30
00597-0140-30_RXNAVIMAGE10_ED3D76CB_2.jpg,ROUND,RED,10,ROUND_RED,172,0,0,0,0,0,0,0,0,1,0,0,0,00597-0140-30
00074-3020-11_RXNAVIMAGE10_E01D703B_1.jpg,OVAL,RED,7,OVAL_RED,137,0,0,0,0,0,0,0,0,1,0,0,0,00074-3020-11
00074-3020-11_RXNAVIMAGE10_E01D703B_2.jpg,OVAL,RED,7,OVAL_RED,137,0,0,0,0,0,0,0,0,1,0,0,0,00074-3020-11
61442-0142-01_RXNAVIMAGE10_8916C4A6_1.jpg,ROUND,WHITE,10,ROUND_WHITE,174,0,0,0,0,0,0,0,0,0,0,1,0,61442-0142-01
61442-0142-01_RXNAVIMAGE10_8916C4A6_2.jpg,ROUND,WHITE,10,ROUND_WHITE,174,0,0,0,0,0,0,0,0,0,0,1,0,61442-0142-01
00006-0080-61_RXNAVIMAGE10_3A3E1D10_1.jpg,OVAL,GREEN,7,OVAL_GREEN,129,0,0,0,0,1,0,0,0,0,0,0,0,00006-0080-61
00006-0080-61_RXNAVIMAGE10_3A3E1D10_2.jpg,OVAL,GREEN,7,OVAL_GREEN,129,0,0,0,0,1,0,0,0,0,0,0,0,00006-0080-61
51991-0073-01_RXNAVIMAGE10_EE1FF71F_1.jpg,CAPSULE,"BLUE, GRAY",1,"CAPSULE_BLUE, GRAY",10,0,1,0,1,0,0,0,0,0,0,0,0,51991-0073-01
51991-0073-01_RXNAVIMAGE10_EE1FF71F_2.jpg,CAPSULE,"BLUE, GRAY",1,"CAPSULE_BLUE, GRAY",10,0,1,0,1,0,0,0,0,0,0,0,0,51991-0073-01
00029-3159-13_RXNAVIMAGE10_E418F247_1.jpg,PENTAGON,ORANGE,8,PENTAGON_ORANGE,149,0,0,0,0,0,1,0,0,0,0,0,0,00029-3159-13
00029-3159-13_RXNAVIMAGE10_E418F247_2.jpg,PENTAGON,ORANGE,8,PENTAGON_ORANGE,149,0,0,0,0,0,1,0,0,0,0,0,0,00029-3159-13
57237-0019-30_RXNAVIMAGE10_3E3D9F7C_1.jpg,CAPSULE,"BLUE, YELLOW",1,"CAPSULE_BLUE, YELLOW",17,0,1,0,0,0,0,0,0,0,0,0,1,57237-0019-30
57237-0019-30_RXNAVIMAGE10_3E3D9F7C_2.jpg,CAPSULE,"BLUE, YELLOW",1,"CAPSULE_BLUE, YELLOW",17,0,1,0,0,0,0,0,0,0,0,0,1,57237-0019-30
00172-4096-60_RXNAVIMAGE10_B726DBE6_1.jpg,ROUND,WHITE,10,ROUND_WHITE,174,0,0,0,0,0,0,0,0,0,0,1,0,00172-4096-60
00172-4096-60_RXNAVIMAGE10_B726DBE6_2.jpg,ROUND,WHITE,10,ROUND_WHITE,174,0,0,0,0,0,0,0,0,0,0,1,0,00172-4096-60
00172-4097-60_RXNAVIMAGE10_532329F9_1.jpg,ROUND,WHITE,10,ROUND_WHITE,174,0,0,0,0,0,0,0,0,0,0,1,0,00172-4097-60
00172-4097-60_RXNAVIMAGE10_532329F9_2.jpg,ROUND,WHITE,10,ROUND_WHITE,174,0,0,0,0,0,0,0,0,0,0,1,0,00172-4097-60
00093-0292-01_RXNAVIMAGE10_CF3567FB_1.jpg,ROUND,BLUE,10,ROUND_BLUE,160,0,1,0,0,0,0,0,0,0,0,0,0,00093-0292-01
00093-0292-01_RXNAVIMAGE10_CF3567FB_2.jpg,ROUND,BLUE,10,ROUND_BLUE,160,0,1,0,0,0,0,0,0,0,0,0,0,00093-0292-01
31722-0904-05_RXNAVIMAGE10_7F51BF8D_1.jpg,CAPSULE,"GREEN, BLUE",1,"CAPSULE_GREEN, BLUE",34,0,1,0,0,1,0,0,0,0,0,0,0,31722-0904-05
31722-0904-05_RXNAVIMAGE10_7F51BF8D_2.jpg,CAPSULE,"GREEN, BLUE",1,"CAPSULE_GREEN, BLUE",34,0,1,0,0,1,0,0,0,0,0,0,0,31722-0904-05
00093-5112-98_RXNAVIMAGE10_4E2D2719_1.jpg,CAPSULE,GREEN,1,CAPSULE_GREEN,32,0,0,0,0,1,0,0,0,0,0,0,0,00093-5112-98
00093-5112-98_RXNAVIMAGE10_4E2D2719_2.jpg,CAPSULE,GREEN,1,CAPSULE_GREEN,32,0,0,0,0,1,0,0,0,0,0,0,0,00093-5112-98
50419-0409-01_RXNAVIMAGE10_A619530A_1.jpg,ROUND,YELLOW,10,ROUND_YELLOW,178,0,0,0,0,0,0,0,0,0,0,0,1,50419-0409-01
50419-0409-01_RXNAVIMAGE10_A619530A_2.jpg,ROUND,YELLOW,10,ROUND_YELLOW,178,0,0,0,0,0,0,0,0,0,0,0,1,50419-0409-01
00054-0198-13_RXNAVIMAGE10_EB3B75FB_1.jpg,OVAL,WHITE,7,OVAL_WHITE,139,0,0,0,0,0,0,0,0,0,0,1,0,00054-0198-13
00054-0198-13_RXNAVIMAGE10_EB3B75FB_2.jpg,OVAL,WHITE,7,OVAL_WHITE,139,0,0,0,0,0,0,0,0,0,0,1,0,00054-0198-13
00378-0574-01_RXNAVIMAGE10_E8087423_1.jpg,ROUND,ORANGE,10,ROUND_ORANGE,166,0,0,0,0,0,1,0,0,0,0,0,0,00378-0574-01
00378-0574-01_RXNAVIMAGE10_E8087423_2.jpg,ROUND,ORANGE,10,ROUND_ORANGE,166,0,0,0,0,0,1,0,0,0,0,0,0,00378-0574-01
00555-9066-67_RXNAVIMAGE10_1B368DC4_1.jpg,ROUND,PINK,10,ROUND_PINK,168,0,0,0,0,0,0,1,0,0,0,0,0,00555-9066-67
00555-9066-67_RXNAVIMAGE10_1B368DC4_2.jpg,ROUND,PINK,10,ROUND_PINK,168,0,0,0,0,0,0,1,0,0,0,0,0,00555-9066-67
00228-2599-11_RXNAVIMAGE10_5E33AF5D_1.jpg,OVAL,GRAY,7,OVAL_GRAY,127,0,0,0,1,0,0,0,0,0,0,0,0,00228-2599-11
00228-2599-11_RXNAVIMAGE10_5E33AF5D_2.jpg,OVAL,GRAY,7,OVAL_GRAY,127,0,0,0,1,0,0,0,0,0,0,0,0,00228-2599-11
00093-5537-56_RXNAVIMAGE10_5642AB05_1.jpg,ROUND,BLUE,10,ROUND_BLUE,160,0,1,0,0,0,0,0,0,0,0,0,0,00093-5537-56
00093-5537-56_RXNAVIMAGE10_5642AB05_2.jpg,ROUND,BLUE,10,ROUND_BLUE,160,0,1,0,0,0,0,0,0,0,0,0,0,00093-5537-56
42769-1225-00_RXNAVIMAGE10_C907E48F_1.jpg,OVAL,YELLOW,7,OVAL_YELLOW,145,0,0,0,0,0,0,0,0,0,0,0,1,42769-1225-00
42769-1225-00_RXNAVIMAGE10_C907E48F_2.jpg,OVAL,YELLOW,7,OVAL_YELLOW,145,0,0,0,0,0,0,0,0,0,0,0,1,42769-1225-00
00228-2539-50_RXNAVIMAGE10_35049AC4_1.jpg,ROUND,YELLOW,10,ROUND_YELLOW,178,0,0,0,0,0,0,0,0,0,0,0,1,00228-2539-50
00228-2539-50_RXNAVIMAGE10_35049AC4_2.jpg,ROUND,YELLOW,10,ROUND_YELLOW,178,0,0,0,0,0,0,0,0,0,0,0,1,00228-2539-50
61269-0212-90_RXNAVIMAGE10_954D4AEA_1.jpg,CAPSULE,WHITE,1,CAPSULE_WHITE,81,0,0,0,0,0,0,0,0,0,0,1,0,61269-0212-90
61269-0212-90_RXNAVIMAGE10_954D4AEA_2.jpg,CAPSULE,WHITE,1,CAPSULE_WHITE,81,0,0,0,0,0,0,0,0,0,0,1,0,61269-0212-90
00781-5061-20_RXNAVIMAGE10_C523629B_1.jpg,OVAL,WHITE,7,OVAL_WHITE,139,0,0,0,0,0,0,0,0,0,0,1,0,00781-5061-20
00781-5061-20_RXNAVIMAGE10_C523629B_2.jpg,OVAL,WHITE,7,OVAL_WHITE,139,0,0,0,0,0,0,0,0,0,0,1,0,00781-5061-20
00378-0424-01_RXNAVIMAGE10_10090848_1.jpg,ROUND,ORANGE,10,ROUND_ORANGE,166,0,0,0,0,0,1,0,0,0,0,0,0,00378-0424-01
00378-0424-01_RXNAVIMAGE10_10090848_2.jpg,ROUND,ORANGE,10,ROUND_ORANGE,166,0,0,0,0,0,1,0,0,0,0,0,0,00378-0424-01
62756-0523-88_RXNAVIMAGE10_2A3A1510_1.jpg,ROUND,BLUE,10,ROUND_BLUE,160,0,1,0,0,0,0,0,0,0,0,0,0,62756-0523-88
62756-0523-88_RXNAVIMAGE10_2A3A1510_2.jpg,ROUND,BLUE,10,ROUND_BLUE,160,0,1,0,0,0,0,0,0,0,0,0,0,62756-0523-88
68382-0065-16_RXNAVIMAGE10_310E9884_1.jpg,OVAL,WHITE,7,OVAL_WHITE,139,0,0,0,0,0,0,0,0,0,0,1,0,68382-0065-16
68382-0065-16_RXNAVIMAGE10_310E9884_2.jpg,OVAL,WHITE,7,OVAL_WHITE,139,0,0,0,0,0,0,0,0,0,0,1,0,68382-0065-16
68180-0160-11_RXNAVIMAGE10_E64F732B_1.jpg,OVAL,PINK,7,OVAL_PINK,133,0,0,0,0,0,0,1,0,0,0,0,0,68180-0160-11
68180-0160-11_RXNAVIMAGE10_E64F732B_2.jpg,OVAL,PINK,7,OVAL_PINK,133,0,0,0,0,0,0,1,0,0,0,0,0,68180-0160-11
64727-3300-01_RXNAVIMAGE10_DC3F6E2B_1.jpg,ROUND,BROWN,10,ROUND_BROWN,162,0,0,1,0,0,0,0,0,0,0,0,0,64727-3300-01
64727-3300-01_RXNAVIMAGE10_DC3F6E2B_2.jpg,ROUND,BROWN,10,ROUND_BROWN,162,0,0,1,0,0,0,0,0,0,0,0,0,64727-3300-01
00093-5538-01_RXNAVIMAGE10_7D42BE85_1.jpg,ROUND,WHITE,10,ROUND_WHITE,174,0,0,0,0,0,0,0,0,0,0,1,0,00093-5538-01
00093-5538-01_RXNAVIMAGE10_7D42BE85_2.jpg,ROUND,WHITE,10,ROUND_WHITE,174,0,0,0,0,0,0,0,0,0,0,1,0,00093-5538-01
16729-0170-17_RXNAVIMAGE10_9E48CF36_1.jpg,ROUND,WHITE,10,ROUND_WHITE,174,0,0,0,0,0,0,0,0,0,0,1,0,16729-0170-17
16729-0170-17_RXNAVIMAGE10_9E48CF36_2.jpg,ROUND,WHITE,10,ROUND_WHITE,174,0,0,0,0,0,0,0,0,0,0,1,0,16729-0170-17
55111-0341-01_RXNAVIMAGE10_C238E107_1.jpg,CAPSULE,"GRAY, WHITE",1,"CAPSULE_GRAY, WHITE",30,0,0,0,1,0,0,0,0,0,0,1,0,55111-0341-01
55111-0341-01_RXNAVIMAGE10_C238E107_2.jpg,CAPSULE,"GRAY, WHITE",1,"CAPSULE_GRAY, WHITE",30,0,0,0,1,0,0,0,0,0,0,1,0,55111-0341-01
00378-8629-77_RXNAVIMAGE10_FF3AFFD7_1.jpg,CAPSULE,"ORANGE, WHITE",1,"CAPSULE_ORANGE, WHITE",50,0,0,0,0,0,1,0,0,0,0,1,0,00378-8629-77
00378-8629-77_RXNAVIMAGE10_FF3AFFD7_2.jpg,CAPSULE,"ORANGE, WHITE",1,"CAPSULE_ORANGE, WHITE",50,0,0,0,0,0,1,0,0,0,0,1,0,00378-8629-77
62559-1507-00_RXNAVIMAGE10_8415C24E_1.jpg,OVAL,GREEN,7,OVAL_GREEN,129,0,0,0,0,1,0,0,0,0,0,0,0,62559-1507-00
62559-1507-00_RXNAVIMAGE10_8415C24E_2.jpg,OVAL,GREEN,7,OVAL_GREEN,129,0,0,0,0,1,0,0,0,0,0,0,0,62559-1507-00
64720-0126-10_RXNAVIMAGE10_C6506353_1.jpg,ROUND,ORANGE,10,ROUND_ORANGE,166,0,0,0,0,0,1,0,0,0,0,0,0,64720-0126-10
64720-0126-10_RXNAVIMAGE10_C6506353_2.jpg,ROUND,ORANGE,10,ROUND_ORANGE,166,0,0,0,0,0,1,0,0,0,0,0,0,64720-0126-10
00071-0155-23_RXNAVIMAGE10_711C38F1_1.jpg,OVAL,WHITE,7,OVAL_WHITE,139,0,0,0,0,0,0,0,0,0,0,1,0,00071-0155-23
00071-0155-23_RXNAVIMAGE10_711C38F1_2.jpg,OVAL,WHITE,7,OVAL_WHITE,139,0,0,0,0,0,0,0,0,0,0,1,0,00071-0155-23
55111-0193-01_RXNAVIMAGE10_F007F83F_1.jpg,OVAL,PINK,7,OVAL_PINK,133,0,0,0,0,0,0,1,0,0,0,0,0,55111-0193-01
55111-0193-01_RXNAVIMAGE10_F007F83F_2.jpg,OVAL,PINK,7,OVAL_PINK,133,0,0,0,0,0,0,1,0,0,0,0,0,55111-0193-01
00029-3158-18_RXNAVIMAGE10_C118E0A7_1.jpg,PENTAGON,PINK,8,PENTAGON_PINK,150,0,0,0,0,0,0,1,0,0,0,0,0,00029-3158-18
00029-3158-18_RXNAVIMAGE10_C118E0A7_2.jpg,PENTAGON,PINK,8,PENTAGON_PINK,150,0,0,0,0,0,0,1,0,0,0,0,0,00029-3158-18
68382-0099-06_RXNAVIMAGE10_D6086B23_1.jpg,ROUND,WHITE,10,ROUND_WHITE,174,0,0,0,0,0,0,0,0,0,0,1,0,68382-0099-06
68382-0099-06_RXNAVIMAGE10_D6086B23_2.jpg,ROUND,WHITE,10,ROUND_WHITE,174,0,0,0,0,0,0,0,0,0,0,1,0,68382-0099-06
00173-0752-00_RXNAVIMAGE10_8318C1B6_1.jpg,OVAL,ORANGE,7,OVAL_ORANGE,130,0,0,0,0,0,1,0,0,0,0,0,0,00173-0752-00
00173-0752-00_RXNAVIMAGE10_8318C1B6_2.jpg,OVAL,ORANGE,7,OVAL_ORANGE,130,0,0,0,0,0,1,0,0,0,0,0,0,00173-0752-00
13668-0039-60_RXNAVIMAGE10_030E81D4_1.jpg,OVAL,YELLOW,7,OVAL_YELLOW,145,0,0,0,0,0,0,0,0,0,0,0,1,13668-0039-60
13668-0039-60_RXNAVIMAGE10_030E81D4_2.jpg,OVAL,YELLOW,7,OVAL_YELLOW,145,0,0,0,0,0,0,0,0,0,0,0,1,13668-0039-60
00172-5728-60_RXNAVIMAGE10_5821AC5D_1.jpg,ROUND,BROWN,10,ROUND_BROWN,162,0,0,1,0,0,0,0,0,0,0,0,0,00172-5728-60
00172-5728-60_RXNAVIMAGE10_5821AC5D_2.jpg,ROUND,BROWN,10,ROUND_BROWN,162,0,0,1,0,0,0,0,0,0,0,0,0,00172-5728-60
00093-7493-06_RXNAVIMAGE10_DB2FEDDF_1.jpg,OVAL,WHITE,7,OVAL_WHITE,139,0,0,0,0,0,0,0,0,0,0,1,0,00093-7493-06
00093-7493-06_RXNAVIMAGE10_DB2FEDDF_2.jpg,OVAL,WHITE,7,OVAL_WHITE,139,0,0,0,0,0,0,0,0,0,0,1,0,00093-7493-06
00781-5914-01_RXNAVIMAGE10_CB3965FB_1.jpg,ROUND,BROWN,10,ROUND_BROWN,162,0,0,1,0,0,0,0,0,0,0,0,0,00781-5914-01
00781-5914-01_RXNAVIMAGE10_CB3965FB_2.jpg,ROUND,BROWN,10,ROUND_BROWN,162,0,0,1,0,0,0,0,0,0,0,0,0,00781-5914-01
65862-0598-05_RXNAVIMAGE10_7A51BD1D_1.jpg,CAPSULE,"GREEN, ORANGE",1,"CAPSULE_GREEN, ORANGE",38,0,0,0,0,1,1,0,0,0,0,0,0,65862-0598-05
65862-0598-05_RXNAVIMAGE10_7A51BD1D_2.jpg,CAPSULE,"GREEN, ORANGE",1,"CAPSULE_GREEN, ORANGE",38,0,0,0,0,1,1,0,0,0,0,0,0,65862-0598-05
00007-4885-61_RXNAVIMAGE10_1F190FB8_1.jpg,OVAL,PINK,7,OVAL_PINK,133,0,0,0,0,0,0,1,0,0,0,0,0,00007-4885-61
00007-4885-61_RXNAVIMAGE10_1F190FB8_2.jpg,OVAL,PINK,7,OVAL_PINK,133,0,0,0,0,0,0,1,0,0,0,0,0,00007-4885-61
00456-1410-01_RXNAVIMAGE10_6D3A36A1_1.jpg,TRIANGLE,PURPLE,15,TRIANGLE_PURPLE,200,0,0,0,0,0,0,0,1,0,0,0,0,00456-1410-01
00456-1410-01_RXNAVIMAGE10_6D3A36A1_2.jpg,TRIANGLE,PURPLE,15,TRIANGLE_PURPLE,200,0,0,0,0,0,0,0,1,0,0,0,0,00456-1410-01
00378-6203-01_RXNAVIMAGE10_183E8C14_1.jpg,CAPSULE,RED,1,CAPSULE_RED,69,0,0,0,0,0,0,0,0,1,0,0,0,00378-6203-01
00378-6203-01_RXNAVIMAGE10_183E8C14_2.jpg,CAPSULE,RED,1,CAPSULE_RED,69,0,0,0,0,0,0,0,0,1,0,0,0,00378-6203-01
00093-8305-01_RXNAVIMAGE10_58472C29_1.jpg,OVAL,WHITE,7,OVAL_WHITE,139,0,0,0,0,0,0,0,0,0,0,1,0,00093-8305-01
00093-8305-01_RXNAVIMAGE10_58472C29_2.jpg,OVAL,WHITE,7,OVAL_WHITE,139,0,0,0,0,0,0,0,0,0,0,1,0,00093-8305-01
00093-7299-01_RXNAVIMAGE10_A33051F2_1.jpg,SQUARE,YELLOW,12,SQUARE_YELLOW,186,0,0,0,0,0,0,0,0,0,0,0,1,00093-7299-01
00093-7299-01_RXNAVIMAGE10_A33051F2_2.jpg,SQUARE,YELLOW,12,SQUARE_YELLOW,186,0,0,0,0,0,0,0,0,0,0,0,1,00093-7299-01
51991-0817-01_RXNAVIMAGE10_AD41568A_1.jpg,CAPSULE,WHITE,1,CAPSULE_WHITE,81,0,0,0,0,0,0,0,0,0,0,1,0,51991-0817-01
51991-0817-01_RXNAVIMAGE10_AD41568A_2.jpg,CAPSULE,WHITE,1,CAPSULE_WHITE,81,0,0,0,0,0,0,0,0,0,0,1,0,51991-0817-01
00603-0179-29_RXNAVIMAGE10_4E332709_1.jpg,ROUND,RED,10,ROUND_RED,172,0,0,0,0,0,0,0,0,1,0,0,0,00603-0179-29
00603-0179-29_RXNAVIMAGE10_4E332709_2.jpg,ROUND,RED,10,ROUND_RED,172,0,0,0,0,0,0,0,0,1,0,0,0,00603-0179-29
59762-2004-01_RXNAVIMAGE10_E61DF31F_1.jpg,CAPSULE,"BLUE, WHITE",1,"CAPSULE_BLUE, WHITE",16,0,1,0,0,0,0,0,0,0,0,1,0,59762-2004-01
59762-2004-01_RXNAVIMAGE10_E61DF31F_2.jpg,CAPSULE,"BLUE, WHITE",1,"CAPSULE_BLUE, WHITE",16,0,1,0,0,0,0,0,0,0,0,1,0,59762-2004-01
00093-1048-98_RXNAVIMAGE10_C029E06F_1.jpg,OVAL,WHITE,7,OVAL_WHITE,139,0,0,0,0,0,0,0,0,0,0,1,0,00093-1048-98
00093-1048-98_RXNAVIMAGE10_C029E06F_2.jpg,OVAL,WHITE,7,OVAL_WHITE,139,0,0,0,0,0,0,0,0,0,0,1,0,00093-1048-98
00054-0111-25_RXNAVIMAGE10_3D4A1ED0_1.jpg,ROUND,WHITE,10,ROUND_WHITE,174,0,0,0,0,0,0,0,0,0,0,1,0,00054-0111-25
00054-0111-25_RXNAVIMAGE10_3D4A1ED0_2.jpg,ROUND,WHITE,10,ROUND_WHITE,174,0,0,0,0,0,0,0,0,0,0,1,0,00054-0111-25
50111-0459-01_RXNAVIMAGE10_AA22D506_1.jpg,OVAL,WHITE,7,OVAL_WHITE,139,0,0,0,0,0,0,0,0,0,0,1,0,50111-0459-01
50111-0459-01_RXNAVIMAGE10_AA22D506_2.jpg,OVAL,WHITE,7,OVAL_WHITE,139,0,0,0,0,0,0,0,0,0,0,1,0,50111-0459-01
60505-3145-01_RXNAVIMAGE10_F13AF8E7_1.jpg,CAPSULE,WHITE,1,CAPSULE_WHITE,81,0,0,0,0,0,0,0,0,0,0,1,0,60505-3145-01
60505-3145-01_RXNAVIMAGE10_F13AF8E7_2.jpg,CAPSULE,WHITE,1,CAPSULE_WHITE,81,0,0,0,0,0,0,0,0,0,0,1,0,60505-3145-01
16714-0391-02_RXNAVIMAGE10_9A51CD0E_1.jpg,CAPSULE,"PURPLE, TURQUOISE",1,"CAPSULE_PURPLE, TURQUOISE",66,0,0,0,0,0,0,0,1,0,1,0,0,16714-0391-02
16714-0391-02_RXNAVIMAGE10_9A51CD0E_2.jpg,CAPSULE,"PURPLE, TURQUOISE",1,"CAPSULE_PURPLE, TURQUOISE",66,0,0,0,0,0,0,0,1,0,1,0,0,16714-0391-02
00093-5061-01_RXNAVIMAGE10_7C2D3E29_1.jpg,ROUND,WHITE,10,ROUND_WHITE,174,0,0,0,0,0,0,0,0,0,0,1,0,00093-5061-01
00093-5061-01_RXNAVIMAGE10_7C2D3E29_2.jpg,ROUND,WHITE,10,ROUND_WHITE,174,0,0,0,0,0,0,0,0,0,0,1,0,00093-5061-01
00093-0810-01_RXNAVIMAGE10_24231228_1.jpg,CAPSULE,"WHITE, ORANGE",1,"CAPSULE_WHITE, ORANGE",87,0,0,0,0,0,1,0,0,0,0,1,0,00093-0810-01
00093-0810-01_RXNAVIMAGE10_24231228_2.jpg,CAPSULE,"WHITE, ORANGE",1,"CAPSULE_WHITE, ORANGE",87,0,0,0,0,0,1,0,0,0,0,1,0,00093-0810-01
16252-0543-90_RXNAVIMAGE10_FC3F7E1B_1.jpg,ROUND,WHITE,10,ROUND_WHITE,174,0,0,0,0,0,0,0,0,0,0,1,0,16252-0543-90
16252-0543-90_RXNAVIMAGE10_FC3F7E1B_2.jpg,ROUND,WHITE,10,ROUND_WHITE,174,0,0,0,0,0,0,0,0,0,0,1,0,16252-0543-90
00597-0182-30_RXNAVIMAGE10_B34D598A_1.jpg,TRIANGLE,YELLOW,15,TRIANGLE_YELLOW,203,0,0,0,0,0,0,0,0,0,0,0,1,00597-0182-30
00597-0182-30_RXNAVIMAGE10_B34D598A_2.jpg,TRIANGLE,YELLOW,15,TRIANGLE_YELLOW,203,0,0,0,0,0,0,0,0,0,0,0,1,00597-0182-30
00002-3240-30_RXNAVIMAGE10_A91354BA_1.jpg,CAPSULE,"BLUE, WHITE",1,"CAPSULE_BLUE, WHITE",16,0,1,0,0,0,0,0,0,0,0,1,0,00002-3240-30
00002-3240-30_RXNAVIMAGE10_A91354BA_2.jpg,CAPSULE,"BLUE, WHITE",1,"CAPSULE_BLUE, WHITE",16,0,1,0,0,0,0,0,0,0,0,1,0,00002-3240-30
00054-0289-13_RXNAVIMAGE10_D550EAE7_1.jpg,ROUND,PINK,10,ROUND_PINK,168,0,0,0,0,0,0,1,0,0,0,0,0,00054-0289-13
00054-0289-13_RXNAVIMAGE10_D550EAE7_2.jpg,ROUND,PINK,10,ROUND_PINK,168,0,0,0,0,0,0,1,0,0,0,0,0,00054-0289-13
51660-0142-90_RXNAVIMAGE10_023F0118_1.jpg,OVAL,PINK,7,OVAL_PINK,133,0,0,0,0,0,0,1,0,0,0,0,0,51660-0142-90
51660-0142-90_RXNAVIMAGE10_023F0118_2.jpg,OVAL,PINK,7,OVAL_PINK,133,0,0,0,0,0,0,1,0,0,0,0,0,51660-0142-90
00093-5963-01_RXNAVIMAGE10_CD43E6FF_1.jpg,OVAL,WHITE,7,OVAL_WHITE,139,0,0,0,0,0,0,0,0,0,0,1,0,00093-5963-01
00093-5963-01_RXNAVIMAGE10_CD43E6FF_2.jpg,OVAL,WHITE,7,OVAL_WHITE,139,0,0,0,0,0,0,0,0,0,0,1,0,00093-5963-01
47335-0637-68_RXNAVIMAGE10_47462391_1.jpg,ROUND,WHITE,10,ROUND_WHITE,174,0,0,0,0,0,0,0,0,0,0,1,0,47335-0637-68
47335-0637-68_RXNAVIMAGE10_47462391_2.jpg,ROUND,WHITE,10,ROUND_WHITE,174,0,0,0,0,0,0,0,0,0,0,1,0,47335-0637-68
53746-0253-01_RXNAVIMAGE10_B032D876_1.jpg,ROUND,ORANGE,10,ROUND_ORANGE,166,0,0,0,0,0,1,0,0,0,0,0,0,53746-0253-01
53746-0253-01_RXNAVIMAGE10_B032D876_2.jpg,ROUND,ORANGE,10,ROUND_ORANGE,166,0,0,0,0,0,1,0,0,0,0,0,0,53746-0253-01
00173-0756-00_RXNAVIMAGE10_4F3E27C1_1.jpg,ROUND,"ORANGE, WHITE",10,"ROUND_ORANGE, WHITE",167,0,0,0,0,0,1,0,0,0,0,1,0,00173-0756-00
00173-0756-00_RXNAVIMAGE10_4F3E27C1_2.jpg,ROUND,"ORANGE, WHITE",10,"ROUND_ORANGE, WHITE",167,0,0,0,0,0,1,0,0,0,0,1,0,00173-0756-00
59762-0811-01_RXNAVIMAGE10_F740FB97_1.jpg,ROUND,BLUE,10,ROUND_BLUE,160,0,1,0,0,0,0,0,0,0,0,0,0,59762-0811-01
59762-0811-01_RXNAVIMAGE10_F740FB97_2.jpg,ROUND,BLUE,10,ROUND_BLUE,160,0,1,0,0,0,0,0,0,0,0,0,0,59762-0811-01
16714-0611-04_RXNAVIMAGE10_8F4E47A2_1.jpg,OVAL,GREEN,7,OVAL_GREEN,129,0,0,0,0,1,0,0,0,0,0,0,0,16714-0611-04
16714-0611-04_RXNAVIMAGE10_8F4E47A2_2.jpg,OVAL,GREEN,7,OVAL_GREEN,129,0,0,0,0,1,0,0,0,0,0,0,0,16714-0611-04
00093-7147-56_RXNAVIMAGE10_432BA1DD_1.jpg,OVAL,WHITE,7,OVAL_WHITE,139,0,0,0,0,0,0,0,0,0,0,1,0,00093-7147-56
00093-7147-56_RXNAVIMAGE10_432BA1DD_2.jpg,OVAL,WHITE,7,OVAL_WHITE,139,0,0,0,0,0,0,0,0,0,0,1,0,00093-7147-56
00054-0037-21_RXNAVIMAGE10_BD1B5EBA_1.jpg,OVAL,WHITE,7,OVAL_WHITE,139,0,0,0,0,0,0,0,0,0,0,1,0,00054-0037-21
00054-0037-21_RXNAVIMAGE10_BD1B5EBA_2.jpg,OVAL,WHITE,7,OVAL_WHITE,139,0,0,0,0,0,0,0,0,0,0,1,0,00054-0037-21
60258-0186-01_RXNAVIMAGE10_4B15A5CD_1.jpg,CAPSULE,BROWN,1,CAPSULE_BROWN,18,0,0,1,0,0,0,0,0,0,0,0,0,60258-0186-01
60258-0186-01_RXNAVIMAGE10_4B15A5CD_2.jpg,CAPSULE,BROWN,1,CAPSULE_BROWN,18,0,0,1,0,0,0,0,0,0,0,0,0,60258-0186-01
55111-0725-30_RXNAVIMAGE10_9F3A4FC2_1.jpg,SQUARE,BROWN,12,SQUARE_BROWN,182,0,0,1,0,0,0,0,0,0,0,0,0,55111-0725-30
55111-0725-30_RXNAVIMAGE10_9F3A4FC2_2.jpg,SQUARE,BROWN,12,SQUARE_BROWN,182,0,0,1,0,0,0,0,0,0,0,0,0,55111-0725-30
00054-0044-21_RXNAVIMAGE10_C83FE45F_1.jpg,ROUND,WHITE,10,ROUND_WHITE,174,0,0,0,0,0,0,0,0,0,0,1,0,00054-0044-21
00054-0044-21_RXNAVIMAGE10_C83FE45F_2.jpg,ROUND,WHITE,10,ROUND_WHITE,174,0,0,0,0,0,0,0,0,0,0,1,0,00054-0044-21
00228-2579-03_RXNAVIMAGE10_DF34EFF7_1.jpg,CAPSULE,"GREEN, GRAY",1,"CAPSULE_GREEN, GRAY",36,0,0,0,1,1,0,0,0,0,0,0,0,00228-2579-03
00228-2579-03_RXNAVIMAGE10_DF34EFF7_2.jpg,CAPSULE,"GREEN, GRAY",1,"CAPSULE_GREEN, GRAY",36,0,0,0,1,1,0,0,0,0,0,0,0,00228-2579-03
51079-0941-05_RXNAVIMAGE10_D533EAFF_1.jpg,ROUND,WHITE,10,ROUND_WHITE,174,0,0,0,0,0,0,0,0,0,0,1,0,51079-0941-05
51079-0941-05_RXNAVIMAGE10_D533EAFF_2.jpg,ROUND,WHITE,10,ROUND_WHITE,174,0,0,0,0,0,0,0,0,0,0,1,0,51079-0941-05
63824-0057-36_RXNAVIMAGE10_16468B44_1.jpg,OVAL,"ORANGE, WHITE",7,"OVAL_ORANGE, WHITE",131,0,0,0,0,0,1,0,0,0,0,1,0,63824-0057-36
63824-0057-36_RXNAVIMAGE10_16468B44_2.jpg,OVAL,"ORANGE, WHITE",7,"OVAL_ORANGE, WHITE",131,0,0,0,0,0,1,0,0,0,0,1,0,63824-0057-36
65862-0357-90_RXNAVIMAGE10_E94DF49F_1.jpg,ROUND,PINK,10,ROUND_PINK,168,0,0,0,0,0,0,1,0,0,0,0,0,65862-0357-90
65862-0357-90_RXNAVIMAGE10_E94DF49F_2.jpg,ROUND,PINK,10,ROUND_PINK,168,0,0,0,0,0,0,1,0,0,0,0,0,65862-0357-90
00378-6897-01_RXNAVIMAGE10_834D41BA_1.jpg,CAPSULE,"PURPLE, ORANGE",1,"CAPSULE_PURPLE, ORANGE",63,0,0,0,0,0,1,0,1,0,0,0,0,00378-6897-01
00378-6897-01_RXNAVIMAGE10_834D41BA_2.jpg,CAPSULE,"PURPLE, ORANGE",1,"CAPSULE_PURPLE, ORANGE",63,0,0,0,0,0,1,0,1,0,0,0,0,00378-6897-01
00093-7569-56_RXNAVIMAGE10_2F4397AC_1.jpg,OVAL,BLUE,7,OVAL_BLUE,123,0,1,0,0,0,0,0,0,0,0,0,0,00093-7569-56
00093-7569-56_RXNAVIMAGE10_2F4397AC_2.jpg,OVAL,BLUE,7,OVAL_BLUE,123,0,1,0,0,0,0,0,0,0,0,0,0,00093-7569-56
64380-0759-06_RXNAVIMAGE10_964ECB26_1.jpg,ROUND,WHITE,10,ROUND_WHITE,174,0,0,0,0,0,0,0,0,0,0,1,0,64380-0759-06
64380-0759-06_RXNAVIMAGE10_964ECB26_2.jpg,ROUND,WHITE,10,ROUND_WHITE,174,0,0,0,0,0,0,0,0,0,0,1,0,64380-0759-06
00832-1082-00_RXNAVIMAGE10_3B399DAC_1.jpg,ROUND,WHITE,10,ROUND_WHITE,174,0,0,0,0,0,0,0,0,0,0,1,0,00832-1082-00
00832-1082-00_RXNAVIMAGE10_3B399DAC_2.jpg,ROUND,WHITE,10,ROUND_WHITE,174,0,0,0,0,0,0,0,0,0,0,1,0,00832-1082-00
52544-0913-01_RXNAVIMAGE10_AB1B558A_1.jpg,OVAL,"WHITE, ORANGE",7,"OVAL_WHITE, ORANGE",142,0,0,0,0,0,1,0,0,0,0,1,0,52544-0913-01
52544-0913-01_RXNAVIMAGE10_AB1B558A_2.jpg,OVAL,"WHITE, ORANGE",7,"OVAL_WHITE, ORANGE",142,0,0,0,0,0,1,0,0,0,0,1,0,52544-0913-01
21130-0450-08_RXNAVIMAGE10_B4385A62_1.jpg,ROUND,PINK,10,ROUND_PINK,168,0,0,0,0,0,0,1,0,0,0,0,0,21130-0450-08
21130-0450-08_RXNAVIMAGE10_B4385A62_2.jpg,ROUND,PINK,10,ROUND_PINK,168,0,0,0,0,0,0,1,0,0,0,0,0,21130-0450-08
00378-1134-01_RXNAVIMAGE10_DC3EEE57_1.jpg,ROUND,WHITE,10,ROUND_WHITE,174,0,0,0,0,0,0,0,0,0,0,1,0,00378-1134-01
00378-1134-01_RXNAVIMAGE10_DC3EEE57_2.jpg,ROUND,WHITE,10,ROUND_WHITE,174,0,0,0,0,0,0,0,0,0,0,1,0,00378-1134-01
00169-0082-81_RXNAVIMAGE10_FD417EDB_1.jpg,ROUND,YELLOW,10,ROUND_YELLOW,178,0,0,0,0,0,0,0,0,0,0,0,1,00169-0082-81
00169-0082-81_RXNAVIMAGE10_FD417EDB_2.jpg,ROUND,YELLOW,10,ROUND_YELLOW,178,0,0,0,0,0,0,0,0,0,0,0,1,00169-0082-81
00555-9010-58_RXNAVIMAGE10_372F9B8C_1.jpg,ROUND,YELLOW,10,ROUND_YELLOW,178,0,0,0,0,0,0,0,0,0,0,0,1,00555-9010-58
00555-9010-58_RXNAVIMAGE10_372F9B8C_2.jpg,ROUND,YELLOW,10,ROUND_YELLOW,178,0,0,0,0,0,0,0,0,0,0,0,1,00555-9010-58
00555-0832-02_RXNAVIMAGE10_94214A4A_1.jpg,OVAL,GREEN,7,OVAL_GREEN,129,0,0,0,0,1,0,0,0,0,0,0,0,00555-0832-02
00555-0832-02_RXNAVIMAGE10_94214A4A_2.jpg,OVAL,GREEN,7,OVAL_GREEN,129,0,0,0,0,1,0,0,0,0,0,0,0,00555-0832-02
00591-5695-50_RXNAVIMAGE10_CA3BE55F_1.jpg,CAPSULE,"GRAY, YELLOW",1,"CAPSULE_GRAY, YELLOW",31,0,0,0,1,0,0,0,0,0,0,0,1,00591-5695-50
00591-5695-50_RXNAVIMAGE10_CA3BE55F_2.jpg,CAPSULE,"GRAY, YELLOW",1,"CAPSULE_GRAY, YELLOW",31,0,0,0,1,0,0,0,0,0,0,0,1,00591-5695-50
50419-0405-01_RXNAVIMAGE10_BE195F3A_1.jpg,ROUND,PINK,10,ROUND_PINK,168,0,0,0,0,0,0,1,0,0,0,0,0,50419-0405-01
50419-0405-01_RXNAVIMAGE10_BE195F3A_2.jpg,ROUND,PINK,10,ROUND_PINK,168,0,0,0,0,0,0,1,0,0,0,0,0,50419-0405-01
00093-5712-05_RXNAVIMAGE10_6807B45D_1.jpg,OVAL,YELLOW,7,OVAL_YELLOW,145,0,0,0,0,0,0,0,0,0,0,0,1,00093-5712-05
00093-5712-05_RXNAVIMAGE10_6807B45D_2.jpg,OVAL,YELLOW,7,OVAL_YELLOW,145,0,0,0,0,0,0,0,0,0,0,0,1,00093-5712-05
00555-1054-86_RXNAVIMAGE10_D5306AE3_1.jpg,CAPSULE,GRAY,1,CAPSULE_GRAY,22,0,0,0,1,0,0,0,0,0,0,0,0,00555-1054-86
00555-1054-86_RXNAVIMAGE10_D5306AE3_2.jpg,CAPSULE,GRAY,1,CAPSULE_GRAY,22,0,0,0,1,0,0,0,0,0,0,0,0,00555-1054-86
65862-0054-30_RXNAVIMAGE10_C12160FB_1.jpg,OVAL,PINK,7,OVAL_PINK,133,0,0,0,0,0,0,1,0,0,0,0,0,65862-0054-30
65862-0054-30_RXNAVIMAGE10_C12160FB_2.jpg,OVAL,PINK,7,OVAL_PINK,133,0,0,0,0,0,0,1,0,0,0,0,0,65862-0054-30
00054-0112-25_RXNAVIMAGE10_6546B2A5_1.jpg,ROUND,WHITE,10,ROUND_WHITE,174,0,0,0,0,0,0,0,0,0,0,1,0,00054-0112-25
00054-0112-25_RXNAVIMAGE10_6546B2A5_2.jpg,ROUND,WHITE,10,ROUND_WHITE,174,0,0,0,0,0,0,0,0,0,0,1,0,00054-0112-25
60505-2518-03_RXNAVIMAGE10_F8347C73_1.jpg,OVAL,ORANGE,7,OVAL_ORANGE,130,0,0,0,0,0,1,0,0,0,0,0,0,60505-2518-03
60505-2518-03_RXNAVIMAGE10_F8347C73_2.jpg,OVAL,ORANGE,7,OVAL_ORANGE,130,0,0,0,0,0,1,0,0,0,0,0,0,60505-2518-03
00378-1721-93_RXNAVIMAGE10_DB48ED97_1.jpg,OVAL,ORANGE,7,OVAL_ORANGE,130,0,0,0,0,0,1,0,0,0,0,0,0,00378-1721-93
00378-1721-93_RXNAVIMAGE10_DB48ED97_2.jpg,OVAL,ORANGE,7,OVAL_ORANGE,130,0,0,0,0,0,1,0,0,0,0,0,0,00378-1721-93
76439-0308-10_RXNAVIMAGE10_5C3DAE1D_1.jpg,ROUND,WHITE,10,ROUND_WHITE,174,0,0,0,0,0,0,0,0,0,0,1,0,76439-0308-10
76439-0308-10_RXNAVIMAGE10_5C3DAE1D_2.jpg,ROUND,WHITE,10,ROUND_WHITE,174,0,0,0,0,0,0,0,0,0,0,1,0,76439-0308-10
00781-2248-01_RXNAVIMAGE10_3245996C_1.jpg,CAPSULE,BLUE,1,CAPSULE_BLUE,7,0,1,0,0,0,0,0,0,0,0,0,0,00781-2248-01
00781-2248-01_RXNAVIMAGE10_3245996C_2.jpg,CAPSULE,BLUE,1,CAPSULE_BLUE,7,0,1,0,0,0,0,0,0,0,0,0,0,00781-2248-01
00228-2780-11_RXNAVIMAGE10_0B2685A4_1.jpg,CAPSULE,"YELLOW, GRAY",1,"CAPSULE_YELLOW, GRAY",97,0,0,0,1,0,0,0,0,0,0,0,1,00228-2780-11
00228-2780-11_RXNAVIMAGE10_0B2685A4_2.jpg,CAPSULE,"YELLOW, GRAY",1,"CAPSULE_YELLOW, GRAY",97,0,0,0,1,0,0,0,0,0,0,0,1,00228-2780-11
00093-7240-06_RXNAVIMAGE10_7F293FE9_1.jpg,ROUND,WHITE,10,ROUND_WHITE,174,0,0,0,0,0,0,0,0,0,0,1,0,00093-7240-06
00093-7240-06_RXNAVIMAGE10_7F293FE9_2.jpg,ROUND,WHITE,10,ROUND_WHITE,174,0,0,0,0,0,0,0,0,0,0,1,0,00093-7240-06
16252-0590-99_RXNAVIMAGE10_2B2015D0_1.jpg,ROUND,WHITE,10,ROUND_WHITE,174,0,0,0,0,0,0,0,0,0,0,1,0,16252-0590-99
16252-0590-99_RXNAVIMAGE10_2B2015D0_2.jpg,ROUND,WHITE,10,ROUND_WHITE,174,0,0,0,0,0,0,0,0,0,0,1,0,16252-0590-99
60505-3111-03_RXNAVIMAGE10_234611C0_1.jpg,ROUND,WHITE,10,ROUND_WHITE,174,0,0,0,0,0,0,0,0,0,0,1,0,60505-3111-03
60505-3111-03_RXNAVIMAGE10_234611C0_2.jpg,ROUND,WHITE,10,ROUND_WHITE,174,0,0,0,0,0,0,0,0,0,0,1,0,60505-3111-03
00378-2097-01_RXNAVIMAGE10_DE3BEF7F_1.jpg,ROUND,YELLOW,10,ROUND_YELLOW,178,0,0,0,0,0,0,0,0,0,0,0,1,00378-2097-01
00378-2097-01_RXNAVIMAGE10_DE3BEF7F_2.jpg,ROUND,YELLOW,10,ROUND_YELLOW,178,0,0,0,0,0,0,0,0,0,0,0,1,00378-2097-01
00591-2226-01_RXNAVIMAGE10_9B054DAA_1.jpg,OVAL,WHITE,7,OVAL_WHITE,139,0,0,0,0,0,0,0,0,0,0,1,0,00591-2226-01
00591-2226-01_RXNAVIMAGE10_9B054DAA_2.jpg,OVAL,WHITE,7,OVAL_WHITE,139,0,0,0,0,0,0,0,0,0,0,1,0,00591-2226-01
00173-0824-18_RXNAVIMAGE10_DD196EFB_1.jpg,CAPSULE,WHITE,1,CAPSULE_WHITE,81,0,0,0,0,0,0,0,0,0,0,1,0,00173-0824-18
00173-0824-18_RXNAVIMAGE10_DD196EFB_2.jpg,CAPSULE,WHITE,1,CAPSULE_WHITE,81,0,0,0,0,0,0,0,0,0,0,1,0,00173-0824-18
57844-0009-01_RXNAVIMAGE10_95354ABA_1.jpg,OVAL,"BLUE, WHITE",7,"OVAL_BLUE, WHITE",124,0,1,0,0,0,0,0,0,0,0,1,0,57844-0009-01
57844-0009-01_RXNAVIMAGE10_95354ABA_2.jpg,OVAL,"BLUE, WHITE",7,"OVAL_BLUE, WHITE",124,0,1,0,0,0,0,0,0,0,0,1,0,57844-0009-01
51672-4032-01_RXNAVIMAGE10_E52672E3_1.jpg,OVAL,ORANGE,7,OVAL_ORANGE,130,0,0,0,0,0,1,0,0,0,0,0,0,51672-4032-01
51672-4032-01_RXNAVIMAGE10_E52672E3_2.jpg,OVAL,ORANGE,7,OVAL_ORANGE,130,0,0,0,0,0,1,0,0,0,0,0,0,51672-4032-01
51079-0584-20_RXNAVIMAGE10_3B351DB8_1.jpg,CAPSULE,BROWN,1,CAPSULE_BROWN,18,0,0,1,0,0,0,0,0,0,0,0,0,51079-0584-20
51079-0584-20_RXNAVIMAGE10_3B351DB8_2.jpg,CAPSULE,BROWN,1,CAPSULE_BROWN,18,0,0,1,0,0,0,0,0,0,0,0,0,51079-0584-20
00603-3900-21_RXNAVIMAGE10_EB07758B_1.jpg,ROUND,WHITE,10,ROUND_WHITE,174,0,0,0,0,0,0,0,0,0,0,1,0,00603-3900-21
00603-3900-21_RXNAVIMAGE10_EB07758B_2.jpg,ROUND,WHITE,10,ROUND_WHITE,174,0,0,0,0,0,0,0,0,0,0,1,0,00603-3900-21
53489-0517-01_RXNAVIMAGE10_CF126783_1.jpg,ROUND,WHITE,10,ROUND_WHITE,174,0,0,0,0,0,0,0,0,0,0,1,0,53489-0517-01
53489-0517-01_RXNAVIMAGE10_CF126783_2.jpg,ROUND,WHITE,10,ROUND_WHITE,174,0,0,0,0,0,0,0,0,0,0,1,0,53489-0517-01
53746-0112-05_RXNAVIMAGE10_B915DCBE_1.jpg,OVAL,WHITE,7,OVAL_WHITE,139,0,0,0,0,0,0,0,0,0,0,1,0,53746-0112-05
53746-0112-05_RXNAVIMAGE10_B915DCBE_2.jpg,OVAL,WHITE,7,OVAL_WHITE,139,0,0,0,0,0,0,0,0,0,0,1,0,53746-0112-05
65862-0082-05_RXNAVIMAGE10_00468004_1.jpg,OVAL,YELLOW,7,OVAL_YELLOW,145,0,0,0,0,0,0,0,0,0,0,0,1,65862-0082-05
65862-0082-05_RXNAVIMAGE10_00468004_2.jpg,OVAL,YELLOW,7,OVAL_YELLOW,145,0,0,0,0,0,0,0,0,0,0,0,1,65862-0082-05
00555-9028-58_RXNAVIMAGE10_642FB23D_1.jpg,ROUND,PINK,10,ROUND_PINK,168,0,0,0,0,0,0,1,0,0,0,0,0,00555-9028-58
00555-9028-58_RXNAVIMAGE10_642FB23D_2.jpg,ROUND,PINK,10,ROUND_PINK,168,0,0,0,0,0,0,1,0,0,0,0,0,00555-9028-58
63304-0763-01_RXNAVIMAGE10_19210CF8_1.jpg,OVAL,PINK,7,OVAL_PINK,133,0,0,0,0,0,0,1,0,0,0,0,0,63304-0763-01
63304-0763-01_RXNAVIMAGE10_19210CF8_2.jpg,OVAL,PINK,7,OVAL_PINK,133,0,0,0,0,0,0,1,0,0,0,0,0,63304-0763-01
00054-2531-25_RXNAVIMAGE10_353D9ACC_1.jpg,CAPSULE,"WHITE, PINK",1,"CAPSULE_WHITE, PINK",88,0,0,0,0,0,0,1,0,0,0,1,0,00054-2531-25
00054-2531-25_RXNAVIMAGE10_353D9ACC_2.jpg,CAPSULE,"WHITE, PINK",1,"CAPSULE_WHITE, PINK",88,0,0,0,0,0,0,1,0,0,0,1,0,00054-2531-25
00781-2233-01_RXNAVIMAGE10_70493869_1.jpg,CAPSULE,WHITE,1,CAPSULE_WHITE,81,0,0,0,0,0,0,0,0,0,0,1,0,00781-2233-01
00781-2233-01_RXNAVIMAGE10_70493869_2.jpg,CAPSULE,WHITE,1,CAPSULE_WHITE,81,0,0,0,0,0,0,0,0,0,0,1,0,00781-2233-01
00007-4883-13_RXNAVIMAGE10_DB18ED97_1.jpg,OVAL,WHITE,7,OVAL_WHITE,139,0,0,0,0,0,0,0,0,0,0,1,0,00007-4883-13
00007-4883-13_RXNAVIMAGE10_DB18ED97_2.jpg,OVAL,WHITE,7,OVAL_WHITE,139,0,0,0,0,0,0,0,0,0,0,1,0,00007-4883-13
62175-0485-37_RXNAVIMAGE10_9012C816_1.jpg,CAPSULE,"WHITE, PURPLE",1,"CAPSULE_WHITE, PURPLE",89,0,0,0,0,0,0,0,1,0,0,1,0,62175-0485-37
62175-0485-37_RXNAVIMAGE10_9012C816_2.jpg,CAPSULE,"WHITE, PURPLE",1,"CAPSULE_WHITE, PURPLE",89,0,0,0,0,0,0,0,1,0,0,1,0,62175-0485-37
55111-0281-30_RXNAVIMAGE10_3C161E20_1.jpg,OVAL,YELLOW,7,OVAL_YELLOW,145,0,0,0,0,0,0,0,0,0,0,0,1,55111-0281-30
55111-0281-30_RXNAVIMAGE10_3C161E20_2.jpg,OVAL,YELLOW,7,OVAL_YELLOW,145,0,0,0,0,0,0,0,0,0,0,0,1,55111-0281-30
61442-0161-01_RXNAVIMAGE10_F13878C3_1.jpg,CAPSULE,"GREEN, WHITE",1,"CAPSULE_GREEN, WHITE",42,0,0,0,0,1,0,0,0,0,0,1,0,61442-0161-01
61442-0161-01_RXNAVIMAGE10_F13878C3_2.jpg,CAPSULE,"GREEN, WHITE",1,"CAPSULE_GREEN, WHITE",42,0,0,0,0,1,0,0,0,0,0,1,0,61442-0161-01
00456-1201-30_RXNAVIMAGE10_5E40AF15_1.jpg,CAPSULE,WHITE,1,CAPSULE_WHITE,81,0,0,0,0,0,0,0,0,0,0,1,0,00456-1201-30
00456-1201-30_RXNAVIMAGE10_5E40AF15_2.jpg,CAPSULE,WHITE,1,CAPSULE_WHITE,81,0,0,0,0,0,0,0,0,0,0,1,0,00456-1201-30
57664-0395-88_RXNAVIMAGE10_D74D6BEB_1.jpg,PENTAGON,PINK,8,PENTAGON_PINK,150,0,0,0,0,0,0,1,0,0,0,0,0,57664-0395-88
57664-0395-88_RXNAVIMAGE10_D74D6BEB_2.jpg,PENTAGON,PINK,8,PENTAGON_PINK,150,0,0,0,0,0,0,1,0,0,0,0,0,57664-0395-88
68180-0597-01_RXNAVIMAGE10_3345999C_1.jpg,CAPSULE,"WHITE, BLUE",1,"CAPSULE_WHITE, BLUE",83,0,1,0,0,0,0,0,0,0,0,1,0,68180-0597-01
68180-0597-01_RXNAVIMAGE10_3345999C_2.jpg,CAPSULE,"WHITE, BLUE",1,"CAPSULE_WHITE, BLUE",83,0,1,0,0,0,0,0,0,0,0,1,0,68180-0597-01
16729-0183-01_RXNAVIMAGE10_2D4D96DC_1.jpg,ROUND,ORANGE,10,ROUND_ORANGE,166,0,0,0,0,0,1,0,0,0,0,0,0,16729-0183-01
16729-0183-01_RXNAVIMAGE10_2D4D96DC_2.jpg,ROUND,ORANGE,10,ROUND_ORANGE,166,0,0,0,0,0,1,0,0,0,0,0,0,16729-0183-01
00555-9018-58_RXNAVIMAGE10_253692A4_1.jpg,ROUND,GRAY,10,ROUND_GRAY,163,0,0,0,1,0,0,0,0,0,0,0,0,00555-9018-58
00555-9018-58_RXNAVIMAGE10_253692A4_2.jpg,ROUND,GRAY,10,ROUND_GRAY,163,0,0,0,1,0,0,0,0,0,0,0,0,00555-9018-58
00555-0765-02_RXNAVIMAGE10_734239C1_1.jpg,ROUND,ORANGE,10,ROUND_ORANGE,166,0,0,0,0,0,1,0,0,0,0,0,0,00555-0765-02
00555-0765-02_RXNAVIMAGE10_734239C1_2.jpg,ROUND,ORANGE,10,ROUND_ORANGE,166,0,0,0,0,0,1,0,0,0,0,0,0,00555-0765-02
00143-9717-10_RXNAVIMAGE10_9807CC5E_1.jpg,ROUND,YELLOW,10,ROUND_YELLOW,178,0,0,0,0,0,0,0,0,0,0,0,1,00143-9717-10
00143-9717-10_RXNAVIMAGE10_9807CC5E_2.jpg,ROUND,YELLOW,10,ROUND_YELLOW,178,0,0,0,0,0,0,0,0,0,0,0,1,00143-9717-10
00093-5173-01_RXNAVIMAGE10_F435FA0F_1.jpg,ROUND,RED,10,ROUND_RED,172,0,0,0,0,0,0,0,0,1,0,0,0,00093-5173-01
00093-5173-01_RXNAVIMAGE10_F435FA0F_2.jpg,ROUND,RED,10,ROUND_RED,172,0,0,0,0,0,0,0,0,1,0,0,0,00093-5173-01
00904-7927-60_RXNAVIMAGE10_273993BC_1.jpg,ROUND,ORANGE,10,ROUND_ORANGE,166,0,0,0,0,0,1,0,0,0,0,0,0,00904-7927-60
00904-7927-60_RXNAVIMAGE10_273993BC_2.jpg,ROUND,ORANGE,10,ROUND_ORANGE,166,0,0,0,0,0,1,0,0,0,0,0,0,00904-7927-60
31722-0338-01_RXNAVIMAGE10_713F38C9_1.jpg,OVAL,WHITE,7,OVAL_WHITE,139,0,0,0,0,0,0,0,0,0,0,1,0,31722-0338-01
31722-0338-01_RXNAVIMAGE10_713F38C9_2.jpg,OVAL,WHITE,7,OVAL_WHITE,139,0,0,0,0,0,0,0,0,0,0,1,0,31722-0338-01
60505-3517-06_RXNAVIMAGE10_B546DAF6_1.jpg,OVAL,WHITE,7,OVAL_WHITE,139,0,0,0,0,0,0,0,0,0,0,1,0,60505-3517-06
60505-3517-06_RXNAVIMAGE10_B546DAF6_2.jpg,OVAL,WHITE,7,OVAL_WHITE,139,0,0,0,0,0,0,0,0,0,0,1,0,60505-3517-06
68462-0103-40_RXNAVIMAGE10_6B1B35A9_1.jpg,OVAL,PINK,7,OVAL_PINK,133,0,0,0,0,0,0,1,0,0,0,0,0,68462-0103-40
68462-0103-40_RXNAVIMAGE10_6B1B35A9_2.jpg,OVAL,PINK,7,OVAL_PINK,133,0,0,0,0,0,0,1,0,0,0,0,0,68462-0103-40
00185-0644-01_RXNAVIMAGE10_8A1C4552_1.jpg,CAPSULE,"GRAY, YELLOW",1,"CAPSULE_GRAY, YELLOW",31,0,0,0,1,0,0,0,0,0,0,0,1,00185-0644-01
00185-0644-01_RXNAVIMAGE10_8A1C4552_2.jpg,CAPSULE,"GRAY, YELLOW",1,"CAPSULE_GRAY, YELLOW",31,0,0,0,1,0,0,0,0,0,0,0,1,00185-0644-01
00832-0303-00_RXNAVIMAGE10_CB3965CB_1.jpg,ROUND,BROWN,10,ROUND_BROWN,162,0,0,1,0,0,0,0,0,0,0,0,0,00832-0303-00
00832-0303-00_RXNAVIMAGE10_CB3965CB_2.jpg,ROUND,BROWN,10,ROUND_BROWN,162,0,0,1,0,0,0,0,0,0,0,0,0,00832-0303-00
51293-0611-01_RXNAVIMAGE10_1B468D84_1.jpg,ROUND,BROWN,10,ROUND_BROWN,162,0,0,1,0,0,0,0,0,0,0,0,0,51293-0611-01
51293-0611-01_RXNAVIMAGE10_1B468D84_2.jpg,ROUND,BROWN,10,ROUND_BROWN,162,0,0,1,0,0,0,0,0,0,0,0,0,51293-0611-01
00603-2958-21_RXNAVIMAGE10_1A338D6C_1.jpg,OVAL,ORANGE,7,OVAL_ORANGE,130,0,0,0,0,0,1,0,0,0,0,0,0,00603-2958-21
00603-2958-21_RXNAVIMAGE10_1A338D6C_2.jpg,OVAL,ORANGE,7,OVAL_ORANGE,130,0,0,0,0,0,1,0,0,0,0,0,0,00603-2958-21
60505-2530-06_RXNAVIMAGE10_814740CA_1.jpg,CAPSULE,WHITE,1,CAPSULE_WHITE,81,0,0,0,0,0,0,0,0,0,0,1,0,60505-2530-06
60505-2530-06_RXNAVIMAGE10_814740CA_2.jpg,CAPSULE,WHITE,1,CAPSULE_WHITE,81,0,0,0,0,0,0,0,0,0,0,1,0,60505-2530-06
53746-0514-01_RXNAVIMAGE10_294794CC_1.jpg,ROUND,YELLOW,10,ROUND_YELLOW,178,0,0,0,0,0,0,0,0,0,0,0,1,53746-0514-01
53746-0514-01_RXNAVIMAGE10_294794CC_2.jpg,ROUND,YELLOW,10,ROUND_YELLOW,178,0,0,0,0,0,0,0,0,0,0,0,1,53746-0514-01
50458-0593-60_RXNAVIMAGE10_C633E34F_1.jpg,OVAL,ORANGE,7,OVAL_ORANGE,130,0,0,0,0,0,1,0,0,0,0,0,0,50458-0593-60
50458-0593-60_RXNAVIMAGE10_C633E34F_2.jpg,OVAL,ORANGE,7,OVAL_ORANGE,130,0,0,0,0,0,1,0,0,0,0,0,0,50458-0593-60
62037-0791-60_RXNAVIMAGE10_BA33DD7E_1.jpg,ROUND,WHITE,10,ROUND_WHITE,174,0,0,0,0,0,0,0,0,0,0,1,0,62037-0791-60
62037-0791-60_RXNAVIMAGE10_BA33DD7E_2.jpg,ROUND,WHITE,10,ROUND_WHITE,174,0,0,0,0,0,0,0,0,0,0,1,0,62037-0791-60
00093-1041-01_RXNAVIMAGE10_C429E27F_1.jpg,ROUND,PINK,10,ROUND_PINK,168,0,0,0,0,0,0,1,0,0,0,0,0,00093-1041-01
00093-1041-01_RXNAVIMAGE10_C429E27F_2.jpg,ROUND,PINK,10,ROUND_PINK,168,0,0,0,0,0,0,1,0,0,0,0,0,00093-1041-01
00115-3000-13_RXNAVIMAGE10_1B4D8DAC_1.jpg,OVAL,WHITE,7,OVAL_WHITE,139,0,0,0,0,0,0,0,0,0,0,1,0,00115-3000-13
00115-3000-13_RXNAVIMAGE10_1B4D8DAC_2.jpg,OVAL,WHITE,7,OVAL_WHITE,139,0,0,0,0,0,0,0,0,0,0,1,0,00115-3000-13
63304-0694-01_RXNAVIMAGE10_C13BE0DF_1.jpg,CAPSULE,WHITE,1,CAPSULE_WHITE,81,0,0,0,0,0,0,0,0,0,0,1,0,63304-0694-01
63304-0694-01_RXNAVIMAGE10_C13BE0DF_2.jpg,CAPSULE,WHITE,1,CAPSULE_WHITE,81,0,0,0,0,0,0,0,0,0,0,1,0,63304-0694-01
00093-0753-01_RXNAVIMAGE10_A526D2E6_1.jpg,ROUND,WHITE,10,ROUND_WHITE,174,0,0,0,0,0,0,0,0,0,0,1,0,00093-0753-01
00093-0753-01_RXNAVIMAGE10_A526D2E6_2.jpg,ROUND,WHITE,10,ROUND_WHITE,174,0,0,0,0,0,0,0,0,0,0,1,0,00093-0753-01
00007-4891-20_RXNAVIMAGE10_CD18E6D7_1.jpg,PENTAGON,YELLOW,8,PENTAGON_YELLOW,154,0,0,0,0,0,0,0,0,0,0,0,1,00007-4891-20
00007-4891-20_RXNAVIMAGE10_CD18E6D7_2.jpg,PENTAGON,YELLOW,8,PENTAGON_YELLOW,154,0,0,0,0,0,0,0,0,0,0,0,1,00007-4891-20
59148-0011-13_RXNAVIMAGE10_A31551CA_1.jpg,ROUND,PINK,10,ROUND_PINK,168,0,0,0,0,0,0,1,0,0,0,0,0,59148-0011-13
59148-0011-13_RXNAVIMAGE10_A31551CA_2.jpg,ROUND,PINK,10,ROUND_PINK,168,0,0,0,0,0,0,1,0,0,0,0,0,59148-0011-13
00093-7380-01_RXNAVIMAGE10_B12958DA_1.jpg,ROUND,ORANGE,10,ROUND_ORANGE,166,0,0,0,0,0,1,0,0,0,0,0,0,00093-7380-01
00093-7380-01_RXNAVIMAGE10_B12958DA_2.jpg,ROUND,ORANGE,10,ROUND_ORANGE,166,0,0,0,0,0,1,0,0,0,0,0,0,00093-7380-01
16714-0698-01_RXNAVIMAGE10_484EA455_1.jpg,OVAL,BLUE,7,OVAL_BLUE,123,0,1,0,0,0,0,0,0,0,0,0,0,16714-0698-01
16714-0698-01_RXNAVIMAGE10_484EA455_2.jpg,OVAL,BLUE,7,OVAL_BLUE,123,0,1,0,0,0,0,0,0,0,0,0,0,16714-0698-01
55111-0395-30_RXNAVIMAGE10_C14060D3_1.jpg,CAPSULE,"GREEN, WHITE",1,"CAPSULE_GREEN, WHITE",42,0,0,0,0,1,0,0,0,0,0,1,0,55111-0395-30
55111-0395-30_RXNAVIMAGE10_C14060D3_2.jpg,CAPSULE,"GREEN, WHITE",1,"CAPSULE_GREEN, WHITE",42,0,0,0,0,1,0,0,0,0,0,1,0,55111-0395-30
16729-0212-01_RXNAVIMAGE10_F446FA77_1.jpg,ROUND,YELLOW,10,ROUND_YELLOW,178,0,0,0,0,0,0,0,0,0,0,0,1,16729-0212-01
16729-0212-01_RXNAVIMAGE10_F446FA77_2.jpg,ROUND,YELLOW,10,ROUND_YELLOW,178,0,0,0,0,0,0,0,0,0,0,0,1,16729-0212-01
11822-0183-03_RXNAVIMAGE10_E438F277_1.jpg,ROUND,WHITE,10,ROUND_WHITE,174,0,0,0,0,0,0,0,0,0,0,1,0,11822-0183-03
11822-0183-03_RXNAVIMAGE10_E438F277_2.jpg,ROUND,WHITE,10,ROUND_WHITE,174,0,0,0,0,0,0,0,0,0,0,1,0,11822-0183-03
68462-0694-97_RXNAVIMAGE10_C94FE4CF_1.jpg,ROUND,WHITE,10,ROUND_WHITE,174,0,0,0,0,0,0,0,0,0,0,1,0,68462-0694-97
68462-0694-97_RXNAVIMAGE10_C94FE4CF_2.jpg,ROUND,WHITE,10,ROUND_WHITE,174,0,0,0,0,0,0,0,0,0,0,1,0,68462-0694-97
00054-4728-25_RXNAVIMAGE10_8723C3EE_1.jpg,ROUND,WHITE,10,ROUND_WHITE,174,0,0,0,0,0,0,0,0,0,0,1,0,00054-4728-25
00054-4728-25_RXNAVIMAGE10_8723C3EE_2.jpg,ROUND,WHITE,10,ROUND_WHITE,174,0,0,0,0,0,0,0,0,0,0,1,0,00054-4728-25
00093-2140-62_RXNAVIMAGE10_854A42D2_1.jpg,ROUND,GRAY,10,ROUND_GRAY,163,0,0,0,1,0,0,0,0,0,0,0,0,00093-2140-62
00093-2140-62_RXNAVIMAGE10_854A42D2_2.jpg,ROUND,GRAY,10,ROUND_GRAY,163,0,0,0,1,0,0,0,0,0,0,0,0,00093-2140-62
68382-0116-14_RXNAVIMAGE10_3F4D1FC8_1.jpg,ROUND,YELLOW,10,ROUND_YELLOW,178,0,0,0,0,0,0,0,0,0,0,0,1,68382-0116-14
68382-0116-14_RXNAVIMAGE10_3F4D1FC8_2.jpg,ROUND,YELLOW,10,ROUND_YELLOW,178,0,0,0,0,0,0,0,0,0,0,0,1,68382-0116-14
63402-0304-30_RXNAVIMAGE10_2C3E1650_1.jpg,ROUND,WHITE,10,ROUND_WHITE,174,0,0,0,0,0,0,0,0,0,0,1,0,63402-0304-30
63402-0304-30_RXNAVIMAGE10_2C3E1650_2.jpg,ROUND,WHITE,10,ROUND_WHITE,174,0,0,0,0,0,0,0,0,0,0,1,0,63402-0304-30
55111-0257-60_RXNAVIMAGE10_7D473EB9_1.jpg,CAPSULE,"PURPLE, TURQUOISE",1,"CAPSULE_PURPLE, TURQUOISE",66,0,0,0,0,0,0,0,1,0,1,0,0,55111-0257-60
55111-0257-60_RXNAVIMAGE10_7D473EB9_2.jpg,CAPSULE,"PURPLE, TURQUOISE",1,"CAPSULE_PURPLE, TURQUOISE",66,0,0,0,0,0,0,0,1,0,1,0,0,55111-0257-60
00555-0171-78_RXNAVIMAGE10_8E35C70E_1.jpg,OVAL,WHITE,7,OVAL_WHITE,139,0,0,0,0,0,0,0,0,0,0,1,0,00555-0171-78
00555-0171-78_RXNAVIMAGE10_8E35C70E_2.jpg,OVAL,WHITE,7,OVAL_WHITE,139,0,0,0,0,0,0,0,0,0,0,1,0,00555-0171-78
59762-5017-01_RXNAVIMAGE10_A133D0EE_1.jpg,OVAL,PINK,7,OVAL_PINK,133,0,0,0,0,0,0,1,0,0,0,0,0,59762-5017-01
59762-5017-01_RXNAVIMAGE10_A133D0EE_2.jpg,OVAL,PINK,7,OVAL_PINK,133,0,0,0,0,0,0,1,0,0,0,0,0,59762-5017-01
00173-0949-55_RXNAVIMAGE10_3219995C_1.jpg,HEXAGON,WHITE,5,HEXAGON_WHITE,120,0,0,0,0,0,0,0,0,0,0,1,0,00173-0949-55
00173-0949-55_RXNAVIMAGE10_3219995C_2.jpg,HEXAGON,WHITE,5,HEXAGON_WHITE,120,0,0,0,0,0,0,0,0,0,0,1,0,00173-0949-55
65862-0572-90_RXNAVIMAGE10_20431048_1.jpg,OVAL,ORANGE,7,OVAL_ORANGE,130,0,0,0,0,0,1,0,0,0,0,0,0,65862-0572-90
65862-0572-90_RXNAVIMAGE10_20431048_2.jpg,OVAL,ORANGE,7,OVAL_ORANGE,130,0,0,0,0,0,1,0,0,0,0,0,0,65862-0572-90
12948-0001-12_RXNAVIMAGE10_2F131798_1.jpg,ROUND,ORANGE,10,ROUND_ORANGE,166,0,0,0,0,0,1,0,0,0,0,0,0,12948-0001-12
12948-0001-12_RXNAVIMAGE10_2F131798_2.jpg,ROUND,ORANGE,10,ROUND_ORANGE,166,0,0,0,0,0,1,0,0,0,0,0,0,12948-0001-12
62756-0370-88_RXNAVIMAGE10_893F449A_1.jpg,OVAL,YELLOW,7,OVAL_YELLOW,145,0,0,0,0,0,0,0,0,0,0,0,1,62756-0370-88
62756-0370-88_RXNAVIMAGE10_893F449A_2.jpg,OVAL,YELLOW,7,OVAL_YELLOW,145,0,0,0,0,0,0,0,0,0,0,0,1,62756-0370-88
00555-9050-58_RXNAVIMAGE10_9E36CF66_1.jpg,ROUND,GREEN,10,ROUND_GREEN,164,0,0,0,0,1,0,0,0,0,0,0,0,00555-9050-58
00555-9050-58_RXNAVIMAGE10_9E36CF66_2.jpg,ROUND,GREEN,10,ROUND_GREEN,164,0,0,0,0,1,0,0,0,0,0,0,0,00555-9050-58
51991-0082-90_RXNAVIMAGE10_1F160FE0_1.jpg,OVAL,YELLOW,7,OVAL_YELLOW,145,0,0,0,0,0,0,0,0,0,0,0,1,51991-0082-90
51991-0082-90_RXNAVIMAGE10_1F160FE0_2.jpg,OVAL,YELLOW,7,OVAL_YELLOW,145,0,0,0,0,0,0,0,0,0,0,0,1,51991-0082-90
00182-1017-01_RXNAVIMAGE10_4A35A51D_1.jpg,ROUND,PINK,10,ROUND_PINK,168,0,0,0,0,0,0,1,0,0,0,0,0,00182-1017-01
00182-1017-01_RXNAVIMAGE10_4A35A51D_2.jpg,ROUND,PINK,10,ROUND_PINK,168,0,0,0,0,0,0,1,0,0,0,0,0,00182-1017-01
00078-0471-34_RXNAVIMAGE10_0A15855C_1.jpg,OVAL,PINK,7,OVAL_PINK,133,0,0,0,0,0,0,1,0,0,0,0,0,00078-0471-34
00078-0471-34_RXNAVIMAGE10_0A15855C_2.jpg,OVAL,PINK,7,OVAL_PINK,133,0,0,0,0,0,0,1,0,0,0,0,0,00078-0471-34
24658-0213-90_RXNAVIMAGE10_853342CA_1.jpg,ROUND,ORANGE,10,ROUND_ORANGE,166,0,0,0,0,0,1,0,0,0,0,0,0,24658-0213-90
24658-0213-90_RXNAVIMAGE10_853342CA_2.jpg,ROUND,ORANGE,10,ROUND_ORANGE,166,0,0,0,0,0,1,0,0,0,0,0,0,24658-0213-90
60505-0041-01_RXNAVIMAGE10_814FC0CE_1.jpg,OVAL,WHITE,7,OVAL_WHITE,139,0,0,0,0,0,0,0,0,0,0,1,0,60505-0041-01
60505-0041-01_RXNAVIMAGE10_814FC0CE_2.jpg,OVAL,WHITE,7,OVAL_WHITE,139,0,0,0,0,0,0,0,0,0,0,1,0,60505-0041-01
51285-0406-02_RXNAVIMAGE10_E91FF4AF_1.jpg,OVAL,WHITE,7,OVAL_WHITE,139,0,0,0,0,0,0,0,0,0,0,1,0,51285-0406-02
51285-0406-02_RXNAVIMAGE10_E91FF4AF_2.jpg,OVAL,WHITE,7,OVAL_WHITE,139,0,0,0,0,0,0,0,0,0,0,1,0,51285-0406-02
00781-1516-01_RXNAVIMAGE10_EA0DF56F_1.jpg,ROUND,TURQUOISE,10,ROUND_TURQUOISE,173,0,0,0,0,0,0,0,0,0,1,0,0,00781-1516-01
00781-1516-01_RXNAVIMAGE10_EA0DF56F_2.jpg,ROUND,TURQUOISE,10,ROUND_TURQUOISE,173,0,0,0,0,0,0,0,0,0,1,0,0,00781-1516-01
00087-2772-32_RXNAVIMAGE10_EB12F5D7_1.jpg,OVAL,WHITE,7,OVAL_WHITE,139,0,0,0,0,0,0,0,0,0,0,1,0,00087-2772-32
00087-2772-32_RXNAVIMAGE10_EB12F5D7_2.jpg,OVAL,WHITE,7,OVAL_WHITE,139,0,0,0,0,0,0,0,0,0,0,1,0,00087-2772-32
53746-0218-10_RXNAVIMAGE10_AC50D676_1.jpg,ROUND,WHITE,10,ROUND_WHITE,174,0,0,0,0,0,0,0,0,0,0,1,0,53746-0218-10
53746-0218-10_RXNAVIMAGE10_AC50D676_2.jpg,ROUND,WHITE,10,ROUND_WHITE,174,0,0,0,0,0,0,0,0,0,0,1,0,53746-0218-10
49884-0277-11_RXNAVIMAGE10_C53BE2EF_1.jpg,CAPSULE,"WHITE, YELLOW",1,"CAPSULE_WHITE, YELLOW",93,0,0,0,0,0,0,0,0,0,0,1,1,49884-0277-11
49884-0277-11_RXNAVIMAGE10_C53BE2EF_2.jpg,CAPSULE,"WHITE, YELLOW",1,"CAPSULE_WHITE, YELLOW",93,0,0,0,0,0,0,0,0,0,0,1,1,49884-0277-11
68382-0055-01_RXNAVIMAGE10_35129A84_1.jpg,OVAL,BLUE,7,OVAL_BLUE,123,0,1,0,0,0,0,0,0,0,0,0,0,68382-0055-01
68382-0055-01_RXNAVIMAGE10_35129A84_2.jpg,OVAL,BLUE,7,OVAL_BLUE,123,0,1,0,0,0,0,0,0,0,0,0,0,68382-0055-01
33342-0026-07_RXNAVIMAGE10_734039D1_1.jpg,OVAL,WHITE,7,OVAL_WHITE,139,0,0,0,0,0,0,0,0,0,0,1,0,33342-0026-07
33342-0026-07_RXNAVIMAGE10_734039D1_2.jpg,OVAL,WHITE,7,OVAL_WHITE,139,0,0,0,0,0,0,0,0,0,0,1,0,33342-0026-07
00006-0032-20_RXNAVIMAGE10_DF16EFC7_1.jpg,ROUND,WHITE,10,ROUND_WHITE,174,0,0,0,0,0,0,0,0,0,0,1,0,00006-0032-20
00006-0032-20_RXNAVIMAGE10_DF16EFC7_2.jpg,ROUND,WHITE,10,ROUND_WHITE,174,0,0,0,0,0,0,0,0,0,0,1,0,00006-0032-20
51285-0128-70_RXNAVIMAGE10_E942F4B7_1.jpg,ROUND,BROWN,10,ROUND_BROWN,162,0,0,1,0,0,0,0,0,0,0,0,0,51285-0128-70
51285-0128-70_RXNAVIMAGE10_E942F4B7_2.jpg,ROUND,BROWN,10,ROUND_BROWN,162,0,0,1,0,0,0,0,0,0,0,0,0,51285-0128-70
68382-0073-16_RXNAVIMAGE10_F449FA4F_1.jpg,OVAL,WHITE,7,OVAL_WHITE,139,0,0,0,0,0,0,0,0,0,0,1,0,68382-0073-16
68382-0073-16_RXNAVIMAGE10_F449FA4F_2.jpg,OVAL,WHITE,7,OVAL_WHITE,139,0,0,0,0,0,0,0,0,0,0,1,0,68382-0073-16
63459-0402-30_RXNAVIMAGE10_AB2D559A_1.jpg,ROUND,ORANGE,10,ROUND_ORANGE,166,0,0,0,0,0,1,0,0,0,0,0,0,63459-0402-30
63459-0402-30_RXNAVIMAGE10_AB2D559A_2.jpg,ROUND,ORANGE,10,ROUND_ORANGE,166,0,0,0,0,0,1,0,0,0,0,0,0,63459-0402-30
50111-0430-01_RXNAVIMAGE10_C233615B_1.jpg,ROUND,WHITE,10,ROUND_WHITE,174,0,0,0,0,0,0,0,0,0,0,1,0,50111-0430-01
50111-0430-01_RXNAVIMAGE10_C233615B_2.jpg,ROUND,WHITE,10,ROUND_WHITE,174,0,0,0,0,0,0,0,0,0,0,1,0,50111-0430-01
00603-3079-21_RXNAVIMAGE10_F4267A63_1.jpg,ROUND,YELLOW,10,ROUND_YELLOW,178,0,0,0,0,0,0,0,0,0,0,0,1,00603-3079-21
00603-3079-21_RXNAVIMAGE10_F4267A63_2.jpg,ROUND,YELLOW,10,ROUND_YELLOW,178,0,0,0,0,0,0,0,0,0,0,0,1,00603-3079-21
57237-0123-01_RXNAVIMAGE10_8D4746FA_1.jpg,ROUND,BLUE,10,ROUND_BLUE,160,0,1,0,0,0,0,0,0,0,0,0,0,57237-0123-01
57237-0123-01_RXNAVIMAGE10_8D4746FA_2.jpg,ROUND,BLUE,10,ROUND_BLUE,160,0,1,0,0,0,0,0,0,0,0,0,0,57237-0123-01
23155-0248-01_RXNAVIMAGE10_043D0258_1.jpg,DOUBLE CIRCLE,ORANGE,3,DOUBLE CIRCLE_ORANGE,112,0,0,0,0,0,1,0,0,0,0,0,0,23155-0248-01
23155-0248-01_RXNAVIMAGE10_043D0258_2.jpg,DOUBLE CIRCLE,ORANGE,3,DOUBLE CIRCLE_ORANGE,112,0,0,0,0,0,1,0,0,0,0,0,0,23155-0248-01
00832-0300-00_RXNAVIMAGE10_A904D486_1.jpg,ROUND,BROWN,10,ROUND_BROWN,162,0,0,1,0,0,0,0,0,0,0,0,0,00832-0300-00
00832-0300-00_RXNAVIMAGE10_A904D486_2.jpg,ROUND,BROWN,10,ROUND_BROWN,162,0,0,1,0,0,0,0,0,0,0,0,0,00832-0300-00
00093-7152-98_RXNAVIMAGE10_EE27F76F_1.jpg,ROUND,YELLOW,10,ROUND_YELLOW,178,0,0,0,0,0,0,0,0,0,0,0,1,00093-7152-98
00093-7152-98_RXNAVIMAGE10_EE27F76F_2.jpg,ROUND,YELLOW,10,ROUND_YELLOW,178,0,0,0,0,0,0,0,0,0,0,0,1,00093-7152-98
00078-0054-05_RXNAVIMAGE10_E208F107_1.jpg,ROUND,PURPLE,10,ROUND_PURPLE,171,0,0,0,0,0,0,0,1,0,0,0,0,00078-0054-05
00078-0054-05_RXNAVIMAGE10_E208F107_2.jpg,ROUND,PURPLE,10,ROUND_PURPLE,171,0,0,0,0,0,0,0,1,0,0,0,0,00078-0054-05
51079-0190-19_RXNAVIMAGE10_453522F9_1.jpg,CAPSULE,GREEN,1,CAPSULE_GREEN,32,0,0,0,0,1,0,0,0,0,0,0,0,51079-0190-19
51079-0190-19_RXNAVIMAGE10_453522F9_2.jpg,CAPSULE,GREEN,1,CAPSULE_GREEN,32,0,0,0,0,1,0,0,0,0,0,0,0,51079-0190-19
64720-0323-10_RXNAVIMAGE10_F51DFA9F_1.jpg,CAPSULE,"GREEN, TURQUOISE",1,"CAPSULE_GREEN, TURQUOISE",41,0,0,0,0,1,0,0,0,0,1,0,0,64720-0323-10
64720-0323-10_RXNAVIMAGE10_F51DFA9F_2.jpg,CAPSULE,"GREEN, TURQUOISE",1,"CAPSULE_GREEN, TURQUOISE",41,0,0,0,0,1,0,0,0,0,1,0,0,64720-0323-10
00555-0344-58_RXNAVIMAGE10_20369034_1.jpg,ROUND,YELLOW,10,ROUND_YELLOW,178,0,0,0,0,0,0,0,0,0,0,0,1,00555-0344-58
00555-0344-58_RXNAVIMAGE10_20369034_2.jpg,ROUND,YELLOW,10,ROUND_YELLOW,178,0,0,0,0,0,0,0,0,0,0,0,1,00555-0344-58
43547-0330-03_RXNAVIMAGE10_5B44AD85_1.jpg,OVAL,PINK,7,OVAL_PINK,133,0,0,0,0,0,0,1,0,0,0,0,0,43547-0330-03
43547-0330-03_RXNAVIMAGE10_5B44AD85_2.jpg,OVAL,PINK,7,OVAL_PINK,133,0,0,0,0,0,0,1,0,0,0,0,0,43547-0330-03
62856-0583-52_RXNAVIMAGE10_FF39FF8F_1.jpg,OVAL,PINK,7,OVAL_PINK,133,0,0,0,0,0,0,1,0,0,0,0,0,62856-0583-52
62856-0583-52_RXNAVIMAGE10_FF39FF8F_2.jpg,OVAL,PINK,7,OVAL_PINK,133,0,0,0,0,0,0,1,0,0,0,0,0,62856-0583-52
49884-0035-01_RXNAVIMAGE10_4408A245_1.jpg,OVAL,YELLOW,7,OVAL_YELLOW,145,0,0,0,0,0,0,0,0,0,0,0,1,49884-0035-01
49884-0035-01_RXNAVIMAGE10_4408A245_2.jpg,OVAL,YELLOW,7,OVAL_YELLOW,145,0,0,0,0,0,0,0,0,0,0,0,1,49884-0035-01
63459-0512-30_RXNAVIMAGE10_8A41C55E_1.jpg,BULLET,WHITE,0,BULLET_WHITE,0,0,0,0,0,0,0,0,0,0,0,1,0,63459-0512-30
63459-0512-30_RXNAVIMAGE10_8A41C55E_2.jpg,BULLET,WHITE,0,BULLET_WHITE,0,0,0,0,0,0,0,0,0,0,0,1,0,63459-0512-30
23155-0103-10_RXNAVIMAGE10_793C3C81_1.jpg,ROUND,WHITE,10,ROUND_WHITE,174,0,0,0,0,0,0,0,0,0,0,1,0,23155-0103-10
23155-0103-10_RXNAVIMAGE10_793C3C81_2.jpg,ROUND,WHITE,10,ROUND_WHITE,174,0,0,0,0,0,0,0,0,0,0,1,0,23155-0103-10
53489-0400-01_RXNAVIMAGE10_C01C6053_1.jpg,ROUND,BROWN,10,ROUND_BROWN,162,0,0,1,0,0,0,0,0,0,0,0,0,53489-0400-01
53489-0400-01_RXNAVIMAGE10_C01C6053_2.jpg,ROUND,BROWN,10,ROUND_BROWN,162,0,0,1,0,0,0,0,0,0,0,0,0,53489-0400-01
00069-4200-30_RXNAVIMAGE10_601DB05D_1.jpg,DIAMOND,BLUE,2,DIAMOND_BLUE,105,0,1,0,0,0,0,0,0,0,0,0,0,00069-4200-30
00069-4200-30_RXNAVIMAGE10_601DB05D_2.jpg,DIAMOND,BLUE,2,DIAMOND_BLUE,105,0,1,0,0,0,0,0,0,0,0,0,0,00069-4200-30
16729-0031-01_RXNAVIMAGE10_6440B275_1.jpg,ROUND,ORANGE,10,ROUND_ORANGE,166,0,0,0,0,0,1,0,0,0,0,0,0,16729-0031-01
16729-0031-01_RXNAVIMAGE10_6440B275_2.jpg,ROUND,ORANGE,10,ROUND_ORANGE,166,0,0,0,0,0,1,0,0,0,0,0,0,16729-0031-01
65162-0522-10_RXNAVIMAGE10_FD507E83_1.jpg,ROUND,PINK,10,ROUND_PINK,168,0,0,0,0,0,0,1,0,0,0,0,0,65162-0522-10
65162-0522-10_RXNAVIMAGE10_FD507E83_2.jpg,ROUND,PINK,10,ROUND_PINK,168,0,0,0,0,0,0,1,0,0,0,0,0,65162-0522-10
49884-0821-11_RXNAVIMAGE10_BD125E82_1.jpg,ROUND,WHITE,10,ROUND_WHITE,174,0,0,0,0,0,0,0,0,0,0,1,0,49884-0821-11
49884-0821-11_RXNAVIMAGE10_BD125E82_2.jpg,ROUND,WHITE,10,ROUND_WHITE,174,0,0,0,0,0,0,0,0,0,0,1,0,49884-0821-11
60505-2807-07_RXNAVIMAGE10_ED5176FB_1.jpg,CAPSULE,"WHITE, GREEN",1,"CAPSULE_WHITE, GREEN",86,0,0,0,0,1,0,0,0,0,0,1,0,60505-2807-07
60505-2807-07_RXNAVIMAGE10_ED5176FB_2.jpg,CAPSULE,"WHITE, GREEN",1,"CAPSULE_WHITE, GREEN",86,0,0,0,0,1,0,0,0,0,0,1,0,60505-2807-07
68682-0103-01_RXNAVIMAGE10_664FB31D_1.jpg,ROUND,PINK,10,ROUND_PINK,168,0,0,0,0,0,0,1,0,0,0,0,0,68682-0103-01
68682-0103-01_RXNAVIMAGE10_664FB31D_2.jpg,ROUND,PINK,10,ROUND_PINK,168,0,0,0,0,0,0,1,0,0,0,0,0,68682-0103-01
64764-0890-99_RXNAVIMAGE10_EE4DF70F_1.jpg,ROUND,BLUE,10,ROUND_BLUE,160,0,1,0,0,0,0,0,0,0,0,0,0,64764-0890-99
64764-0890-99_RXNAVIMAGE10_EE4DF70F_2.jpg,ROUND,BLUE,10,ROUND_BLUE,160,0,1,0,0,0,0,0,0,0,0,0,0,64764-0890-99
00093-7038-56_RXNAVIMAGE10_B63FDB5E_1.jpg,ROUND,BROWN,10,ROUND_BROWN,162,0,0,1,0,0,0,0,0,0,0,0,0,00093-7038-56
00093-7038-56_RXNAVIMAGE10_B63FDB5E_2.jpg,ROUND,BROWN,10,ROUND_BROWN,162,0,0,1,0,0,0,0,0,0,0,0,0,00093-7038-56
68462-0359-05_RXNAVIMAGE10_6D1B36F9_1.jpg,OVAL,BROWN,7,OVAL_BROWN,125,0,0,1,0,0,0,0,0,0,0,0,0,68462-0359-05
68462-0359-05_RXNAVIMAGE10_6D1B36F9_2.jpg,OVAL,BROWN,7,OVAL_BROWN,125,0,0,1,0,0,0,0,0,0,0,0,0,68462-0359-05
00093-0576-06_RXNAVIMAGE10_6026B005_1.jpg,ROUND,BLUE,10,ROUND_BLUE,160,0,1,0,0,0,0,0,0,0,0,0,0,00093-0576-06
00093-0576-06_RXNAVIMAGE10_6026B005_2.jpg,ROUND,BLUE,10,ROUND_BLUE,160,0,1,0,0,0,0,0,0,0,0,0,0,00093-0576-06
00173-0831-13_RXNAVIMAGE10_2C191678_1.jpg,ROUND,ORANGE,10,ROUND_ORANGE,166,0,0,0,0,0,1,0,0,0,0,0,0,00173-0831-13
00173-0831-13_RXNAVIMAGE10_2C191678_2.jpg,ROUND,ORANGE,10,ROUND_ORANGE,166,0,0,0,0,0,1,0,0,0,0,0,0,00173-0831-13
59630-0702-48_RXNAVIMAGE10_1E1B8F7C_1.jpg,ROUND,WHITE,10,ROUND_WHITE,174,0,0,0,0,0,0,0,0,0,0,1,0,59630-0702-48
59630-0702-48_RXNAVIMAGE10_1E1B8F7C_2.jpg,ROUND,WHITE,10,ROUND_WHITE,174,0,0,0,0,0,0,0,0,0,0,1,0,59630-0702-48
00093-0670-06_RXNAVIMAGE10_822B417A_1.jpg,OVAL,WHITE,7,OVAL_WHITE,139,0,0,0,0,0,0,0,0,0,0,1,0,00093-0670-06
00093-0670-06_RXNAVIMAGE10_822B417A_2.jpg,OVAL,WHITE,7,OVAL_WHITE,139,0,0,0,0,0,0,0,0,0,0,1,0,00093-0670-06
00603-2115-32_RXNAVIMAGE10_4C4F2649_1.jpg,ROUND,WHITE,10,ROUND_WHITE,174,0,0,0,0,0,0,0,0,0,0,1,0,00603-2115-32
00603-2115-32_RXNAVIMAGE10_4C4F2649_2.jpg,ROUND,WHITE,10,ROUND_WHITE,174,0,0,0,0,0,0,0,0,0,0,1,0,00603-2115-32
52544-0936-28_RXNAVIMAGE10_F444FA67_1.jpg,ROUND,ORANGE,10,ROUND_ORANGE,166,0,0,0,0,0,1,0,0,0,0,0,0,52544-0936-28
52544-0936-28_RXNAVIMAGE10_F444FA67_2.jpg,ROUND,ORANGE,10,ROUND_ORANGE,166,0,0,0,0,0,1,0,0,0,0,0,0,52544-0936-28
00093-7158-06_RXNAVIMAGE10_312B98DC_1.jpg,OVAL,YELLOW,7,OVAL_YELLOW,145,0,0,0,0,0,0,0,0,0,0,0,1,00093-7158-06
00093-7158-06_RXNAVIMAGE10_312B98DC_2.jpg,OVAL,YELLOW,7,OVAL_YELLOW,145,0,0,0,0,0,0,0,0,0,0,0,1,00093-7158-06
50111-0469-01_RXNAVIMAGE10_46302371_1.jpg,ROUND,GREEN,10,ROUND_GREEN,164,0,0,0,0,1,0,0,0,0,0,0,0,50111-0469-01
50111-0469-01_RXNAVIMAGE10_46302371_2.jpg,ROUND,GREEN,10,ROUND_GREEN,164,0,0,0,0,1,0,0,0,0,0,0,0,50111-0469-01
00603-7608-01_RXNAVIMAGE10_664A3341_1.jpg,ROUND,BROWN,10,ROUND_BROWN,162,0,0,1,0,0,0,0,0,0,0,0,0,00603-7608-01
00603-7608-01_RXNAVIMAGE10_664A3341_2.jpg,ROUND,BROWN,10,ROUND_BROWN,162,0,0,1,0,0,0,0,0,0,0,0,0,00603-7608-01
50844-0529-02_RXNAVIMAGE10_BF35DFFE_1.jpg,OVAL,BLUE,7,OVAL_BLUE,123,0,1,0,0,0,0,0,0,0,0,0,0,50844-0529-02
50844-0529-02_RXNAVIMAGE10_BF35DFFE_2.jpg,OVAL,BLUE,7,OVAL_BLUE,123,0,1,0,0,0,0,0,0,0,0,0,0,50844-0529-02
68682-0707-30_RXNAVIMAGE10_9D4E4E92_1.jpg,OVAL,WHITE,7,OVAL_WHITE,139,0,0,0,0,0,0,0,0,0,0,1,0,68682-0707-30
68682-0707-30_RXNAVIMAGE10_9D4E4E92_2.jpg,OVAL,WHITE,7,OVAL_WHITE,139,0,0,0,0,0,0,0,0,0,0,1,0,68682-0707-30
00603-3899-19_RXNAVIMAGE10_19408CB4_1.jpg,ROUND,WHITE,10,ROUND_WHITE,174,0,0,0,0,0,0,0,0,0,0,1,0,00603-3899-19
00603-3899-19_RXNAVIMAGE10_19408CB4_2.jpg,ROUND,WHITE,10,ROUND_WHITE,174,0,0,0,0,0,0,0,0,0,0,1,0,00603-3899-19
00603-2128-32_RXNAVIMAGE10_A615531A_1.jpg,OVAL,ORANGE,7,OVAL_ORANGE,130,0,0,0,0,0,1,0,0,0,0,0,0,00603-2128-32
00603-2128-32_RXNAVIMAGE10_A615531A_2.jpg,OVAL,ORANGE,7,OVAL_ORANGE,130,0,0,0,0,0,1,0,0,0,0,0,0,00603-2128-32
00093-5276-01_RXNAVIMAGE10_F141F88F_1.jpg,ROUND,YELLOW,10,ROUND_YELLOW,178,0,0,0,0,0,0,0,0,0,0,0,1,00093-5276-01
00093-5276-01_RXNAVIMAGE10_F141F88F_2.jpg,ROUND,YELLOW,10,ROUND_YELLOW,178,0,0,0,0,0,0,0,0,0,0,0,1,00093-5276-01
00430-0979-03_RXNAVIMAGE10_8744C3D6_1.jpg,OVAL,YELLOW,7,OVAL_YELLOW,145,0,0,0,0,0,0,0,0,0,0,0,1,00430-0979-03
00430-0979-03_RXNAVIMAGE10_8744C3D6_2.jpg,OVAL,YELLOW,7,OVAL_YELLOW,145,0,0,0,0,0,0,0,0,0,0,0,1,00430-0979-03
76439-0141-11_RXNAVIMAGE10_8440C236_1.jpg,ROUND,WHITE,10,ROUND_WHITE,174,0,0,0,0,0,0,0,0,0,0,1,0,76439-0141-11
76439-0141-11_RXNAVIMAGE10_8440C236_2.jpg,ROUND,WHITE,10,ROUND_WHITE,174,0,0,0,0,0,0,0,0,0,0,1,0,76439-0141-11
00555-9043-58_RXNAVIMAGE10_D612EB57_1.jpg,ROUND,WHITE,10,ROUND_WHITE,174,0,0,0,0,0,0,0,0,0,0,1,0,00555-9043-58
00555-9043-58_RXNAVIMAGE10_D612EB57_2.jpg,ROUND,WHITE,10,ROUND_WHITE,174,0,0,0,0,0,0,0,0,0,0,1,0,00555-9043-58
68462-0163-01_RXNAVIMAGE10_DC216E7B_1.jpg,ROUND,WHITE,10,ROUND_WHITE,174,0,0,0,0,0,0,0,0,0,0,1,0,68462-0163-01
68462-0163-01_RXNAVIMAGE10_DC216E7B_2.jpg,ROUND,WHITE,10,ROUND_WHITE,174,0,0,0,0,0,0,0,0,0,0,1,0,68462-0163-01
00143-9739-10_RXNAVIMAGE10_E74973AB_1.jpg,ROUND,WHITE,10,ROUND_WHITE,174,0,0,0,0,0,0,0,0,0,0,1,0,00143-9739-10
00143-9739-10_RXNAVIMAGE10_E74973AB_2.jpg,ROUND,WHITE,10,ROUND_WHITE,174,0,0,0,0,0,0,0,0,0,0,1,0,00143-9739-10
00115-1151-01_RXNAVIMAGE10_7D3ABEF5_1.jpg,ROUND,WHITE,10,ROUND_WHITE,174,0,0,0,0,0,0,0,0,0,0,1,0,00115-1151-01
00115-1151-01_RXNAVIMAGE10_7D3ABEF5_2.jpg,ROUND,WHITE,10,ROUND_WHITE,174,0,0,0,0,0,0,0,0,0,0,1,0,00115-1151-01
31722-0302-01_RXNAVIMAGE10_2D3A96A4_1.jpg,ROUND,WHITE,10,ROUND_WHITE,174,0,0,0,0,0,0,0,0,0,0,1,0,31722-0302-01
31722-0302-01_RXNAVIMAGE10_2D3A96A4_2.jpg,ROUND,WHITE,10,ROUND_WHITE,174,0,0,0,0,0,0,0,0,0,0,1,0,31722-0302-01
55111-0113-81_RXNAVIMAGE10_A751D3CE_1.jpg,OVAL,RED,7,OVAL_RED,137,0,0,0,0,0,0,0,0,1,0,0,0,55111-0113-81
55111-0113-81_RXNAVIMAGE10_A751D3CE_2.jpg,OVAL,RED,7,OVAL_RED,137,0,0,0,0,0,0,0,0,1,0,0,0,55111-0113-81
62332-0076-60_RXNAVIMAGE10_554E2AF1_1.jpg,OVAL,GRAY,7,OVAL_GRAY,127,0,0,0,1,0,0,0,0,0,0,0,0,62332-0076-60
62332-0076-60_RXNAVIMAGE10_554E2AF1_2.jpg,OVAL,GRAY,7,OVAL_GRAY,127,0,0,0,1,0,0,0,0,0,0,0,0,62332-0076-60
64727-3302-01_RXNAVIMAGE10_304A1810_1.jpg,ROUND,WHITE,10,ROUND_WHITE,174,0,0,0,0,0,0,0,0,0,0,1,0,64727-3302-01
64727-3302-01_RXNAVIMAGE10_304A1810_2.jpg,ROUND,WHITE,10,ROUND_WHITE,174,0,0,0,0,0,0,0,0,0,0,1,0,64727-3302-01
59762-1416-03_RXNAVIMAGE10_4704A3C5_1.jpg,OVAL,YELLOW,7,OVAL_YELLOW,145,0,0,0,0,0,0,0,0,0,0,0,1,59762-1416-03
59762-1416-03_RXNAVIMAGE10_4704A3C5_2.jpg,OVAL,YELLOW,7,OVAL_YELLOW,145,0,0,0,0,0,0,0,0,0,0,0,1,59762-1416-03
24658-0300-90_RXNAVIMAGE10_1F3D8FBC_1.jpg,OVAL,WHITE,7,OVAL_WHITE,139,0,0,0,0,0,0,0,0,0,0,1,0,24658-0300-90
24658-0300-90_RXNAVIMAGE10_1F3D8FBC_2.jpg,OVAL,WHITE,7,OVAL_WHITE,139,0,0,0,0,0,0,0,0,0,0,1,0,24658-0300-90
62756-0146-86_RXNAVIMAGE10_C10EE087_1.jpg,CAPSULE,ORANGE,1,CAPSULE_ORANGE,44,0,0,0,0,0,1,0,0,0,0,0,0,62756-0146-86
62756-0146-86_RXNAVIMAGE10_C10EE087_2.jpg,CAPSULE,ORANGE,1,CAPSULE_ORANGE,44,0,0,0,0,0,1,0,0,0,0,0,0,62756-0146-86
51672-4041-01_RXNAVIMAGE10_55062A81_1.jpg,ROUND,PINK,10,ROUND_PINK,168,0,0,0,0,0,0,1,0,0,0,0,0,51672-4041-01
51672-4041-01_RXNAVIMAGE10_55062A81_2.jpg,ROUND,PINK,10,ROUND_PINK,168,0,0,0,0,0,0,1,0,0,0,0,0,51672-4041-01
00093-0755-06_RXNAVIMAGE10_752B3AE9_1.jpg,OVAL,BLUE,7,OVAL_BLUE,123,0,1,0,0,0,0,0,0,0,0,0,0,00093-0755-06
00093-0755-06_RXNAVIMAGE10_752B3AE9_2.jpg,OVAL,BLUE,7,OVAL_BLUE,123,0,1,0,0,0,0,0,0,0,0,0,0,00093-0755-06
00832-0512-01_RXNAVIMAGE10_534929C9_1.jpg,ROUND,YELLOW,10,ROUND_YELLOW,178,0,0,0,0,0,0,0,0,0,0,0,1,00832-0512-01
00832-0512-01_RXNAVIMAGE10_534929C9_2.jpg,ROUND,YELLOW,10,ROUND_YELLOW,178,0,0,0,0,0,0,0,0,0,0,0,1,00832-0512-01
52544-0384-28_RXNAVIMAGE10_5E502F31_1.jpg,ROUND,WHITE,10,ROUND_WHITE,174,0,0,0,0,0,0,0,0,0,0,1,0,52544-0384-28
52544-0384-28_RXNAVIMAGE10_5E502F31_2.jpg,ROUND,WHITE,10,ROUND_WHITE,174,0,0,0,0,0,0,0,0,0,0,1,0,52544-0384-28
16252-0515-01_RXNAVIMAGE10_A83A5442_1.jpg,OVAL,WHITE,7,OVAL_WHITE,139,0,0,0,0,0,0,0,0,0,0,1,0,16252-0515-01
16252-0515-01_RXNAVIMAGE10_A83A5442_2.jpg,OVAL,WHITE,7,OVAL_WHITE,139,0,0,0,0,0,0,0,0,0,0,1,0,16252-0515-01
00591-0338-01_RXNAVIMAGE10_AC05561A_1.jpg,ROUND,WHITE,10,ROUND_WHITE,174,0,0,0,0,0,0,0,0,0,0,1,0,00591-0338-01
00591-0338-01_RXNAVIMAGE10_AC05561A_2.jpg,ROUND,WHITE,10,ROUND_WHITE,174,0,0,0,0,0,0,0,0,0,0,1,0,00591-0338-01
00591-3220-01_RXNAVIMAGE10_BE135F3A_1.jpg,CAPSULE,"BLUE, WHITE",1,"CAPSULE_BLUE, WHITE",16,0,1,0,0,0,0,0,0,0,0,1,0,00591-3220-01
00591-3220-01_RXNAVIMAGE10_BE135F3A_2.jpg,CAPSULE,"BLUE, WHITE",1,"CAPSULE_BLUE, WHITE",16,0,1,0,0,0,0,0,0,0,0,1,0,00591-3220-01
65197-0003-01_RXNAVIMAGE10_2E45975C_1.jpg,CAPSULE,RED,1,CAPSULE_RED,69,0,0,0,0,0,0,0,0,1,0,0,0,65197-0003-01
65197-0003-01_RXNAVIMAGE10_2E45975C_2.jpg,CAPSULE,RED,1,CAPSULE_RED,69,0,0,0,0,0,0,0,0,1,0,0,0,65197-0003-01
00173-0761-00_RXNAVIMAGE10_F318F9F7_1.jpg,OVAL,"GRAY, WHITE",7,"OVAL_GRAY, WHITE",128,0,0,0,1,0,0,0,0,0,0,1,0,00173-0761-00
00173-0761-00_RXNAVIMAGE10_F318F9F7_2.jpg,OVAL,"GRAY, WHITE",7,"OVAL_GRAY, WHITE",128,0,0,0,1,0,0,0,0,0,0,1,0,00173-0761-00
00074-2589-13_RXNAVIMAGE10_1D058EEC_1.jpg,OVAL,PINK,7,OVAL_PINK,133,0,0,0,0,0,0,1,0,0,0,0,0,00074-2589-13
00074-2589-13_RXNAVIMAGE10_1D058EEC_2.jpg,OVAL,PINK,7,OVAL_PINK,133,0,0,0,0,0,0,1,0,0,0,0,0,00074-2589-13
00078-0315-34_RXNAVIMAGE10_F8157C5B_1.jpg,OVAL,RED,7,OVAL_RED,137,0,0,0,0,0,0,0,0,1,0,0,0,00078-0315-34
00078-0315-34_RXNAVIMAGE10_F8157C5B_2.jpg,OVAL,RED,7,OVAL_RED,137,0,0,0,0,0,0,0,0,1,0,0,0,00078-0315-34
68382-0019-01_RXNAVIMAGE10_F8127C53_1.jpg,ROUND,ORANGE,10,ROUND_ORANGE,166,0,0,0,0,0,1,0,0,0,0,0,0,68382-0019-01
68382-0019-01_RXNAVIMAGE10_F8127C53_2.jpg,ROUND,ORANGE,10,ROUND_ORANGE,166,0,0,0,0,0,1,0,0,0,0,0,0,68382-0019-01
16714-0531-10_RXNAVIMAGE10_6D4EB6E5_1.jpg,TRIANGLE,YELLOW,15,TRIANGLE_YELLOW,203,0,0,0,0,0,0,0,0,0,0,0,1,16714-0531-10
16714-0531-10_RXNAVIMAGE10_6D4EB6E5_2.jpg,TRIANGLE,YELLOW,15,TRIANGLE_YELLOW,203,0,0,0,0,0,0,0,0,0,0,0,1,16714-0531-10
00093-7542-06_RXNAVIMAGE10_4638A355_1.jpg,CAPSULE,GREEN,1,CAPSULE_GREEN,32,0,0,0,0,1,0,0,0,0,0,0,0,00093-7542-06
00093-7542-06_RXNAVIMAGE10_4638A355_2.jpg,CAPSULE,GREEN,1,CAPSULE_GREEN,32,0,0,0,0,1,0,0,0,0,0,0,0,00093-7542-06
00781-5607-31_RXNAVIMAGE10_434EA1E5_1.jpg,OVAL,YELLOW,7,OVAL_YELLOW,145,0,0,0,0,0,0,0,0,0,0,0,1,00781-5607-31
00781-5607-31_RXNAVIMAGE10_434EA1E5_2.jpg,OVAL,YELLOW,7,OVAL_YELLOW,145,0,0,0,0,0,0,0,0,0,0,0,1,00781-5607-31
00032-1206-01_RXNAVIMAGE10_59442CE1_1.jpg,CAPSULE,"BLUE, RED",1,"CAPSULE_BLUE, RED",14,0,1,0,0,0,0,0,0,1,0,0,0,00032-1206-01
00032-1206-01_RXNAVIMAGE10_59442CE1_2.jpg,CAPSULE,"BLUE, RED",1,"CAPSULE_BLUE, RED",14,0,1,0,0,0,0,0,0,1,0,0,0,00032-1206-01
16571-0411-10_RXNAVIMAGE10_B23ED926_1.jpg,ROUND,WHITE,10,ROUND_WHITE,174,0,0,0,0,0,0,0,0,0,0,1,0,16571-0411-10
16571-0411-10_RXNAVIMAGE10_B23ED926_2.jpg,ROUND,WHITE,10,ROUND_WHITE,174,0,0,0,0,0,0,0,0,0,0,1,0,16571-0411-10
00173-0675-02_RXNAVIMAGE10_A019500A_1.jpg,ROUND,PINK,10,ROUND_PINK,168,0,0,0,0,0,0,1,0,0,0,0,0,00173-0675-02
00173-0675-02_RXNAVIMAGE10_A019500A_2.jpg,ROUND,PINK,10,ROUND_PINK,168,0,0,0,0,0,0,1,0,0,0,0,0,00173-0675-02
00781-1078-10_RXNAVIMAGE10_7C3DBE6D_1.jpg,ROUND,WHITE,10,ROUND_WHITE,174,0,0,0,0,0,0,0,0,0,0,1,0,00781-1078-10
00781-1078-10_RXNAVIMAGE10_7C3DBE6D_2.jpg,ROUND,WHITE,10,ROUND_WHITE,174,0,0,0,0,0,0,0,0,0,0,1,0,00781-1078-10
60505-0065-00_RXNAVIMAGE10_412920F9_1.jpg,CAPSULE,"PINK, PINK",1,"CAPSULE_PINK, PINK",57,0,0,0,0,0,0,1,0,0,0,0,0,60505-0065-00
60505-0065-00_RXNAVIMAGE10_412920F9_2.jpg,CAPSULE,"PINK, PINK",1,"CAPSULE_PINK, PINK",57,0,0,0,0,0,0,1,0,0,0,0,0,60505-0065-00
00093-7455-01_RXNAVIMAGE10_62363151_1.jpg,OVAL,PINK,7,OVAL_PINK,133,0,0,0,0,0,0,1,0,0,0,0,0,00093-7455-01
00093-7455-01_RXNAVIMAGE10_62363151_2.jpg,OVAL,PINK,7,OVAL_PINK,133,0,0,0,0,0,0,1,0,0,0,0,0,00093-7455-01
00093-5961-01_RXNAVIMAGE10_C743E39F_1.jpg,OVAL,WHITE,7,OVAL_WHITE,139,0,0,0,0,0,0,0,0,0,0,1,0,00093-5961-01
00093-5961-01_RXNAVIMAGE10_C743E39F_2.jpg,OVAL,WHITE,7,OVAL_WHITE,139,0,0,0,0,0,0,0,0,0,0,1,0,00093-5961-01
57844-0322-01_RXNAVIMAGE10_E2367113_1.jpg,CAPSULE,PINK,1,CAPSULE_PINK,52,0,0,0,0,0,0,1,0,0,0,0,0,57844-0322-01
57844-0322-01_RXNAVIMAGE10_E2367113_2.jpg,CAPSULE,PINK,1,CAPSULE_PINK,52,0,0,0,0,0,0,1,0,0,0,0,0,57844-0322-01
43547-0349-09_RXNAVIMAGE10_3B511DB8_1.jpg,OVAL,BROWN,7,OVAL_BROWN,125,0,0,1,0,0,0,0,0,0,0,0,0,43547-0349-09
43547-0349-09_RXNAVIMAGE10_3B511DB8_2.jpg,OVAL,BROWN,7,OVAL_BROWN,125,0,0,1,0,0,0,0,0,0,0,0,0,43547-0349-09
49884-0563-11_RXNAVIMAGE10_4F3BA7AD_1.jpg,ROUND,BROWN,10,ROUND_BROWN,162,0,0,1,0,0,0,0,0,0,0,0,0,49884-0563-11
49884-0563-11_RXNAVIMAGE10_4F3BA7AD_2.jpg,ROUND,BROWN,10,ROUND_BROWN,162,0,0,1,0,0,0,0,0,0,0,0,0,49884-0563-11
00591-2820-01_RXNAVIMAGE10_743FBA5D_1.jpg,CAPSULE,"WHITE, BLUE",1,"CAPSULE_WHITE, BLUE",83,0,1,0,0,0,0,0,0,0,0,1,0,00591-2820-01
00591-2820-01_RXNAVIMAGE10_743FBA5D_2.jpg,CAPSULE,"WHITE, BLUE",1,"CAPSULE_WHITE, BLUE",83,0,1,0,0,0,0,0,0,0,0,1,0,00591-2820-01
52544-0630-28_RXNAVIMAGE10_4445A26D_1.jpg,ROUND,BROWN,10,ROUND_BROWN,162,0,0,1,0,0,0,0,0,0,0,0,0,52544-0630-28
52544-0630-28_RXNAVIMAGE10_4445A26D_2.jpg,ROUND,BROWN,10,ROUND_BROWN,162,0,0,1,0,0,0,0,0,0,0,0,0,52544-0630-28
43547-0268-10_RXNAVIMAGE10_C53D628B_1.jpg,ROUND,WHITE,10,ROUND_WHITE,174,0,0,0,0,0,0,0,0,0,0,1,0,43547-0268-10
43547-0268-10_RXNAVIMAGE10_C53D628B_2.jpg,ROUND,WHITE,10,ROUND_WHITE,174,0,0,0,0,0,0,0,0,0,0,1,0,43547-0268-10
65862-0549-90_RXNAVIMAGE10_CE4DE71F_1.jpg,OVAL,BROWN,7,OVAL_BROWN,125,0,0,1,0,0,0,0,0,0,0,0,0,65862-0549-90
65862-0549-90_RXNAVIMAGE10_CE4DE71F_2.jpg,OVAL,BROWN,7,OVAL_BROWN,125,0,0,1,0,0,0,0,0,0,0,0,0,65862-0549-90
60505-0102-01_RXNAVIMAGE10_EB49F5CF_1.jpg,OVAL,WHITE,7,OVAL_WHITE,139,0,0,0,0,0,0,0,0,0,0,1,0,60505-0102-01
60505-0102-01_RXNAVIMAGE10_EB49F5CF_2.jpg,OVAL,WHITE,7,OVAL_WHITE,139,0,0,0,0,0,0,0,0,0,0,1,0,60505-0102-01
00904-0644-60_RXNAVIMAGE10_66353349_1.jpg,CAPSULE,"BLACK, YELLOW",1,"CAPSULE_BLACK, YELLOW",6,1,0,0,0,0,0,0,0,0,0,0,1,00904-0644-60
00904-0644-60_RXNAVIMAGE10_66353349_2.jpg,CAPSULE,"BLACK, YELLOW",1,"CAPSULE_BLACK, YELLOW",6,1,0,0,0,0,0,0,0,0,0,0,1,00904-0644-60
00555-9123-66_RXNAVIMAGE10_6B36B5E5_1.jpg,ROUND,WHITE,10,ROUND_WHITE,174,0,0,0,0,0,0,0,0,0,0,1,0,00555-9123-66
00555-9123-66_RXNAVIMAGE10_6B36B5E5_2.jpg,ROUND,WHITE,10,ROUND_WHITE,174,0,0,0,0,0,0,0,0,0,0,1,0,00555-9123-66
00093-0733-01_RXNAVIMAGE10_672B3399_1.jpg,ROUND,PINK,10,ROUND_PINK,168,0,0,0,0,0,0,1,0,0,0,0,0,00093-0733-01
00093-0733-01_RXNAVIMAGE10_672B3399_2.jpg,ROUND,PINK,10,ROUND_PINK,168,0,0,0,0,0,0,1,0,0,0,0,0,00093-0733-01
67253-0383-10_RXNAVIMAGE10_4948A4A5_1.jpg,OVAL,GREEN,7,OVAL_GREEN,129,0,0,0,0,1,0,0,0,0,0,0,0,67253-0383-10
67253-0383-10_RXNAVIMAGE10_4948A4A5_2.jpg,OVAL,GREEN,7,OVAL_GREEN,129,0,0,0,0,1,0,0,0,0,0,0,0,67253-0383-10
68462-0358-05_RXNAVIMAGE10_A71C53C2_1.jpg,OVAL,WHITE,7,OVAL_WHITE,139,0,0,0,0,0,0,0,0,0,0,1,0,68462-0358-05
68462-0358-05_RXNAVIMAGE10_A71C53C2_2.jpg,OVAL,WHITE,7,OVAL_WHITE,139,0,0,0,0,0,0,0,0,0,0,1,0,68462-0358-05
00143-9919-01_RXNAVIMAGE10_02230118_1.jpg,OVAL,BLUE,7,OVAL_BLUE,123,0,1,0,0,0,0,0,0,0,0,0,0,00143-9919-01
00143-9919-01_RXNAVIMAGE10_02230118_2.jpg,OVAL,BLUE,7,OVAL_BLUE,123,0,1,0,0,0,0,0,0,0,0,0,0,00143-9919-01
00093-3040-06_RXNAVIMAGE10_F343F9EF_1.jpg,CAPSULE,"RED, WHITE",1,"CAPSULE_RED, WHITE",74,0,0,0,0,0,0,0,0,1,0,1,0,00093-3040-06
00093-3040-06_RXNAVIMAGE10_F343F9EF_2.jpg,CAPSULE,"RED, WHITE",1,"CAPSULE_RED, WHITE",74,0,0,0,0,0,0,0,0,1,0,1,0,00093-3040-06
68682-0371-90_RXNAVIMAGE10_5E442F51_1.jpg,CAPSULE,TURQUOISE,1,CAPSULE_TURQUOISE,76,0,0,0,0,0,0,0,0,0,1,0,0,68682-0371-90
68682-0371-90_RXNAVIMAGE10_5E442F51_2.jpg,CAPSULE,TURQUOISE,1,CAPSULE_TURQUOISE,76,0,0,0,0,0,0,0,0,0,1,0,0,68682-0371-90
00056-0170-70_RXNAVIMAGE10_95134AFA_1.jpg,ROUND,PURPLE,10,ROUND_PURPLE,171,0,0,0,0,0,0,0,1,0,0,0,0,00056-0170-70
00056-0170-70_RXNAVIMAGE10_95134AFA_2.jpg,ROUND,PURPLE,10,ROUND_PURPLE,171,0,0,0,0,0,0,0,1,0,0,0,0,00056-0170-70
63459-0544-28_RXNAVIMAGE10_9D424E92_1.jpg,ROUND,WHITE,10,ROUND_WHITE,174,0,0,0,0,0,0,0,0,0,0,1,0,63459-0544-28
63459-0544-28_RXNAVIMAGE10_9D424E92_2.jpg,ROUND,WHITE,10,ROUND_WHITE,174,0,0,0,0,0,0,0,0,0,0,1,0,63459-0544-28
00172-2416-80_RXNAVIMAGE10_A00ED066_1.jpg,CAPSULE,"ORANGE, YELLOW",1,"CAPSULE_ORANGE, YELLOW",51,0,0,0,0,0,1,0,0,0,0,0,1,00172-2416-80
00172-2416-80_RXNAVIMAGE10_A00ED066_2.jpg,CAPSULE,"ORANGE, YELLOW",1,"CAPSULE_ORANGE, YELLOW",51,0,0,0,0,0,1,0,0,0,0,0,1,00172-2416-80
00143-1257-01_RXNAVIMAGE10_FD22FEA7_1.jpg,ROUND,ORANGE,10,ROUND_ORANGE,166,0,0,0,0,0,1,0,0,0,0,0,0,00143-1257-01
00143-1257-01_RXNAVIMAGE10_FD22FEA7_2.jpg,ROUND,ORANGE,10,ROUND_ORANGE,166,0,0,0,0,0,1,0,0,0,0,0,0,00143-1257-01
65162-0536-10_RXNAVIMAGE10_8835445A_1.jpg,OVAL,YELLOW,7,OVAL_YELLOW,145,0,0,0,0,0,0,0,0,0,0,0,1,65162-0536-10
65162-0536-10_RXNAVIMAGE10_8835445A_2.jpg,OVAL,YELLOW,7,OVAL_YELLOW,145,0,0,0,0,0,0,0,0,0,0,0,1,65162-0536-10
00093-5353-01_RXNAVIMAGE10_03270198_1.jpg,OVAL,PINK,7,OVAL_PINK,133,0,0,0,0,0,0,1,0,0,0,0,0,00093-5353-01
00093-5353-01_RXNAVIMAGE10_03270198_2.jpg,OVAL,PINK,7,OVAL_PINK,133,0,0,0,0,0,0,1,0,0,0,0,0,00093-5353-01
00093-0321-01_RXNAVIMAGE10_902B486A_1.jpg,OVAL,ORANGE,7,OVAL_ORANGE,130,0,0,0,0,0,1,0,0,0,0,0,0,00093-0321-01
00093-0321-01_RXNAVIMAGE10_902B486A_2.jpg,OVAL,ORANGE,7,OVAL_ORANGE,130,0,0,0,0,0,1,0,0,0,0,0,0,00093-0321-01
29033-0001-01_RXNAVIMAGE10_730EB985_1.jpg,ROUND,WHITE,10,ROUND_WHITE,174,0,0,0,0,0,0,0,0,0,0,1,0,29033-0001-01
29033-0001-01_RXNAVIMAGE10_730EB985_2.jpg,ROUND,WHITE,10,ROUND_WHITE,174,0,0,0,0,0,0,0,0,0,0,1,0,29033-0001-01
43547-0226-50_RXNAVIMAGE10_AE40D766_1.jpg,OVAL,WHITE,7,OVAL_WHITE,139,0,0,0,0,0,0,0,0,0,0,1,0,43547-0226-50
43547-0226-50_RXNAVIMAGE10_AE40D766_2.jpg,OVAL,WHITE,7,OVAL_WHITE,139,0,0,0,0,0,0,0,0,0,0,1,0,43547-0226-50
00071-0369-24_RXNAVIMAGE10_E51572CB_1.jpg,CAPSULE,"ORANGE, WHITE",1,"CAPSULE_ORANGE, WHITE",50,0,0,0,0,0,1,0,0,0,0,1,0,00071-0369-24
00071-0369-24_RXNAVIMAGE10_E51572CB_2.jpg,CAPSULE,"ORANGE, WHITE",1,"CAPSULE_ORANGE, WHITE",50,0,0,0,0,0,1,0,0,0,0,1,0,00071-0369-24
51672-4018-01_RXNAVIMAGE10_7205B94D_1.jpg,OVAL,PINK,7,OVAL_PINK,133,0,0,0,0,0,0,1,0,0,0,0,0,51672-4018-01
51672-4018-01_RXNAVIMAGE10_7205B94D_2.jpg,OVAL,PINK,7,OVAL_PINK,133,0,0,0,0,0,0,1,0,0,0,0,0,51672-4018-01
50111-0467-01_RXNAVIMAGE10_54302A61_1.jpg,ROUND,ORANGE,10,ROUND_ORANGE,166,0,0,0,0,0,1,0,0,0,0,0,0,50111-0467-01
50111-0467-01_RXNAVIMAGE10_54302A61_2.jpg,ROUND,ORANGE,10,ROUND_ORANGE,166,0,0,0,0,0,1,0,0,0,0,0,0,50111-0467-01
66424-0021-10_RXNAVIMAGE10_18158C4C_1.jpg,CAPSULE,"PINK, RED",1,"CAPSULE_PINK, RED",58,0,0,0,0,0,0,1,0,1,0,0,0,66424-0021-10
66424-0021-10_RXNAVIMAGE10_18158C4C_2.jpg,CAPSULE,"PINK, RED",1,"CAPSULE_PINK, RED",58,0,0,0,0,0,0,1,0,1,0,0,0,66424-0021-10
31722-0202-90_RXNAVIMAGE10_DE3B6F3B_1.jpg,ROUND,WHITE,10,ROUND_WHITE,174,0,0,0,0,0,0,0,0,0,0,1,0,31722-0202-90
31722-0202-90_RXNAVIMAGE10_DE3B6F3B_2.jpg,ROUND,WHITE,10,ROUND_WHITE,174,0,0,0,0,0,0,0,0,0,0,1,0,31722-0202-90
63044-0631-19_RXNAVIMAGE10_23409194_1.jpg,OVAL,RED,7,OVAL_RED,137,0,0,0,0,0,0,0,0,1,0,0,0,63044-0631-19
63044-0631-19_RXNAVIMAGE10_23409194_2.jpg,OVAL,RED,7,OVAL_RED,137,0,0,0,0,0,0,0,0,1,0,0,0,63044-0631-19
00085-1717-01_RXNAVIMAGE10_BE23DF1E_1.jpg,OVAL,WHITE,7,OVAL_WHITE,139,0,0,0,0,0,0,0,0,0,0,1,0,00085-1717-01
00085-1717-01_RXNAVIMAGE10_BE23DF1E_2.jpg,OVAL,WHITE,7,OVAL_WHITE,139,0,0,0,0,0,0,0,0,0,0,1,0,00085-1717-01
16714-0233-02_RXNAVIMAGE10_D307E9FF_1.jpg,OVAL,BLUE,7,OVAL_BLUE,123,0,1,0,0,0,0,0,0,0,0,0,0,16714-0233-02
16714-0233-02_RXNAVIMAGE10_D307E9FF_2.jpg,OVAL,BLUE,7,OVAL_BLUE,123,0,1,0,0,0,0,0,0,0,0,0,0,16714-0233-02
00093-7270-98_RXNAVIMAGE10_9027C85E_1.jpg,OVAL,WHITE,7,OVAL_WHITE,139,0,0,0,0,0,0,0,0,0,0,1,0,00093-7270-98
00093-7270-98_RXNAVIMAGE10_9027C85E_2.jpg,OVAL,WHITE,7,OVAL_WHITE,139,0,0,0,0,0,0,0,0,0,0,1,0,00093-7270-98
59762-2331-08_RXNAVIMAGE10_9B15CDBE_1.jpg,OVAL,PINK,7,OVAL_PINK,133,0,0,0,0,0,0,1,0,0,0,0,0,59762-2331-08
59762-2331-08_RXNAVIMAGE10_9B15CDBE_2.jpg,OVAL,PINK,7,OVAL_PINK,133,0,0,0,0,0,0,1,0,0,0,0,0,59762-2331-08
00029-3160-13_RXNAVIMAGE10_9A18CD26_1.jpg,PENTAGON,RED,8,PENTAGON_RED,152,0,0,0,0,0,0,0,0,1,0,0,0,00029-3160-13
00029-3160-13_RXNAVIMAGE10_9A18CD26_2.jpg,PENTAGON,RED,8,PENTAGON_RED,152,0,0,0,0,0,0,0,0,1,0,0,0,00029-3160-13
00597-0001-60_RXNAVIMAGE10_7303B9ED_1.jpg,CAPSULE,"RED, WHITE",1,"CAPSULE_RED, WHITE",74,0,0,0,0,0,0,0,0,1,0,1,0,00597-0001-60
00597-0001-60_RXNAVIMAGE10_7303B9ED_2.jpg,CAPSULE,"RED, WHITE",1,"CAPSULE_RED, WHITE",74,0,0,0,0,0,0,0,0,1,0,1,0,00597-0001-60
55111-0293-09_RXNAVIMAGE10_8443422A_1.jpg,OVAL,WHITE,7,OVAL_WHITE,139,0,0,0,0,0,0,0,0,0,0,1,0,55111-0293-09
55111-0293-09_RXNAVIMAGE10_8443422A_2.jpg,OVAL,WHITE,7,OVAL_WHITE,139,0,0,0,0,0,0,0,0,0,0,1,0,55111-0293-09
60505-3110-03_RXNAVIMAGE10_4A46A525_1.jpg,ROUND,WHITE,10,ROUND_WHITE,174,0,0,0,0,0,0,0,0,0,0,1,0,60505-3110-03
60505-3110-03_RXNAVIMAGE10_4A46A525_2.jpg,ROUND,WHITE,10,ROUND_WHITE,174,0,0,0,0,0,0,0,0,0,0,1,0,60505-3110-03
16729-0153-01_RXNAVIMAGE10_8751C3DE_1.jpg,CAPSULE,ORANGE,1,CAPSULE_ORANGE,44,0,0,0,0,0,1,0,0,0,0,0,0,16729-0153-01
16729-0153-01_RXNAVIMAGE10_8751C3DE_2.jpg,CAPSULE,ORANGE,1,CAPSULE_ORANGE,44,0,0,0,0,0,1,0,0,0,0,0,0,16729-0153-01
00378-2405-01_RXNAVIMAGE10_A53D52FA_1.jpg,ROUND,PURPLE,10,ROUND_PURPLE,171,0,0,0,0,0,0,0,1,0,0,0,0,00378-2405-01
00378-2405-01_RXNAVIMAGE10_A53D52FA_2.jpg,ROUND,PURPLE,10,ROUND_PURPLE,171,0,0,0,0,0,0,0,1,0,0,0,0,00378-2405-01
61442-0143-10_RXNAVIMAGE10_9816CC56_1.jpg,ROUND,WHITE,10,ROUND_WHITE,174,0,0,0,0,0,0,0,0,0,0,1,0,61442-0143-10
61442-0143-10_RXNAVIMAGE10_9816CC56_2.jpg,ROUND,WHITE,10,ROUND_WHITE,174,0,0,0,0,0,0,0,0,0,0,1,0,61442-0143-10
57844-0215-52_RXNAVIMAGE10_CA366513_1.jpg,CAPSULE,BLUE,1,CAPSULE_BLUE,7,0,1,0,0,0,0,0,0,0,0,0,0,57844-0215-52
57844-0215-52_RXNAVIMAGE10_CA366513_2.jpg,CAPSULE,BLUE,1,CAPSULE_BLUE,7,0,1,0,0,0,0,0,0,0,0,0,0,57844-0215-52
00456-0460-01_RXNAVIMAGE10_790EBC85_1.jpg,ROUND,BROWN,10,ROUND_BROWN,162,0,0,1,0,0,0,0,0,0,0,0,0,00456-0460-01
00456-0460-01_RXNAVIMAGE10_790EBC85_2.jpg,ROUND,BROWN,10,ROUND_BROWN,162,0,0,1,0,0,0,0,0,0,0,0,0,00456-0460-01
51991-0474-28_RXNAVIMAGE10_BD405E92_1.jpg,ROUND,WHITE,10,ROUND_WHITE,174,0,0,0,0,0,0,0,0,0,0,1,0,51991-0474-28
51991-0474-28_RXNAVIMAGE10_BD405E92_2.jpg,ROUND,WHITE,10,ROUND_WHITE,174,0,0,0,0,0,0,0,0,0,0,1,0,51991-0474-28
16729-0021-16_RXNAVIMAGE10_60413019_1.jpg,ROUND,WHITE,10,ROUND_WHITE,174,0,0,0,0,0,0,0,0,0,0,1,0,16729-0021-16
16729-0021-16_RXNAVIMAGE10_60413019_2.jpg,ROUND,WHITE,10,ROUND_WHITE,174,0,0,0,0,0,0,0,0,0,0,1,0,16729-0021-16
54505-0333-10_RXNAVIMAGE10_4740A3A5_1.jpg,ROUND,WHITE,10,ROUND_WHITE,174,0,0,0,0,0,0,0,0,0,0,1,0,54505-0333-10
54505-0333-10_RXNAVIMAGE10_4740A3A5_2.jpg,ROUND,WHITE,10,ROUND_WHITE,174,0,0,0,0,0,0,0,0,0,0,1,0,54505-0333-10
00143-1227-01_RXNAVIMAGE10_C123608B_1.jpg,ROUND,BLUE,10,ROUND_BLUE,160,0,1,0,0,0,0,0,0,0,0,0,0,00143-1227-01
00143-1227-01_RXNAVIMAGE10_C123608B_2.jpg,ROUND,BLUE,10,ROUND_BLUE,160,0,1,0,0,0,0,0,0,0,0,0,0,00143-1227-01
62037-0830-10_RXNAVIMAGE10_7512BA95_1.jpg,OVAL,WHITE,7,OVAL_WHITE,139,0,0,0,0,0,0,0,0,0,0,1,0,62037-0830-10
62037-0830-10_RXNAVIMAGE10_7512BA95_2.jpg,OVAL,WHITE,7,OVAL_WHITE,139,0,0,0,0,0,0,0,0,0,0,1,0,62037-0830-10
67767-0133-60_RXNAVIMAGE10_26269354_1.jpg,ROUND,YELLOW,10,ROUND_YELLOW,178,0,0,0,0,0,0,0,0,0,0,0,1,67767-0133-60
67767-0133-60_RXNAVIMAGE10_26269354_2.jpg,ROUND,YELLOW,10,ROUND_YELLOW,178,0,0,0,0,0,0,0,0,0,0,0,1,67767-0133-60
59762-5023-01_RXNAVIMAGE10_9123C89E_1.jpg,OVAL,WHITE,7,OVAL_WHITE,139,0,0,0,0,0,0,0,0,0,0,1,0,59762-5023-01
59762-5023-01_RXNAVIMAGE10_9123C89E_2.jpg,OVAL,WHITE,7,OVAL_WHITE,139,0,0,0,0,0,0,0,0,0,0,1,0,59762-5023-01
65862-0077-01_RXNAVIMAGE10_6408B265_1.jpg,OVAL,WHITE,7,OVAL_WHITE,139,0,0,0,0,0,0,0,0,0,0,1,0,65862-0077-01
65862-0077-01_RXNAVIMAGE10_6408B265_2.jpg,OVAL,WHITE,7,OVAL_WHITE,139,0,0,0,0,0,0,0,0,0,0,1,0,65862-0077-01
00093-5553-01_RXNAVIMAGE10_F043F86F_1.jpg,CAPSULE,WHITE,1,CAPSULE_WHITE,81,0,0,0,0,0,0,0,0,0,0,1,0,00093-5553-01
00093-5553-01_RXNAVIMAGE10_F043F86F_2.jpg,CAPSULE,WHITE,1,CAPSULE_WHITE,81,0,0,0,0,0,0,0,0,0,0,1,0,00093-5553-01
00378-0014-01_RXNAVIMAGE10_B944DC96_1.jpg,ROUND,ORANGE,10,ROUND_ORANGE,166,0,0,0,0,0,1,0,0,0,0,0,0,00378-0014-01
00378-0014-01_RXNAVIMAGE10_B944DC96_2.jpg,ROUND,ORANGE,10,ROUND_ORANGE,166,0,0,0,0,0,1,0,0,0,0,0,0,00378-0014-01
00173-0394-00_RXNAVIMAGE10_7D18BEB5_1.jpg,OVAL,WHITE,7,OVAL_WHITE,139,0,0,0,0,0,0,0,0,0,0,1,0,00173-0394-00
00173-0394-00_RXNAVIMAGE10_7D18BEB5_2.jpg,OVAL,WHITE,7,OVAL_WHITE,139,0,0,0,0,0,0,0,0,0,0,1,0,00173-0394-00
00006-0952-54_RXNAVIMAGE10_C51362FB_1.jpg,OVAL,WHITE,7,OVAL_WHITE,139,0,0,0,0,0,0,0,0,0,0,1,0,00006-0952-54
00006-0952-54_RXNAVIMAGE10_C51362FB_2.jpg,OVAL,WHITE,7,OVAL_WHITE,139,0,0,0,0,0,0,0,0,0,0,1,0,00006-0952-54
43547-0337-10_RXNAVIMAGE10_E739F3EF_1.jpg,ROUND,GRAY,10,ROUND_GRAY,163,0,0,0,1,0,0,0,0,0,0,0,0,43547-0337-10
43547-0337-10_RXNAVIMAGE10_E739F3EF_2.jpg,ROUND,GRAY,10,ROUND_GRAY,163,0,0,0,1,0,0,0,0,0,0,0,0,43547-0337-10
62037-0674-10_RXNAVIMAGE10_D108E8C7_1.jpg,ROUND,WHITE,10,ROUND_WHITE,174,0,0,0,0,0,0,0,0,0,0,1,0,62037-0674-10
62037-0674-10_RXNAVIMAGE10_D108E8C7_2.jpg,ROUND,WHITE,10,ROUND_WHITE,174,0,0,0,0,0,0,0,0,0,0,1,0,62037-0674-10
31722-0538-12_RXNAVIMAGE10_FB467D93_1.jpg,OVAL,ORANGE,7,OVAL_ORANGE,130,0,0,0,0,0,1,0,0,0,0,0,0,31722-0538-12
31722-0538-12_RXNAVIMAGE10_FB467D93_2.jpg,OVAL,ORANGE,7,OVAL_ORANGE,130,0,0,0,0,0,1,0,0,0,0,0,0,31722-0538-12
31722-0776-90_RXNAVIMAGE10_724EB925_1.jpg,ROUND,WHITE,10,ROUND_WHITE,174,0,0,0,0,0,0,0,0,0,0,1,0,31722-0776-90
31722-0776-90_RXNAVIMAGE10_724EB925_2.jpg,ROUND,WHITE,10,ROUND_WHITE,174,0,0,0,0,0,0,0,0,0,0,1,0,31722-0776-90
50111-0395-01_RXNAVIMAGE10_AF2F57DA_1.jpg,ROUND,WHITE,10,ROUND_WHITE,174,0,0,0,0,0,0,0,0,0,0,1,0,50111-0395-01
50111-0395-01_RXNAVIMAGE10_AF2F57DA_2.jpg,ROUND,WHITE,10,ROUND_WHITE,174,0,0,0,0,0,0,0,0,0,0,1,0,50111-0395-01
00555-0139-09_RXNAVIMAGE10_EE2B774B_1.jpg,ROUND,PINK,10,ROUND_PINK,168,0,0,0,0,0,0,1,0,0,0,0,0,00555-0139-09
00555-0139-09_RXNAVIMAGE10_EE2B774B_2.jpg,ROUND,PINK,10,ROUND_PINK,168,0,0,0,0,0,0,1,0,0,0,0,0,00555-0139-09
00603-2339-21_RXNAVIMAGE10_A512D296_1.jpg,ROUND,WHITE,10,ROUND_WHITE,174,0,0,0,0,0,0,0,0,0,0,1,0,00603-2339-21
00603-2339-21_RXNAVIMAGE10_A512D296_2.jpg,ROUND,WHITE,10,ROUND_WHITE,174,0,0,0,0,0,0,0,0,0,0,1,0,00603-2339-21
60846-0808-01_RXNAVIMAGE10_664DB32D_1.jpg,ROUND,BLUE,10,ROUND_BLUE,160,0,1,0,0,0,0,0,0,0,0,0,0,60846-0808-01
60846-0808-01_RXNAVIMAGE10_664DB32D_2.jpg,ROUND,BLUE,10,ROUND_BLUE,160,0,1,0,0,0,0,0,0,0,0,0,0,60846-0808-01
62541-0303-30_RXNAVIMAGE10_D150E8A7_1.jpg,OVAL,YELLOW,7,OVAL_YELLOW,145,0,0,0,0,0,0,0,0,0,0,0,1,62541-0303-30
62541-0303-30_RXNAVIMAGE10_D150E8A7_2.jpg,OVAL,YELLOW,7,OVAL_YELLOW,145,0,0,0,0,0,0,0,0,0,0,0,1,62541-0303-30
29033-0019-12_RXNAVIMAGE10_3C489E14_1.jpg,CAPSULE,GREEN,1,CAPSULE_GREEN,32,0,0,0,0,1,0,0,0,0,0,0,0,29033-0019-12
29033-0019-12_RXNAVIMAGE10_3C489E14_2.jpg,CAPSULE,GREEN,1,CAPSULE_GREEN,32,0,0,0,0,1,0,0,0,0,0,0,0,29033-0019-12
62756-0430-88_RXNAVIMAGE10_ED4476C3_1.jpg,ROUND,WHITE,10,ROUND_WHITE,174,0,0,0,0,0,0,0,0,0,0,1,0,62756-0430-88
62756-0430-88_RXNAVIMAGE10_ED4476C3_2.jpg,ROUND,WHITE,10,ROUND_WHITE,174,0,0,0,0,0,0,0,0,0,0,1,0,62756-0430-88
68382-0020-01_RXNAVIMAGE10_FB127DA3_1.jpg,ROUND,ORANGE,10,ROUND_ORANGE,166,0,0,0,0,0,1,0,0,0,0,0,0,68382-0020-01
68382-0020-01_RXNAVIMAGE10_FB127DA3_2.jpg,ROUND,ORANGE,10,ROUND_ORANGE,166,0,0,0,0,0,1,0,0,0,0,0,0,68382-0020-01
00591-2464-01_RXNAVIMAGE10_FC397E2B_1.jpg,OVAL,WHITE,7,OVAL_WHITE,139,0,0,0,0,0,0,0,0,0,0,1,0,00591-2464-01
00591-2464-01_RXNAVIMAGE10_FC397E2B_2.jpg,OVAL,WHITE,7,OVAL_WHITE,139,0,0,0,0,0,0,0,0,0,0,1,0,00591-2464-01
55111-0343-30_RXNAVIMAGE10_4826A465_1.jpg,ROUND,PINK,10,ROUND_PINK,168,0,0,0,0,0,0,1,0,0,0,0,0,55111-0343-30
55111-0343-30_RXNAVIMAGE10_4826A465_2.jpg,ROUND,PINK,10,ROUND_PINK,168,0,0,0,0,0,0,1,0,0,0,0,0,55111-0343-30
00378-3951-05_RXNAVIMAGE10_553AAAE5_1.jpg,OVAL,WHITE,7,OVAL_WHITE,139,0,0,0,0,0,0,0,0,0,0,1,0,00378-3951-05
00378-3951-05_RXNAVIMAGE10_553AAAE5_2.jpg,OVAL,WHITE,7,OVAL_WHITE,139,0,0,0,0,0,0,0,0,0,0,1,0,00378-3951-05
65862-0573-90_RXNAVIMAGE10_254312B8_1.jpg,OVAL,GRAY,7,OVAL_GRAY,127,0,0,0,1,0,0,0,0,0,0,0,0,65862-0573-90
65862-0573-90_RXNAVIMAGE10_254312B8_2.jpg,OVAL,GRAY,7,OVAL_GRAY,127,0,0,0,1,0,0,0,0,0,0,0,0,65862-0573-90
65162-0766-11_RXNAVIMAGE10_DE3E6F63_1.jpg,OVAL,ORANGE,7,OVAL_ORANGE,130,0,0,0,0,0,1,0,0,0,0,0,0,65162-0766-11
65162-0766-11_RXNAVIMAGE10_DE3E6F63_2.jpg,OVAL,ORANGE,7,OVAL_ORANGE,130,0,0,0,0,0,1,0,0,0,0,0,0,65162-0766-11
51285-0120-58_RXNAVIMAGE10_7143B8DD_1.jpg,ROUND,YELLOW,10,ROUND_YELLOW,178,0,0,0,0,0,0,0,0,0,0,0,1,51285-0120-58
51285-0120-58_RXNAVIMAGE10_7143B8DD_2.jpg,ROUND,YELLOW,10,ROUND_YELLOW,178,0,0,0,0,0,0,0,0,0,0,0,1,51285-0120-58
29300-0135-05_RXNAVIMAGE10_B048D836_1.jpg,OVAL,WHITE,7,OVAL_WHITE,139,0,0,0,0,0,0,0,0,0,0,1,0,29300-0135-05
29300-0135-05_RXNAVIMAGE10_B048D836_2.jpg,OVAL,WHITE,7,OVAL_WHITE,139,0,0,0,0,0,0,0,0,0,0,1,0,29300-0135-05
50419-0409-01_RXNAVIMAGE10_AF1957BA_1.jpg,ROUND,RED,10,ROUND_RED,172,0,0,0,0,0,0,0,0,1,0,0,0,50419-0409-01
50419-0409-01_RXNAVIMAGE10_AF1957BA_2.jpg,ROUND,RED,10,ROUND_RED,172,0,0,0,0,0,0,0,0,1,0,0,0,50419-0409-01
55111-0639-60_RXNAVIMAGE10_DA3BED0F_1.jpg,ROUND,GRAY,10,ROUND_GRAY,163,0,0,0,1,0,0,0,0,0,0,0,0,55111-0639-60
55111-0639-60_RXNAVIMAGE10_DA3BED0F_2.jpg,ROUND,GRAY,10,ROUND_GRAY,163,0,0,0,1,0,0,0,0,0,0,0,0,55111-0639-60
52544-0936-28_RXNAVIMAGE10_F944FCD7_1.jpg,ROUND,ORANGE,10,ROUND_ORANGE,166,0,0,0,0,0,1,0,0,0,0,0,0,52544-0936-28
52544-0936-28_RXNAVIMAGE10_F944FCD7_2.jpg,ROUND,ORANGE,10,ROUND_ORANGE,166,0,0,0,0,0,1,0,0,0,0,0,0,52544-0936-28
00603-7610-01_RXNAVIMAGE10_274B13B8_1.jpg,ROUND,WHITE,10,ROUND_WHITE,174,0,0,0,0,0,0,0,0,0,0,1,0,00603-7610-01
00603-7610-01_RXNAVIMAGE10_274B13B8_2.jpg,ROUND,WHITE,10,ROUND_WHITE,174,0,0,0,0,0,0,0,0,0,0,1,0,00603-7610-01
68462-0330-90_RXNAVIMAGE10_F4497A6B_1.jpg,ROUND,WHITE,10,ROUND_WHITE,174,0,0,0,0,0,0,0,0,0,0,1,0,68462-0330-90
68462-0330-90_RXNAVIMAGE10_F4497A6B_2.jpg,ROUND,WHITE,10,ROUND_WHITE,174,0,0,0,0,0,0,0,0,0,0,1,0,68462-0330-90
51079-0563-20_RXNAVIMAGE10_CB32E5F7_1.jpg,ROUND,ORANGE,10,ROUND_ORANGE,166,0,0,0,0,0,1,0,0,0,0,0,0,51079-0563-20
51079-0563-20_RXNAVIMAGE10_CB32E5F7_2.jpg,ROUND,ORANGE,10,ROUND_ORANGE,166,0,0,0,0,0,1,0,0,0,0,0,0,51079-0563-20
67253-0382-10_RXNAVIMAGE10_5E3EAF55_1.jpg,OVAL,ORANGE,7,OVAL_ORANGE,130,0,0,0,0,0,1,0,0,0,0,0,0,67253-0382-10
67253-0382-10_RXNAVIMAGE10_5E3EAF55_2.jpg,OVAL,ORANGE,7,OVAL_ORANGE,130,0,0,0,0,0,1,0,0,0,0,0,0,67253-0382-10
00093-7338-01_RXNAVIMAGE10_642D3229_1.jpg,CAPSULE,"BROWN, WHITE",1,"CAPSULE_BROWN, WHITE",20,0,0,1,0,0,0,0,0,0,0,1,0,00093-7338-01
00093-7338-01_RXNAVIMAGE10_642D3229_2.jpg,CAPSULE,"BROWN, WHITE",1,"CAPSULE_BROWN, WHITE",20,0,0,1,0,0,0,0,0,0,0,1,0,00093-7338-01
49702-0209-24_RXNAVIMAGE10_131909B8_1.jpg,OVAL,WHITE,7,OVAL_WHITE,139,0,0,0,0,0,0,0,0,0,0,1,0,49702-0209-24
49702-0209-24_RXNAVIMAGE10_131909B8_2.jpg,OVAL,WHITE,7,OVAL_WHITE,139,0,0,0,0,0,0,0,0,0,0,1,0,49702-0209-24
00093-7581-56_RXNAVIMAGE10_AA42D566_1.jpg,ROUND,YELLOW,10,ROUND_YELLOW,178,0,0,0,0,0,0,0,0,0,0,0,1,00093-7581-56
00093-7581-56_RXNAVIMAGE10_AA42D566_2.jpg,ROUND,YELLOW,10,ROUND_YELLOW,178,0,0,0,0,0,0,0,0,0,0,0,1,00093-7581-56
00172-4097-60_RXNAVIMAGE10_7B26BDE5_1.jpg,ROUND,WHITE,10,ROUND_WHITE,174,0,0,0,0,0,0,0,0,0,0,1,0,00172-4097-60
00172-4097-60_RXNAVIMAGE10_7B26BDE5_2.jpg,ROUND,WHITE,10,ROUND_WHITE,174,0,0,0,0,0,0,0,0,0,0,1,0,00172-4097-60
27437-0110-06_RXNAVIMAGE10_774ABB95_1.jpg,CAPSULE,"GREEN, WHITE",1,"CAPSULE_GREEN, WHITE",42,0,0,0,0,1,0,0,0,0,0,1,0,27437-0110-06
27437-0110-06_RXNAVIMAGE10_774ABB95_2.jpg,CAPSULE,"GREEN, WHITE",1,"CAPSULE_GREEN, WHITE",42,0,0,0,0,1,0,0,0,0,0,1,0,27437-0110-06
00904-3365-61_RXNAVIMAGE10_0E328774_1.jpg,ROUND,WHITE,10,ROUND_WHITE,174,0,0,0,0,0,0,0,0,0,0,1,0,00904-3365-61
00904-3365-61_RXNAVIMAGE10_0E328774_2.jpg,ROUND,WHITE,10,ROUND_WHITE,174,0,0,0,0,0,0,0,0,0,0,1,0,00904-3365-61
52544-0959-28_RXNAVIMAGE10_CA3AE507_1.jpg,ROUND,BLUE,10,ROUND_BLUE,160,0,1,0,0,0,0,0,0,0,0,0,0,52544-0959-28
52544-0959-28_RXNAVIMAGE10_CA3AE507_2.jpg,ROUND,BLUE,10,ROUND_BLUE,160,0,1,0,0,0,0,0,0,0,0,0,0,52544-0959-28
00591-3249-30_RXNAVIMAGE10_321D994C_1.jpg,OVAL,BLUE,7,OVAL_BLUE,123,0,1,0,0,0,0,0,0,0,0,0,0,00591-3249-30
00591-3249-30_RXNAVIMAGE10_321D994C_2.jpg,OVAL,BLUE,7,OVAL_BLUE,123,0,1,0,0,0,0,0,0,0,0,0,0,00591-3249-30
63459-0506-30_RXNAVIMAGE10_8941C4CE_1.jpg,BULLET,WHITE,0,BULLET_WHITE,0,0,0,0,0,0,0,0,0,0,0,1,0,63459-0506-30
63459-0506-30_RXNAVIMAGE10_8941C4CE_2.jpg,BULLET,WHITE,0,BULLET_WHITE,0,0,0,0,0,0,0,0,0,0,0,1,0,63459-0506-30
00078-0354-05_RXNAVIMAGE10_37091BF8_1.jpg,ROUND,YELLOW,10,ROUND_YELLOW,178,0,0,0,0,0,0,0,0,0,0,0,1,00078-0354-05
00078-0354-05_RXNAVIMAGE10_37091BF8_2.jpg,ROUND,YELLOW,10,ROUND_YELLOW,178,0,0,0,0,0,0,0,0,0,0,0,1,00078-0354-05
00172-7312-46_RXNAVIMAGE10_972BCBDE_1.jpg,OVAL,BROWN,7,OVAL_BROWN,125,0,0,1,0,0,0,0,0,0,0,0,0,00172-7312-46
00172-7312-46_RXNAVIMAGE10_972BCBDE_2.jpg,OVAL,BROWN,7,OVAL_BROWN,125,0,0,1,0,0,0,0,0,0,0,0,0,00172-7312-46
63459-0220-30_RXNAVIMAGE10_D4386A53_1.jpg,RECTANGLE,WHITE,9,RECTANGLE_WHITE,159,0,0,0,0,0,0,0,0,0,0,1,0,63459-0220-30
63459-0220-30_RXNAVIMAGE10_D4386A53_2.jpg,RECTANGLE,WHITE,9,RECTANGLE_WHITE,159,0,0,0,0,0,0,0,0,0,0,1,0,63459-0220-30
00032-1212-01_RXNAVIMAGE10_1B038DFC_1.jpg,CAPSULE,BROWN,1,CAPSULE_BROWN,18,0,0,1,0,0,0,0,0,0,0,0,0,00032-1212-01
00032-1212-01_RXNAVIMAGE10_1B038DFC_2.jpg,CAPSULE,BROWN,1,CAPSULE_BROWN,18,0,0,1,0,0,0,0,0,0,0,0,0,00032-1212-01
00093-7693-56_RXNAVIMAGE10_9F43CF8E_1.jpg,ROUND,YELLOW,10,ROUND_YELLOW,178,0,0,0,0,0,0,0,0,0,0,0,1,00093-7693-56
00093-7693-56_RXNAVIMAGE10_9F43CF8E_2.jpg,ROUND,YELLOW,10,ROUND_YELLOW,178,0,0,0,0,0,0,0,0,0,0,0,1,00093-7693-56
64727-3298-01_RXNAVIMAGE10_B908DC96_1.jpg,ROUND,YELLOW,10,ROUND_YELLOW,178,0,0,0,0,0,0,0,0,0,0,0,1,64727-3298-01
64727-3298-01_RXNAVIMAGE10_B908DC96_2.jpg,ROUND,YELLOW,10,ROUND_YELLOW,178,0,0,0,0,0,0,0,0,0,0,0,1,64727-3298-01
00173-0737-01_RXNAVIMAGE10_8E4FC75E_1.jpg,TRIANGLE,PINK,15,TRIANGLE_PINK,199,0,0,0,0,0,0,1,0,0,0,0,0,00173-0737-01
00173-0737-01_RXNAVIMAGE10_8E4FC75E_2.jpg,TRIANGLE,PINK,15,TRIANGLE_PINK,199,0,0,0,0,0,0,1,0,0,0,0,0,00173-0737-01
00603-2110-33_RXNAVIMAGE10_6445B25D_1.jpg,ROUND,WHITE,10,ROUND_WHITE,174,0,0,0,0,0,0,0,0,0,0,1,0,00603-2110-33
00603-2110-33_RXNAVIMAGE10_6445B25D_2.jpg,ROUND,WHITE,10,ROUND_WHITE,174,0,0,0,0,0,0,0,0,0,0,1,0,00603-2110-33
52544-0954-28_RXNAVIMAGE10_DA4B6D5B_1.jpg,ROUND,GREEN,10,ROUND_GREEN,164,0,0,0,0,1,0,0,0,0,0,0,0,52544-0954-28
52544-0954-28_RXNAVIMAGE10_DA4B6D5B_2.jpg,ROUND,GREEN,10,ROUND_GREEN,164,0,0,0,0,1,0,0,0,0,0,0,0,52544-0954-28
00093-8118-56_RXNAVIMAGE10_6B3635D1_1.jpg,ROUND,WHITE,10,ROUND_WHITE,174,0,0,0,0,0,0,0,0,0,0,1,0,00093-8118-56
00093-8118-56_RXNAVIMAGE10_6B3635D1_2.jpg,ROUND,WHITE,10,ROUND_WHITE,174,0,0,0,0,0,0,0,0,0,0,1,0,00093-8118-56
68462-0179-01_RXNAVIMAGE10_C108E0E7_1.jpg,OVAL,BLUE,7,OVAL_BLUE,123,0,1,0,0,0,0,0,0,0,0,0,0,68462-0179-01
68462-0179-01_RXNAVIMAGE10_C108E0E7_2.jpg,OVAL,BLUE,7,OVAL_BLUE,123,0,1,0,0,0,0,0,0,0,0,0,0,68462-0179-01
00378-1811-01_RXNAVIMAGE10_5123A8BD_1.jpg,OVAL,PURPLE,7,OVAL_PURPLE,135,0,0,0,0,0,0,0,1,0,0,0,0,00378-1811-01
00378-1811-01_RXNAVIMAGE10_5123A8BD_2.jpg,OVAL,PURPLE,7,OVAL_PURPLE,135,0,0,0,0,0,0,0,1,0,0,0,0,00378-1811-01
00093-5539-01_RXNAVIMAGE10_8142C0F6_1.jpg,ROUND,BLUE,10,ROUND_BLUE,160,0,1,0,0,0,0,0,0,0,0,0,0,00093-5539-01
00093-5539-01_RXNAVIMAGE10_8142C0F6_2.jpg,ROUND,BLUE,10,ROUND_BLUE,160,0,1,0,0,0,0,0,0,0,0,0,0,00093-5539-01
00555-0606-02_RXNAVIMAGE10_EC35760B_1.jpg,ROUND,WHITE,10,ROUND_WHITE,174,0,0,0,0,0,0,0,0,0,0,1,0,00555-0606-02
00555-0606-02_RXNAVIMAGE10_EC35760B_2.jpg,ROUND,WHITE,10,ROUND_WHITE,174,0,0,0,0,0,0,0,0,0,0,1,0,00555-0606-02
50458-0592-60_RXNAVIMAGE10_F4347A63_1.jpg,OVAL,WHITE,7,OVAL_WHITE,139,0,0,0,0,0,0,0,0,0,0,1,0,50458-0592-60
50458-0592-60_RXNAVIMAGE10_F4347A63_2.jpg,OVAL,WHITE,7,OVAL_WHITE,139,0,0,0,0,0,0,0,0,0,0,1,0,50458-0592-60
00085-1264-01_RXNAVIMAGE10_CC07E63F_1.jpg,ROUND,BLUE,10,ROUND_BLUE,160,0,1,0,0,0,0,0,0,0,0,0,0,00085-1264-01
00085-1264-01_RXNAVIMAGE10_CC07E63F_2.jpg,ROUND,BLUE,10,ROUND_BLUE,160,0,1,0,0,0,0,0,0,0,0,0,0,00085-1264-01
42806-0058-01_RXNAVIMAGE10_A14A50E2_1.jpg,ROUND,WHITE,10,ROUND_WHITE,174,0,0,0,0,0,0,0,0,0,0,1,0,42806-0058-01
42806-0058-01_RXNAVIMAGE10_A14A50E2_2.jpg,ROUND,WHITE,10,ROUND_WHITE,174,0,0,0,0,0,0,0,0,0,0,1,0,42806-0058-01
16714-0406-01_RXNAVIMAGE10_0A500530_1.jpg,ROUND,BROWN,10,ROUND_BROWN,162,0,0,1,0,0,0,0,0,0,0,0,0,16714-0406-01
16714-0406-01_RXNAVIMAGE10_0A500530_2.jpg,ROUND,BROWN,10,ROUND_BROWN,162,0,0,1,0,0,0,0,0,0,0,0,0,16714-0406-01
50111-0471-01_RXNAVIMAGE10_18300C00_1.jpg,ROUND,YELLOW,10,ROUND_YELLOW,178,0,0,0,0,0,0,0,0,0,0,0,1,50111-0471-01
50111-0471-01_RXNAVIMAGE10_18300C00_2.jpg,ROUND,YELLOW,10,ROUND_YELLOW,178,0,0,0,0,0,0,0,0,0,0,0,1,50111-0471-01
00093-7202-98_RXNAVIMAGE10_6323B1ED_1.jpg,ROUND,GREEN,10,ROUND_GREEN,164,0,0,0,0,1,0,0,0,0,0,0,0,00093-7202-98
00093-7202-98_RXNAVIMAGE10_6323B1ED_2.jpg,ROUND,GREEN,10,ROUND_GREEN,164,0,0,0,0,1,0,0,0,0,0,0,0,00093-7202-98
00037-2250-10_RXNAVIMAGE10_BD1D5EFA_1.jpg,ROUND,WHITE,10,ROUND_WHITE,174,0,0,0,0,0,0,0,0,0,0,1,0,00037-2250-10
00037-2250-10_RXNAVIMAGE10_BD1D5EFA_2.jpg,ROUND,WHITE,10,ROUND_WHITE,174,0,0,0,0,0,0,0,0,0,0,1,0,00037-2250-10
68462-0147-01_RXNAVIMAGE10_6D3536D9_1.jpg,ROUND,WHITE,10,ROUND_WHITE,174,0,0,0,0,0,0,0,0,0,0,1,0,68462-0147-01
68462-0147-01_RXNAVIMAGE10_6D3536D9_2.jpg,ROUND,WHITE,10,ROUND_WHITE,174,0,0,0,0,0,0,0,0,0,0,1,0,68462-0147-01
65162-0347-58_RXNAVIMAGE10_3A501D60_1.jpg,ROUND,YELLOW,10,ROUND_YELLOW,178,0,0,0,0,0,0,0,0,0,0,0,1,65162-0347-58
65162-0347-58_RXNAVIMAGE10_3A501D60_2.jpg,ROUND,YELLOW,10,ROUND_YELLOW,178,0,0,0,0,0,0,0,0,0,0,0,1,65162-0347-58
00378-4162-01_RXNAVIMAGE10_A84ED456_1.jpg,ROUND,BROWN,10,ROUND_BROWN,162,0,0,1,0,0,0,0,0,0,0,0,0,00378-4162-01
00378-4162-01_RXNAVIMAGE10_A84ED456_2.jpg,ROUND,BROWN,10,ROUND_BROWN,162,0,0,1,0,0,0,0,0,0,0,0,0,00378-4162-01
00378-4022-01_RXNAVIMAGE10_9D404EA2_1.jpg,ROUND,PINK,10,ROUND_PINK,168,0,0,0,0,0,0,1,0,0,0,0,0,00378-4022-01
00378-4022-01_RXNAVIMAGE10_9D404EA2_2.jpg,ROUND,PINK,10,ROUND_PINK,168,0,0,0,0,0,0,1,0,0,0,0,0,00378-4022-01
51672-4005-02_RXNAVIMAGE10_56062B11_1.jpg,ROUND,WHITE,10,ROUND_WHITE,174,0,0,0,0,0,0,0,0,0,0,1,0,51672-4005-02
51672-4005-02_RXNAVIMAGE10_56062B11_2.jpg,ROUND,WHITE,10,ROUND_WHITE,174,0,0,0,0,0,0,0,0,0,0,1,0,51672-4005-02
00093-5208-01_RXNAVIMAGE10_7C2BBE2D_1.jpg,ROUND,WHITE,10,ROUND_WHITE,174,0,0,0,0,0,0,0,0,0,0,1,0,00093-5208-01
00093-5208-01_RXNAVIMAGE10_7C2BBE2D_2.jpg,ROUND,WHITE,10,ROUND_WHITE,174,0,0,0,0,0,0,0,0,0,0,1,0,00093-5208-01
52544-0953-28_RXNAVIMAGE10_294D14B8_1.jpg,ROUND,ORANGE,10,ROUND_ORANGE,166,0,0,0,0,0,1,0,0,0,0,0,0,52544-0953-28
52544-0953-28_RXNAVIMAGE10_294D14B8_2.jpg,ROUND,ORANGE,10,ROUND_ORANGE,166,0,0,0,0,0,1,0,0,0,0,0,0,52544-0953-28
55111-0126-01_RXNAVIMAGE10_F23FF92F_1.jpg,OVAL,WHITE,7,OVAL_WHITE,139,0,0,0,0,0,0,0,0,0,0,1,0,55111-0126-01
55111-0126-01_RXNAVIMAGE10_F23FF92F_2.jpg,OVAL,WHITE,7,OVAL_WHITE,139,0,0,0,0,0,0,0,0,0,0,1,0,55111-0126-01
00591-5442-01_RXNAVIMAGE10_BA205D42_1.jpg,ROUND,WHITE,10,ROUND_WHITE,174,0,0,0,0,0,0,0,0,0,0,1,0,00591-5442-01
00591-5442-01_RXNAVIMAGE10_BA205D42_2.jpg,ROUND,WHITE,10,ROUND_WHITE,174,0,0,0,0,0,0,0,0,0,0,1,0,00591-5442-01
68382-0080-01_RXNAVIMAGE10_8407C20E_1.jpg,OVAL,GREEN,7,OVAL_GREEN,129,0,0,0,0,1,0,0,0,0,0,0,0,68382-0080-01
68382-0080-01_RXNAVIMAGE10_8407C20E_2.jpg,OVAL,GREEN,7,OVAL_GREEN,129,0,0,0,0,1,0,0,0,0,0,0,0,68382-0080-01
13668-0280-60_RXNAVIMAGE10_7D413EB9_1.jpg,OVAL,WHITE,7,OVAL_WHITE,139,0,0,0,0,0,0,0,0,0,0,1,0,13668-0280-60
13668-0280-60_RXNAVIMAGE10_7D413EB9_2.jpg,OVAL,WHITE,7,OVAL_WHITE,139,0,0,0,0,0,0,0,0,0,0,1,0,13668-0280-60
33342-0060-10_RXNAVIMAGE10_E8447453_1.jpg,ROUND,PINK,10,ROUND_PINK,168,0,0,0,0,0,0,1,0,0,0,0,0,33342-0060-10
33342-0060-10_RXNAVIMAGE10_E8447453_2.jpg,ROUND,PINK,10,ROUND_PINK,168,0,0,0,0,0,0,1,0,0,0,0,0,33342-0060-10
62037-0956-10_RXNAVIMAGE10_AB05D59E_1.jpg,ROUND,WHITE,10,ROUND_WHITE,174,0,0,0,0,0,0,0,0,0,0,1,0,62037-0956-10
62037-0956-10_RXNAVIMAGE10_AB05D59E_2.jpg,ROUND,WHITE,10,ROUND_WHITE,174,0,0,0,0,0,0,0,0,0,0,1,0,62037-0956-10
55111-0198-30_RXNAVIMAGE10_E022F067_1.jpg,ROUND,BROWN,10,ROUND_BROWN,162,0,0,1,0,0,0,0,0,0,0,0,0,55111-0198-30
55111-0198-30_RXNAVIMAGE10_E022F067_2.jpg,ROUND,BROWN,10,ROUND_BROWN,162,0,0,1,0,0,0,0,0,0,0,0,0,55111-0198-30
33342-0032-10_RXNAVIMAGE10_8D4146CA_1.jpg,OVAL,WHITE,7,OVAL_WHITE,139,0,0,0,0,0,0,0,0,0,0,1,0,33342-0032-10
33342-0032-10_RXNAVIMAGE10_8D4146CA_2.jpg,OVAL,WHITE,7,OVAL_WHITE,139,0,0,0,0,0,0,0,0,0,0,1,0,33342-0032-10
00832-1024-00_RXNAVIMAGE10_6E233779_1.jpg,ROUND,WHITE,10,ROUND_WHITE,174,0,0,0,0,0,0,0,0,0,0,1,0,00832-1024-00
00832-1024-00_RXNAVIMAGE10_6E233779_2.jpg,ROUND,WHITE,10,ROUND_WHITE,174,0,0,0,0,0,0,0,0,0,0,1,0,00832-1024-00
55111-0154-30_RXNAVIMAGE10_32411938_1.jpg,ROUND,YELLOW,10,ROUND_YELLOW,178,0,0,0,0,0,0,0,0,0,0,0,1,55111-0154-30
55111-0154-30_RXNAVIMAGE10_32411938_2.jpg,ROUND,YELLOW,10,ROUND_YELLOW,178,0,0,0,0,0,0,0,0,0,0,0,1,55111-0154-30
55111-0190-60_RXNAVIMAGE10_C847646B_1.jpg,OVAL,WHITE,7,OVAL_WHITE,139,0,0,0,0,0,0,0,0,0,0,1,0,55111-0190-60
55111-0190-60_RXNAVIMAGE10_C847646B_2.jpg,OVAL,WHITE,7,OVAL_WHITE,139,0,0,0,0,0,0,0,0,0,0,1,0,55111-0190-60
00378-6043-28_RXNAVIMAGE10_3E419F4C_1.jpg,ROUND,WHITE,10,ROUND_WHITE,174,0,0,0,0,0,0,0,0,0,0,1,0,00378-6043-28
00378-6043-28_RXNAVIMAGE10_3E419F4C_2.jpg,ROUND,WHITE,10,ROUND_WHITE,174,0,0,0,0,0,0,0,0,0,0,1,0,00378-6043-28
50111-0901-01_RXNAVIMAGE10_8B3245D2_1.jpg,OVAL,ORANGE,7,OVAL_ORANGE,130,0,0,0,0,0,1,0,0,0,0,0,0,50111-0901-01
50111-0901-01_RXNAVIMAGE10_8B3245D2_2.jpg,OVAL,ORANGE,7,OVAL_ORANGE,130,0,0,0,0,0,1,0,0,0,0,0,0,50111-0901-01
00093-7364-98_RXNAVIMAGE10_28089404_1.jpg,OVAL,GREEN,7,OVAL_GREEN,129,0,0,0,0,1,0,0,0,0,0,0,0,00093-7364-98
00093-7364-98_RXNAVIMAGE10_28089404_2.jpg,OVAL,GREEN,7,OVAL_GREEN,129,0,0,0,0,1,0,0,0,0,0,0,0,00093-7364-98
10702-0007-10_RXNAVIMAGE10_E0447003_1.jpg,ROUND,YELLOW,10,ROUND_YELLOW,178,0,0,0,0,0,0,0,0,0,0,0,1,10702-0007-10
10702-0007-10_RXNAVIMAGE10_E0447003_2.jpg,ROUND,YELLOW,10,ROUND_YELLOW,178,0,0,0,0,0,0,0,0,0,0,0,1,10702-0007-10
00085-4324-02_RXNAVIMAGE10_24411278_1.jpg,OVAL,YELLOW,7,OVAL_YELLOW,145,0,0,0,0,0,0,0,0,0,0,0,1,00085-4324-02
00085-4324-02_RXNAVIMAGE10_24411278_2.jpg,OVAL,YELLOW,7,OVAL_YELLOW,145,0,0,0,0,0,0,0,0,0,0,0,1,00085-4324-02
00555-1020-01_RXNAVIMAGE10_D02B687B_1.jpg,CAPSULE,BROWN,1,CAPSULE_BROWN,18,0,0,1,0,0,0,0,0,0,0,0,0,00555-1020-01
00555-1020-01_RXNAVIMAGE10_D02B687B_2.jpg,CAPSULE,BROWN,1,CAPSULE_BROWN,18,0,0,1,0,0,0,0,0,0,0,0,0,00555-1020-01
42799-0806-01_RXNAVIMAGE10_04460200_1.jpg,ROUND,WHITE,10,ROUND_WHITE,174,0,0,0,0,0,0,0,0,0,0,1,0,42799-0806-01
42799-0806-01_RXNAVIMAGE10_04460200_2.jpg,ROUND,WHITE,10,ROUND_WHITE,174,0,0,0,0,0,0,0,0,0,0,1,0,42799-0806-01
69097-0857-05_RXNAVIMAGE10_BC4FDE0E_1.jpg,ROUND,WHITE,10,ROUND_WHITE,174,0,0,0,0,0,0,0,0,0,0,1,0,69097-0857-05
69097-0857-05_RXNAVIMAGE10_BC4FDE0E_2.jpg,ROUND,WHITE,10,ROUND_WHITE,174,0,0,0,0,0,0,0,0,0,0,1,0,69097-0857-05
00049-3980-60_RXNAVIMAGE10_39159C9C_1.jpg,CAPSULE,WHITE,1,CAPSULE_WHITE,81,0,0,0,0,0,0,0,0,0,0,1,0,00049-3980-60
00049-3980-60_RXNAVIMAGE10_39159C9C_2.jpg,CAPSULE,WHITE,1,CAPSULE_WHITE,81,0,0,0,0,0,0,0,0,0,0,1,0,00049-3980-60
00093-7370-01_RXNAVIMAGE10_C419623B_1.jpg,CAPSULE,WHITE,1,CAPSULE_WHITE,81,0,0,0,0,0,0,0,0,0,0,1,0,00093-7370-01
00093-7370-01_RXNAVIMAGE10_C419623B_2.jpg,CAPSULE,WHITE,1,CAPSULE_WHITE,81,0,0,0,0,0,0,0,0,0,0,1,0,00093-7370-01
00054-0254-22_RXNAVIMAGE10_463BA32D_1.jpg,ROUND,RED,10,ROUND_RED,172,0,0,0,0,0,0,0,0,1,0,0,0,00054-0254-22
00054-0254-22_RXNAVIMAGE10_463BA32D_2.jpg,ROUND,RED,10,ROUND_RED,172,0,0,0,0,0,0,0,0,1,0,0,0,00054-0254-22
00009-7663-04_RXNAVIMAGE10_FD12FEA7_1.jpg,ROUND,WHITE,10,ROUND_WHITE,174,0,0,0,0,0,0,0,0,0,0,1,0,00009-7663-04
00009-7663-04_RXNAVIMAGE10_FD12FEA7_2.jpg,ROUND,WHITE,10,ROUND_WHITE,174,0,0,0,0,0,0,0,0,0,0,1,0,00009-7663-04
69543-0107-10_RXNAVIMAGE10_934DC9DE_1.jpg,ROUND,BLUE,10,ROUND_BLUE,160,0,1,0,0,0,0,0,0,0,0,0,0,69543-0107-10
69543-0107-10_RXNAVIMAGE10_934DC9DE_2.jpg,ROUND,BLUE,10,ROUND_BLUE,160,0,1,0,0,0,0,0,0,0,0,0,0,69543-0107-10
43547-0331-09_RXNAVIMAGE10_5D4B2E89_1.jpg,OVAL,PINK,7,OVAL_PINK,133,0,0,0,0,0,0,1,0,0,0,0,0,43547-0331-09
43547-0331-09_RXNAVIMAGE10_5D4B2E89_2.jpg,OVAL,PINK,7,OVAL_PINK,133,0,0,0,0,0,0,1,0,0,0,0,0,43547-0331-09
00093-7373-01_RXNAVIMAGE10_031B81CC_1.jpg,CAPSULE,BLUE,1,CAPSULE_BLUE,7,0,1,0,0,0,0,0,0,0,0,0,0,00093-7373-01
00093-7373-01_RXNAVIMAGE10_031B81CC_2.jpg,CAPSULE,BLUE,1,CAPSULE_BLUE,7,0,1,0,0,0,0,0,0,0,0,0,0,00093-7373-01
00006-0577-61_RXNAVIMAGE10_1C160E30_1.jpg,OVAL,RED,7,OVAL_RED,137,0,0,0,0,0,0,0,0,1,0,0,0,00006-0577-61
00006-0577-61_RXNAVIMAGE10_1C160E30_2.jpg,OVAL,RED,7,OVAL_RED,137,0,0,0,0,0,0,0,0,1,0,0,0,00006-0577-61
00832-1015-00_RXNAVIMAGE10_EF3977CB_1.jpg,OVAL,YELLOW,7,OVAL_YELLOW,145,0,0,0,0,0,0,0,0,0,0,0,1,00832-1015-00
00832-1015-00_RXNAVIMAGE10_EF3977CB_2.jpg,OVAL,YELLOW,7,OVAL_YELLOW,145,0,0,0,0,0,0,0,0,0,0,0,1,00832-1015-00
31722-0238-10_RXNAVIMAGE10_E4047243_1.jpg,ROUND,WHITE,10,ROUND_WHITE,174,0,0,0,0,0,0,0,0,0,0,1,0,31722-0238-10
31722-0238-10_RXNAVIMAGE10_E4047243_2.jpg,ROUND,WHITE,10,ROUND_WHITE,174,0,0,0,0,0,0,0,0,0,0,1,0,31722-0238-10
68462-0406-10_RXNAVIMAGE10_2E3B1778_1.jpg,CAPSULE,GREEN,1,CAPSULE_GREEN,32,0,0,0,0,1,0,0,0,0,0,0,0,68462-0406-10
68462-0406-10_RXNAVIMAGE10_2E3B1778_2.jpg,CAPSULE,GREEN,1,CAPSULE_GREEN,32,0,0,0,0,1,0,0,0,0,0,0,0,68462-0406-10
29033-0013-01_RXNAVIMAGE10_57412BC9_1.jpg,CAPSULE,RED,1,CAPSULE_RED,69,0,0,0,0,0,0,0,0,1,0,0,0,29033-0013-01
29033-0013-01_RXNAVIMAGE10_57412BC9_2.jpg,CAPSULE,RED,1,CAPSULE_RED,69,0,0,0,0,0,0,0,0,1,0,0,0,29033-0013-01
43386-0480-24_RXNAVIMAGE10_AC085622_1.jpg,ROUND,WHITE,10,ROUND_WHITE,174,0,0,0,0,0,0,0,0,0,0,1,0,43386-0480-24
43386-0480-24_RXNAVIMAGE10_AC085622_2.jpg,ROUND,WHITE,10,ROUND_WHITE,174,0,0,0,0,0,0,0,0,0,0,1,0,43386-0480-24
60505-2552-05_RXNAVIMAGE10_FE3DFF7F_1.jpg,OVAL,WHITE,7,OVAL_WHITE,139,0,0,0,0,0,0,0,0,0,0,1,0,60505-2552-05
60505-2552-05_RXNAVIMAGE10_FE3DFF7F_2.jpg,OVAL,WHITE,7,OVAL_WHITE,139,0,0,0,0,0,0,0,0,0,0,1,0,60505-2552-05
00093-0787-01_RXNAVIMAGE10_AE26D766_1.jpg,ROUND,WHITE,10,ROUND_WHITE,174,0,0,0,0,0,0,0,0,0,0,1,0,00093-0787-01
00093-0787-01_RXNAVIMAGE10_AE26D766_2.jpg,ROUND,WHITE,10,ROUND_WHITE,174,0,0,0,0,0,0,0,0,0,0,1,0,00093-0787-01
65862-0015-01_RXNAVIMAGE10_8A3FC56E_1.jpg,OVAL,PINK,7,OVAL_PINK,133,0,0,0,0,0,0,1,0,0,0,0,0,65862-0015-01
65862-0015-01_RXNAVIMAGE10_8A3FC56E_2.jpg,OVAL,PINK,7,OVAL_PINK,133,0,0,0,0,0,0,1,0,0,0,0,0,65862-0015-01
00093-5771-56_RXNAVIMAGE10_B71B5B8A_1.jpg,OVAL,BLUE,7,OVAL_BLUE,123,0,1,0,0,0,0,0,0,0,0,0,0,00093-5771-56
00093-5771-56_RXNAVIMAGE10_B71B5B8A_2.jpg,OVAL,BLUE,7,OVAL_BLUE,123,0,1,0,0,0,0,0,0,0,0,0,0,00093-5771-56
51285-0092-87_RXNAVIMAGE10_C33061E3_1.jpg,ROUND,YELLOW,10,ROUND_YELLOW,178,0,0,0,0,0,0,0,0,0,0,0,1,51285-0092-87
51285-0092-87_RXNAVIMAGE10_C33061E3_2.jpg,ROUND,YELLOW,10,ROUND_YELLOW,178,0,0,0,0,0,0,0,0,0,0,0,1,51285-0092-87
00245-0271-11_RXNAVIMAGE10_283C9444_1.jpg,OVAL,WHITE,7,OVAL_WHITE,139,0,0,0,0,0,0,0,0,0,0,1,0,00245-0271-11
00245-0271-11_RXNAVIMAGE10_283C9444_2.jpg,OVAL,WHITE,7,OVAL_WHITE,139,0,0,0,0,0,0,0,0,0,0,1,0,00245-0271-11
00093-7212-01_RXNAVIMAGE10_9F23CF8E_1.jpg,OVAL,RED,7,OVAL_RED,137,0,0,0,0,0,0,0,0,1,0,0,0,00093-7212-01
00093-7212-01_RXNAVIMAGE10_9F23CF8E_2.jpg,OVAL,RED,7,OVAL_RED,137,0,0,0,0,0,0,0,0,1,0,0,0,00093-7212-01
31722-0778-01_RXNAVIMAGE10_474423E1_1.jpg,OVAL,BLUE,7,OVAL_BLUE,123,0,1,0,0,0,0,0,0,0,0,0,0,31722-0778-01
31722-0778-01_RXNAVIMAGE10_474423E1_2.jpg,OVAL,BLUE,7,OVAL_BLUE,123,0,1,0,0,0,0,0,0,0,0,0,0,31722-0778-01
00591-0460-10_RXNAVIMAGE10_3D079EFC_1.jpg,ROUND,WHITE,10,ROUND_WHITE,174,0,0,0,0,0,0,0,0,0,0,1,0,00591-0460-10
00591-0460-10_RXNAVIMAGE10_3D079EFC_2.jpg,ROUND,WHITE,10,ROUND_WHITE,174,0,0,0,0,0,0,0,0,0,0,1,0,00591-0460-10
00781-5987-01_RXNAVIMAGE10_7548BAF5_1.jpg,ROUND,PINK,10,ROUND_PINK,168,0,0,0,0,0,0,1,0,0,0,0,0,00781-5987-01
00781-5987-01_RXNAVIMAGE10_7548BAF5_2.jpg,ROUND,PINK,10,ROUND_PINK,168,0,0,0,0,0,0,1,0,0,0,0,0,00781-5987-01
53489-0156-10_RXNAVIMAGE10_FB517DBB_1.jpg,ROUND,WHITE,10,ROUND_WHITE,174,0,0,0,0,0,0,0,0,0,0,1,0,53489-0156-10
53489-0156-10_RXNAVIMAGE10_FB517DBB_2.jpg,ROUND,WHITE,10,ROUND_WHITE,174,0,0,0,0,0,0,0,0,0,0,1,0,53489-0156-10
65862-0585-01_RXNAVIMAGE10_9E51CF4E_1.jpg,CAPSULE,BLUE,1,CAPSULE_BLUE,7,0,1,0,0,0,0,0,0,0,0,0,0,65862-0585-01
65862-0585-01_RXNAVIMAGE10_9E51CF4E_2.jpg,CAPSULE,BLUE,1,CAPSULE_BLUE,7,0,1,0,0,0,0,0,0,0,0,0,0,65862-0585-01
43547-0332-50_RXNAVIMAGE10_424FA14D_1.jpg,OVAL,WHITE,7,OVAL_WHITE,139,0,0,0,0,0,0,0,0,0,0,1,0,43547-0332-50
43547-0332-50_RXNAVIMAGE10_424FA14D_2.jpg,OVAL,WHITE,7,OVAL_WHITE,139,0,0,0,0,0,0,0,0,0,0,1,0,43547-0332-50
51079-0147-20_RXNAVIMAGE10_C732E3E7_1.jpg,ROUND,BLUE,10,ROUND_BLUE,160,0,1,0,0,0,0,0,0,0,0,0,0,51079-0147-20
51079-0147-20_RXNAVIMAGE10_C732E3E7_2.jpg,ROUND,BLUE,10,ROUND_BLUE,160,0,1,0,0,0,0,0,0,0,0,0,0,51079-0147-20
00143-9927-01_RXNAVIMAGE10_813FC0EE_1.jpg,ROUND,WHITE,10,ROUND_WHITE,174,0,0,0,0,0,0,0,0,0,0,1,0,00143-9927-01
00143-9927-01_RXNAVIMAGE10_813FC0EE_2.jpg,ROUND,WHITE,10,ROUND_WHITE,174,0,0,0,0,0,0,0,0,0,0,1,0,00143-9927-01
00054-0108-29_RXNAVIMAGE10_B10ED8A6_1.jpg,CAPSULE,RED,1,CAPSULE_RED,69,0,0,0,0,0,0,0,0,1,0,0,0,00054-0108-29
00054-0108-29_RXNAVIMAGE10_B10ED8A6_2.jpg,CAPSULE,RED,1,CAPSULE_RED,69,0,0,0,0,0,0,0,0,1,0,0,0,00054-0108-29
51079-0960-20_RXNAVIMAGE10_9532CAC6_1.jpg,OVAL,WHITE,7,OVAL_WHITE,139,0,0,0,0,0,0,0,0,0,0,1,0,51079-0960-20
51079-0960-20_RXNAVIMAGE10_9532CAC6_2.jpg,OVAL,WHITE,7,OVAL_WHITE,139,0,0,0,0,0,0,0,0,0,0,1,0,51079-0960-20
00378-1175-91_RXNAVIMAGE10_3A041D20_1.jpg,OVAL,WHITE,7,OVAL_WHITE,139,0,0,0,0,0,0,0,0,0,0,1,0,00378-1175-91
00378-1175-91_RXNAVIMAGE10_3A041D20_2.jpg,OVAL,WHITE,7,OVAL_WHITE,139,0,0,0,0,0,0,0,0,0,0,1,0,00378-1175-91
23155-0058-10_RXNAVIMAGE10_983B4C2A_1.jpg,OVAL,BLUE,7,OVAL_BLUE,123,0,1,0,0,0,0,0,0,0,0,0,0,23155-0058-10
23155-0058-10_RXNAVIMAGE10_983B4C2A_2.jpg,OVAL,BLUE,7,OVAL_BLUE,123,0,1,0,0,0,0,0,0,0,0,0,0,23155-0058-10
42043-0190-04_RXNAVIMAGE10_6D1DB6BD_1.jpg,OVAL,YELLOW,7,OVAL_YELLOW,145,0,0,0,0,0,0,0,0,0,0,0,1,42043-0190-04
42043-0190-04_RXNAVIMAGE10_6D1DB6BD_2.jpg,OVAL,YELLOW,7,OVAL_YELLOW,145,0,0,0,0,0,0,0,0,0,0,0,1,42043-0190-04
00555-0792-02_RXNAVIMAGE10_D641EB0F_1.jpg,CAPSULE,"ORANGE, WHITE",1,"CAPSULE_ORANGE, WHITE",50,0,0,0,0,0,1,0,0,0,0,1,0,00555-0792-02
00555-0792-02_RXNAVIMAGE10_D641EB0F_2.jpg,CAPSULE,"ORANGE, WHITE",1,"CAPSULE_ORANGE, WHITE",50,0,0,0,0,0,1,0,0,0,0,1,0,00555-0792-02
00173-0177-55_RXNAVIMAGE10_7A18BD05_1.jpg,ROUND,YELLOW,10,ROUND_YELLOW,178,0,0,0,0,0,0,0,0,0,0,0,1,00173-0177-55
00173-0177-55_RXNAVIMAGE10_7A18BD05_2.jpg,ROUND,YELLOW,10,ROUND_YELLOW,178,0,0,0,0,0,0,0,0,0,0,0,1,00173-0177-55
55111-0279-50_RXNAVIMAGE10_033E01E0_1.jpg,OVAL,WHITE,7,OVAL_WHITE,139,0,0,0,0,0,0,0,0,0,0,1,0,55111-0279-50
55111-0279-50_RXNAVIMAGE10_033E01E0_2.jpg,OVAL,WHITE,7,OVAL_WHITE,139,0,0,0,0,0,0,0,0,0,0,1,0,55111-0279-50
00904-5186-60_RXNAVIMAGE10_78333C39_1.jpg,OVAL,WHITE,7,OVAL_WHITE,139,0,0,0,0,0,0,0,0,0,0,1,0,00904-5186-60
00904-5186-60_RXNAVIMAGE10_78333C39_2.jpg,OVAL,WHITE,7,OVAL_WHITE,139,0,0,0,0,0,0,0,0,0,0,1,0,00904-5186-60
00185-0615-01_RXNAVIMAGE10_4F34A795_1.jpg,CAPSULE,"GREEN, WHITE",1,"CAPSULE_GREEN, WHITE",42,0,0,0,0,1,0,0,0,0,0,1,0,00185-0615-01
00185-0615-01_RXNAVIMAGE10_4F34A795_2.jpg,CAPSULE,"GREEN, WHITE",1,"CAPSULE_GREEN, WHITE",42,0,0,0,0,1,0,0,0,0,0,1,0,00185-0615-01
31722-0280-60_RXNAVIMAGE10_171D8B9C_1.jpg,ROUND,YELLOW,10,ROUND_YELLOW,178,0,0,0,0,0,0,0,0,0,0,0,1,31722-0280-60
31722-0280-60_RXNAVIMAGE10_171D8B9C_2.jpg,ROUND,YELLOW,10,ROUND_YELLOW,178,0,0,0,0,0,0,0,0,0,0,0,1,31722-0280-60
16729-0003-01_RXNAVIMAGE10_EA407543_1.jpg,OVAL,BLUE,7,OVAL_BLUE,123,0,1,0,0,0,0,0,0,0,0,0,0,16729-0003-01
16729-0003-01_RXNAVIMAGE10_EA407543_2.jpg,OVAL,BLUE,7,OVAL_BLUE,123,0,1,0,0,0,0,0,0,0,0,0,0,16729-0003-01
31722-0200-90_RXNAVIMAGE10_173B8B8C_1.jpg,ROUND,WHITE,10,ROUND_WHITE,174,0,0,0,0,0,0,0,0,0,0,1,0,31722-0200-90
31722-0200-90_RXNAVIMAGE10_173B8B8C_2.jpg,ROUND,WHITE,10,ROUND_WHITE,174,0,0,0,0,0,0,0,0,0,0,1,0,31722-0200-90
00093-1136-56_RXNAVIMAGE10_6E383751_1.jpg,CAPSULE,"GREEN, YELLOW",1,"CAPSULE_GREEN, YELLOW",43,0,0,0,0,1,0,0,0,0,0,0,1,00093-1136-56
00093-1136-56_RXNAVIMAGE10_6E383751_2.jpg,CAPSULE,"GREEN, YELLOW",1,"CAPSULE_GREEN, YELLOW",43,0,0,0,0,1,0,0,0,0,0,0,1,00093-1136-56
00093-4233-01_RXNAVIMAGE10_322D1908_1.jpg,ROUND,YELLOW,10,ROUND_YELLOW,178,0,0,0,0,0,0,0,0,0,0,0,1,00093-4233-01
00093-4233-01_RXNAVIMAGE10_322D1908_2.jpg,ROUND,YELLOW,10,ROUND_YELLOW,178,0,0,0,0,0,0,0,0,0,0,0,1,00093-4233-01
59746-0246-10_RXNAVIMAGE10_C80E6463_1.jpg,ROUND,WHITE,10,ROUND_WHITE,174,0,0,0,0,0,0,0,0,0,0,1,0,59746-0246-10
59746-0246-10_RXNAVIMAGE10_C80E6463_2.jpg,ROUND,WHITE,10,ROUND_WHITE,174,0,0,0,0,0,0,0,0,0,0,1,0,59746-0246-10
00093-7325-01_RXNAVIMAGE10_852D42DA_1.jpg,OVAL,ORANGE,7,OVAL_ORANGE,130,0,0,0,0,0,1,0,0,0,0,0,0,00093-7325-01
00093-7325-01_RXNAVIMAGE10_852D42DA_2.jpg,OVAL,ORANGE,7,OVAL_ORANGE,130,0,0,0,0,0,1,0,0,0,0,0,0,00093-7325-01
00093-5731-01_RXNAVIMAGE10_5F4D2F89_1.jpg,ROUND,WHITE,10,ROUND_WHITE,174,0,0,0,0,0,0,0,0,0,0,1,0,00093-5731-01
00093-5731-01_RXNAVIMAGE10_5F4D2F89_2.jpg,ROUND,WHITE,10,ROUND_WHITE,174,0,0,0,0,0,0,0,0,0,0,1,0,00093-5731-01
47335-0737-13_RXNAVIMAGE10_313A98E4_1.jpg,ROUND,WHITE,10,ROUND_WHITE,174,0,0,0,0,0,0,0,0,0,0,1,0,47335-0737-13
47335-0737-13_RXNAVIMAGE10_313A98E4_2.jpg,ROUND,WHITE,10,ROUND_WHITE,174,0,0,0,0,0,0,0,0,0,0,1,0,47335-0737-13
00007-4139-20_RXNAVIMAGE10_9C18CE46_1.jpg,OVAL,WHITE,7,OVAL_WHITE,139,0,0,0,0,0,0,0,0,0,0,1,0,00007-4139-20
00007-4139-20_RXNAVIMAGE10_9C18CE46_2.jpg,OVAL,WHITE,7,OVAL_WHITE,139,0,0,0,0,0,0,0,0,0,0,1,0,00007-4139-20
00054-0011-21_RXNAVIMAGE10_8915C4BE_1.jpg,ROUND,WHITE,10,ROUND_WHITE,174,0,0,0,0,0,0,0,0,0,0,1,0,00054-0011-21
00054-0011-21_RXNAVIMAGE10_8915C4BE_2.jpg,ROUND,WHITE,10,ROUND_WHITE,174,0,0,0,0,0,0,0,0,0,0,1,0,00054-0011-21
00143-1425-01_RXNAVIMAGE10_B12658A2_1.jpg,ROUND,WHITE,10,ROUND_WHITE,174,0,0,0,0,0,0,0,0,0,0,1,0,00143-1425-01
00143-1425-01_RXNAVIMAGE10_B12658A2_2.jpg,ROUND,WHITE,10,ROUND_WHITE,174,0,0,0,0,0,0,0,0,0,0,1,0,00143-1425-01
65162-0745-10_RXNAVIMAGE10_0841847C_1.jpg,ROUND,WHITE,10,ROUND_WHITE,174,0,0,0,0,0,0,0,0,0,0,1,0,65162-0745-10
65162-0745-10_RXNAVIMAGE10_0841847C_2.jpg,ROUND,WHITE,10,ROUND_WHITE,174,0,0,0,0,0,0,0,0,0,0,1,0,65162-0745-10
00603-0024-36_RXNAVIMAGE10_AB33D59E_1.jpg,ROUND,ORANGE,10,ROUND_ORANGE,166,0,0,0,0,0,1,0,0,0,0,0,0,00603-0024-36
00603-0024-36_RXNAVIMAGE10_AB33D59E_2.jpg,ROUND,ORANGE,10,ROUND_ORANGE,166,0,0,0,0,0,1,0,0,0,0,0,0,00603-0024-36
43547-0273-10_RXNAVIMAGE10_4C41A60D_1.jpg,ROUND,BROWN,10,ROUND_BROWN,162,0,0,1,0,0,0,0,0,0,0,0,0,43547-0273-10
43547-0273-10_RXNAVIMAGE10_4C41A60D_2.jpg,ROUND,BROWN,10,ROUND_BROWN,162,0,0,1,0,0,0,0,0,0,0,0,0,43547-0273-10
68382-0762-14_RXNAVIMAGE10_6344B1D5_1.jpg,OVAL,YELLOW,7,OVAL_YELLOW,145,0,0,0,0,0,0,0,0,0,0,0,1,68382-0762-14
68382-0762-14_RXNAVIMAGE10_6344B1D5_2.jpg,OVAL,YELLOW,7,OVAL_YELLOW,145,0,0,0,0,0,0,0,0,0,0,0,1,68382-0762-14
00006-0277-54_RXNAVIMAGE10_16160B30_1.jpg,ROUND,BROWN,10,ROUND_BROWN,162,0,0,1,0,0,0,0,0,0,0,0,0,00006-0277-54
00006-0277-54_RXNAVIMAGE10_16160B30_2.jpg,ROUND,BROWN,10,ROUND_BROWN,162,0,0,1,0,0,0,0,0,0,0,0,0,00006-0277-54
76439-0101-50_RXNAVIMAGE10_6939B48D_1.jpg,CAPSULE,WHITE,1,CAPSULE_WHITE,81,0,0,0,0,0,0,0,0,0,0,1,0,76439-0101-50
76439-0101-50_RXNAVIMAGE10_6939B48D_2.jpg,CAPSULE,WHITE,1,CAPSULE_WHITE,81,0,0,0,0,0,0,0,0,0,0,1,0,76439-0101-50
00185-0124-01_RXNAVIMAGE10_AA23551A_1.jpg,OVAL,WHITE,7,OVAL_WHITE,139,0,0,0,0,0,0,0,0,0,0,1,0,00185-0124-01
00185-0124-01_RXNAVIMAGE10_AA23551A_2.jpg,OVAL,WHITE,7,OVAL_WHITE,139,0,0,0,0,0,0,0,0,0,0,1,0,00185-0124-01
42043-0192-05_RXNAVIMAGE10_8B1DC5BE_1.jpg,OVAL,BLUE,7,OVAL_BLUE,123,0,1,0,0,0,0,0,0,0,0,0,0,42043-0192-05
42043-0192-05_RXNAVIMAGE10_8B1DC5BE_2.jpg,OVAL,BLUE,7,OVAL_BLUE,123,0,1,0,0,0,0,0,0,0,0,0,0,42043-0192-05
64679-0927-01_RXNAVIMAGE10_130889B4_1.jpg,ROUND,WHITE,10,ROUND_WHITE,174,0,0,0,0,0,0,0,0,0,0,1,0,64679-0927-01
64679-0927-01_RXNAVIMAGE10_130889B4_2.jpg,ROUND,WHITE,10,ROUND_WHITE,174,0,0,0,0,0,0,0,0,0,0,1,0,64679-0927-01
00603-4975-28_RXNAVIMAGE10_C30861F3_1.jpg,ROUND,BLUE,10,ROUND_BLUE,160,0,1,0,0,0,0,0,0,0,0,0,0,00603-4975-28
00603-4975-28_RXNAVIMAGE10_C30861F3_2.jpg,ROUND,BLUE,10,ROUND_BLUE,160,0,1,0,0,0,0,0,0,0,0,0,0,00603-4975-28
00603-3857-21_RXNAVIMAGE10_4F2027D1_1.jpg,ROUND,ORANGE,10,ROUND_ORANGE,166,0,0,0,0,0,1,0,0,0,0,0,0,00603-3857-21
00603-3857-21_RXNAVIMAGE10_4F2027D1_2.jpg,ROUND,ORANGE,10,ROUND_ORANGE,166,0,0,0,0,0,1,0,0,0,0,0,0,00603-3857-21
00378-0232-01_RXNAVIMAGE10_86204302_1.jpg,ROUND,WHITE,10,ROUND_WHITE,174,0,0,0,0,0,0,0,0,0,0,1,0,00378-0232-01
00378-0232-01_RXNAVIMAGE10_86204302_2.jpg,ROUND,WHITE,10,ROUND_WHITE,174,0,0,0,0,0,0,0,0,0,0,1,0,00378-0232-01
00603-4485-28_RXNAVIMAGE10_AC44D606_1.jpg,ROUND,WHITE,10,ROUND_WHITE,174,0,0,0,0,0,0,0,0,0,0,1,0,00603-4485-28
00603-4485-28_RXNAVIMAGE10_AC44D606_2.jpg,ROUND,WHITE,10,ROUND_WHITE,174,0,0,0,0,0,0,0,0,0,0,1,0,00603-4485-28
55513-0073-30_RXNAVIMAGE10_1B1C8DE4_1.jpg,OVAL,GREEN,7,OVAL_GREEN,129,0,0,0,0,1,0,0,0,0,0,0,0,55513-0073-30
55513-0073-30_RXNAVIMAGE10_1B1C8DE4_2.jpg,OVAL,GREEN,7,OVAL_GREEN,129,0,0,0,0,1,0,0,0,0,0,0,0,55513-0073-30
00093-5733-01_RXNAVIMAGE10_6D4D36A9_1.jpg,ROUND,YELLOW,10,ROUND_YELLOW,178,0,0,0,0,0,0,0,0,0,0,0,1,00093-5733-01
00093-5733-01_RXNAVIMAGE10_6D4D36A9_2.jpg,ROUND,YELLOW,10,ROUND_YELLOW,178,0,0,0,0,0,0,0,0,0,0,0,1,00093-5733-01
60505-0096-00_RXNAVIMAGE10_12470948_1.jpg,OVAL,WHITE,7,OVAL_WHITE,139,0,0,0,0,0,0,0,0,0,0,1,0,60505-0096-00
60505-0096-00_RXNAVIMAGE10_12470948_2.jpg,OVAL,WHITE,7,OVAL_WHITE,139,0,0,0,0,0,0,0,0,0,0,1,0,60505-0096-00
63304-0553-05_RXNAVIMAGE10_D015681B_1.jpg,ROUND,BROWN,10,ROUND_BROWN,162,0,0,1,0,0,0,0,0,0,0,0,0,63304-0553-05
63304-0553-05_RXNAVIMAGE10_D015681B_2.jpg,ROUND,BROWN,10,ROUND_BROWN,162,0,0,1,0,0,0,0,0,0,0,0,0,63304-0553-05
00555-0831-02_RXNAVIMAGE10_F321798B_1.jpg,OVAL,PINK,7,OVAL_PINK,133,0,0,0,0,0,0,1,0,0,0,0,0,00555-0831-02
00555-0831-02_RXNAVIMAGE10_F321798B_2.jpg,OVAL,PINK,7,OVAL_PINK,133,0,0,0,0,0,0,1,0,0,0,0,0,00555-0831-02
00093-0778-01_RXNAVIMAGE10_4D2926C9_1.jpg,ROUND,PINK,10,ROUND_PINK,168,0,0,0,0,0,0,1,0,0,0,0,0,00093-0778-01
00093-0778-01_RXNAVIMAGE10_4D2926C9_2.jpg,ROUND,PINK,10,ROUND_PINK,168,0,0,0,0,0,0,1,0,0,0,0,0,00093-0778-01
64125-0136-01_RXNAVIMAGE10_2D3996EC_1.jpg,ROUND,WHITE,10,ROUND_WHITE,174,0,0,0,0,0,0,0,0,0,0,1,0,64125-0136-01
64125-0136-01_RXNAVIMAGE10_2D3996EC_2.jpg,ROUND,WHITE,10,ROUND_WHITE,174,0,0,0,0,0,0,0,0,0,0,1,0,64125-0136-01
65162-0513-50_RXNAVIMAGE10_210E90D4_1.jpg,OVAL,YELLOW,7,OVAL_YELLOW,145,0,0,0,0,0,0,0,0,0,0,0,1,65162-0513-50
65162-0513-50_RXNAVIMAGE10_210E90D4_2.jpg,OVAL,YELLOW,7,OVAL_YELLOW,145,0,0,0,0,0,0,0,0,0,0,0,1,65162-0513-50
00456-0459-01_RXNAVIMAGE10_760EBB35_1.jpg,ROUND,BROWN,10,ROUND_BROWN,162,0,0,1,0,0,0,0,0,0,0,0,0,00456-0459-01
00456-0459-01_RXNAVIMAGE10_760EBB35_2.jpg,ROUND,BROWN,10,ROUND_BROWN,162,0,0,1,0,0,0,0,0,0,0,0,0,00456-0459-01
69097-0122-12_RXNAVIMAGE10_AD4356FA_1.jpg,ROUND,WHITE,10,ROUND_WHITE,174,0,0,0,0,0,0,0,0,0,0,1,0,69097-0122-12
69097-0122-12_RXNAVIMAGE10_AD4356FA_2.jpg,ROUND,WHITE,10,ROUND_WHITE,174,0,0,0,0,0,0,0,0,0,0,1,0,69097-0122-12
16729-0019-01_RXNAVIMAGE10_423C2151_1.jpg,OVAL,PURPLE,7,OVAL_PURPLE,135,0,0,0,0,0,0,0,1,0,0,0,0,16729-0019-01
16729-0019-01_RXNAVIMAGE10_423C2151_2.jpg,OVAL,PURPLE,7,OVAL_PURPLE,135,0,0,0,0,0,0,0,1,0,0,0,0,16729-0019-01
55111-0163-30_RXNAVIMAGE10_0D3C86C4_1.jpg,OVAL,WHITE,7,OVAL_WHITE,139,0,0,0,0,0,0,0,0,0,0,1,0,55111-0163-30
55111-0163-30_RXNAVIMAGE10_0D3C86C4_2.jpg,OVAL,WHITE,7,OVAL_WHITE,139,0,0,0,0,0,0,0,0,0,0,1,0,55111-0163-30
00781-5183-01_RXNAVIMAGE10_7E23BF6D_1.jpg,OVAL,GREEN,7,OVAL_GREEN,129,0,0,0,0,1,0,0,0,0,0,0,0,00781-5183-01
00781-5183-01_RXNAVIMAGE10_7E23BF6D_2.jpg,OVAL,GREEN,7,OVAL_GREEN,129,0,0,0,0,1,0,0,0,0,0,0,0,00781-5183-01
00781-1506-01_RXNAVIMAGE10_36201B40_1.jpg,ROUND,WHITE,10,ROUND_WHITE,174,0,0,0,0,0,0,0,0,0,0,1,0,00781-1506-01
00781-1506-01_RXNAVIMAGE10_36201B40_2.jpg,ROUND,WHITE,10,ROUND_WHITE,174,0,0,0,0,0,0,0,0,0,0,1,0,00781-1506-01
53489-0216-10_RXNAVIMAGE10_EE04F737_1.jpg,ROUND,WHITE,10,ROUND_WHITE,174,0,0,0,0,0,0,0,0,0,0,1,0,53489-0216-10
53489-0216-10_RXNAVIMAGE10_EE04F737_2.jpg,ROUND,WHITE,10,ROUND_WHITE,174,0,0,0,0,0,0,0,0,0,0,1,0,53489-0216-10
00093-3109-05_RXNAVIMAGE10_0F2687E4_1.jpg,CAPSULE,BROWN,1,CAPSULE_BROWN,18,0,0,1,0,0,0,0,0,0,0,0,0,00093-3109-05
00093-3109-05_RXNAVIMAGE10_0F2687E4_2.jpg,CAPSULE,BROWN,1,CAPSULE_BROWN,18,0,0,1,0,0,0,0,0,0,0,0,0,00093-3109-05
00074-6122-90_RXNAVIMAGE10_051D829C_1.jpg,OVAL,YELLOW,7,OVAL_YELLOW,145,0,0,0,0,0,0,0,0,0,0,0,1,00074-6122-90
00074-6122-90_RXNAVIMAGE10_051D829C_2.jpg,OVAL,YELLOW,7,OVAL_YELLOW,145,0,0,0,0,0,0,0,0,0,0,0,1,00074-6122-90
00185-0130-01_RXNAVIMAGE10_8348C1B6_1.jpg,ROUND,BROWN,10,ROUND_BROWN,162,0,0,1,0,0,0,0,0,0,0,0,0,00185-0130-01
00185-0130-01_RXNAVIMAGE10_8348C1B6_2.jpg,ROUND,BROWN,10,ROUND_BROWN,162,0,0,1,0,0,0,0,0,0,0,0,0,00185-0130-01
00093-0782-56_RXNAVIMAGE10_392B1C88_1.jpg,ROUND,WHITE,10,ROUND_WHITE,174,0,0,0,0,0,0,0,0,0,0,1,0,00093-0782-56
00093-0782-56_RXNAVIMAGE10_392B1C88_2.jpg,ROUND,WHITE,10,ROUND_WHITE,174,0,0,0,0,0,0,0,0,0,0,1,0,00093-0782-56
68180-0117-07_RXNAVIMAGE10_36161B20_1.jpg,OVAL,WHITE,7,OVAL_WHITE,139,0,0,0,0,0,0,0,0,0,0,1,0,68180-0117-07
68180-0117-07_RXNAVIMAGE10_36161B20_2.jpg,OVAL,WHITE,7,OVAL_WHITE,139,0,0,0,0,0,0,0,0,0,0,1,0,68180-0117-07
00143-9948-50_RXNAVIMAGE10_6A4FB55D_1.jpg,OVAL,WHITE,7,OVAL_WHITE,139,0,0,0,0,0,0,0,0,0,0,1,0,00143-9948-50
00143-9948-50_RXNAVIMAGE10_6A4FB55D_2.jpg,OVAL,WHITE,7,OVAL_WHITE,139,0,0,0,0,0,0,0,0,0,0,1,0,00143-9948-50
45963-0570-08_RXNAVIMAGE10_C91D64FB_1.jpg,OVAL,YELLOW,7,OVAL_YELLOW,145,0,0,0,0,0,0,0,0,0,0,0,1,45963-0570-08
45963-0570-08_RXNAVIMAGE10_C91D64FB_2.jpg,OVAL,YELLOW,7,OVAL_YELLOW,145,0,0,0,0,0,0,0,0,0,0,0,1,45963-0570-08
51991-0294-01_RXNAVIMAGE10_623C3171_1.jpg,OVAL,BROWN,7,OVAL_BROWN,125,0,0,1,0,0,0,0,0,0,0,0,0,51991-0294-01
51991-0294-01_RXNAVIMAGE10_623C3171_2.jpg,OVAL,BROWN,7,OVAL_BROWN,125,0,0,1,0,0,0,0,0,0,0,0,0,51991-0294-01
60505-2655-01_RXNAVIMAGE10_B5395ABA_1.jpg,OVAL,WHITE,7,OVAL_WHITE,139,0,0,0,0,0,0,0,0,0,0,1,0,60505-2655-01
60505-2655-01_RXNAVIMAGE10_B5395ABA_2.jpg,OVAL,WHITE,7,OVAL_WHITE,139,0,0,0,0,0,0,0,0,0,0,1,0,60505-2655-01
00555-9032-70_RXNAVIMAGE10_562FAB1D_1.jpg,ROUND,YELLOW,10,ROUND_YELLOW,178,0,0,0,0,0,0,0,0,0,0,0,1,00555-9032-70
00555-9032-70_RXNAVIMAGE10_562FAB1D_2.jpg,ROUND,YELLOW,10,ROUND_YELLOW,178,0,0,0,0,0,0,0,0,0,0,0,1,00555-9032-70
43547-0271-10_RXNAVIMAGE10_7A3EBD05_1.jpg,ROUND,PINK,10,ROUND_PINK,168,0,0,0,0,0,0,1,0,0,0,0,0,43547-0271-10
43547-0271-10_RXNAVIMAGE10_7A3EBD05_2.jpg,ROUND,PINK,10,ROUND_PINK,168,0,0,0,0,0,0,1,0,0,0,0,0,43547-0271-10
00591-3762-01_RXNAVIMAGE10_674F33F9_1.jpg,CAPSULE,WHITE,1,CAPSULE_WHITE,81,0,0,0,0,0,0,0,0,0,0,1,0,00591-3762-01
00591-3762-01_RXNAVIMAGE10_674F33F9_2.jpg,CAPSULE,WHITE,1,CAPSULE_WHITE,81,0,0,0,0,0,0,0,0,0,0,1,0,00591-3762-01
68180-0469-03_RXNAVIMAGE10_3D089EE4_1.jpg,ROUND,GREEN,10,ROUND_GREEN,164,0,0,0,0,1,0,0,0,0,0,0,0,68180-0469-03
68180-0469-03_RXNAVIMAGE10_3D089EE4_2.jpg,ROUND,GREEN,10,ROUND_GREEN,164,0,0,0,0,1,0,0,0,0,0,0,0,68180-0469-03
62559-0158-01_RXNAVIMAGE10_313B98DC_1.jpg,OVAL,WHITE,7,OVAL_WHITE,139,0,0,0,0,0,0,0,0,0,0,1,0,62559-0158-01
62559-0158-01_RXNAVIMAGE10_313B98DC_2.jpg,OVAL,WHITE,7,OVAL_WHITE,139,0,0,0,0,0,0,0,0,0,0,1,0,62559-0158-01
00603-3339-21_RXNAVIMAGE10_44392249_1.jpg,CAPSULE,"PINK, WHITE",1,"CAPSULE_PINK, WHITE",59,0,0,0,0,0,0,1,0,0,0,1,0,00603-3339-21
00603-3339-21_RXNAVIMAGE10_44392249_2.jpg,CAPSULE,"PINK, WHITE",1,"CAPSULE_PINK, WHITE",59,0,0,0,0,0,0,1,0,0,0,1,0,00603-3339-21
00378-1610-01_RXNAVIMAGE10_2F3497A4_1.jpg,CAPSULE,TURQUOISE,1,CAPSULE_TURQUOISE,76,0,0,0,0,0,0,0,0,0,1,0,0,00378-1610-01
00378-1610-01_RXNAVIMAGE10_2F3497A4_2.jpg,CAPSULE,TURQUOISE,1,CAPSULE_TURQUOISE,76,0,0,0,0,0,0,0,0,0,1,0,0,00378-1610-01
00186-1090-05_RXNAVIMAGE10_0D1D86EC_1.jpg,ROUND,WHITE,10,ROUND_WHITE,174,0,0,0,0,0,0,0,0,0,0,1,0,00186-1090-05
00186-1090-05_RXNAVIMAGE10_0D1D86EC_2.jpg,ROUND,WHITE,10,ROUND_WHITE,174,0,0,0,0,0,0,0,0,0,0,1,0,00186-1090-05
65649-0301-03_RXNAVIMAGE10_951DCAFE_1.jpg,ROUND,PINK,10,ROUND_PINK,168,0,0,0,0,0,0,1,0,0,0,0,0,65649-0301-03
65649-0301-03_RXNAVIMAGE10_951DCAFE_2.jpg,ROUND,PINK,10,ROUND_PINK,168,0,0,0,0,0,0,1,0,0,0,0,0,65649-0301-03
00781-1064-10_RXNAVIMAGE10_57042B91_1.jpg,ROUND,PURPLE,10,ROUND_PURPLE,171,0,0,0,0,0,0,0,1,0,0,0,0,00781-1064-10
00781-1064-10_RXNAVIMAGE10_57042B91_2.jpg,ROUND,PURPLE,10,ROUND_PURPLE,171,0,0,0,0,0,0,0,1,0,0,0,0,00781-1064-10
51991-0084-90_RXNAVIMAGE10_A207D13E_1.jpg,OVAL,ORANGE,7,OVAL_ORANGE,130,0,0,0,0,0,1,0,0,0,0,0,0,51991-0084-90
51991-0084-90_RXNAVIMAGE10_A207D13E_2.jpg,OVAL,ORANGE,7,OVAL_ORANGE,130,0,0,0,0,0,1,0,0,0,0,0,0,51991-0084-90
00603-5485-21_RXNAVIMAGE10_753EBA95_1.jpg,ROUND,PINK,10,ROUND_PINK,168,0,0,0,0,0,0,1,0,0,0,0,0,00603-5485-21
00603-5485-21_RXNAVIMAGE10_753EBA95_2.jpg,ROUND,PINK,10,ROUND_PINK,168,0,0,0,0,0,0,1,0,0,0,0,0,00603-5485-21
65580-0301-03_RXNAVIMAGE10_FE127F53_1.jpg,ROUND,WHITE,10,ROUND_WHITE,174,0,0,0,0,0,0,0,0,0,0,1,0,65580-0301-03
65580-0301-03_RXNAVIMAGE10_FE127F53_2.jpg,ROUND,WHITE,10,ROUND_WHITE,174,0,0,0,0,0,0,0,0,0,0,1,0,65580-0301-03
43547-0360-09_RXNAVIMAGE10_915148AA_1.jpg,ROUND,WHITE,10,ROUND_WHITE,174,0,0,0,0,0,0,0,0,0,0,1,0,43547-0360-09
43547-0360-09_RXNAVIMAGE10_915148AA_2.jpg,ROUND,WHITE,10,ROUND_WHITE,174,0,0,0,0,0,0,0,0,0,0,1,0,43547-0360-09
67877-0294-05_RXNAVIMAGE10_9140C8C6_1.jpg,ROUND,WHITE,10,ROUND_WHITE,174,0,0,0,0,0,0,0,0,0,0,1,0,67877-0294-05
67877-0294-05_RXNAVIMAGE10_9140C8C6_2.jpg,ROUND,WHITE,10,ROUND_WHITE,174,0,0,0,0,0,0,0,0,0,0,1,0,67877-0294-05
00093-5261-29_RXNAVIMAGE10_15440AC0_1.jpg,ROUND,WHITE,10,ROUND_WHITE,174,0,0,0,0,0,0,0,0,0,0,1,0,00093-5261-29
00093-5261-29_RXNAVIMAGE10_15440AC0_2.jpg,ROUND,WHITE,10,ROUND_WHITE,174,0,0,0,0,0,0,0,0,0,0,1,0,00093-5261-29
00007-3164-18_RXNAVIMAGE10_E512F2D7_1.jpg,OVAL,PINK,7,OVAL_PINK,133,0,0,0,0,0,0,1,0,0,0,0,0,00007-3164-18
00007-3164-18_RXNAVIMAGE10_E512F2D7_2.jpg,OVAL,PINK,7,OVAL_PINK,133,0,0,0,0,0,0,1,0,0,0,0,0,00007-3164-18
00591-5440-50_RXNAVIMAGE10_B834DC76_1.jpg,CAPSULE,BLUE,1,CAPSULE_BLUE,7,0,1,0,0,0,0,0,0,0,0,0,0,00591-5440-50
00591-5440-50_RXNAVIMAGE10_B834DC76_2.jpg,CAPSULE,BLUE,1,CAPSULE_BLUE,7,0,1,0,0,0,0,0,0,0,0,0,0,00591-5440-50
00093-7336-06_RXNAVIMAGE10_FA26FD17_1.jpg,CAPSULE,WHITE,1,CAPSULE_WHITE,81,0,0,0,0,0,0,0,0,0,0,1,0,00093-7336-06
00093-7336-06_RXNAVIMAGE10_FA26FD17_2.jpg,CAPSULE,WHITE,1,CAPSULE_WHITE,81,0,0,0,0,0,0,0,0,0,0,1,0,00093-7336-06
00527-1344-10_RXNAVIMAGE10_490824D1_1.jpg,ROUND,GREEN,10,ROUND_GREEN,164,0,0,0,0,1,0,0,0,0,0,0,0,00527-1344-10
00527-1344-10_RXNAVIMAGE10_490824D1_2.jpg,ROUND,GREEN,10,ROUND_GREEN,164,0,0,0,0,1,0,0,0,0,0,0,0,00527-1344-10
31722-0728-30_RXNAVIMAGE10_8250C176_1.jpg,ROUND,PINK,10,ROUND_PINK,168,0,0,0,0,0,0,1,0,0,0,0,0,31722-0728-30
31722-0728-30_RXNAVIMAGE10_8250C176_2.jpg,ROUND,PINK,10,ROUND_PINK,168,0,0,0,0,0,0,1,0,0,0,0,0,31722-0728-30
00093-7367-56_RXNAVIMAGE10_C02FE05F_1.jpg,OVAL,YELLOW,7,OVAL_YELLOW,145,0,0,0,0,0,0,0,0,0,0,0,1,00093-7367-56
00093-7367-56_RXNAVIMAGE10_C02FE05F_2.jpg,OVAL,YELLOW,7,OVAL_YELLOW,145,0,0,0,0,0,0,0,0,0,0,0,1,00093-7367-56
00093-1015-01_RXNAVIMAGE10_A929D4FE_1.jpg,OVAL,WHITE,7,OVAL_WHITE,139,0,0,0,0,0,0,0,0,0,0,1,0,00093-1015-01
00093-1015-01_RXNAVIMAGE10_A929D4FE_2.jpg,OVAL,WHITE,7,OVAL_WHITE,139,0,0,0,0,0,0,0,0,0,0,1,0,00093-1015-01
16729-0156-15_RXNAVIMAGE10_7F433FB9_1.jpg,ROUND,RED,10,ROUND_RED,172,0,0,0,0,0,0,0,0,1,0,0,0,16729-0156-15
16729-0156-15_RXNAVIMAGE10_7F433FB9_2.jpg,ROUND,RED,10,ROUND_RED,172,0,0,0,0,0,0,0,0,1,0,0,0,16729-0156-15
00378-0257-10_RXNAVIMAGE10_7407BA5D_1.jpg,ROUND,ORANGE,10,ROUND_ORANGE,166,0,0,0,0,0,1,0,0,0,0,0,0,00378-0257-10
00378-0257-10_RXNAVIMAGE10_7407BA5D_2.jpg,ROUND,ORANGE,10,ROUND_ORANGE,166,0,0,0,0,0,1,0,0,0,0,0,0,00378-0257-10
50419-0407-01_RXNAVIMAGE10_42192129_1.jpg,ROUND,PINK,10,ROUND_PINK,168,0,0,0,0,0,0,1,0,0,0,0,0,50419-0407-01
50419-0407-01_RXNAVIMAGE10_42192129_2.jpg,ROUND,PINK,10,ROUND_PINK,168,0,0,0,0,0,0,1,0,0,0,0,0,50419-0407-01
00603-7609-01_RXNAVIMAGE10_5440AA65_1.jpg,ROUND,WHITE,10,ROUND_WHITE,174,0,0,0,0,0,0,0,0,0,0,1,0,00603-7609-01
00603-7609-01_RXNAVIMAGE10_5440AA65_2.jpg,ROUND,WHITE,10,ROUND_WHITE,174,0,0,0,0,0,0,0,0,0,0,1,0,00603-7609-01
57237-0045-60_RXNAVIMAGE10_B23FD94E_1.jpg,OVAL,YELLOW,7,OVAL_YELLOW,145,0,0,0,0,0,0,0,0,0,0,0,1,57237-0045-60
57237-0045-60_RXNAVIMAGE10_B23FD94E_2.jpg,OVAL,YELLOW,7,OVAL_YELLOW,145,0,0,0,0,0,0,0,0,0,0,0,1,57237-0045-60
55111-0572-01_RXNAVIMAGE10_EA07F53F_1.jpg,OVAL,WHITE,7,OVAL_WHITE,139,0,0,0,0,0,0,0,0,0,0,1,0,55111-0572-01
55111-0572-01_RXNAVIMAGE10_EA07F53F_2.jpg,OVAL,WHITE,7,OVAL_WHITE,139,0,0,0,0,0,0,0,0,0,0,1,0,55111-0572-01
00781-5627-60_RXNAVIMAGE10_6E3EB735_1.jpg,OVAL,WHITE,7,OVAL_WHITE,139,0,0,0,0,0,0,0,0,0,0,1,0,00781-5627-60
00781-5627-60_RXNAVIMAGE10_6E3EB735_2.jpg,OVAL,WHITE,7,OVAL_WHITE,139,0,0,0,0,0,0,0,0,0,0,1,0,00781-5627-60
00093-7181-01_RXNAVIMAGE10_2D2B96CC_1.jpg,OVAL,WHITE,7,OVAL_WHITE,139,0,0,0,0,0,0,0,0,0,0,1,0,00093-7181-01
00093-7181-01_RXNAVIMAGE10_2D2B96CC_2.jpg,OVAL,WHITE,7,OVAL_WHITE,139,0,0,0,0,0,0,0,0,0,0,1,0,00093-7181-01
00093-2056-06_RXNAVIMAGE10_D935EC8F_1.jpg,ROUND,WHITE,10,ROUND_WHITE,174,0,0,0,0,0,0,0,0,0,0,1,0,00093-2056-06
00093-2056-06_RXNAVIMAGE10_D935EC8F_2.jpg,ROUND,WHITE,10,ROUND_WHITE,174,0,0,0,0,0,0,0,0,0,0,1,0,00093-2056-06
68180-0104-09_RXNAVIMAGE10_893D44EA_1.jpg,OVAL,RED,7,OVAL_RED,137,0,0,0,0,0,0,0,0,1,0,0,0,68180-0104-09
68180-0104-09_RXNAVIMAGE10_893D44EA_2.jpg,OVAL,RED,7,OVAL_RED,137,0,0,0,0,0,0,0,0,1,0,0,0,68180-0104-09
00093-0752-01_RXNAVIMAGE10_8826C476_1.jpg,ROUND,WHITE,10,ROUND_WHITE,174,0,0,0,0,0,0,0,0,0,0,1,0,00093-0752-01
00093-0752-01_RXNAVIMAGE10_8826C476_2.jpg,ROUND,WHITE,10,ROUND_WHITE,174,0,0,0,0,0,0,0,0,0,0,1,0,00093-0752-01
00054-0097-25_RXNAVIMAGE10_9C454E6A_1.jpg,ROUND,ORANGE,10,ROUND_ORANGE,166,0,0,0,0,0,1,0,0,0,0,0,0,00054-0097-25
00054-0097-25_RXNAVIMAGE10_9C454E6A_2.jpg,ROUND,ORANGE,10,ROUND_ORANGE,166,0,0,0,0,0,1,0,0,0,0,0,0,00054-0097-25
64980-0178-02_RXNAVIMAGE10_9F3F4FEA_1.jpg,ROUND,WHITE,10,ROUND_WHITE,174,0,0,0,0,0,0,0,0,0,0,1,0,64980-0178-02
64980-0178-02_RXNAVIMAGE10_9F3F4FEA_2.jpg,ROUND,WHITE,10,ROUND_WHITE,174,0,0,0,0,0,0,0,0,0,0,1,0,64980-0178-02
42806-0011-01_RXNAVIMAGE10_27509384_1.jpg,ROUND,YELLOW,10,ROUND_YELLOW,178,0,0,0,0,0,0,0,0,0,0,0,1,42806-0011-01
42806-0011-01_RXNAVIMAGE10_27509384_2.jpg,ROUND,YELLOW,10,ROUND_YELLOW,178,0,0,0,0,0,0,0,0,0,0,0,1,42806-0011-01
60505-0049-07_RXNAVIMAGE10_18348C64_1.jpg,ROUND,YELLOW,10,ROUND_YELLOW,178,0,0,0,0,0,0,0,0,0,0,0,1,60505-0049-07
60505-0049-07_RXNAVIMAGE10_18348C64_2.jpg,ROUND,YELLOW,10,ROUND_YELLOW,178,0,0,0,0,0,0,0,0,0,0,0,1,60505-0049-07
49938-0101-30_RXNAVIMAGE10_24471218_1.jpg,ROUND,WHITE,10,ROUND_WHITE,174,0,0,0,0,0,0,0,0,0,0,1,0,49938-0101-30
49938-0101-30_RXNAVIMAGE10_24471218_2.jpg,ROUND,WHITE,10,ROUND_WHITE,174,0,0,0,0,0,0,0,0,0,0,1,0,49938-0101-30
57237-0018-30_RXNAVIMAGE10_F63AFB57_1.jpg,CAPSULE,"BLUE, WHITE",1,"CAPSULE_BLUE, WHITE",16,0,1,0,0,0,0,0,0,0,0,1,0,57237-0018-30
57237-0018-30_RXNAVIMAGE10_F63AFB57_2.jpg,CAPSULE,"BLUE, WHITE",1,"CAPSULE_BLUE, WHITE",16,0,1,0,0,0,0,0,0,0,0,1,0,57237-0018-30
51672-4025-04_RXNAVIMAGE10_6F2037C1_1.jpg,ROUND,ORANGE,10,ROUND_ORANGE,166,0,0,0,0,0,1,0,0,0,0,0,0,51672-4025-04
51672-4025-04_RXNAVIMAGE10_6F2037C1_2.jpg,ROUND,ORANGE,10,ROUND_ORANGE,166,0,0,0,0,0,1,0,0,0,0,0,0,51672-4025-04
60505-0206-03_RXNAVIMAGE10_F633FB1F_1.jpg,OVAL,WHITE,7,OVAL_WHITE,139,0,0,0,0,0,0,0,0,0,0,1,0,60505-0206-03
60505-0206-03_RXNAVIMAGE10_F633FB1F_2.jpg,OVAL,WHITE,7,OVAL_WHITE,139,0,0,0,0,0,0,0,0,0,0,1,0,60505-0206-03
00603-3441-21_RXNAVIMAGE10_8A05C54E_1.jpg,OVAL,RED,7,OVAL_RED,137,0,0,0,0,0,0,0,0,1,0,0,0,00603-3441-21
00603-3441-21_RXNAVIMAGE10_8A05C54E_2.jpg,OVAL,RED,7,OVAL_RED,137,0,0,0,0,0,0,0,0,1,0,0,0,00603-3441-21
00781-1049-01_RXNAVIMAGE10_E13CF087_1.jpg,ROUND,WHITE,10,ROUND_WHITE,174,0,0,0,0,0,0,0,0,0,0,1,0,00781-1049-01
00781-1049-01_RXNAVIMAGE10_E13CF087_2.jpg,ROUND,WHITE,10,ROUND_WHITE,174,0,0,0,0,0,0,0,0,0,0,1,0,00781-1049-01
00555-9014-67_RXNAVIMAGE10_952FCACE_1.jpg,ROUND,PINK,10,ROUND_PINK,168,0,0,0,0,0,0,1,0,0,0,0,0,00555-9014-67
00555-9014-67_RXNAVIMAGE10_952FCACE_2.jpg,ROUND,PINK,10,ROUND_PINK,168,0,0,0,0,0,0,1,0,0,0,0,0,00555-9014-67
65862-0560-99_RXNAVIMAGE10_3B4D9D9C_1.jpg,OVAL,YELLOW,7,OVAL_YELLOW,145,0,0,0,0,0,0,0,0,0,0,0,1,65862-0560-99
65862-0560-99_RXNAVIMAGE10_3B4D9D9C_2.jpg,OVAL,YELLOW,7,OVAL_YELLOW,145,0,0,0,0,0,0,0,0,0,0,0,1,65862-0560-99
54092-0515-02_RXNAVIMAGE10_071603E0_1.jpg,OVAL,WHITE,7,OVAL_WHITE,139,0,0,0,0,0,0,0,0,0,0,1,0,54092-0515-02
54092-0515-02_RXNAVIMAGE10_071603E0_2.jpg,OVAL,WHITE,7,OVAL_WHITE,139,0,0,0,0,0,0,0,0,0,0,1,0,54092-0515-02
31722-0207-01_RXNAVIMAGE10_8633C36E_1.jpg,ROUND,PINK,10,ROUND_PINK,168,0,0,0,0,0,0,1,0,0,0,0,0,31722-0207-01
31722-0207-01_RXNAVIMAGE10_8633C36E_2.jpg,ROUND,PINK,10,ROUND_PINK,168,0,0,0,0,0,0,1,0,0,0,0,0,31722-0207-01
44523-0415-01_RXNAVIMAGE10_4A3EA535_1.jpg,OVAL,YELLOW,7,OVAL_YELLOW,145,0,0,0,0,0,0,0,0,0,0,0,1,44523-0415-01
44523-0415-01_RXNAVIMAGE10_4A3EA535_2.jpg,OVAL,YELLOW,7,OVAL_YELLOW,145,0,0,0,0,0,0,0,0,0,0,0,1,44523-0415-01
43598-0315-30_RXNAVIMAGE10_434F21F9_1.jpg,OVAL,BLUE,7,OVAL_BLUE,123,0,1,0,0,0,0,0,0,0,0,0,0,43598-0315-30
43598-0315-30_RXNAVIMAGE10_434F21F9_2.jpg,OVAL,BLUE,7,OVAL_BLUE,123,0,1,0,0,0,0,0,0,0,0,0,0,43598-0315-30
67253-0200-11_RXNAVIMAGE10_CE0E6763_1.jpg,OVAL,WHITE,7,OVAL_WHITE,139,0,0,0,0,0,0,0,0,0,0,1,0,67253-0200-11
67253-0200-11_RXNAVIMAGE10_CE0E6763_2.jpg,OVAL,WHITE,7,OVAL_WHITE,139,0,0,0,0,0,0,0,0,0,0,1,0,67253-0200-11
00591-2473-19_RXNAVIMAGE10_F11D78AB_1.jpg,ROUND,WHITE,10,ROUND_WHITE,174,0,0,0,0,0,0,0,0,0,0,1,0,00591-2473-19
00591-2473-19_RXNAVIMAGE10_F11D78AB_2.jpg,ROUND,WHITE,10,ROUND_WHITE,174,0,0,0,0,0,0,0,0,0,0,1,0,00591-2473-19
00456-1525-60_RXNAVIMAGE10_9E514F6A_1.jpg,ROUND,WHITE,10,ROUND_WHITE,174,0,0,0,0,0,0,0,0,0,0,1,0,00456-1525-60
00456-1525-60_RXNAVIMAGE10_9E514F6A_2.jpg,ROUND,WHITE,10,ROUND_WHITE,174,0,0,0,0,0,0,0,0,0,0,1,0,00456-1525-60
63304-0830-90_RXNAVIMAGE10_E91C7493_1.jpg,OVAL,WHITE,7,OVAL_WHITE,139,0,0,0,0,0,0,0,0,0,0,1,0,63304-0830-90
63304-0830-90_RXNAVIMAGE10_E91C7493_2.jpg,OVAL,WHITE,7,OVAL_WHITE,139,0,0,0,0,0,0,0,0,0,0,1,0,63304-0830-90
10888-7135-02_RXNAVIMAGE10_834941CA_1.jpg,OVAL,ORANGE,7,OVAL_ORANGE,130,0,0,0,0,0,1,0,0,0,0,0,0,10888-7135-02
10888-7135-02_RXNAVIMAGE10_834941CA_2.jpg,OVAL,ORANGE,7,OVAL_ORANGE,130,0,0,0,0,0,1,0,0,0,0,0,0,10888-7135-02
52544-0953-28_RXNAVIMAGE10_324D1938_1.jpg,ROUND,WHITE,10,ROUND_WHITE,174,0,0,0,0,0,0,0,0,0,0,1,0,52544-0953-28
52544-0953-28_RXNAVIMAGE10_324D1938_2.jpg,ROUND,WHITE,10,ROUND_WHITE,174,0,0,0,0,0,0,0,0,0,0,1,0,52544-0953-28
00555-0098-96_RXNAVIMAGE10_BD425E82_1.jpg,ROUND,WHITE,10,ROUND_WHITE,174,0,0,0,0,0,0,0,0,0,0,1,0,00555-0098-96
00555-0098-96_RXNAVIMAGE10_BD425E82_2.jpg,ROUND,WHITE,10,ROUND_WHITE,174,0,0,0,0,0,0,0,0,0,0,1,0,00555-0098-96
00093-7155-56_RXNAVIMAGE10_A227D15E_1.jpg,ROUND,RED,10,ROUND_RED,172,0,0,0,0,0,0,0,0,1,0,0,0,00093-7155-56
00093-7155-56_RXNAVIMAGE10_A227D15E_2.jpg,ROUND,RED,10,ROUND_RED,172,0,0,0,0,0,0,0,0,1,0,0,0,00093-7155-56
49884-0513-03_RXNAVIMAGE10_881B441A_1.jpg,OVAL,WHITE,7,OVAL_WHITE,139,0,0,0,0,0,0,0,0,0,0,1,0,49884-0513-03
49884-0513-03_RXNAVIMAGE10_881B441A_2.jpg,OVAL,WHITE,7,OVAL_WHITE,139,0,0,0,0,0,0,0,0,0,0,1,0,49884-0513-03
68682-0521-01_RXNAVIMAGE10_5E442F21_1.jpg,CAPSULE,"BLUE, WHITE",1,"CAPSULE_BLUE, WHITE",16,0,1,0,0,0,0,0,0,0,0,1,0,68682-0521-01
68682-0521-01_RXNAVIMAGE10_5E442F21_2.jpg,CAPSULE,"BLUE, WHITE",1,"CAPSULE_BLUE, WHITE",16,0,1,0,0,0,0,0,0,0,0,1,0,68682-0521-01
63304-0626-05_RXNAVIMAGE10_A507D28E_1.jpg,ROUND,WHITE,10,ROUND_WHITE,174,0,0,0,0,0,0,0,0,0,0,1,0,63304-0626-05
63304-0626-05_RXNAVIMAGE10_A507D28E_2.jpg,ROUND,WHITE,10,ROUND_WHITE,174,0,0,0,0,0,0,0,0,0,0,1,0,63304-0626-05
68382-0036-06_RXNAVIMAGE10_8C4D463A_1.jpg,CAPSULE,"ORANGE, WHITE",1,"CAPSULE_ORANGE, WHITE",50,0,0,0,0,0,1,0,0,0,0,1,0,68382-0036-06
68382-0036-06_RXNAVIMAGE10_8C4D463A_2.jpg,CAPSULE,"ORANGE, WHITE",1,"CAPSULE_ORANGE, WHITE",50,0,0,0,0,0,1,0,0,0,0,1,0,68382-0036-06
00004-0801-85_RXNAVIMAGE10_8E41C70E_1.jpg,CAPSULE,GRAY,1,CAPSULE_GRAY,22,0,0,0,1,0,0,0,0,0,0,0,0,00004-0801-85
00004-0801-85_RXNAVIMAGE10_8E41C70E_2.jpg,CAPSULE,GRAY,1,CAPSULE_GRAY,22,0,0,0,1,0,0,0,0,0,0,0,0,00004-0801-85
00591-0339-60_RXNAVIMAGE10_DB336D8B_1.jpg,ROUND,WHITE,10,ROUND_WHITE,174,0,0,0,0,0,0,0,0,0,0,1,0,00591-0339-60
00591-0339-60_RXNAVIMAGE10_DB336D8B_2.jpg,ROUND,WHITE,10,ROUND_WHITE,174,0,0,0,0,0,0,0,0,0,0,1,0,00591-0339-60
65862-0155-30_RXNAVIMAGE10_FF23FFEF_1.jpg,OVAL,PINK,7,OVAL_PINK,133,0,0,0,0,0,0,1,0,0,0,0,0,65862-0155-30
65862-0155-30_RXNAVIMAGE10_FF23FFEF_2.jpg,OVAL,PINK,7,OVAL_PINK,133,0,0,0,0,0,0,1,0,0,0,0,0,65862-0155-30
16714-0372-02_RXNAVIMAGE10_CC49662B_1.jpg,ROUND,WHITE,10,ROUND_WHITE,174,0,0,0,0,0,0,0,0,0,0,1,0,16714-0372-02
16714-0372-02_RXNAVIMAGE10_CC49662B_2.jpg,ROUND,WHITE,10,ROUND_WHITE,174,0,0,0,0,0,0,0,0,0,0,1,0,16714-0372-02
00603-2217-21_RXNAVIMAGE10_31461880_1.jpg,OVAL,BLUE,7,OVAL_BLUE,123,0,1,0,0,0,0,0,0,0,0,0,0,00603-2217-21
00603-2217-21_RXNAVIMAGE10_31461880_2.jpg,OVAL,BLUE,7,OVAL_BLUE,123,0,1,0,0,0,0,0,0,0,0,0,0,00603-2217-21
00039-0060-13_RXNAVIMAGE10_310918F8_1.jpg,ROUND,WHITE,10,ROUND_WHITE,174,0,0,0,0,0,0,0,0,0,0,1,0,00039-0060-13
00039-0060-13_RXNAVIMAGE10_310918F8_2.jpg,ROUND,WHITE,10,ROUND_WHITE,174,0,0,0,0,0,0,0,0,0,0,1,0,00039-0060-13
00093-0147-01_RXNAVIMAGE10_212990BC_1.jpg,ROUND,RED,10,ROUND_RED,172,0,0,0,0,0,0,0,0,1,0,0,0,00093-0147-01
00093-0147-01_RXNAVIMAGE10_212990BC_2.jpg,ROUND,RED,10,ROUND_RED,172,0,0,0,0,0,0,0,0,1,0,0,0,00093-0147-01
00603-5371-21_RXNAVIMAGE10_1A0E0D60_1.jpg,ROUND,WHITE,10,ROUND_WHITE,174,0,0,0,0,0,0,0,0,0,0,1,0,00603-5371-21
00603-5371-21_RXNAVIMAGE10_1A0E0D60_2.jpg,ROUND,WHITE,10,ROUND_WHITE,174,0,0,0,0,0,0,0,0,0,0,1,0,00603-5371-21
13668-0009-05_RXNAVIMAGE10_35051AA8_1.jpg,ROUND,BROWN,10,ROUND_BROWN,162,0,0,1,0,0,0,0,0,0,0,0,0,13668-0009-05
13668-0009-05_RXNAVIMAGE10_35051AA8_2.jpg,ROUND,BROWN,10,ROUND_BROWN,162,0,0,1,0,0,0,0,0,0,0,0,0,13668-0009-05
55111-0422-30_RXNAVIMAGE10_CA15651B_1.jpg,OVAL,WHITE,7,OVAL_WHITE,139,0,0,0,0,0,0,0,0,0,0,1,0,55111-0422-30
55111-0422-30_RXNAVIMAGE10_CA15651B_2.jpg,OVAL,WHITE,7,OVAL_WHITE,139,0,0,0,0,0,0,0,0,0,0,1,0,55111-0422-30
00527-1345-10_RXNAVIMAGE10_4D082681_1.jpg,ROUND,YELLOW,10,ROUND_YELLOW,178,0,0,0,0,0,0,0,0,0,0,0,1,00527-1345-10
00527-1345-10_RXNAVIMAGE10_4D082681_2.jpg,ROUND,YELLOW,10,ROUND_YELLOW,178,0,0,0,0,0,0,0,0,0,0,0,1,00527-1345-10
00049-2340-05_RXNAVIMAGE10_381C9C54_1.jpg,ROUND,ORANGE,10,ROUND_ORANGE,166,0,0,0,0,0,1,0,0,0,0,0,0,00049-2340-05
00049-2340-05_RXNAVIMAGE10_381C9C54_2.jpg,ROUND,ORANGE,10,ROUND_ORANGE,166,0,0,0,0,0,1,0,0,0,0,0,0,00049-2340-05
00054-0255-22_RXNAVIMAGE10_633BB1CD_1.jpg,OVAL,YELLOW,7,OVAL_YELLOW,145,0,0,0,0,0,0,0,0,0,0,0,1,00054-0255-22
00054-0255-22_RXNAVIMAGE10_633BB1CD_2.jpg,OVAL,YELLOW,7,OVAL_YELLOW,145,0,0,0,0,0,0,0,0,0,0,0,1,00054-0255-22
50458-0197-00_RXNAVIMAGE10_C54562AB_1.jpg,ROUND,BLUE,10,ROUND_BLUE,160,0,1,0,0,0,0,0,0,0,0,0,0,50458-0197-00
50458-0197-00_RXNAVIMAGE10_C54562AB_2.jpg,ROUND,BLUE,10,ROUND_BLUE,160,0,1,0,0,0,0,0,0,0,0,0,0,50458-0197-00
00527-1315-01_RXNAVIMAGE10_BE0EDF06_1.jpg,CAPSULE,RED,1,CAPSULE_RED,69,0,0,0,0,0,0,0,0,1,0,0,0,00527-1315-01
00527-1315-01_RXNAVIMAGE10_BE0EDF06_2.jpg,CAPSULE,RED,1,CAPSULE_RED,69,0,0,0,0,0,0,0,0,1,0,0,0,00527-1315-01
68462-0657-90_RXNAVIMAGE10_A2505122_1.jpg,ROUND,WHITE,10,ROUND_WHITE,174,0,0,0,0,0,0,0,0,0,0,1,0,68462-0657-90
68462-0657-90_RXNAVIMAGE10_A2505122_2.jpg,ROUND,WHITE,10,ROUND_WHITE,174,0,0,0,0,0,0,0,0,0,0,1,0,68462-0657-90
49884-0660-09_RXNAVIMAGE10_F639FB3F_1.jpg,ROUND,PINK,10,ROUND_PINK,168,0,0,0,0,0,0,1,0,0,0,0,0,49884-0660-09
49884-0660-09_RXNAVIMAGE10_F639FB3F_2.jpg,ROUND,PINK,10,ROUND_PINK,168,0,0,0,0,0,0,1,0,0,0,0,0,49884-0660-09
21130-0386-27_RXNAVIMAGE10_E938F4E7_1.jpg,OVAL,BLUE,7,OVAL_BLUE,123,0,1,0,0,0,0,0,0,0,0,0,0,21130-0386-27
21130-0386-27_RXNAVIMAGE10_E938F4E7_2.jpg,OVAL,BLUE,7,OVAL_BLUE,123,0,1,0,0,0,0,0,0,0,0,0,0,21130-0386-27
00591-2805-60_RXNAVIMAGE10_543A2A11_1.jpg,OVAL,YELLOW,7,OVAL_YELLOW,145,0,0,0,0,0,0,0,0,0,0,0,1,00591-2805-60
00591-2805-60_RXNAVIMAGE10_543A2A11_2.jpg,OVAL,YELLOW,7,OVAL_YELLOW,145,0,0,0,0,0,0,0,0,0,0,0,1,00591-2805-60
00378-5340-05_RXNAVIMAGE10_59402CE1_1.jpg,CAPSULE,"BLUE, PINK",1,"CAPSULE_BLUE, PINK",13,0,1,0,0,0,0,1,0,0,0,0,0,00378-5340-05
00378-5340-05_RXNAVIMAGE10_59402CE1_2.jpg,CAPSULE,"BLUE, PINK",1,"CAPSULE_BLUE, PINK",13,0,1,0,0,0,0,1,0,0,0,0,0,00378-5340-05
51079-0869-20_RXNAVIMAGE10_DE33EF7F_1.jpg,OVAL,BLUE,7,OVAL_BLUE,123,0,1,0,0,0,0,0,0,0,0,0,0,51079-0869-20
51079-0869-20_RXNAVIMAGE10_DE33EF7F_2.jpg,OVAL,BLUE,7,OVAL_BLUE,123,0,1,0,0,0,0,0,0,0,0,0,0,51079-0869-20
00093-4740-01_RXNAVIMAGE10_F02D781B_1.jpg,OVAL,BROWN,7,OVAL_BROWN,125,0,0,1,0,0,0,0,0,0,0,0,0,00093-4740-01
00093-4740-01_RXNAVIMAGE10_F02D781B_2.jpg,OVAL,BROWN,7,OVAL_BROWN,125,0,0,1,0,0,0,0,0,0,0,0,0,00093-4740-01
00186-1092-05_RXNAVIMAGE10_191D8CEC_1.jpg,ROUND,WHITE,10,ROUND_WHITE,174,0,0,0,0,0,0,0,0,0,0,1,0,00186-1092-05
00186-1092-05_RXNAVIMAGE10_191D8CEC_2.jpg,ROUND,WHITE,10,ROUND_WHITE,174,0,0,0,0,0,0,0,0,0,0,1,0,00186-1092-05
66993-0109-04_RXNAVIMAGE10_6D08B6B5_1.jpg,OVAL,ORANGE,7,OVAL_ORANGE,130,0,0,0,0,0,1,0,0,0,0,0,0,66993-0109-04
66993-0109-04_RXNAVIMAGE10_6D08B6B5_2.jpg,OVAL,ORANGE,7,OVAL_ORANGE,130,0,0,0,0,0,1,0,0,0,0,0,0,66993-0109-04
13913-0008-11_RXNAVIMAGE10_40402001_1.jpg,OVAL,YELLOW,7,OVAL_YELLOW,145,0,0,0,0,0,0,0,0,0,0,0,1,13913-0008-11
13913-0008-11_RXNAVIMAGE10_40402001_2.jpg,OVAL,YELLOW,7,OVAL_YELLOW,145,0,0,0,0,0,0,0,0,0,0,0,1,13913-0008-11
00115-0533-01_RXNAVIMAGE10_9405CA2E_1.jpg,CAPSULE,ORANGE,1,CAPSULE_ORANGE,44,0,0,0,0,0,1,0,0,0,0,0,0,00115-0533-01
00115-0533-01_RXNAVIMAGE10_9405CA2E_2.jpg,CAPSULE,ORANGE,1,CAPSULE_ORANGE,44,0,0,0,0,0,1,0,0,0,0,0,0,00115-0533-01
00093-5703-01_RXNAVIMAGE10_7D2DBE9D_1.jpg,ROUND,YELLOW,10,ROUND_YELLOW,178,0,0,0,0,0,0,0,0,0,0,0,1,00093-5703-01
00093-5703-01_RXNAVIMAGE10_7D2DBE9D_2.jpg,ROUND,YELLOW,10,ROUND_YELLOW,178,0,0,0,0,0,0,0,0,0,0,0,1,00093-5703-01
53746-0193-01_RXNAVIMAGE10_08410408_1.jpg,OVAL,BLUE,7,OVAL_BLUE,123,0,1,0,0,0,0,0,0,0,0,0,0,53746-0193-01
53746-0193-01_RXNAVIMAGE10_08410408_2.jpg,OVAL,BLUE,7,OVAL_BLUE,123,0,1,0,0,0,0,0,0,0,0,0,0,53746-0193-01
00185-0550-30_RXNAVIMAGE10_433BA1DD_1.jpg,CAPSULE,TURQUOISE,1,CAPSULE_TURQUOISE,76,0,0,0,0,0,0,0,0,0,1,0,0,00185-0550-30
00185-0550-30_RXNAVIMAGE10_433BA1DD_2.jpg,CAPSULE,TURQUOISE,1,CAPSULE_TURQUOISE,76,0,0,0,0,0,0,0,0,0,1,0,0,00185-0550-30
00093-1172-01_RXNAVIMAGE10_CC2DE65F_1.jpg,OVAL,WHITE,7,OVAL_WHITE,139,0,0,0,0,0,0,0,0,0,0,1,0,00093-1172-01
00093-1172-01_RXNAVIMAGE10_CC2DE65F_2.jpg,OVAL,WHITE,7,OVAL_WHITE,139,0,0,0,0,0,0,0,0,0,0,1,0,00093-1172-01
00093-7473-06_RXNAVIMAGE10_673CB3C5_1.jpg,OVAL,ORANGE,7,OVAL_ORANGE,130,0,0,0,0,0,1,0,0,0,0,0,0,00093-7473-06
00093-7473-06_RXNAVIMAGE10_673CB3C5_2.jpg,OVAL,ORANGE,7,OVAL_ORANGE,130,0,0,0,0,0,1,0,0,0,0,0,0,00093-7473-06
00591-0606-01_RXNAVIMAGE10_430921F9_1.jpg,ROUND,WHITE,10,ROUND_WHITE,174,0,0,0,0,0,0,0,0,0,0,1,0,00591-0606-01
00591-0606-01_RXNAVIMAGE10_430921F9_2.jpg,ROUND,WHITE,10,ROUND_WHITE,174,0,0,0,0,0,0,0,0,0,0,1,0,00591-0606-01
00078-0351-05_RXNAVIMAGE10_6C163601_1.jpg,ROUND,PINK,10,ROUND_PINK,168,0,0,0,0,0,0,1,0,0,0,0,0,00078-0351-05
00078-0351-05_RXNAVIMAGE10_6C163601_2.jpg,ROUND,PINK,10,ROUND_PINK,168,0,0,0,0,0,0,1,0,0,0,0,0,00078-0351-05
42865-0100-02_RXNAVIMAGE10_4815A41D_1.jpg,CAPSULE,WHITE,1,CAPSULE_WHITE,81,0,0,0,0,0,0,0,0,0,0,1,0,42865-0100-02
42865-0100-02_RXNAVIMAGE10_4815A41D_2.jpg,CAPSULE,WHITE,1,CAPSULE_WHITE,81,0,0,0,0,0,0,0,0,0,0,1,0,42865-0100-02
00173-0830-13_RXNAVIMAGE10_2C161670_1.jpg,ROUND,ORANGE,10,ROUND_ORANGE,166,0,0,0,0,0,1,0,0,0,0,0,0,00173-0830-13
00173-0830-13_RXNAVIMAGE10_2C161670_2.jpg,ROUND,ORANGE,10,ROUND_ORANGE,166,0,0,0,0,0,1,0,0,0,0,0,0,00173-0830-13
00832-0301-00_RXNAVIMAGE10_7D3FBEAD_1.jpg,ROUND,BROWN,10,ROUND_BROWN,162,0,0,1,0,0,0,0,0,0,0,0,0,00832-0301-00
00832-0301-00_RXNAVIMAGE10_7D3FBEAD_2.jpg,ROUND,BROWN,10,ROUND_BROWN,162,0,0,1,0,0,0,0,0,0,0,0,0,00832-0301-00
29300-0112-10_RXNAVIMAGE10_433E21F1_1.jpg,TRIANGLE,WHITE,15,TRIANGLE_WHITE,202,0,0,0,0,0,0,0,0,0,0,1,0,29300-0112-10
29300-0112-10_RXNAVIMAGE10_433E21F1_2.jpg,TRIANGLE,WHITE,15,TRIANGLE_WHITE,202,0,0,0,0,0,0,0,0,0,0,1,0,29300-0112-10
43547-0272-10_RXNAVIMAGE10_5941ACCD_1.jpg,ROUND,PURPLE,10,ROUND_PURPLE,171,0,0,0,0,0,0,0,1,0,0,0,0,43547-0272-10
43547-0272-10_RXNAVIMAGE10_5941ACCD_2.jpg,ROUND,PURPLE,10,ROUND_PURPLE,171,0,0,0,0,0,0,0,1,0,0,0,0,43547-0272-10
52544-0550-28_RXNAVIMAGE10_48502421_1.jpg,ROUND,YELLOW,10,ROUND_YELLOW,178,0,0,0,0,0,0,0,0,0,0,0,1,52544-0550-28
52544-0550-28_RXNAVIMAGE10_48502421_2.jpg,ROUND,YELLOW,10,ROUND_YELLOW,178,0,0,0,0,0,0,0,0,0,0,0,1,52544-0550-28
52544-0276-21_RXNAVIMAGE10_635031A1_1.jpg,ROUND,WHITE,10,ROUND_WHITE,174,0,0,0,0,0,0,0,0,0,0,1,0,52544-0276-21
52544-0276-21_RXNAVIMAGE10_635031A1_2.jpg,ROUND,WHITE,10,ROUND_WHITE,174,0,0,0,0,0,0,0,0,0,0,1,0,52544-0276-21
00591-5786-01_RXNAVIMAGE10_213490B4_1.jpg,CAPSULE,"GREEN, WHITE",1,"CAPSULE_GREEN, WHITE",42,0,0,0,0,1,0,0,0,0,0,1,0,00591-5786-01
00591-5786-01_RXNAVIMAGE10_213490B4_2.jpg,CAPSULE,"GREEN, WHITE",1,"CAPSULE_GREEN, WHITE",42,0,0,0,0,1,0,0,0,0,0,1,0,00591-5786-01
00527-1638-01_RXNAVIMAGE10_4F0827D1_1.jpg,ROUND,BLUE,10,ROUND_BLUE,160,0,1,0,0,0,0,0,0,0,0,0,0,00527-1638-01
00527-1638-01_RXNAVIMAGE10_4F0827D1_2.jpg,ROUND,BLUE,10,ROUND_BLUE,160,0,1,0,0,0,0,0,0,0,0,0,0,00527-1638-01
00591-5788-01_RXNAVIMAGE10_C51FE2DF_1.jpg,CAPSULE,WHITE,1,CAPSULE_WHITE,81,0,0,0,0,0,0,0,0,0,0,1,0,00591-5788-01
00591-5788-01_RXNAVIMAGE10_C51FE2DF_2.jpg,CAPSULE,WHITE,1,CAPSULE_WHITE,81,0,0,0,0,0,0,0,0,0,0,1,0,00591-5788-01
57237-0170-90_RXNAVIMAGE10_EF5077C3_1.jpg,ROUND,PINK,10,ROUND_PINK,168,0,0,0,0,0,0,1,0,0,0,0,0,57237-0170-90
57237-0170-90_RXNAVIMAGE10_EF5077C3_2.jpg,ROUND,PINK,10,ROUND_PINK,168,0,0,0,0,0,0,1,0,0,0,0,0,57237-0170-90
00093-7305-65_RXNAVIMAGE10_7C2F3E59_1.jpg,ROUND,WHITE,10,ROUND_WHITE,174,0,0,0,0,0,0,0,0,0,0,1,0,00093-7305-65
00093-7305-65_RXNAVIMAGE10_7C2F3E59_2.jpg,ROUND,WHITE,10,ROUND_WHITE,174,0,0,0,0,0,0,0,0,0,0,1,0,00093-7305-65
00093-2272-34_RXNAVIMAGE10_DD2D6EBB_1.jpg,OVAL,PINK,7,OVAL_PINK,133,0,0,0,0,0,0,1,0,0,0,0,0,00093-2272-34
00093-2272-34_RXNAVIMAGE10_DD2D6EBB_2.jpg,OVAL,PINK,7,OVAL_PINK,133,0,0,0,0,0,0,1,0,0,0,0,0,00093-2272-34
00555-0969-02_RXNAVIMAGE10_0C300600_1.jpg,OVAL,BROWN,7,OVAL_BROWN,125,0,0,1,0,0,0,0,0,0,0,0,0,00555-0969-02
00555-0969-02_RXNAVIMAGE10_0C300600_2.jpg,OVAL,BROWN,7,OVAL_BROWN,125,0,0,1,0,0,0,0,0,0,0,0,0,00555-0969-02
00172-4096-60_RXNAVIMAGE10_5C232E79_1.jpg,ROUND,WHITE,10,ROUND_WHITE,174,0,0,0,0,0,0,0,0,0,0,1,0,00172-4096-60
00172-4096-60_RXNAVIMAGE10_5C232E79_2.jpg,ROUND,WHITE,10,ROUND_WHITE,174,0,0,0,0,0,0,0,0,0,0,1,0,00172-4096-60
13668-0140-05_RXNAVIMAGE10_023E8104_1.jpg,ROUND,WHITE,10,ROUND_WHITE,174,0,0,0,0,0,0,0,0,0,0,1,0,13668-0140-05
13668-0140-05_RXNAVIMAGE10_023E8104_2.jpg,ROUND,WHITE,10,ROUND_WHITE,174,0,0,0,0,0,0,0,0,0,0,1,0,13668-0140-05
00093-1049-98_RXNAVIMAGE10_CE29E75F_1.jpg,OVAL,WHITE,7,OVAL_WHITE,139,0,0,0,0,0,0,0,0,0,0,1,0,00093-1049-98
00093-1049-98_RXNAVIMAGE10_CE29E75F_2.jpg,OVAL,WHITE,7,OVAL_WHITE,139,0,0,0,0,0,0,0,0,0,0,1,0,00093-1049-98
59630-0701-48_RXNAVIMAGE10_D916EC97_1.jpg,ROUND,WHITE,10,ROUND_WHITE,174,0,0,0,0,0,0,0,0,0,0,1,0,59630-0701-48
59630-0701-48_RXNAVIMAGE10_D916EC97_2.jpg,ROUND,WHITE,10,ROUND_WHITE,174,0,0,0,0,0,0,0,0,0,0,1,0,59630-0701-48
66993-0165-02_RXNAVIMAGE10_8E404752_1.jpg,OVAL,PURPLE,7,OVAL_PURPLE,135,0,0,0,0,0,0,0,1,0,0,0,0,66993-0165-02
66993-0165-02_RXNAVIMAGE10_8E404752_2.jpg,OVAL,PURPLE,7,OVAL_PURPLE,135,0,0,0,0,0,0,0,1,0,0,0,0,66993-0165-02
00093-7198-56_RXNAVIMAGE10_C429620B_1.jpg,CAPSULE,"BLUE, ORANGE",1,"CAPSULE_BLUE, ORANGE",12,0,1,0,0,0,1,0,0,0,0,0,0,00093-7198-56
00093-7198-56_RXNAVIMAGE10_C429620B_2.jpg,CAPSULE,"BLUE, ORANGE",1,"CAPSULE_BLUE, ORANGE",12,0,1,0,0,0,1,0,0,0,0,0,0,00093-7198-56
00093-7326-01_RXNAVIMAGE10_812D40CA_1.jpg,OVAL,YELLOW,7,OVAL_YELLOW,145,0,0,0,0,0,0,0,0,0,0,0,1,00093-7326-01
00093-7326-01_RXNAVIMAGE10_812D40CA_2.jpg,OVAL,YELLOW,7,OVAL_YELLOW,145,0,0,0,0,0,0,0,0,0,0,0,1,00093-7326-01
57664-0327-86_RXNAVIMAGE10_5B432DB9_1.jpg,OVAL,WHITE,7,OVAL_WHITE,139,0,0,0,0,0,0,0,0,0,0,1,0,57664-0327-86
57664-0327-86_RXNAVIMAGE10_5B432DB9_2.jpg,OVAL,WHITE,7,OVAL_WHITE,139,0,0,0,0,0,0,0,0,0,0,1,0,57664-0327-86
64896-0671-51_RXNAVIMAGE10_983D4C3A_1.jpg,ROUND,YELLOW,10,ROUND_YELLOW,178,0,0,0,0,0,0,0,0,0,0,0,1,64896-0671-51
64896-0671-51_RXNAVIMAGE10_983D4C3A_2.jpg,ROUND,YELLOW,10,ROUND_YELLOW,178,0,0,0,0,0,0,0,0,0,0,0,1,64896-0671-51
69543-0135-10_RXNAVIMAGE10_DE50EF37_1.jpg,OVAL,YELLOW,7,OVAL_YELLOW,145,0,0,0,0,0,0,0,0,0,0,0,1,69543-0135-10
69543-0135-10_RXNAVIMAGE10_DE50EF37_2.jpg,OVAL,YELLOW,7,OVAL_YELLOW,145,0,0,0,0,0,0,0,0,0,0,0,1,69543-0135-10
00378-3856-77_RXNAVIMAGE10_F71C7BE3_1.jpg,ROUND,WHITE,10,ROUND_WHITE,174,0,0,0,0,0,0,0,0,0,0,1,0,00378-3856-77
00378-3856-77_RXNAVIMAGE10_F71C7BE3_2.jpg,ROUND,WHITE,10,ROUND_WHITE,174,0,0,0,0,0,0,0,0,0,0,1,0,00378-3856-77
62756-0554-88_RXNAVIMAGE10_A63C5302_1.jpg,OVAL,YELLOW,7,OVAL_YELLOW,145,0,0,0,0,0,0,0,0,0,0,0,1,62756-0554-88
62756-0554-88_RXNAVIMAGE10_A63C5302_2.jpg,OVAL,YELLOW,7,OVAL_YELLOW,145,0,0,0,0,0,0,0,0,0,0,0,1,62756-0554-88
64980-0186-01_RXNAVIMAGE10_C64E6363_1.jpg,OVAL,WHITE,7,OVAL_WHITE,139,0,0,0,0,0,0,0,0,0,0,1,0,64980-0186-01
64980-0186-01_RXNAVIMAGE10_C64E6363_2.jpg,OVAL,WHITE,7,OVAL_WHITE,139,0,0,0,0,0,0,0,0,0,0,1,0,64980-0186-01
00555-0775-02_RXNAVIMAGE10_4B422581_1.jpg,ROUND,BLUE,10,ROUND_BLUE,160,0,1,0,0,0,0,0,0,0,0,0,0,00555-0775-02
00555-0775-02_RXNAVIMAGE10_4B422581_2.jpg,ROUND,BLUE,10,ROUND_BLUE,160,0,1,0,0,0,0,0,0,0,0,0,0,00555-0775-02
00071-0156-23_RXNAVIMAGE10_741C3A41_1.jpg,OVAL,WHITE,7,OVAL_WHITE,139,0,0,0,0,0,0,0,0,0,0,1,0,00071-0156-23
00071-0156-23_RXNAVIMAGE10_741C3A41_2.jpg,OVAL,WHITE,7,OVAL_WHITE,139,0,0,0,0,0,0,0,0,0,0,1,0,00071-0156-23
68462-0235-01_RXNAVIMAGE10_693B3489_1.jpg,ROUND,ORANGE,10,ROUND_ORANGE,166,0,0,0,0,0,1,0,0,0,0,0,0,68462-0235-01
68462-0235-01_RXNAVIMAGE10_693B3489_2.jpg,ROUND,ORANGE,10,ROUND_ORANGE,166,0,0,0,0,0,1,0,0,0,0,0,0,68462-0235-01
00378-0503-01_RXNAVIMAGE10_C923E4BF_1.jpg,ROUND,BLUE,10,ROUND_BLUE,160,0,1,0,0,0,0,0,0,0,0,0,0,00378-0503-01
00378-0503-01_RXNAVIMAGE10_C923E4BF_2.jpg,ROUND,BLUE,10,ROUND_BLUE,160,0,1,0,0,0,0,0,0,0,0,0,0,00378-0503-01
33342-0058-07_RXNAVIMAGE10_ED4676D3_1.jpg,OVAL,ORANGE,7,OVAL_ORANGE,130,0,0,0,0,0,1,0,0,0,0,0,0,33342-0058-07
33342-0058-07_RXNAVIMAGE10_ED4676D3_2.jpg,OVAL,ORANGE,7,OVAL_ORANGE,130,0,0,0,0,0,1,0,0,0,0,0,0,33342-0058-07
52544-0151-30_RXNAVIMAGE10_343E9A24_1.jpg,CAPSULE,WHITE,1,CAPSULE_WHITE,81,0,0,0,0,0,0,0,0,0,0,1,0,52544-0151-30
52544-0151-30_RXNAVIMAGE10_343E9A24_2.jpg,CAPSULE,WHITE,1,CAPSULE_WHITE,81,0,0,0,0,0,0,0,0,0,0,1,0,52544-0151-30
00032-1224-07_RXNAVIMAGE10_AC13563A_1.jpg,CAPSULE,"ORANGE, WHITE",1,"CAPSULE_ORANGE, WHITE",50,0,0,0,0,0,1,0,0,0,0,1,0,00032-1224-07
00032-1224-07_RXNAVIMAGE10_AC13563A_2.jpg,CAPSULE,"ORANGE, WHITE",1,"CAPSULE_ORANGE, WHITE",50,0,0,0,0,0,1,0,0,0,0,1,0,00032-1224-07
00078-0456-05_RXNAVIMAGE10_D5126A83_1.jpg,OVAL,GREEN,7,OVAL_GREEN,129,0,0,0,0,1,0,0,0,0,0,0,0,00078-0456-05
00078-0456-05_RXNAVIMAGE10_D5126A83_2.jpg,OVAL,GREEN,7,OVAL_GREEN,129,0,0,0,0,1,0,0,0,0,0,0,0,00078-0456-05
60505-2607-01_RXNAVIMAGE10_013480F4_1.jpg,OVAL,WHITE,7,OVAL_WHITE,139,0,0,0,0,0,0,0,0,0,0,1,0,60505-2607-01
60505-2607-01_RXNAVIMAGE10_013480F4_2.jpg,OVAL,WHITE,7,OVAL_WHITE,139,0,0,0,0,0,0,0,0,0,0,1,0,60505-2607-01
00310-0754-30_RXNAVIMAGE10_8F3A4782_1.jpg,ROUND,PINK,10,ROUND_PINK,168,0,0,0,0,0,0,1,0,0,0,0,0,00310-0754-30
00310-0754-30_RXNAVIMAGE10_8F3A4782_2.jpg,ROUND,PINK,10,ROUND_PINK,168,0,0,0,0,0,0,1,0,0,0,0,0,00310-0754-30
00536-1018-01_RXNAVIMAGE10_8D3C46D2_1.jpg,ROUND,PINK,10,ROUND_PINK,168,0,0,0,0,0,0,1,0,0,0,0,0,00536-1018-01
00536-1018-01_RXNAVIMAGE10_8D3C46D2_2.jpg,ROUND,PINK,10,ROUND_PINK,168,0,0,0,0,0,0,1,0,0,0,0,0,00536-1018-01
51672-4033-01_RXNAVIMAGE10_A72653F2_1.jpg,OVAL,TURQUOISE,7,OVAL_TURQUOISE,138,0,0,0,0,0,0,0,0,0,1,0,0,51672-4033-01
51672-4033-01_RXNAVIMAGE10_A72653F2_2.jpg,OVAL,TURQUOISE,7,OVAL_TURQUOISE,138,0,0,0,0,0,0,0,0,0,1,0,0,51672-4033-01
68180-0554-09_RXNAVIMAGE10_9B474DBA_1.jpg,ROUND,YELLOW,10,ROUND_YELLOW,178,0,0,0,0,0,0,0,0,0,0,0,1,68180-0554-09
68180-0554-09_RXNAVIMAGE10_9B474DBA_2.jpg,ROUND,YELLOW,10,ROUND_YELLOW,178,0,0,0,0,0,0,0,0,0,0,0,1,68180-0554-09
43547-0256-50_RXNAVIMAGE10_823AC166_1.jpg,OVAL,WHITE,7,OVAL_WHITE,139,0,0,0,0,0,0,0,0,0,0,1,0,43547-0256-50
43547-0256-50_RXNAVIMAGE10_823AC166_2.jpg,OVAL,WHITE,7,OVAL_WHITE,139,0,0,0,0,0,0,0,0,0,0,1,0,43547-0256-50
33342-0057-10_RXNAVIMAGE10_D740EBA7_1.jpg,OVAL,ORANGE,7,OVAL_ORANGE,130,0,0,0,0,0,1,0,0,0,0,0,0,33342-0057-10
33342-0057-10_RXNAVIMAGE10_D740EBA7_2.jpg,OVAL,ORANGE,7,OVAL_ORANGE,130,0,0,0,0,0,1,0,0,0,0,0,0,33342-0057-10
00172-5241-60_RXNAVIMAGE10_AA2DD57E_1.jpg,CAPSULE,"GRAY, WHITE",1,"CAPSULE_GRAY, WHITE",30,0,0,0,1,0,0,0,0,0,0,1,0,00172-5241-60
00172-5241-60_RXNAVIMAGE10_AA2DD57E_2.jpg,CAPSULE,"GRAY, WHITE",1,"CAPSULE_GRAY, WHITE",30,0,0,0,1,0,0,0,0,0,0,1,0,00172-5241-60
00603-5337-32_RXNAVIMAGE10_6C12B645_1.jpg,ROUND,WHITE,10,ROUND_WHITE,174,0,0,0,0,0,0,0,0,0,0,1,0,00603-5337-32
00603-5337-32_RXNAVIMAGE10_6C12B645_2.jpg,ROUND,WHITE,10,ROUND_WHITE,174,0,0,0,0,0,0,0,0,0,0,1,0,00603-5337-32
55111-0534-05_RXNAVIMAGE10_E63DF37F_1.jpg,OVAL,GRAY,7,OVAL_GRAY,127,0,0,0,1,0,0,0,0,0,0,0,0,55111-0534-05
55111-0534-05_RXNAVIMAGE10_E63DF37F_2.jpg,OVAL,GRAY,7,OVAL_GRAY,127,0,0,0,1,0,0,0,0,0,0,0,0,55111-0534-05
27241-0003-50_RXNAVIMAGE10_40432039_1.jpg,ROUND,ORANGE,10,ROUND_ORANGE,166,0,0,0,0,0,1,0,0,0,0,0,0,27241-0003-50
27241-0003-50_RXNAVIMAGE10_40432039_2.jpg,ROUND,ORANGE,10,ROUND_ORANGE,166,0,0,0,0,0,1,0,0,0,0,0,0,27241-0003-50
29300-0139-05_RXNAVIMAGE10_AB39D58E_1.jpg,OVAL,PINK,7,OVAL_PINK,133,0,0,0,0,0,0,1,0,0,0,0,0,29300-0139-05
29300-0139-05_RXNAVIMAGE10_AB39D58E_2.jpg,OVAL,PINK,7,OVAL_PINK,133,0,0,0,0,0,0,1,0,0,0,0,0,29300-0139-05
00173-0792-20_RXNAVIMAGE10_8618C366_1.jpg,ROUND,WHITE,10,ROUND_WHITE,174,0,0,0,0,0,0,0,0,0,0,1,0,00173-0792-20
00173-0792-20_RXNAVIMAGE10_8618C366_2.jpg,ROUND,WHITE,10,ROUND_WHITE,174,0,0,0,0,0,0,0,0,0,0,1,0,00173-0792-20
68180-0760-01_RXNAVIMAGE10_513DA8DD_1.jpg,CAPSULE,"BLUE, WHITE",1,"CAPSULE_BLUE, WHITE",16,0,1,0,0,0,0,0,0,0,0,1,0,68180-0760-01
68180-0760-01_RXNAVIMAGE10_513DA8DD_2.jpg,CAPSULE,"BLUE, WHITE",1,"CAPSULE_BLUE, WHITE",16,0,1,0,0,0,0,0,0,0,0,1,0,68180-0760-01
51079-0742-20_RXNAVIMAGE10_273513F8_1.jpg,CAPSULE,"GREEN, GREEN",1,"CAPSULE_GREEN, GREEN",37,0,0,0,0,1,0,0,0,0,0,0,0,51079-0742-20
51079-0742-20_RXNAVIMAGE10_273513F8_2.jpg,CAPSULE,"GREEN, GREEN",1,"CAPSULE_GREEN, GREEN",37,0,0,0,0,1,0,0,0,0,0,0,0,51079-0742-20
60258-0160-01_RXNAVIMAGE10_920EC976_1.jpg,ROUND,RED,10,ROUND_RED,172,0,0,0,0,0,0,0,0,1,0,0,0,60258-0160-01
60258-0160-01_RXNAVIMAGE10_920EC976_2.jpg,ROUND,RED,10,ROUND_RED,172,0,0,0,0,0,0,0,0,1,0,0,0,60258-0160-01
16729-0172-01_RXNAVIMAGE10_E74EF3A7_1.jpg,ROUND,BROWN,10,ROUND_BROWN,162,0,0,1,0,0,0,0,0,0,0,0,0,16729-0172-01
16729-0172-01_RXNAVIMAGE10_E74EF3A7_2.jpg,ROUND,BROWN,10,ROUND_BROWN,162,0,0,1,0,0,0,0,0,0,0,0,0,16729-0172-01
23155-0057-01_RXNAVIMAGE10_7D15BEBD_1.jpg,OVAL,PINK,7,OVAL_PINK,133,0,0,0,0,0,0,1,0,0,0,0,0,23155-0057-01
23155-0057-01_RXNAVIMAGE10_7D15BEBD_2.jpg,OVAL,PINK,7,OVAL_PINK,133,0,0,0,0,0,0,1,0,0,0,0,0,23155-0057-01
65162-0517-10_RXNAVIMAGE10_F5087AB3_1.jpg,ROUND,BROWN,10,ROUND_BROWN,162,0,0,1,0,0,0,0,0,0,0,0,0,65162-0517-10
65162-0517-10_RXNAVIMAGE10_F5087AB3_2.jpg,ROUND,BROWN,10,ROUND_BROWN,162,0,0,1,0,0,0,0,0,0,0,0,0,65162-0517-10
00093-2059-01_RXNAVIMAGE10_5B38ADD5_1.jpg,ROUND,YELLOW,10,ROUND_YELLOW,178,0,0,0,0,0,0,0,0,0,0,0,1,00093-2059-01
00093-2059-01_RXNAVIMAGE10_5B38ADD5_2.jpg,ROUND,YELLOW,10,ROUND_YELLOW,178,0,0,0,0,0,0,0,0,0,0,0,1,00093-2059-01
62037-0577-01_RXNAVIMAGE10_10210878_1.jpg,OVAL,YELLOW,7,OVAL_YELLOW,145,0,0,0,0,0,0,0,0,0,0,0,1,62037-0577-01
62037-0577-01_RXNAVIMAGE10_10210878_2.jpg,OVAL,YELLOW,7,OVAL_YELLOW,145,0,0,0,0,0,0,0,0,0,0,0,1,62037-0577-01
00143-1254-01_RXNAVIMAGE10_ED0776DB_1.jpg,ROUND,WHITE,10,ROUND_WHITE,174,0,0,0,0,0,0,0,0,0,0,1,0,00143-1254-01
00143-1254-01_RXNAVIMAGE10_ED0776DB_2.jpg,ROUND,WHITE,10,ROUND_WHITE,174,0,0,0,0,0,0,0,0,0,0,1,0,00143-1254-01
59762-8398-01_RXNAVIMAGE10_E71273E3_1.jpg,OVAL,BLUE,7,OVAL_BLUE,123,0,1,0,0,0,0,0,0,0,0,0,0,59762-8398-01
59762-8398-01_RXNAVIMAGE10_E71273E3_2.jpg,OVAL,BLUE,7,OVAL_BLUE,123,0,1,0,0,0,0,0,0,0,0,0,0,59762-8398-01
13913-0005-19_RXNAVIMAGE10_9949CCBE_1.jpg,OVAL,BROWN,7,OVAL_BROWN,125,0,0,1,0,0,0,0,0,0,0,0,0,13913-0005-19
13913-0005-19_RXNAVIMAGE10_9949CCBE_2.jpg,OVAL,BROWN,7,OVAL_BROWN,125,0,0,1,0,0,0,0,0,0,0,0,0,13913-0005-19
00574-0113-02_RXNAVIMAGE10_633E31B1_1.jpg,ROUND,WHITE,10,ROUND_WHITE,174,0,0,0,0,0,0,0,0,0,0,1,0,00574-0113-02
00574-0113-02_RXNAVIMAGE10_633E31B1_2.jpg,ROUND,WHITE,10,ROUND_WHITE,174,0,0,0,0,0,0,0,0,0,0,1,0,00574-0113-02
00185-0204-01_RXNAVIMAGE10_A123509A_1.jpg,OVAL,PINK,7,OVAL_PINK,133,0,0,0,0,0,0,1,0,0,0,0,0,00185-0204-01
00185-0204-01_RXNAVIMAGE10_A123509A_2.jpg,OVAL,PINK,7,OVAL_PINK,133,0,0,0,0,0,0,1,0,0,0,0,0,00185-0204-01
00009-5191-02_RXNAVIMAGE10_3C159E1C_1.jpg,CAPSULE,BLUE,1,CAPSULE_BLUE,7,0,1,0,0,0,0,0,0,0,0,0,0,00009-5191-02
00009-5191-02_RXNAVIMAGE10_3C159E1C_2.jpg,CAPSULE,BLUE,1,CAPSULE_BLUE,7,0,1,0,0,0,0,0,0,0,0,0,0,00009-5191-02
00591-4012-01_RXNAVIMAGE10_EA127563_1.jpg,OVAL,WHITE,7,OVAL_WHITE,139,0,0,0,0,0,0,0,0,0,0,1,0,00591-4012-01
00591-4012-01_RXNAVIMAGE10_EA127563_2.jpg,OVAL,WHITE,7,OVAL_WHITE,139,0,0,0,0,0,0,0,0,0,0,1,0,00591-4012-01
61958-1004-01_RXNAVIMAGE10_32431978_1.jpg,OVAL,YELLOW,7,OVAL_YELLOW,145,0,0,0,0,0,0,0,0,0,0,0,1,61958-1004-01
61958-1004-01_RXNAVIMAGE10_32431978_2.jpg,OVAL,YELLOW,7,OVAL_YELLOW,145,0,0,0,0,0,0,0,0,0,0,0,1,61958-1004-01
49884-0574-11_RXNAVIMAGE10_973ECBA6_1.jpg,OVAL,WHITE,7,OVAL_WHITE,139,0,0,0,0,0,0,0,0,0,0,1,0,49884-0574-11
49884-0574-11_RXNAVIMAGE10_973ECBA6_2.jpg,OVAL,WHITE,7,OVAL_WHITE,139,0,0,0,0,0,0,0,0,0,0,1,0,49884-0574-11
00378-0577-01_RXNAVIMAGE10_C339E1EF_1.jpg,ROUND,ORANGE,10,ROUND_ORANGE,166,0,0,0,0,0,1,0,0,0,0,0,0,00378-0577-01
00378-0577-01_RXNAVIMAGE10_C339E1EF_2.jpg,ROUND,ORANGE,10,ROUND_ORANGE,166,0,0,0,0,0,1,0,0,0,0,0,0,00378-0577-01
65162-0750-03_RXNAVIMAGE10_2A4F954C_1.jpg,OVAL,YELLOW,7,OVAL_YELLOW,145,0,0,0,0,0,0,0,0,0,0,0,1,65162-0750-03
65162-0750-03_RXNAVIMAGE10_2A4F954C_2.jpg,OVAL,YELLOW,7,OVAL_YELLOW,145,0,0,0,0,0,0,0,0,0,0,0,1,65162-0750-03
00378-0244-01_RXNAVIMAGE10_9421CA2E_1.jpg,OVAL,WHITE,7,OVAL_WHITE,139,0,0,0,0,0,0,0,0,0,0,1,0,00378-0244-01
00378-0244-01_RXNAVIMAGE10_9421CA2E_2.jpg,OVAL,WHITE,7,OVAL_WHITE,139,0,0,0,0,0,0,0,0,0,0,1,0,00378-0244-01
00093-4235-01_RXNAVIMAGE10_222D910C_1.jpg,ROUND,WHITE,10,ROUND_WHITE,174,0,0,0,0,0,0,0,0,0,0,1,0,00093-4235-01
00093-4235-01_RXNAVIMAGE10_222D910C_2.jpg,ROUND,WHITE,10,ROUND_WHITE,174,0,0,0,0,0,0,0,0,0,0,1,0,00093-4235-01
00054-0098-25_RXNAVIMAGE10_97454BFA_1.jpg,ROUND,ORANGE,10,ROUND_ORANGE,166,0,0,0,0,0,1,0,0,0,0,0,0,00054-0098-25
00054-0098-25_RXNAVIMAGE10_97454BFA_2.jpg,ROUND,ORANGE,10,ROUND_ORANGE,166,0,0,0,0,0,1,0,0,0,0,0,0,00054-0098-25
11822-0691-01_RXNAVIMAGE10_52392909_1.jpg,OVAL,WHITE,7,OVAL_WHITE,139,0,0,0,0,0,0,0,0,0,0,1,0,11822-0691-01
11822-0691-01_RXNAVIMAGE10_52392909_2.jpg,OVAL,WHITE,7,OVAL_WHITE,139,0,0,0,0,0,0,0,0,0,0,1,0,11822-0691-01
68382-0131-01_RXNAVIMAGE10_9D08CEE6_1.jpg,OVAL,WHITE,7,OVAL_WHITE,139,0,0,0,0,0,0,0,0,0,0,1,0,68382-0131-01
68382-0131-01_RXNAVIMAGE10_9D08CEE6_2.jpg,OVAL,WHITE,7,OVAL_WHITE,139,0,0,0,0,0,0,0,0,0,0,1,0,68382-0131-01
00430-0472-03_RXNAVIMAGE10_08400400_1.jpg,OVAL,ORANGE,7,OVAL_ORANGE,130,0,0,0,0,0,1,0,0,0,0,0,0,00430-0472-03
00430-0472-03_RXNAVIMAGE10_08400400_2.jpg,OVAL,ORANGE,7,OVAL_ORANGE,130,0,0,0,0,0,1,0,0,0,0,0,0,00430-0472-03
00054-4742-25_RXNAVIMAGE10_8841445A_1.jpg,ROUND,WHITE,10,ROUND_WHITE,174,0,0,0,0,0,0,0,0,0,0,1,0,00054-4742-25
00054-4742-25_RXNAVIMAGE10_8841445A_2.jpg,ROUND,WHITE,10,ROUND_WHITE,174,0,0,0,0,0,0,0,0,0,0,1,0,00054-4742-25
00007-3650-22_RXNAVIMAGE10_4C192669_1.jpg,CAPSULE,"RED, WHITE",1,"CAPSULE_RED, WHITE",74,0,0,0,0,0,0,0,0,1,0,1,0,00007-3650-22
00007-3650-22_RXNAVIMAGE10_4C192669_2.jpg,CAPSULE,"RED, WHITE",1,"CAPSULE_RED, WHITE",74,0,0,0,0,0,0,0,0,1,0,1,0,00007-3650-22
00591-0242-10_RXNAVIMAGE10_C216E157_1.jpg,ROUND,WHITE,10,ROUND_WHITE,174,0,0,0,0,0,0,0,0,0,0,1,0,00591-0242-10
00591-0242-10_RXNAVIMAGE10_C216E157_2.jpg,ROUND,WHITE,10,ROUND_WHITE,174,0,0,0,0,0,0,0,0,0,0,1,0,00591-0242-10
16714-0693-01_RXNAVIMAGE10_B549DACE_1.jpg,OVAL,PINK,7,OVAL_PINK,133,0,0,0,0,0,0,1,0,0,0,0,0,16714-0693-01
16714-0693-01_RXNAVIMAGE10_B549DACE_2.jpg,OVAL,PINK,7,OVAL_PINK,133,0,0,0,0,0,0,1,0,0,0,0,0,16714-0693-01
00591-0370-01_RXNAVIMAGE10_F80E7C63_1.jpg,CAPSULE,"WHITE, YELLOW",1,"CAPSULE_WHITE, YELLOW",93,0,0,0,0,0,0,0,0,0,0,1,1,00591-0370-01
00591-0370-01_RXNAVIMAGE10_F80E7C63_2.jpg,CAPSULE,"WHITE, YELLOW",1,"CAPSULE_WHITE, YELLOW",93,0,0,0,0,0,0,0,0,0,0,1,1,00591-0370-01
00093-8055-14_RXNAVIMAGE10_C53862D3_1.jpg,OVAL,YELLOW,7,OVAL_YELLOW,145,0,0,0,0,0,0,0,0,0,0,0,1,00093-8055-14
00093-8055-14_RXNAVIMAGE10_C53862D3_2.jpg,OVAL,YELLOW,7,OVAL_YELLOW,145,0,0,0,0,0,0,0,0,0,0,0,1,00093-8055-14
00555-0952-02_RXNAVIMAGE10_DA41ED7F_1.jpg,ROUND,ORANGE,10,ROUND_ORANGE,166,0,0,0,0,0,1,0,0,0,0,0,0,00555-0952-02
00555-0952-02_RXNAVIMAGE10_DA41ED7F_2.jpg,ROUND,ORANGE,10,ROUND_ORANGE,166,0,0,0,0,0,1,0,0,0,0,0,0,00555-0952-02
00591-0343-01_RXNAVIMAGE10_10128854_1.jpg,ROUND,WHITE,10,ROUND_WHITE,174,0,0,0,0,0,0,0,0,0,0,1,0,00591-0343-01
00591-0343-01_RXNAVIMAGE10_10128854_2.jpg,ROUND,WHITE,10,ROUND_WHITE,174,0,0,0,0,0,0,0,0,0,0,1,0,00591-0343-01
00555-9049-58_RXNAVIMAGE10_4736A3E5_1.jpg,ROUND,GREEN,10,ROUND_GREEN,164,0,0,0,0,1,0,0,0,0,0,0,0,00555-9049-58
00555-9049-58_RXNAVIMAGE10_4736A3E5_2.jpg,ROUND,GREEN,10,ROUND_GREEN,164,0,0,0,0,1,0,0,0,0,0,0,0,00555-9049-58
60505-0209-01_RXNAVIMAGE10_5A462D51_1.jpg,ROUND,RED,10,ROUND_RED,172,0,0,0,0,0,0,0,0,1,0,0,0,60505-0209-01
60505-0209-01_RXNAVIMAGE10_5A462D51_2.jpg,ROUND,RED,10,ROUND_RED,172,0,0,0,0,0,0,0,0,1,0,0,0,60505-0209-01
60505-5307-01_RXNAVIMAGE10_4D26A6D5_1.jpg,OVAL,WHITE,7,OVAL_WHITE,139,0,0,0,0,0,0,0,0,0,0,1,0,60505-5307-01
60505-5307-01_RXNAVIMAGE10_4D26A6D5_2.jpg,OVAL,WHITE,7,OVAL_WHITE,139,0,0,0,0,0,0,0,0,0,0,1,0,60505-5307-01
43199-0014-01_RXNAVIMAGE10_E0467043_1.jpg,OVAL,WHITE,7,OVAL_WHITE,139,0,0,0,0,0,0,0,0,0,0,1,0,43199-0014-01
43199-0014-01_RXNAVIMAGE10_E0467043_2.jpg,OVAL,WHITE,7,OVAL_WHITE,139,0,0,0,0,0,0,0,0,0,0,1,0,43199-0014-01
59762-6691-05_RXNAVIMAGE10_9A084D22_1.jpg,ROUND,PINK,10,ROUND_PINK,168,0,0,0,0,0,0,1,0,0,0,0,0,59762-6691-05
59762-6691-05_RXNAVIMAGE10_9A084D22_2.jpg,ROUND,PINK,10,ROUND_PINK,168,0,0,0,0,0,0,1,0,0,0,0,0,59762-6691-05
29300-0189-01_RXNAVIMAGE10_3A3A9D34_1.jpg,ROUND,WHITE,10,ROUND_WHITE,174,0,0,0,0,0,0,0,0,0,0,1,0,29300-0189-01
29300-0189-01_RXNAVIMAGE10_3A3A9D34_2.jpg,ROUND,WHITE,10,ROUND_WHITE,174,0,0,0,0,0,0,0,0,0,0,1,0,29300-0189-01
00591-5661-01_RXNAVIMAGE10_520EA935_1.jpg,ROUND,YELLOW,10,ROUND_YELLOW,178,0,0,0,0,0,0,0,0,0,0,0,1,00591-5661-01
00591-5661-01_RXNAVIMAGE10_520EA935_2.jpg,ROUND,YELLOW,10,ROUND_YELLOW,178,0,0,0,0,0,0,0,0,0,0,0,1,00591-5661-01
68382-0144-06_RXNAVIMAGE10_A7505392_1.jpg,CAPSULE,"WHITE, YELLOW",1,"CAPSULE_WHITE, YELLOW",93,0,0,0,0,0,0,0,0,0,0,1,1,68382-0144-06
68382-0144-06_RXNAVIMAGE10_A7505392_2.jpg,CAPSULE,"WHITE, YELLOW",1,"CAPSULE_WHITE, YELLOW",93,0,0,0,0,0,0,0,0,0,0,1,1,68382-0144-06
00056-0511-68_RXNAVIMAGE10_7E16BF75_1.jpg,ROUND,ORANGE,10,ROUND_ORANGE,166,0,0,0,0,0,1,0,0,0,0,0,0,00056-0511-68
00056-0511-68_RXNAVIMAGE10_7E16BF75_2.jpg,ROUND,ORANGE,10,ROUND_ORANGE,166,0,0,0,0,0,1,0,0,0,0,0,0,00056-0511-68
64720-0321-10_RXNAVIMAGE10_6108B0B5_1.jpg,OVAL,PINK,7,OVAL_PINK,133,0,0,0,0,0,0,1,0,0,0,0,0,64720-0321-10
64720-0321-10_RXNAVIMAGE10_6108B0B5_2.jpg,OVAL,PINK,7,OVAL_PINK,133,0,0,0,0,0,0,1,0,0,0,0,0,64720-0321-10
16729-0041-01_RXNAVIMAGE10_223E9124_1.jpg,CAPSULE,YELLOW,1,CAPSULE_YELLOW,94,0,0,0,0,0,0,0,0,0,0,0,1,16729-0041-01
16729-0041-01_RXNAVIMAGE10_223E9124_2.jpg,CAPSULE,YELLOW,1,CAPSULE_YELLOW,94,0,0,0,0,0,0,0,0,0,0,0,1,16729-0041-01
00591-3973-01_RXNAVIMAGE10_4A07A52D_1.jpg,OVAL,PINK,7,OVAL_PINK,133,0,0,0,0,0,0,1,0,0,0,0,0,00591-3973-01
00591-3973-01_RXNAVIMAGE10_4A07A52D_2.jpg,OVAL,PINK,7,OVAL_PINK,133,0,0,0,0,0,0,1,0,0,0,0,0,00591-3973-01
00781-1438-01_RXNAVIMAGE10_BD07DE8E_1.jpg,ROUND,BROWN,10,ROUND_BROWN,162,0,0,1,0,0,0,0,0,0,0,0,0,00781-1438-01
00781-1438-01_RXNAVIMAGE10_BD07DE8E_2.jpg,ROUND,BROWN,10,ROUND_BROWN,162,0,0,1,0,0,0,0,0,0,0,0,0,00781-1438-01
59762-2002-01_RXNAVIMAGE10_E81DF46F_1.jpg,CAPSULE,BLUE,1,CAPSULE_BLUE,7,0,1,0,0,0,0,0,0,0,0,0,0,59762-2002-01
59762-2002-01_RXNAVIMAGE10_E81DF46F_2.jpg,CAPSULE,BLUE,1,CAPSULE_BLUE,7,0,1,0,0,0,0,0,0,0,0,0,0,59762-2002-01
00185-0505-01_RXNAVIMAGE10_A623530A_1.jpg,ROUND,YELLOW,10,ROUND_YELLOW,178,0,0,0,0,0,0,0,0,0,0,0,1,00185-0505-01
00185-0505-01_RXNAVIMAGE10_A623530A_2.jpg,ROUND,YELLOW,10,ROUND_YELLOW,178,0,0,0,0,0,0,0,0,0,0,0,1,00185-0505-01
51285-0103-88_RXNAVIMAGE10_004F0038_1.jpg,ROUND,WHITE,10,ROUND_WHITE,174,0,0,0,0,0,0,0,0,0,0,1,0,51285-0103-88
51285-0103-88_RXNAVIMAGE10_004F0038_2.jpg,ROUND,WHITE,10,ROUND_WHITE,174,0,0,0,0,0,0,0,0,0,0,1,0,51285-0103-88
21130-0198-12_RXNAVIMAGE10_0D3906E8_1.jpg,ROUND,WHITE,10,ROUND_WHITE,174,0,0,0,0,0,0,0,0,0,0,1,0,21130-0198-12
21130-0198-12_RXNAVIMAGE10_0D3906E8_2.jpg,ROUND,WHITE,10,ROUND_WHITE,174,0,0,0,0,0,0,0,0,0,0,1,0,21130-0198-12
50111-0990-01_RXNAVIMAGE10_EF3677D3_1.jpg,OVAL,GREEN,7,OVAL_GREEN,129,0,0,0,0,1,0,0,0,0,0,0,0,50111-0990-01
50111-0990-01_RXNAVIMAGE10_EF3677D3_2.jpg,OVAL,GREEN,7,OVAL_GREEN,129,0,0,0,0,1,0,0,0,0,0,0,0,50111-0990-01
00173-0393-40_RXNAVIMAGE10_8918C4B6_1.jpg,OVAL,YELLOW,7,OVAL_YELLOW,145,0,0,0,0,0,0,0,0,0,0,0,1,00173-0393-40
00173-0393-40_RXNAVIMAGE10_8918C4B6_2.jpg,OVAL,YELLOW,7,OVAL_YELLOW,145,0,0,0,0,0,0,0,0,0,0,0,1,00173-0393-40
50111-0647-01_RXNAVIMAGE10_893044A2_1.jpg,CAPSULE,"WHITE, GREEN",1,"CAPSULE_WHITE, GREEN",86,0,0,0,0,1,0,0,0,0,0,1,0,50111-0647-01
50111-0647-01_RXNAVIMAGE10_893044A2_2.jpg,CAPSULE,"WHITE, GREEN",1,"CAPSULE_WHITE, GREEN",86,0,0,0,0,1,0,0,0,0,0,1,0,50111-0647-01
00093-7247-06_RXNAVIMAGE10_7329B9CD_1.jpg,DIAMOND,WHITE,2,DIAMOND_WHITE,110,0,0,0,0,0,0,0,0,0,0,1,0,00093-7247-06
00093-7247-06_RXNAVIMAGE10_7329B9CD_2.jpg,DIAMOND,WHITE,2,DIAMOND_WHITE,110,0,0,0,0,0,0,0,0,0,0,1,0,00093-7247-06
29300-0187-01_RXNAVIMAGE10_393A1CC0_1.jpg,ROUND,YELLOW,10,ROUND_YELLOW,178,0,0,0,0,0,0,0,0,0,0,0,1,29300-0187-01
29300-0187-01_RXNAVIMAGE10_393A1CC0_2.jpg,ROUND,YELLOW,10,ROUND_YELLOW,178,0,0,0,0,0,0,0,0,0,0,0,1,29300-0187-01
51079-0684-20_RXNAVIMAGE10_EF327783_1.jpg,ROUND,WHITE,10,ROUND_WHITE,174,0,0,0,0,0,0,0,0,0,0,1,0,51079-0684-20
51079-0684-20_RXNAVIMAGE10_EF327783_2.jpg,ROUND,WHITE,10,ROUND_WHITE,174,0,0,0,0,0,0,0,0,0,0,1,0,51079-0684-20
00781-2053-01_RXNAVIMAGE10_521E2911_1.jpg,CAPSULE,PINK,1,CAPSULE_PINK,52,0,0,0,0,0,0,1,0,0,0,0,0,00781-2053-01
00781-2053-01_RXNAVIMAGE10_521E2911_2.jpg,CAPSULE,PINK,1,CAPSULE_PINK,52,0,0,0,0,0,0,1,0,0,0,0,0,00781-2053-01
00093-0154-01_RXNAVIMAGE10_6F29B7BD_1.jpg,OVAL,WHITE,7,OVAL_WHITE,139,0,0,0,0,0,0,0,0,0,0,1,0,00093-0154-01
00093-0154-01_RXNAVIMAGE10_6F29B7BD_2.jpg,OVAL,WHITE,7,OVAL_WHITE,139,0,0,0,0,0,0,0,0,0,0,1,0,00093-0154-01
00310-0284-60_RXNAVIMAGE10_F73F7BAB_1.jpg,OVAL,WHITE,7,OVAL_WHITE,139,0,0,0,0,0,0,0,0,0,0,1,0,00310-0284-60
00310-0284-60_RXNAVIMAGE10_F73F7BAB_2.jpg,OVAL,WHITE,7,OVAL_WHITE,139,0,0,0,0,0,0,0,0,0,0,1,0,00310-0284-60
42937-0702-10_RXNAVIMAGE10_E74E73F3_1.jpg,ROUND,BROWN,10,ROUND_BROWN,162,0,0,1,0,0,0,0,0,0,0,0,0,42937-0702-10
42937-0702-10_RXNAVIMAGE10_E74E73F3_2.jpg,ROUND,BROWN,10,ROUND_BROWN,162,0,0,1,0,0,0,0,0,0,0,0,0,42937-0702-10
00378-2003-93_RXNAVIMAGE10_003C0050_1.jpg,ROUND,WHITE,10,ROUND_WHITE,174,0,0,0,0,0,0,0,0,0,0,1,0,00378-2003-93
00378-2003-93_RXNAVIMAGE10_003C0050_2.jpg,ROUND,WHITE,10,ROUND_WHITE,174,0,0,0,0,0,0,0,0,0,0,1,0,00378-2003-93
00093-5734-01_RXNAVIMAGE10_754D3AF9_1.jpg,ROUND,GREEN,10,ROUND_GREEN,164,0,0,0,0,1,0,0,0,0,0,0,0,00093-5734-01
00093-5734-01_RXNAVIMAGE10_754D3AF9_2.jpg,ROUND,GREEN,10,ROUND_GREEN,164,0,0,0,0,1,0,0,0,0,0,0,0,00093-5734-01
00555-0701-02_RXNAVIMAGE10_5638AB65_1.jpg,ROUND,PINK,10,ROUND_PINK,168,0,0,0,0,0,0,1,0,0,0,0,0,00555-0701-02
00555-0701-02_RXNAVIMAGE10_5638AB65_2.jpg,ROUND,PINK,10,ROUND_PINK,168,0,0,0,0,0,0,1,0,0,0,0,0,00555-0701-02
00430-0145-14_RXNAVIMAGE10_844AC256_1.jpg,OVAL,WHITE,7,OVAL_WHITE,139,0,0,0,0,0,0,0,0,0,0,1,0,00430-0145-14
00430-0145-14_RXNAVIMAGE10_844AC256_2.jpg,OVAL,WHITE,7,OVAL_WHITE,139,0,0,0,0,0,0,0,0,0,0,1,0,00430-0145-14
00555-0872-02_RXNAVIMAGE10_7A36BD65_1.jpg,ROUND,WHITE,10,ROUND_WHITE,174,0,0,0,0,0,0,0,0,0,0,1,0,00555-0872-02
00555-0872-02_RXNAVIMAGE10_7A36BD65_2.jpg,ROUND,WHITE,10,ROUND_WHITE,174,0,0,0,0,0,0,0,0,0,0,1,0,00555-0872-02
00904-1261-61_RXNAVIMAGE10_5C352E69_1.jpg,CAPSULE,"YELLOW, WHITE",1,"CAPSULE_YELLOW, WHITE",103,0,0,0,0,0,0,0,0,0,0,1,1,00904-1261-61
00904-1261-61_RXNAVIMAGE10_5C352E69_2.jpg,CAPSULE,"YELLOW, WHITE",1,"CAPSULE_YELLOW, WHITE",103,0,0,0,0,0,0,0,0,0,0,1,1,00904-1261-61
16714-0313-01_RXNAVIMAGE10_0C4D0618_1.jpg,ROUND,ORANGE,10,ROUND_ORANGE,166,0,0,0,0,0,1,0,0,0,0,0,0,16714-0313-01
16714-0313-01_RXNAVIMAGE10_0C4D0618_2.jpg,ROUND,ORANGE,10,ROUND_ORANGE,166,0,0,0,0,0,1,0,0,0,0,0,0,16714-0313-01
00904-5551-59_RXNAVIMAGE10_E93FF4DF_1.jpg,OVAL,PINK,7,OVAL_PINK,133,0,0,0,0,0,0,1,0,0,0,0,0,00904-5551-59
00904-5551-59_RXNAVIMAGE10_E93FF4DF_2.jpg,OVAL,PINK,7,OVAL_PINK,133,0,0,0,0,0,0,1,0,0,0,0,0,00904-5551-59
29033-0004-12_RXNAVIMAGE10_C11360BB_1.jpg,CAPSULE,PURPLE,1,CAPSULE_PURPLE,61,0,0,0,0,0,0,0,1,0,0,0,0,29033-0004-12
29033-0004-12_RXNAVIMAGE10_C11360BB_2.jpg,CAPSULE,PURPLE,1,CAPSULE_PURPLE,61,0,0,0,0,0,0,0,1,0,0,0,0,29033-0004-12
55111-0466-01_RXNAVIMAGE10_F24D796B_1.jpg,OVAL,WHITE,7,OVAL_WHITE,139,0,0,0,0,0,0,0,0,0,0,1,0,55111-0466-01
55111-0466-01_RXNAVIMAGE10_F24D796B_2.jpg,OVAL,WHITE,7,OVAL_WHITE,139,0,0,0,0,0,0,0,0,0,0,1,0,55111-0466-01
68462-0329-01_RXNAVIMAGE10_C3126183_1.jpg,OVAL,BROWN,7,OVAL_BROWN,125,0,0,1,0,0,0,0,0,0,0,0,0,68462-0329-01
68462-0329-01_RXNAVIMAGE10_C3126183_2.jpg,OVAL,BROWN,7,OVAL_BROWN,125,0,0,1,0,0,0,0,0,0,0,0,0,68462-0329-01
00078-0574-15_RXNAVIMAGE10_3E1D9F4C_1.jpg,OVAL,BROWN,7,OVAL_BROWN,125,0,0,1,0,0,0,0,0,0,0,0,0,00078-0574-15
00078-0574-15_RXNAVIMAGE10_3E1D9F4C_2.jpg,OVAL,BROWN,7,OVAL_BROWN,125,0,0,1,0,0,0,0,0,0,0,0,0,00078-0574-15
00093-0314-01_RXNAVIMAGE10_222B1118_1.jpg,ROUND,WHITE,10,ROUND_WHITE,174,0,0,0,0,0,0,0,0,0,0,1,0,00093-0314-01
00093-0314-01_RXNAVIMAGE10_222B1118_2.jpg,ROUND,WHITE,10,ROUND_WHITE,174,0,0,0,0,0,0,0,0,0,0,1,0,00093-0314-01
00228-2129-10_RXNAVIMAGE10_D31569CB_1.jpg,ROUND,ORANGE,10,ROUND_ORANGE,166,0,0,0,0,0,1,0,0,0,0,0,0,00228-2129-10
00228-2129-10_RXNAVIMAGE10_D31569CB_2.jpg,ROUND,ORANGE,10,ROUND_ORANGE,166,0,0,0,0,0,1,0,0,0,0,0,0,00228-2129-10
00002-3239-30_RXNAVIMAGE10_3F1E1F80_1.jpg,CAPSULE,"BLUE, YELLOW",1,"CAPSULE_BLUE, YELLOW",17,0,1,0,0,0,0,0,0,0,0,0,1,00002-3239-30
00002-3239-30_RXNAVIMAGE10_3F1E1F80_2.jpg,CAPSULE,"BLUE, YELLOW",1,"CAPSULE_BLUE, YELLOW",17,0,1,0,0,0,0,0,0,0,0,0,1,00002-3239-30
00591-3561-15_RXNAVIMAGE10_733CB9C5_1.jpg,CAPSULE,"BLUE, YELLOW",1,"CAPSULE_BLUE, YELLOW",17,0,1,0,0,0,0,0,0,0,0,0,1,00591-3561-15
00591-3561-15_RXNAVIMAGE10_733CB9C5_2.jpg,CAPSULE,"BLUE, YELLOW",1,"CAPSULE_BLUE, YELLOW",17,0,1,0,0,0,0,0,0,0,0,0,1,00591-3561-15
50844-0411-21_RXNAVIMAGE10_B635DB4E_1.jpg,ROUND,RED,10,ROUND_RED,172,0,0,0,0,0,0,0,0,1,0,0,0,50844-0411-21
50844-0411-21_RXNAVIMAGE10_B635DB4E_2.jpg,ROUND,RED,10,ROUND_RED,172,0,0,0,0,0,0,0,0,1,0,0,0,50844-0411-21
67253-0381-10_RXNAVIMAGE10_393F1CD8_1.jpg,OVAL,YELLOW,7,OVAL_YELLOW,145,0,0,0,0,0,0,0,0,0,0,0,1,67253-0381-10
67253-0381-10_RXNAVIMAGE10_393F1CD8_2.jpg,OVAL,YELLOW,7,OVAL_YELLOW,145,0,0,0,0,0,0,0,0,0,0,0,1,67253-0381-10
00054-4186-25_RXNAVIMAGE10_4A232579_1.jpg,ROUND,TURQUOISE,10,ROUND_TURQUOISE,173,0,0,0,0,0,0,0,0,0,1,0,0,00054-4186-25
00054-4186-25_RXNAVIMAGE10_4A232579_2.jpg,ROUND,TURQUOISE,10,ROUND_TURQUOISE,173,0,0,0,0,0,0,0,0,0,1,0,0,00054-4186-25
16571-0402-50_RXNAVIMAGE10_903AC856_1.jpg,RECTANGLE,WHITE,9,RECTANGLE_WHITE,159,0,0,0,0,0,0,0,0,0,0,1,0,16571-0402-50
16571-0402-50_RXNAVIMAGE10_903AC856_2.jpg,RECTANGLE,WHITE,9,RECTANGLE_WHITE,159,0,0,0,0,0,0,0,0,0,0,1,0,16571-0402-50
51079-0847-20_RXNAVIMAGE10_9132C8B6_1.jpg,ROUND,YELLOW,10,ROUND_YELLOW,178,0,0,0,0,0,0,0,0,0,0,0,1,51079-0847-20
51079-0847-20_RXNAVIMAGE10_9132C8B6_2.jpg,ROUND,YELLOW,10,ROUND_YELLOW,178,0,0,0,0,0,0,0,0,0,0,0,1,51079-0847-20
00378-5375-01_RXNAVIMAGE10_9F39CFEE_1.jpg,CAPSULE,GREEN,1,CAPSULE_GREEN,32,0,0,0,0,1,0,0,0,0,0,0,0,00378-5375-01
00378-5375-01_RXNAVIMAGE10_9F39CFEE_2.jpg,CAPSULE,GREEN,1,CAPSULE_GREEN,32,0,0,0,0,1,0,0,0,0,0,0,0,00378-5375-01
00456-1512-60_RXNAVIMAGE10_313F1888_1.jpg,ROUND,BLUE,10,ROUND_BLUE,160,0,1,0,0,0,0,0,0,0,0,0,0,00456-1512-60
00456-1512-60_RXNAVIMAGE10_313F1888_2.jpg,ROUND,BLUE,10,ROUND_BLUE,160,0,1,0,0,0,0,0,0,0,0,0,0,00456-1512-60
50111-0787-66_RXNAVIMAGE10_C42FE26F_1.jpg,OVAL,WHITE,7,OVAL_WHITE,139,0,0,0,0,0,0,0,0,0,0,1,0,50111-0787-66
50111-0787-66_RXNAVIMAGE10_C42FE26F_2.jpg,OVAL,WHITE,7,OVAL_WHITE,139,0,0,0,0,0,0,0,0,0,0,1,0,50111-0787-66
64727-3299-01_RXNAVIMAGE10_10410858_1.jpg,ROUND,BROWN,10,ROUND_BROWN,162,0,0,1,0,0,0,0,0,0,0,0,0,64727-3299-01
64727-3299-01_RXNAVIMAGE10_10410858_2.jpg,ROUND,BROWN,10,ROUND_BROWN,162,0,0,1,0,0,0,0,0,0,0,0,0,64727-3299-01
00093-8166-01_RXNAVIMAGE10_913648C2_1.jpg,ROUND,WHITE,10,ROUND_WHITE,174,0,0,0,0,0,0,0,0,0,0,1,0,00093-8166-01
00093-8166-01_RXNAVIMAGE10_913648C2_2.jpg,ROUND,WHITE,10,ROUND_WHITE,174,0,0,0,0,0,0,0,0,0,0,1,0,00093-8166-01
00228-2127-10_RXNAVIMAGE10_5321A9ED_1.jpg,ROUND,ORANGE,10,ROUND_ORANGE,166,0,0,0,0,0,1,0,0,0,0,0,0,00228-2127-10
00228-2127-10_RXNAVIMAGE10_5321A9ED_2.jpg,ROUND,ORANGE,10,ROUND_ORANGE,166,0,0,0,0,0,1,0,0,0,0,0,0,00228-2127-10
57664-0745-88_RXNAVIMAGE10_F33D79CB_1.jpg,ROUND,YELLOW,10,ROUND_YELLOW,178,0,0,0,0,0,0,0,0,0,0,0,1,57664-0745-88
57664-0745-88_RXNAVIMAGE10_F33D79CB_2.jpg,ROUND,YELLOW,10,ROUND_YELLOW,178,0,0,0,0,0,0,0,0,0,0,0,1,57664-0745-88
00781-5405-01_RXNAVIMAGE10_4A132549_1.jpg,ROUND,BROWN,10,ROUND_BROWN,162,0,0,1,0,0,0,0,0,0,0,0,0,00781-5405-01
00781-5405-01_RXNAVIMAGE10_4A132549_2.jpg,ROUND,BROWN,10,ROUND_BROWN,162,0,0,1,0,0,0,0,0,0,0,0,0,00781-5405-01
16714-0692-10_RXNAVIMAGE10_10408864_1.jpg,OVAL,PINK,7,OVAL_PINK,133,0,0,0,0,0,0,1,0,0,0,0,0,16714-0692-10
16714-0692-10_RXNAVIMAGE10_10408864_2.jpg,OVAL,PINK,7,OVAL_PINK,133,0,0,0,0,0,0,1,0,0,0,0,0,16714-0692-10
64125-0130-10_RXNAVIMAGE10_E507728B_1.jpg,ROUND,ORANGE,10,ROUND_ORANGE,166,0,0,0,0,0,1,0,0,0,0,0,0,64125-0130-10
64125-0130-10_RXNAVIMAGE10_E507728B_2.jpg,ROUND,ORANGE,10,ROUND_ORANGE,166,0,0,0,0,0,1,0,0,0,0,0,0,64125-0130-10
00228-2779-11_RXNAVIMAGE10_3F211FE8_1.jpg,CAPSULE,YELLOW,1,CAPSULE_YELLOW,94,0,0,0,0,0,0,0,0,0,0,0,1,00228-2779-11
00228-2779-11_RXNAVIMAGE10_3F211FE8_2.jpg,CAPSULE,YELLOW,1,CAPSULE_YELLOW,94,0,0,0,0,0,0,0,0,0,0,0,1,00228-2779-11
00007-4207-11_RXNAVIMAGE10_19198CFC_1.jpg,CAPSULE,PINK,1,CAPSULE_PINK,52,0,0,0,0,0,0,1,0,0,0,0,0,00007-4207-11
00007-4207-11_RXNAVIMAGE10_19198CFC_2.jpg,CAPSULE,PINK,1,CAPSULE_PINK,52,0,0,0,0,0,0,1,0,0,0,0,0,00007-4207-11
00093-7208-56_RXNAVIMAGE10_E42FF25F_1.jpg,ROUND,WHITE,10,ROUND_WHITE,174,0,0,0,0,0,0,0,0,0,0,1,0,00093-7208-56
00093-7208-56_RXNAVIMAGE10_E42FF25F_2.jpg,ROUND,WHITE,10,ROUND_WHITE,174,0,0,0,0,0,0,0,0,0,0,1,0,00093-7208-56
16729-0004-17_RXNAVIMAGE10_913F48EA_1.jpg,OVAL,PINK,7,OVAL_PINK,133,0,0,0,0,0,0,1,0,0,0,0,0,16729-0004-17
16729-0004-17_RXNAVIMAGE10_913F48EA_2.jpg,OVAL,PINK,7,OVAL_PINK,133,0,0,0,0,0,0,1,0,0,0,0,0,16729-0004-17
43478-0900-88_RXNAVIMAGE10_ED0E7693_1.jpg,CAPSULE,WHITE,1,CAPSULE_WHITE,81,0,0,0,0,0,0,0,0,0,0,1,0,43478-0900-88
43478-0900-88_RXNAVIMAGE10_ED0E7693_2.jpg,CAPSULE,WHITE,1,CAPSULE_WHITE,81,0,0,0,0,0,0,0,0,0,0,1,0,43478-0900-88
00904-5904-60_RXNAVIMAGE10_813540FA_1.jpg,OVAL,YELLOW,7,OVAL_YELLOW,145,0,0,0,0,0,0,0,0,0,0,0,1,00904-5904-60
00904-5904-60_RXNAVIMAGE10_813540FA_2.jpg,OVAL,YELLOW,7,OVAL_YELLOW,145,0,0,0,0,0,0,0,0,0,0,0,1,00904-5904-60
00378-1165-91_RXNAVIMAGE10_3E201F00_1.jpg,OVAL,WHITE,7,OVAL_WHITE,139,0,0,0,0,0,0,0,0,0,0,1,0,00378-1165-91
00378-1165-91_RXNAVIMAGE10_3E201F00_2.jpg,OVAL,WHITE,7,OVAL_WHITE,139,0,0,0,0,0,0,0,0,0,0,1,0,00378-1165-91
00172-5412-79_RXNAVIMAGE10_862DC31E_1.jpg,OVAL,PINK,7,OVAL_PINK,133,0,0,0,0,0,0,1,0,0,0,0,0,00172-5412-79
00172-5412-79_RXNAVIMAGE10_862DC31E_2.jpg,OVAL,PINK,7,OVAL_PINK,133,0,0,0,0,0,0,1,0,0,0,0,0,00172-5412-79
55111-0469-01_RXNAVIMAGE10_114508A8_1.jpg,OVAL,WHITE,7,OVAL_WHITE,139,0,0,0,0,0,0,0,0,0,0,1,0,55111-0469-01
55111-0469-01_RXNAVIMAGE10_114508A8_2.jpg,OVAL,WHITE,7,OVAL_WHITE,139,0,0,0,0,0,0,0,0,0,0,1,0,55111-0469-01
76439-0103-50_RXNAVIMAGE10_793FBC9D_1.jpg,CAPSULE,"BROWN, WHITE",1,"CAPSULE_BROWN, WHITE",20,0,0,1,0,0,0,0,0,0,0,1,0,76439-0103-50
76439-0103-50_RXNAVIMAGE10_793FBC9D_2.jpg,CAPSULE,"BROWN, WHITE",1,"CAPSULE_BROWN, WHITE",20,0,0,1,0,0,0,0,0,0,0,1,0,76439-0103-50
63402-0306-30_RXNAVIMAGE10_2D3D16F8_1.jpg,OVAL,WHITE,7,OVAL_WHITE,139,0,0,0,0,0,0,0,0,0,0,1,0,63402-0306-30
63402-0306-30_RXNAVIMAGE10_2D3D16F8_2.jpg,OVAL,WHITE,7,OVAL_WHITE,139,0,0,0,0,0,0,0,0,0,0,1,0,63402-0306-30
62175-0617-43_RXNAVIMAGE10_6E413709_1.jpg,OVAL,WHITE,7,OVAL_WHITE,139,0,0,0,0,0,0,0,0,0,0,1,0,62175-0617-43
62175-0617-43_RXNAVIMAGE10_6E413709_2.jpg,OVAL,WHITE,7,OVAL_WHITE,139,0,0,0,0,0,0,0,0,0,0,1,0,62175-0617-43
00074-6594-90_RXNAVIMAGE10_AB1D55FA_1.jpg,ROUND,GREEN,10,ROUND_GREEN,164,0,0,0,0,1,0,0,0,0,0,0,0,00074-6594-90
00074-6594-90_RXNAVIMAGE10_AB1D55FA_2.jpg,ROUND,GREEN,10,ROUND_GREEN,164,0,0,0,0,1,0,0,0,0,0,0,0,00074-6594-90
60846-0803-01_RXNAVIMAGE10_BA50DD66_1.jpg,ROUND,PURPLE,10,ROUND_PURPLE,171,0,0,0,0,0,0,0,1,0,0,0,0,60846-0803-01
60846-0803-01_RXNAVIMAGE10_BA50DD66_2.jpg,ROUND,PURPLE,10,ROUND_PURPLE,171,0,0,0,0,0,0,0,1,0,0,0,0,60846-0803-01
62175-0107-01_RXNAVIMAGE10_7F083FD1_1.jpg,ROUND,WHITE,10,ROUND_WHITE,174,0,0,0,0,0,0,0,0,0,0,1,0,62175-0107-01
62175-0107-01_RXNAVIMAGE10_7F083FD1_2.jpg,ROUND,WHITE,10,ROUND_WHITE,174,0,0,0,0,0,0,0,0,0,0,1,0,62175-0107-01
66582-0311-54_RXNAVIMAGE10_4D4D2689_1.jpg,OVAL,WHITE,7,OVAL_WHITE,139,0,0,0,0,0,0,0,0,0,0,1,0,66582-0311-54
66582-0311-54_RXNAVIMAGE10_4D4D2689_2.jpg,OVAL,WHITE,7,OVAL_WHITE,139,0,0,0,0,0,0,0,0,0,0,1,0,66582-0311-54
00555-0768-02_RXNAVIMAGE10_86424322_1.jpg,ROUND,ORANGE,10,ROUND_ORANGE,166,0,0,0,0,0,1,0,0,0,0,0,0,00555-0768-02
00555-0768-02_RXNAVIMAGE10_86424322_2.jpg,ROUND,ORANGE,10,ROUND_ORANGE,166,0,0,0,0,0,1,0,0,0,0,0,0,00555-0768-02
16714-0340-01_RXNAVIMAGE10_F04B786B_1.jpg,ROUND,YELLOW,10,ROUND_YELLOW,178,0,0,0,0,0,0,0,0,0,0,0,1,16714-0340-01
16714-0340-01_RXNAVIMAGE10_F04B786B_2.jpg,ROUND,YELLOW,10,ROUND_YELLOW,178,0,0,0,0,0,0,0,0,0,0,0,1,16714-0340-01
52544-0959-28_RXNAVIMAGE10_C53AE297_1.jpg,ROUND,WHITE,10,ROUND_WHITE,174,0,0,0,0,0,0,0,0,0,0,1,0,52544-0959-28
52544-0959-28_RXNAVIMAGE10_C53AE297_2.jpg,ROUND,WHITE,10,ROUND_WHITE,174,0,0,0,0,0,0,0,0,0,0,1,0,52544-0959-28
00093-4444-01_RXNAVIMAGE10_B42D5A1A_1.jpg,OVAL,WHITE,7,OVAL_WHITE,139,0,0,0,0,0,0,0,0,0,0,1,0,00093-4444-01
00093-4444-01_RXNAVIMAGE10_B42D5A1A_2.jpg,OVAL,WHITE,7,OVAL_WHITE,139,0,0,0,0,0,0,0,0,0,0,1,0,00093-4444-01
68180-0558-09_RXNAVIMAGE10_BC0E5E62_1.jpg,ROUND,YELLOW,10,ROUND_YELLOW,178,0,0,0,0,0,0,0,0,0,0,0,1,68180-0558-09
68180-0558-09_RXNAVIMAGE10_BC0E5E62_2.jpg,ROUND,YELLOW,10,ROUND_YELLOW,178,0,0,0,0,0,0,0,0,0,0,0,1,68180-0558-09
00555-9027-42_RXNAVIMAGE10_F72F7BDB_1.jpg,ROUND,PINK,10,ROUND_PINK,168,0,0,0,0,0,0,1,0,0,0,0,0,00555-9027-42
00555-9027-42_RXNAVIMAGE10_F72F7BDB_2.jpg,ROUND,PINK,10,ROUND_PINK,168,0,0,0,0,0,0,1,0,0,0,0,0,00555-9027-42
51672-4004-05_RXNAVIMAGE10_8C51C61E_1.jpg,CAPSULE,GREEN,1,CAPSULE_GREEN,32,0,0,0,0,1,0,0,0,0,0,0,0,51672-4004-05
51672-4004-05_RXNAVIMAGE10_8C51C61E_2.jpg,CAPSULE,GREEN,1,CAPSULE_GREEN,32,0,0,0,0,1,0,0,0,0,0,0,0,51672-4004-05
51079-0299-20_RXNAVIMAGE10_CF3267F3_1.jpg,ROUND,WHITE,10,ROUND_WHITE,174,0,0,0,0,0,0,0,0,0,0,1,0,51079-0299-20
51079-0299-20_RXNAVIMAGE10_CF3267F3_2.jpg,ROUND,WHITE,10,ROUND_WHITE,174,0,0,0,0,0,0,0,0,0,0,1,0,51079-0299-20
51079-0541-20_RXNAVIMAGE10_2D3916D8_1.jpg,ROUND,RED,10,ROUND_RED,172,0,0,0,0,0,0,0,0,1,0,0,0,51079-0541-20
51079-0541-20_RXNAVIMAGE10_2D3916D8_2.jpg,ROUND,RED,10,ROUND_RED,172,0,0,0,0,0,0,0,0,1,0,0,0,51079-0541-20
60505-0050-07_RXNAVIMAGE10_1C348E74_1.jpg,ROUND,WHITE,10,ROUND_WHITE,174,0,0,0,0,0,0,0,0,0,0,1,0,60505-0050-07
60505-0050-07_RXNAVIMAGE10_1C348E74_2.jpg,ROUND,WHITE,10,ROUND_WHITE,174,0,0,0,0,0,0,0,0,0,0,1,0,60505-0050-07
00093-7258-56_RXNAVIMAGE10_28301410_1.jpg,OVAL,BLUE,7,OVAL_BLUE,123,0,1,0,0,0,0,0,0,0,0,0,0,00093-7258-56
00093-7258-56_RXNAVIMAGE10_28301410_2.jpg,OVAL,BLUE,7,OVAL_BLUE,123,0,1,0,0,0,0,0,0,0,0,0,0,00093-7258-56
00781-1497-31_RXNAVIMAGE10_AF0457D2_1.jpg,OVAL,WHITE,7,OVAL_WHITE,139,0,0,0,0,0,0,0,0,0,0,1,0,00781-1497-31
00781-1497-31_RXNAVIMAGE10_AF0457D2_2.jpg,OVAL,WHITE,7,OVAL_WHITE,139,0,0,0,0,0,0,0,0,0,0,1,0,00781-1497-31
00378-3482-01_RXNAVIMAGE10_3023980C_1.jpg,ROUND,PINK,10,ROUND_PINK,168,0,0,0,0,0,0,1,0,0,0,0,0,00378-3482-01
00378-3482-01_RXNAVIMAGE10_3023980C_2.jpg,ROUND,PINK,10,ROUND_PINK,168,0,0,0,0,0,0,1,0,0,0,0,0,00378-3482-01
00603-2109-34_RXNAVIMAGE10_853DC2BE_1.jpg,ROUND,WHITE,10,ROUND_WHITE,174,0,0,0,0,0,0,0,0,0,0,1,0,00603-2109-34
00603-2109-34_RXNAVIMAGE10_853DC2BE_2.jpg,ROUND,WHITE,10,ROUND_WHITE,174,0,0,0,0,0,0,0,0,0,0,1,0,00603-2109-34
59746-0382-06_RXNAVIMAGE10_2A45951C_1.jpg,CAPSULE,"BLUE, WHITE",1,"CAPSULE_BLUE, WHITE",16,0,1,0,0,0,0,0,0,0,0,1,0,59746-0382-06
59746-0382-06_RXNAVIMAGE10_2A45951C_2.jpg,CAPSULE,"BLUE, WHITE",1,"CAPSULE_BLUE, WHITE",16,0,1,0,0,0,0,0,0,0,0,1,0,59746-0382-06
67877-0216-60_RXNAVIMAGE10_D807EC3F_1.jpg,OVAL,BLUE,7,OVAL_BLUE,123,0,1,0,0,0,0,0,0,0,0,0,0,67877-0216-60
67877-0216-60_RXNAVIMAGE10_D807EC3F_2.jpg,OVAL,BLUE,7,OVAL_BLUE,123,0,1,0,0,0,0,0,0,0,0,0,0,67877-0216-60
51991-0384-90_RXNAVIMAGE10_9C07CE0E_1.jpg,OVAL,RED,7,OVAL_RED,137,0,0,0,0,0,0,0,0,1,0,0,0,51991-0384-90
51991-0384-90_RXNAVIMAGE10_9C07CE0E_2.jpg,OVAL,RED,7,OVAL_RED,137,0,0,0,0,0,0,0,0,1,0,0,0,51991-0384-90
29300-0242-10_RXNAVIMAGE10_7F45BFDD_1.jpg,ROUND,WHITE,10,ROUND_WHITE,174,0,0,0,0,0,0,0,0,0,0,1,0,29300-0242-10
29300-0242-10_RXNAVIMAGE10_7F45BFDD_2.jpg,ROUND,WHITE,10,ROUND_WHITE,174,0,0,0,0,0,0,0,0,0,0,1,0,29300-0242-10
65862-0551-90_RXNAVIMAGE10_C54DE2CF_1.jpg,OVAL,YELLOW,7,OVAL_YELLOW,145,0,0,0,0,0,0,0,0,0,0,0,1,65862-0551-90
65862-0551-90_RXNAVIMAGE10_C54DE2CF_2.jpg,OVAL,YELLOW,7,OVAL_YELLOW,145,0,0,0,0,0,0,0,0,0,0,0,1,65862-0551-90
52544-0268-84_RXNAVIMAGE10_D23A6973_1.jpg,ROUND,WHITE,10,ROUND_WHITE,174,0,0,0,0,0,0,0,0,0,0,1,0,52544-0268-84
52544-0268-84_RXNAVIMAGE10_D23A6973_2.jpg,ROUND,WHITE,10,ROUND_WHITE,174,0,0,0,0,0,0,0,0,0,0,1,0,52544-0268-84
00182-1995-89_RXNAVIMAGE10_9E32CF46_1.jpg,ROUND,WHITE,10,ROUND_WHITE,174,0,0,0,0,0,0,0,0,0,0,1,0,00182-1995-89
00182-1995-89_RXNAVIMAGE10_9E32CF46_2.jpg,ROUND,WHITE,10,ROUND_WHITE,174,0,0,0,0,0,0,0,0,0,0,1,0,00182-1995-89
00781-5234-92_RXNAVIMAGE10_8845C42E_1.jpg,ROUND,BROWN,10,ROUND_BROWN,162,0,0,1,0,0,0,0,0,0,0,0,0,00781-5234-92
00781-5234-92_RXNAVIMAGE10_8845C42E_2.jpg,ROUND,BROWN,10,ROUND_BROWN,162,0,0,1,0,0,0,0,0,0,0,0,0,00781-5234-92
00378-0181-05_RXNAVIMAGE10_6C4F3669_1.jpg,ROUND,WHITE,10,ROUND_WHITE,174,0,0,0,0,0,0,0,0,0,0,1,0,00378-0181-05
00378-0181-05_RXNAVIMAGE10_6C4F3669_2.jpg,ROUND,WHITE,10,ROUND_WHITE,174,0,0,0,0,0,0,0,0,0,0,1,0,00378-0181-05
62856-0247-90_RXNAVIMAGE10_C412E257_1.jpg,ROUND,RED,10,ROUND_RED,172,0,0,0,0,0,0,0,0,1,0,0,0,62856-0247-90
62856-0247-90_RXNAVIMAGE10_C412E257_2.jpg,ROUND,RED,10,ROUND_RED,172,0,0,0,0,0,0,0,0,1,0,0,0,62856-0247-90
76439-0130-04_RXNAVIMAGE10_8B4F45FA_1.jpg,OVAL,WHITE,7,OVAL_WHITE,139,0,0,0,0,0,0,0,0,0,0,1,0,76439-0130-04
76439-0130-04_RXNAVIMAGE10_8B4F45FA_2.jpg,OVAL,WHITE,7,OVAL_WHITE,139,0,0,0,0,0,0,0,0,0,0,1,0,76439-0130-04
16252-0572-50_RXNAVIMAGE10_DB1FEDBF_1.jpg,CAPSULE,"RED, WHITE",1,"CAPSULE_RED, WHITE",74,0,0,0,0,0,0,0,0,1,0,1,0,16252-0572-50
16252-0572-50_RXNAVIMAGE10_DB1FEDBF_2.jpg,CAPSULE,"RED, WHITE",1,"CAPSULE_RED, WHITE",74,0,0,0,0,0,0,0,0,1,0,1,0,16252-0572-50
00591-3969-01_RXNAVIMAGE10_F133789B_1.jpg,ROUND,WHITE,10,ROUND_WHITE,174,0,0,0,0,0,0,0,0,0,0,1,0,00591-3969-01
00591-3969-01_RXNAVIMAGE10_F133789B_2.jpg,ROUND,WHITE,10,ROUND_WHITE,174,0,0,0,0,0,0,0,0,0,0,1,0,00591-3969-01
00258-4000-60_RXNAVIMAGE10_3D3A1ED0_1.jpg,ROUND,WHITE,10,ROUND_WHITE,174,0,0,0,0,0,0,0,0,0,0,1,0,00258-4000-60
00258-4000-60_RXNAVIMAGE10_3D3A1ED0_2.jpg,ROUND,WHITE,10,ROUND_WHITE,174,0,0,0,0,0,0,0,0,0,0,1,0,00258-4000-60
68180-0221-01_RXNAVIMAGE10_4B3C25D1_1.jpg,OVAL,ORANGE,7,OVAL_ORANGE,130,0,0,0,0,0,1,0,0,0,0,0,0,68180-0221-01
68180-0221-01_RXNAVIMAGE10_4B3C25D1_2.jpg,OVAL,ORANGE,7,OVAL_ORANGE,130,0,0,0,0,0,1,0,0,0,0,0,0,68180-0221-01
00591-3777-19_RXNAVIMAGE10_BA1B5D0A_1.jpg,OVAL,WHITE,7,OVAL_WHITE,139,0,0,0,0,0,0,0,0,0,0,1,0,00591-3777-19
00591-3777-19_RXNAVIMAGE10_BA1B5D0A_2.jpg,OVAL,WHITE,7,OVAL_WHITE,139,0,0,0,0,0,0,0,0,0,0,1,0,00591-3777-19
65862-0583-01_RXNAVIMAGE10_6039B03D_1.jpg,CAPSULE,YELLOW,1,CAPSULE_YELLOW,94,0,0,0,0,0,0,0,0,0,0,0,1,65862-0583-01
65862-0583-01_RXNAVIMAGE10_6039B03D_2.jpg,CAPSULE,YELLOW,1,CAPSULE_YELLOW,94,0,0,0,0,0,0,0,0,0,0,0,1,65862-0583-01
65597-0106-30_RXNAVIMAGE10_1A130D78_1.jpg,OVAL,YELLOW,7,OVAL_YELLOW,145,0,0,0,0,0,0,0,0,0,0,0,1,65597-0106-30
65597-0106-30_RXNAVIMAGE10_1A130D78_2.jpg,OVAL,YELLOW,7,OVAL_YELLOW,145,0,0,0,0,0,0,0,0,0,0,0,1,65597-0106-30
00781-5022-07_RXNAVIMAGE10_6B5035F1_1.jpg,OVAL,WHITE,7,OVAL_WHITE,139,0,0,0,0,0,0,0,0,0,0,1,0,00781-5022-07
00781-5022-07_RXNAVIMAGE10_6B5035F1_2.jpg,OVAL,WHITE,7,OVAL_WHITE,139,0,0,0,0,0,0,0,0,0,0,1,0,00781-5022-07
68180-0122-01_RXNAVIMAGE10_D634EB77_1.jpg,CAPSULE,"GREEN, GREEN",1,"CAPSULE_GREEN, GREEN",37,0,0,0,0,1,0,0,0,0,0,0,0,68180-0122-01
68180-0122-01_RXNAVIMAGE10_D634EB77_2.jpg,CAPSULE,"GREEN, GREEN",1,"CAPSULE_GREEN, GREEN",37,0,0,0,0,1,0,0,0,0,0,0,0,68180-0122-01
00591-0444-01_RXNAVIMAGE10_7807BC0D_1.jpg,ROUND,PINK,10,ROUND_PINK,168,0,0,0,0,0,0,1,0,0,0,0,0,00591-0444-01
00591-0444-01_RXNAVIMAGE10_7807BC0D_2.jpg,ROUND,PINK,10,ROUND_PINK,168,0,0,0,0,0,0,1,0,0,0,0,0,00591-0444-01
51672-4053-01_RXNAVIMAGE10_793B3CF9_1.jpg,OVAL,GRAY,7,OVAL_GRAY,127,0,0,0,1,0,0,0,0,0,0,0,0,51672-4053-01
51672-4053-01_RXNAVIMAGE10_793B3CF9_2.jpg,OVAL,GRAY,7,OVAL_GRAY,127,0,0,0,1,0,0,0,0,0,0,0,0,51672-4053-01
63459-0101-30_RXNAVIMAGE10_DD1C6E93_1.jpg,OVAL,WHITE,7,OVAL_WHITE,139,0,0,0,0,0,0,0,0,0,0,1,0,63459-0101-30
63459-0101-30_RXNAVIMAGE10_DD1C6E93_2.jpg,OVAL,WHITE,7,OVAL_WHITE,139,0,0,0,0,0,0,0,0,0,0,1,0,63459-0101-30
00555-1057-86_RXNAVIMAGE10_DE306F63_1.jpg,CAPSULE,ORANGE,1,CAPSULE_ORANGE,44,0,0,0,0,0,1,0,0,0,0,0,0,00555-1057-86
00555-1057-86_RXNAVIMAGE10_DE306F63_2.jpg,CAPSULE,ORANGE,1,CAPSULE_ORANGE,44,0,0,0,0,0,1,0,0,0,0,0,0,00555-1057-86
50458-0554-01_RXNAVIMAGE10_E415F27F_1.jpg,OVAL,ORANGE,7,OVAL_ORANGE,130,0,0,0,0,0,1,0,0,0,0,0,0,50458-0554-01
50458-0554-01_RXNAVIMAGE10_E415F27F_2.jpg,OVAL,ORANGE,7,OVAL_ORANGE,130,0,0,0,0,0,1,0,0,0,0,0,0,50458-0554-01
52544-0383-28_RXNAVIMAGE10_244D1248_1.jpg,ROUND,WHITE,10,ROUND_WHITE,174,0,0,0,0,0,0,0,0,0,0,1,0,52544-0383-28
52544-0383-28_RXNAVIMAGE10_244D1248_2.jpg,ROUND,WHITE,10,ROUND_WHITE,174,0,0,0,0,0,0,0,0,0,0,1,0,52544-0383-28
29300-0136-05_RXNAVIMAGE10_BD48DEF6_1.jpg,OVAL,WHITE,7,OVAL_WHITE,139,0,0,0,0,0,0,0,0,0,0,1,0,29300-0136-05
29300-0136-05_RXNAVIMAGE10_BD48DEF6_2.jpg,OVAL,WHITE,7,OVAL_WHITE,139,0,0,0,0,0,0,0,0,0,0,1,0,29300-0136-05
00169-0084-81_RXNAVIMAGE10_F11C78E3_1.jpg,ROUND,PINK,10,ROUND_PINK,168,0,0,0,0,0,0,1,0,0,0,0,0,00169-0084-81
00169-0084-81_RXNAVIMAGE10_F11C78E3_2.jpg,ROUND,PINK,10,ROUND_PINK,168,0,0,0,0,0,0,1,0,0,0,0,0,00169-0084-81
64980-0194-01_RXNAVIMAGE10_D73FEBAF_1.jpg,OVAL,PINK,7,OVAL_PINK,133,0,0,0,0,0,0,1,0,0,0,0,0,64980-0194-01
64980-0194-01_RXNAVIMAGE10_D73FEBAF_2.jpg,OVAL,PINK,7,OVAL_PINK,133,0,0,0,0,0,0,1,0,0,0,0,0,64980-0194-01
59746-0115-06_RXNAVIMAGE10_2C0E1660_1.jpg,ROUND,YELLOW,10,ROUND_YELLOW,178,0,0,0,0,0,0,0,0,0,0,0,1,59746-0115-06
59746-0115-06_RXNAVIMAGE10_2C0E1660_2.jpg,ROUND,YELLOW,10,ROUND_YELLOW,178,0,0,0,0,0,0,0,0,0,0,0,1,59746-0115-06
53489-0510-01_RXNAVIMAGE10_14230A48_1.jpg,ROUND,WHITE,10,ROUND_WHITE,174,0,0,0,0,0,0,0,0,0,0,1,0,53489-0510-01
53489-0510-01_RXNAVIMAGE10_14230A48_2.jpg,ROUND,WHITE,10,ROUND_WHITE,174,0,0,0,0,0,0,0,0,0,0,1,0,53489-0510-01
00430-0753-27_RXNAVIMAGE10_263E9334_1.jpg,CAPSULE,RED,1,CAPSULE_RED,69,0,0,0,0,0,0,0,0,1,0,0,0,00430-0753-27
00430-0753-27_RXNAVIMAGE10_263E9334_2.jpg,CAPSULE,RED,1,CAPSULE_RED,69,0,0,0,0,0,0,0,0,1,0,0,0,00430-0753-27
00093-5551-01_RXNAVIMAGE10_CA42E527_1.jpg,CAPSULE,WHITE,1,CAPSULE_WHITE,81,0,0,0,0,0,0,0,0,0,0,1,0,00093-5551-01
00093-5551-01_RXNAVIMAGE10_CA42E527_2.jpg,CAPSULE,WHITE,1,CAPSULE_WHITE,81,0,0,0,0,0,0,0,0,0,0,1,0,00093-5551-01
00378-0135-01_RXNAVIMAGE10_243A9224_1.jpg,OVAL,WHITE,7,OVAL_WHITE,139,0,0,0,0,0,0,0,0,0,0,1,0,00378-0135-01
00378-0135-01_RXNAVIMAGE10_243A9224_2.jpg,OVAL,WHITE,7,OVAL_WHITE,139,0,0,0,0,0,0,0,0,0,0,1,0,00378-0135-01
00093-1118-01_RXNAVIMAGE10_D32969BB_1.jpg,OVAL,BLUE,7,OVAL_BLUE,123,0,1,0,0,0,0,0,0,0,0,0,0,00093-1118-01
00093-1118-01_RXNAVIMAGE10_D32969BB_2.jpg,OVAL,BLUE,7,OVAL_BLUE,123,0,1,0,0,0,0,0,0,0,0,0,0,00093-1118-01
10135-0123-01_RXNAVIMAGE10_2E329704_1.jpg,ROUND,WHITE,10,ROUND_WHITE,174,0,0,0,0,0,0,0,0,0,0,1,0,10135-0123-01
10135-0123-01_RXNAVIMAGE10_2E329704_2.jpg,ROUND,WHITE,10,ROUND_WHITE,174,0,0,0,0,0,0,0,0,0,0,1,0,10135-0123-01
00172-4365-60_RXNAVIMAGE10_1C280E70_1.jpg,ROUND,WHITE,10,ROUND_WHITE,174,0,0,0,0,0,0,0,0,0,0,1,0,00172-4365-60
00172-4365-60_RXNAVIMAGE10_1C280E70_2.jpg,ROUND,WHITE,10,ROUND_WHITE,174,0,0,0,0,0,0,0,0,0,0,1,0,00172-4365-60
65580-0644-71_RXNAVIMAGE10_08450428_1.jpg,ROUND,BLUE,10,ROUND_BLUE,160,0,1,0,0,0,0,0,0,0,0,0,0,65580-0644-71
65580-0644-71_RXNAVIMAGE10_08450428_2.jpg,ROUND,BLUE,10,ROUND_BLUE,160,0,1,0,0,0,0,0,0,0,0,0,0,65580-0644-71
42806-0057-10_RXNAVIMAGE10_235191FC_1.jpg,ROUND,WHITE,10,ROUND_WHITE,174,0,0,0,0,0,0,0,0,0,0,1,0,42806-0057-10
42806-0057-10_RXNAVIMAGE10_235191FC_2.jpg,ROUND,WHITE,10,ROUND_WHITE,174,0,0,0,0,0,0,0,0,0,0,1,0,42806-0057-10
00781-1789-01_RXNAVIMAGE10_B0445832_1.jpg,ROUND,PINK,10,ROUND_PINK,168,0,0,0,0,0,0,1,0,0,0,0,0,00781-1789-01
00781-1789-01_RXNAVIMAGE10_B0445832_2.jpg,ROUND,PINK,10,ROUND_PINK,168,0,0,0,0,0,0,1,0,0,0,0,0,00781-1789-01
00378-1823-01_RXNAVIMAGE10_D723EBAF_1.jpg,OVAL,BLUE,7,OVAL_BLUE,123,0,1,0,0,0,0,0,0,0,0,0,0,00378-1823-01
00378-1823-01_RXNAVIMAGE10_D723EBAF_2.jpg,OVAL,BLUE,7,OVAL_BLUE,123,0,1,0,0,0,0,0,0,0,0,0,0,00378-1823-01
00172-4358-46_RXNAVIMAGE10_172D8B9C_1.jpg,OVAL,BROWN,7,OVAL_BROWN,125,0,0,1,0,0,0,0,0,0,0,0,0,00172-4358-46
00172-4358-46_RXNAVIMAGE10_172D8B9C_2.jpg,OVAL,BROWN,7,OVAL_BROWN,125,0,0,1,0,0,0,0,0,0,0,0,0,00172-4358-46
45963-0558-30_RXNAVIMAGE10_2E431708_1.jpg,OVAL,BLUE,7,OVAL_BLUE,123,0,1,0,0,0,0,0,0,0,0,0,0,45963-0558-30
45963-0558-30_RXNAVIMAGE10_2E431708_2.jpg,OVAL,BLUE,7,OVAL_BLUE,123,0,1,0,0,0,0,0,0,0,0,0,0,45963-0558-30
45963-0141-30_RXNAVIMAGE10_08448414_1.jpg,ROUND,WHITE,10,ROUND_WHITE,174,0,0,0,0,0,0,0,0,0,0,1,0,45963-0141-30
45963-0141-30_RXNAVIMAGE10_08448414_2.jpg,ROUND,WHITE,10,ROUND_WHITE,174,0,0,0,0,0,0,0,0,0,0,1,0,45963-0141-30
50111-0433-01_RXNAVIMAGE10_21301080_1.jpg,ROUND,WHITE,10,ROUND_WHITE,174,0,0,0,0,0,0,0,0,0,0,1,0,50111-0433-01
50111-0433-01_RXNAVIMAGE10_21301080_2.jpg,ROUND,WHITE,10,ROUND_WHITE,174,0,0,0,0,0,0,0,0,0,0,1,0,50111-0433-01
49884-0065-01_RXNAVIMAGE10_3C3B1E08_1.jpg,ROUND,WHITE,10,ROUND_WHITE,174,0,0,0,0,0,0,0,0,0,0,1,0,49884-0065-01
49884-0065-01_RXNAVIMAGE10_3C3B1E08_2.jpg,ROUND,WHITE,10,ROUND_WHITE,174,0,0,0,0,0,0,0,0,0,0,1,0,49884-0065-01
67877-0223-05_RXNAVIMAGE10_274093D4_1.jpg,CAPSULE,YELLOW,1,CAPSULE_YELLOW,94,0,0,0,0,0,0,0,0,0,0,0,1,67877-0223-05
67877-0223-05_RXNAVIMAGE10_274093D4_2.jpg,CAPSULE,YELLOW,1,CAPSULE_YELLOW,94,0,0,0,0,0,0,0,0,0,0,0,1,67877-0223-05
00573-2660-24_RXNAVIMAGE10_8D46C6B6_1.jpg,ROUND,WHITE,10,ROUND_WHITE,174,0,0,0,0,0,0,0,0,0,0,1,0,00573-2660-24
00573-2660-24_RXNAVIMAGE10_8D46C6B6_2.jpg,ROUND,WHITE,10,ROUND_WHITE,174,0,0,0,0,0,0,0,0,0,0,1,0,00573-2660-24
00093-2267-01_RXNAVIMAGE10_052982AC_1.jpg,OVAL,WHITE,7,OVAL_WHITE,139,0,0,0,0,0,0,0,0,0,0,1,0,00093-2267-01
00093-2267-01_RXNAVIMAGE10_052982AC_2.jpg,OVAL,WHITE,7,OVAL_WHITE,139,0,0,0,0,0,0,0,0,0,0,1,0,00093-2267-01
68382-0261-01_RXNAVIMAGE10_DB12ED97_1.jpg,CAPSULE,"ORANGE, WHITE",1,"CAPSULE_ORANGE, WHITE",50,0,0,0,0,0,1,0,0,0,0,1,0,68382-0261-01
68382-0261-01_RXNAVIMAGE10_DB12ED97_2.jpg,CAPSULE,"ORANGE, WHITE",1,"CAPSULE_ORANGE, WHITE",50,0,0,0,0,0,1,0,0,0,0,1,0,68382-0261-01
00185-0371-01_RXNAVIMAGE10_D44FEA3F_1.jpg,ROUND,ORANGE,10,ROUND_ORANGE,166,0,0,0,0,0,1,0,0,0,0,0,0,00185-0371-01
00185-0371-01_RXNAVIMAGE10_D44FEA3F_2.jpg,ROUND,ORANGE,10,ROUND_ORANGE,166,0,0,0,0,0,1,0,0,0,0,0,0,00185-0371-01
51079-0954-20_RXNAVIMAGE10_E332F197_1.jpg,ROUND,ORANGE,10,ROUND_ORANGE,166,0,0,0,0,0,1,0,0,0,0,0,0,51079-0954-20
51079-0954-20_RXNAVIMAGE10_E332F197_2.jpg,ROUND,ORANGE,10,ROUND_ORANGE,166,0,0,0,0,0,1,0,0,0,0,0,0,51079-0954-20
60505-2579-09_RXNAVIMAGE10_A538D296_1.jpg,OVAL,WHITE,7,OVAL_WHITE,139,0,0,0,0,0,0,0,0,0,0,1,0,60505-2579-09
60505-2579-09_RXNAVIMAGE10_A538D296_2.jpg,OVAL,WHITE,7,OVAL_WHITE,139,0,0,0,0,0,0,0,0,0,0,1,0,60505-2579-09
00603-6151-21_RXNAVIMAGE10_854742AA_1.jpg,ROUND,ORANGE,10,ROUND_ORANGE,166,0,0,0,0,0,1,0,0,0,0,0,0,00603-6151-21
00603-6151-21_RXNAVIMAGE10_854742AA_2.jpg,ROUND,ORANGE,10,ROUND_ORANGE,166,0,0,0,0,0,1,0,0,0,0,0,0,00603-6151-21
59762-5021-01_RXNAVIMAGE10_19230CB8_1.jpg,ROUND,BROWN,10,ROUND_BROWN,162,0,0,1,0,0,0,0,0,0,0,0,0,59762-5021-01
59762-5021-01_RXNAVIMAGE10_19230CB8_2.jpg,ROUND,BROWN,10,ROUND_BROWN,162,0,0,1,0,0,0,0,0,0,0,0,0,59762-5021-01
51285-0554-02_RXNAVIMAGE10_D6366B13_1.jpg,CAPSULE,"BLUE, WHITE",1,"CAPSULE_BLUE, WHITE",16,0,1,0,0,0,0,0,0,0,0,1,0,51285-0554-02
51285-0554-02_RXNAVIMAGE10_D6366B13_2.jpg,CAPSULE,"BLUE, WHITE",1,"CAPSULE_BLUE, WHITE",16,0,1,0,0,0,0,0,0,0,0,1,0,51285-0554-02
00430-0420-14_RXNAVIMAGE10_314018E0_1.jpg,ROUND,BROWN,10,ROUND_BROWN,162,0,0,1,0,0,0,0,0,0,0,0,0,00430-0420-14
00430-0420-14_RXNAVIMAGE10_314018E0_2.jpg,ROUND,BROWN,10,ROUND_BROWN,162,0,0,1,0,0,0,0,0,0,0,0,0,00430-0420-14
68462-0461-60_RXNAVIMAGE10_B73D5B9A_1.jpg,ROUND,YELLOW,10,ROUND_YELLOW,178,0,0,0,0,0,0,0,0,0,0,0,1,68462-0461-60
68462-0461-60_RXNAVIMAGE10_B73D5B9A_2.jpg,ROUND,YELLOW,10,ROUND_YELLOW,178,0,0,0,0,0,0,0,0,0,0,0,1,68462-0461-60
00115-7033-01_RXNAVIMAGE10_0F4A07F0_1.jpg,ROUND,WHITE,10,ROUND_WHITE,174,0,0,0,0,0,0,0,0,0,0,1,0,00115-7033-01
00115-7033-01_RXNAVIMAGE10_0F4A07F0_2.jpg,ROUND,WHITE,10,ROUND_WHITE,174,0,0,0,0,0,0,0,0,0,0,1,0,00115-7033-01
43547-0276-03_RXNAVIMAGE10_9839CC5E_1.jpg,ROUND,YELLOW,10,ROUND_YELLOW,178,0,0,0,0,0,0,0,0,0,0,0,1,43547-0276-03
43547-0276-03_RXNAVIMAGE10_9839CC5E_2.jpg,ROUND,YELLOW,10,ROUND_YELLOW,178,0,0,0,0,0,0,0,0,0,0,0,1,43547-0276-03
00093-5271-56_RXNAVIMAGE10_EB2D75AB_1.jpg,ROUND,WHITE,10,ROUND_WHITE,174,0,0,0,0,0,0,0,0,0,0,1,0,00093-5271-56
00093-5271-56_RXNAVIMAGE10_EB2D75AB_2.jpg,ROUND,WHITE,10,ROUND_WHITE,174,0,0,0,0,0,0,0,0,0,0,1,0,00093-5271-56
00093-5050-06_RXNAVIMAGE10_992D4C9A_1.jpg,OVAL,WHITE,7,OVAL_WHITE,139,0,0,0,0,0,0,0,0,0,0,1,0,00093-5050-06
00093-5050-06_RXNAVIMAGE10_992D4C9A_2.jpg,OVAL,WHITE,7,OVAL_WHITE,139,0,0,0,0,0,0,0,0,0,0,1,0,00093-5050-06
68462-0209-01_RXNAVIMAGE10_123C8934_1.jpg,ROUND,PINK,10,ROUND_PINK,168,0,0,0,0,0,0,1,0,0,0,0,0,68462-0209-01
68462-0209-01_RXNAVIMAGE10_123C8934_2.jpg,ROUND,PINK,10,ROUND_PINK,168,0,0,0,0,0,0,1,0,0,0,0,0,68462-0209-01
64980-0155-01_RXNAVIMAGE10_6733B3DD_1.jpg,OVAL,WHITE,7,OVAL_WHITE,139,0,0,0,0,0,0,0,0,0,0,1,0,64980-0155-01
64980-0155-01_RXNAVIMAGE10_6733B3DD_2.jpg,OVAL,WHITE,7,OVAL_WHITE,139,0,0,0,0,0,0,0,0,0,0,1,0,64980-0155-01
00093-5119-98_RXNAVIMAGE10_492D24A9_1.jpg,CAPSULE,"WHITE, GREEN",1,"CAPSULE_WHITE, GREEN",86,0,0,0,0,1,0,0,0,0,0,1,0,00093-5119-98
00093-5119-98_RXNAVIMAGE10_492D24A9_2.jpg,CAPSULE,"WHITE, GREEN",1,"CAPSULE_WHITE, GREEN",86,0,0,0,0,1,0,0,0,0,0,1,0,00093-5119-98
62756-0712-86_RXNAVIMAGE10_890EC4C6_1.jpg,ROUND,BROWN,10,ROUND_BROWN,162,0,0,1,0,0,0,0,0,0,0,0,0,62756-0712-86
62756-0712-86_RXNAVIMAGE10_890EC4C6_2.jpg,ROUND,BROWN,10,ROUND_BROWN,162,0,0,1,0,0,0,0,0,0,0,0,0,62756-0712-86
00007-3151-13_RXNAVIMAGE10_A018D026_1.jpg,TRIANGLE,YELLOW,15,TRIANGLE_YELLOW,203,0,0,0,0,0,0,0,0,0,0,0,1,00007-3151-13
00007-3151-13_RXNAVIMAGE10_A018D026_2.jpg,TRIANGLE,YELLOW,15,TRIANGLE_YELLOW,203,0,0,0,0,0,0,0,0,0,0,0,1,00007-3151-13
47335-0736-88_RXNAVIMAGE10_703AB835_1.jpg,ROUND,WHITE,10,ROUND_WHITE,174,0,0,0,0,0,0,0,0,0,0,1,0,47335-0736-88
47335-0736-88_RXNAVIMAGE10_703AB835_2.jpg,ROUND,WHITE,10,ROUND_WHITE,174,0,0,0,0,0,0,0,0,0,0,1,0,47335-0736-88
00456-3205-60_RXNAVIMAGE10_AA16D556_1.jpg,OVAL,BROWN,7,OVAL_BROWN,125,0,0,1,0,0,0,0,0,0,0,0,0,00456-3205-60
00456-3205-60_RXNAVIMAGE10_AA16D556_2.jpg,OVAL,BROWN,7,OVAL_BROWN,125,0,0,1,0,0,0,0,0,0,0,0,0,00456-3205-60
00093-0834-01_RXNAVIMAGE10_2D4296C4_1.jpg,ROUND,WHITE,10,ROUND_WHITE,174,0,0,0,0,0,0,0,0,0,0,1,0,00093-0834-01
00093-0834-01_RXNAVIMAGE10_2D4296C4_2.jpg,ROUND,WHITE,10,ROUND_WHITE,174,0,0,0,0,0,0,0,0,0,0,1,0,00093-0834-01
00555-0776-02_RXNAVIMAGE10_074203C0_1.jpg,OVAL,ORANGE,7,OVAL_ORANGE,130,0,0,0,0,0,1,0,0,0,0,0,0,00555-0776-02
00555-0776-02_RXNAVIMAGE10_074203C0_2.jpg,OVAL,ORANGE,7,OVAL_ORANGE,130,0,0,0,0,0,1,0,0,0,0,0,0,00555-0776-02
00093-2210-98_RXNAVIMAGE10_B827DC6E_1.jpg,OVAL,WHITE,7,OVAL_WHITE,139,0,0,0,0,0,0,0,0,0,0,1,0,00093-2210-98
00093-2210-98_RXNAVIMAGE10_B827DC6E_2.jpg,OVAL,WHITE,7,OVAL_WHITE,139,0,0,0,0,0,0,0,0,0,0,1,0,00093-2210-98
49884-0822-11_RXNAVIMAGE10_B9125CD2_1.jpg,ROUND,WHITE,10,ROUND_WHITE,174,0,0,0,0,0,0,0,0,0,0,1,0,49884-0822-11
49884-0822-11_RXNAVIMAGE10_B9125CD2_2.jpg,ROUND,WHITE,10,ROUND_WHITE,174,0,0,0,0,0,0,0,0,0,0,1,0,49884-0822-11
68462-0720-84_RXNAVIMAGE10_FC4FFE7F_1.jpg,ROUND,WHITE,10,ROUND_WHITE,174,0,0,0,0,0,0,0,0,0,0,1,0,68462-0720-84
68462-0720-84_RXNAVIMAGE10_FC4FFE7F_2.jpg,ROUND,WHITE,10,ROUND_WHITE,174,0,0,0,0,0,0,0,0,0,0,1,0,68462-0720-84
00093-7386-56_RXNAVIMAGE10_9612CB46_1.jpg,CAPSULE,ORANGE,1,CAPSULE_ORANGE,44,0,0,0,0,0,1,0,0,0,0,0,0,00093-7386-56
00093-7386-56_RXNAVIMAGE10_9612CB46_2.jpg,CAPSULE,ORANGE,1,CAPSULE_ORANGE,44,0,0,0,0,0,1,0,0,0,0,0,0,00093-7386-56
75826-0115-10_RXNAVIMAGE10_5850AC45_1.jpg,ROUND,BROWN,10,ROUND_BROWN,162,0,0,1,0,0,0,0,0,0,0,0,0,75826-0115-10
75826-0115-10_RXNAVIMAGE10_5850AC45_2.jpg,ROUND,BROWN,10,ROUND_BROWN,162,0,0,1,0,0,0,0,0,0,0,0,0,75826-0115-10
00378-0143-01_RXNAVIMAGE10_8221411A_1.jpg,CAPSULE,GREEN,1,CAPSULE_GREEN,32,0,0,0,0,1,0,0,0,0,0,0,0,00378-0143-01
00378-0143-01_RXNAVIMAGE10_8221411A_2.jpg,CAPSULE,GREEN,1,CAPSULE_GREEN,32,0,0,0,0,1,0,0,0,0,0,0,0,00378-0143-01
00187-1704-05_RXNAVIMAGE10_E045F00F_1.jpg,ROUND,YELLOW,10,ROUND_YELLOW,178,0,0,0,0,0,0,0,0,0,0,0,1,00187-1704-05
00187-1704-05_RXNAVIMAGE10_E045F00F_2.jpg,ROUND,YELLOW,10,ROUND_YELLOW,178,0,0,0,0,0,0,0,0,0,0,0,1,00187-1704-05
23155-0112-10_RXNAVIMAGE10_B40E5A12_1.jpg,ROUND,GREEN,10,ROUND_GREEN,164,0,0,0,0,1,0,0,0,0,0,0,0,23155-0112-10
23155-0112-10_RXNAVIMAGE10_B40E5A12_2.jpg,ROUND,GREEN,10,ROUND_GREEN,164,0,0,0,0,1,0,0,0,0,0,0,0,23155-0112-10
67253-0320-10_RXNAVIMAGE10_F008F857_1.jpg,ROUND,YELLOW,10,ROUND_YELLOW,178,0,0,0,0,0,0,0,0,0,0,0,1,67253-0320-10
67253-0320-10_RXNAVIMAGE10_F008F857_2.jpg,ROUND,YELLOW,10,ROUND_YELLOW,178,0,0,0,0,0,0,0,0,0,0,0,1,67253-0320-10
00093-0688-01_RXNAVIMAGE10_3229995C_1.jpg,ROUND,WHITE,10,ROUND_WHITE,174,0,0,0,0,0,0,0,0,0,0,1,0,00093-0688-01
00093-0688-01_RXNAVIMAGE10_3229995C_2.jpg,ROUND,WHITE,10,ROUND_WHITE,174,0,0,0,0,0,0,0,0,0,0,1,0,00093-0688-01
60505-4504-09_RXNAVIMAGE10_9E50CF56_1.jpg,ROUND,PINK,10,ROUND_PINK,168,0,0,0,0,0,0,1,0,0,0,0,0,60505-4504-09
60505-4504-09_RXNAVIMAGE10_9E50CF56_2.jpg,ROUND,PINK,10,ROUND_PINK,168,0,0,0,0,0,0,1,0,0,0,0,0,60505-4504-09
50419-0488-58_RXNAVIMAGE10_1C190E68_1.jpg,ROUND,RED,10,ROUND_RED,172,0,0,0,0,0,0,0,0,1,0,0,0,50419-0488-58
50419-0488-58_RXNAVIMAGE10_1C190E68_2.jpg,ROUND,RED,10,ROUND_RED,172,0,0,0,0,0,0,0,0,1,0,0,0,50419-0488-58
69543-0120-10_RXNAVIMAGE10_F44EFA67_1.jpg,ROUND,WHITE,10,ROUND_WHITE,174,0,0,0,0,0,0,0,0,0,0,1,0,69543-0120-10
69543-0120-10_RXNAVIMAGE10_F44EFA67_2.jpg,ROUND,WHITE,10,ROUND_WHITE,174,0,0,0,0,0,0,0,0,0,0,1,0,69543-0120-10
00591-3193-01_RXNAVIMAGE10_6D46B6F5_1.jpg,ROUND,BROWN,10,ROUND_BROWN,162,0,0,1,0,0,0,0,0,0,0,0,0,00591-3193-01
00591-3193-01_RXNAVIMAGE10_6D46B6F5_2.jpg,ROUND,BROWN,10,ROUND_BROWN,162,0,0,1,0,0,0,0,0,0,0,0,0,00591-3193-01
60505-1308-01_RXNAVIMAGE10_4F21A7DD_1.jpg,ROUND,WHITE,10,ROUND_WHITE,174,0,0,0,0,0,0,0,0,0,0,1,0,60505-1308-01
60505-1308-01_RXNAVIMAGE10_4F21A7DD_2.jpg,ROUND,WHITE,10,ROUND_WHITE,174,0,0,0,0,0,0,0,0,0,0,1,0,60505-1308-01
16729-0078-01_RXNAVIMAGE10_B948DC86_1.jpg,OVAL,ORANGE,7,OVAL_ORANGE,130,0,0,0,0,0,1,0,0,0,0,0,0,16729-0078-01
16729-0078-01_RXNAVIMAGE10_B948DC86_2.jpg,OVAL,ORANGE,7,OVAL_ORANGE,130,0,0,0,0,0,1,0,0,0,0,0,0,16729-0078-01
62756-0204-03_RXNAVIMAGE10_4B4FA5CD_1.jpg,OVAL,WHITE,7,OVAL_WHITE,139,0,0,0,0,0,0,0,0,0,0,1,0,62756-0204-03
62756-0204-03_RXNAVIMAGE10_4B4FA5CD_2.jpg,OVAL,WHITE,7,OVAL_WHITE,139,0,0,0,0,0,0,0,0,0,0,1,0,62756-0204-03
57237-0007-30_RXNAVIMAGE10_5751ABDD_1.jpg,OVAL,WHITE,7,OVAL_WHITE,139,0,0,0,0,0,0,0,0,0,0,1,0,57237-0007-30
57237-0007-30_RXNAVIMAGE10_5751ABDD_2.jpg,OVAL,WHITE,7,OVAL_WHITE,139,0,0,0,0,0,0,0,0,0,0,1,0,57237-0007-30
00093-5742-65_RXNAVIMAGE10_654732E9_1.jpg,OVAL,BROWN,7,OVAL_BROWN,125,0,0,1,0,0,0,0,0,0,0,0,0,00093-5742-65
00093-5742-65_RXNAVIMAGE10_654732E9_2.jpg,OVAL,BROWN,7,OVAL_BROWN,125,0,0,1,0,0,0,0,0,0,0,0,0,00093-5742-65
65597-0112-90_RXNAVIMAGE10_E239F11F_1.jpg,ROUND,YELLOW,10,ROUND_YELLOW,178,0,0,0,0,0,0,0,0,0,0,0,1,65597-0112-90
65597-0112-90_RXNAVIMAGE10_E239F11F_2.jpg,ROUND,YELLOW,10,ROUND_YELLOW,178,0,0,0,0,0,0,0,0,0,0,0,1,65597-0112-90
53746-0103-05_RXNAVIMAGE10_14080A00_1.jpg,CAPSULE,BROWN,1,CAPSULE_BROWN,18,0,0,1,0,0,0,0,0,0,0,0,0,53746-0103-05
53746-0103-05_RXNAVIMAGE10_14080A00_2.jpg,CAPSULE,BROWN,1,CAPSULE_BROWN,18,0,0,1,0,0,0,0,0,0,0,0,0,53746-0103-05
00078-0509-05_RXNAVIMAGE10_EB1D75AB_1.jpg,OVAL,PINK,7,OVAL_PINK,133,0,0,0,0,0,0,1,0,0,0,0,0,00078-0509-05
00078-0509-05_RXNAVIMAGE10_EB1D75AB_2.jpg,OVAL,PINK,7,OVAL_PINK,133,0,0,0,0,0,0,1,0,0,0,0,0,00078-0509-05
50458-0300-06_RXNAVIMAGE10_35241A80_1.jpg,OVAL,WHITE,7,OVAL_WHITE,139,0,0,0,0,0,0,0,0,0,0,1,0,50458-0300-06
50458-0300-06_RXNAVIMAGE10_35241A80_2.jpg,OVAL,WHITE,7,OVAL_WHITE,139,0,0,0,0,0,0,0,0,0,0,1,0,50458-0300-06
65862-0524-05_RXNAVIMAGE10_2A49956C_1.jpg,OVAL,WHITE,7,OVAL_WHITE,139,0,0,0,0,0,0,0,0,0,0,1,0,65862-0524-05
65862-0524-05_RXNAVIMAGE10_2A49956C_2.jpg,OVAL,WHITE,7,OVAL_WHITE,139,0,0,0,0,0,0,0,0,0,0,1,0,65862-0524-05
42865-0302-02_RXNAVIMAGE10_78473C79_1.jpg,CAPSULE,"RED, WHITE",1,"CAPSULE_RED, WHITE",74,0,0,0,0,0,0,0,0,1,0,1,0,42865-0302-02
42865-0302-02_RXNAVIMAGE10_78473C79_2.jpg,CAPSULE,"RED, WHITE",1,"CAPSULE_RED, WHITE",74,0,0,0,0,0,0,0,0,1,0,1,0,42865-0302-02
51285-0100-88_RXNAVIMAGE10_FB4EFDC7_1.jpg,ROUND,WHITE,10,ROUND_WHITE,174,0,0,0,0,0,0,0,0,0,0,1,0,51285-0100-88
51285-0100-88_RXNAVIMAGE10_FB4EFDC7_2.jpg,ROUND,WHITE,10,ROUND_WHITE,174,0,0,0,0,0,0,0,0,0,0,1,0,51285-0100-88
31722-0542-01_RXNAVIMAGE10_294594EC_1.jpg,CAPSULE,GREEN,1,CAPSULE_GREEN,32,0,0,0,0,1,0,0,0,0,0,0,0,31722-0542-01
31722-0542-01_RXNAVIMAGE10_294594EC_2.jpg,CAPSULE,GREEN,1,CAPSULE_GREEN,32,0,0,0,0,1,0,0,0,0,0,0,0,31722-0542-01
00228-2634-06_RXNAVIMAGE10_9C204E42_1.jpg,ROUND,PINK,10,ROUND_PINK,168,0,0,0,0,0,0,1,0,0,0,0,0,00228-2634-06
00228-2634-06_RXNAVIMAGE10_9C204E42_2.jpg,ROUND,PINK,10,ROUND_PINK,168,0,0,0,0,0,0,1,0,0,0,0,0,00228-2634-06
00597-0041-37_RXNAVIMAGE10_39451CE8_1.jpg,OVAL,WHITE,7,OVAL_WHITE,139,0,0,0,0,0,0,0,0,0,0,1,0,00597-0041-37
00597-0041-37_RXNAVIMAGE10_39451CE8_2.jpg,OVAL,WHITE,7,OVAL_WHITE,139,0,0,0,0,0,0,0,0,0,0,1,0,00597-0041-37
00093-5501-01_RXNAVIMAGE10_CF2D679B_1.jpg,ROUND,YELLOW,10,ROUND_YELLOW,178,0,0,0,0,0,0,0,0,0,0,0,1,00093-5501-01
00093-5501-01_RXNAVIMAGE10_CF2D679B_2.jpg,ROUND,YELLOW,10,ROUND_YELLOW,178,0,0,0,0,0,0,0,0,0,0,0,1,00093-5501-01
49884-0401-91_RXNAVIMAGE10_421CA105_1.jpg,ROUND,WHITE,10,ROUND_WHITE,174,0,0,0,0,0,0,0,0,0,0,1,0,49884-0401-91
49884-0401-91_RXNAVIMAGE10_421CA105_2.jpg,ROUND,WHITE,10,ROUND_WHITE,174,0,0,0,0,0,0,0,0,0,0,1,0,49884-0401-91
60505-3454-06_RXNAVIMAGE10_714338C9_1.jpg,ROUND,YELLOW,10,ROUND_YELLOW,178,0,0,0,0,0,0,0,0,0,0,0,1,60505-3454-06
60505-3454-06_RXNAVIMAGE10_714338C9_2.jpg,ROUND,YELLOW,10,ROUND_YELLOW,178,0,0,0,0,0,0,0,0,0,0,0,1,60505-3454-06
00093-2050-56_RXNAVIMAGE10_5038A805_1.jpg,CAPSULE,GREEN,1,CAPSULE_GREEN,32,0,0,0,0,1,0,0,0,0,0,0,0,00093-2050-56
00093-2050-56_RXNAVIMAGE10_5038A805_2.jpg,CAPSULE,GREEN,1,CAPSULE_GREEN,32,0,0,0,0,1,0,0,0,0,0,0,0,00093-2050-56
65862-0053-30_RXNAVIMAGE10_C621630B_1.jpg,ROUND,PINK,10,ROUND_PINK,168,0,0,0,0,0,0,1,0,0,0,0,0,65862-0053-30
65862-0053-30_RXNAVIMAGE10_C621630B_2.jpg,ROUND,PINK,10,ROUND_PINK,168,0,0,0,0,0,0,1,0,0,0,0,0,65862-0053-30
00378-1803-01_RXNAVIMAGE10_2A23950C_1.jpg,OVAL,WHITE,7,OVAL_WHITE,139,0,0,0,0,0,0,0,0,0,0,1,0,00378-1803-01
00378-1803-01_RXNAVIMAGE10_2A23950C_2.jpg,OVAL,WHITE,7,OVAL_WHITE,139,0,0,0,0,0,0,0,0,0,0,1,0,00378-1803-01
51285-0128-70_RXNAVIMAGE10_E042F067_1.jpg,ROUND,PINK,10,ROUND_PINK,168,0,0,0,0,0,0,1,0,0,0,0,0,51285-0128-70
51285-0128-70_RXNAVIMAGE10_E042F067_2.jpg,ROUND,PINK,10,ROUND_PINK,168,0,0,0,0,0,0,1,0,0,0,0,0,51285-0128-70
33342-0023-32_RXNAVIMAGE10_3F511FF8_1.jpg,OVAL,WHITE,7,OVAL_WHITE,139,0,0,0,0,0,0,0,0,0,0,1,0,33342-0023-32
33342-0023-32_RXNAVIMAGE10_3F511FF8_2.jpg,OVAL,WHITE,7,OVAL_WHITE,139,0,0,0,0,0,0,0,0,0,0,1,0,33342-0023-32
13811-0648-10_RXNAVIMAGE10_6F4537B9_1.jpg,ROUND,PINK,10,ROUND_PINK,168,0,0,0,0,0,0,1,0,0,0,0,0,13811-0648-10
13811-0648-10_RXNAVIMAGE10_6F4537B9_2.jpg,ROUND,PINK,10,ROUND_PINK,168,0,0,0,0,0,0,1,0,0,0,0,0,13811-0648-10
65649-0701-41_RXNAVIMAGE10_673C3381_1.jpg,OVAL,WHITE,7,OVAL_WHITE,139,0,0,0,0,0,0,0,0,0,0,1,0,65649-0701-41
65649-0701-41_RXNAVIMAGE10_673C3381_2.jpg,OVAL,WHITE,7,OVAL_WHITE,139,0,0,0,0,0,0,0,0,0,0,1,0,65649-0701-41
00781-5313-06_RXNAVIMAGE10_1F3F8FEC_1.jpg,ROUND,PINK,10,ROUND_PINK,168,0,0,0,0,0,0,1,0,0,0,0,0,00781-5313-06
00781-5313-06_RXNAVIMAGE10_1F3F8FEC_2.jpg,ROUND,PINK,10,ROUND_PINK,168,0,0,0,0,0,0,1,0,0,0,0,0,00781-5313-06
51079-0118-20_RXNAVIMAGE10_533529E9_1.jpg,CAPSULE,TURQUOISE,1,CAPSULE_TURQUOISE,76,0,0,0,0,0,0,0,0,0,1,0,0,51079-0118-20
51079-0118-20_RXNAVIMAGE10_533529E9_2.jpg,CAPSULE,TURQUOISE,1,CAPSULE_TURQUOISE,76,0,0,0,0,0,0,0,0,0,1,0,0,51079-0118-20
00143-1210-01_RXNAVIMAGE10_B304D9C6_1.jpg,ROUND,WHITE,10,ROUND_WHITE,174,0,0,0,0,0,0,0,0,0,0,1,0,00143-1210-01
00143-1210-01_RXNAVIMAGE10_B304D9C6_2.jpg,ROUND,WHITE,10,ROUND_WHITE,174,0,0,0,0,0,0,0,0,0,0,1,0,00143-1210-01
00378-0052-01_RXNAVIMAGE10_E40DF26F_1.jpg,ROUND,WHITE,10,ROUND_WHITE,174,0,0,0,0,0,0,0,0,0,0,1,0,00378-0052-01
00378-0052-01_RXNAVIMAGE10_E40DF26F_2.jpg,ROUND,WHITE,10,ROUND_WHITE,174,0,0,0,0,0,0,0,0,0,0,1,0,00378-0052-01
00093-3012-84_RXNAVIMAGE10_F32CF987_1.jpg,ROUND,YELLOW,10,ROUND_YELLOW,178,0,0,0,0,0,0,0,0,0,0,0,1,00093-3012-84
00093-3012-84_RXNAVIMAGE10_F32CF987_2.jpg,ROUND,YELLOW,10,ROUND_YELLOW,178,0,0,0,0,0,0,0,0,0,0,0,1,00093-3012-84
23155-0227-01_RXNAVIMAGE10_F4397A0B_1.jpg,ROUND,WHITE,10,ROUND_WHITE,174,0,0,0,0,0,0,0,0,0,0,1,0,23155-0227-01
23155-0227-01_RXNAVIMAGE10_F4397A0B_2.jpg,ROUND,WHITE,10,ROUND_WHITE,174,0,0,0,0,0,0,0,0,0,0,1,0,23155-0227-01
00555-0094-96_RXNAVIMAGE10_AA425552_1.jpg,ROUND,WHITE,10,ROUND_WHITE,174,0,0,0,0,0,0,0,0,0,0,1,0,00555-0094-96
00555-0094-96_RXNAVIMAGE10_AA425552_2.jpg,ROUND,WHITE,10,ROUND_WHITE,174,0,0,0,0,0,0,0,0,0,0,1,0,00555-0094-96
16252-0601-44_RXNAVIMAGE10_753A3AF1_1.jpg,OVAL,WHITE,7,OVAL_WHITE,139,0,0,0,0,0,0,0,0,0,0,1,0,16252-0601-44
16252-0601-44_RXNAVIMAGE10_753A3AF1_2.jpg,OVAL,WHITE,7,OVAL_WHITE,139,0,0,0,0,0,0,0,0,0,0,1,0,16252-0601-44
17478-0742-02_RXNAVIMAGE10_383E9C34_1.jpg,CAPSULE,"BLUE, PINK",1,"CAPSULE_BLUE, PINK",13,0,1,0,0,0,0,1,0,0,0,0,0,17478-0742-02
17478-0742-02_RXNAVIMAGE10_383E9C34_2.jpg,CAPSULE,"BLUE, PINK",1,"CAPSULE_BLUE, PINK",13,0,1,0,0,0,0,1,0,0,0,0,0,17478-0742-02
53746-0190-05_RXNAVIMAGE10_CD1D66AB_1.jpg,OVAL,WHITE,7,OVAL_WHITE,139,0,0,0,0,0,0,0,0,0,0,1,0,53746-0190-05
53746-0190-05_RXNAVIMAGE10_CD1D66AB_2.jpg,OVAL,WHITE,7,OVAL_WHITE,139,0,0,0,0,0,0,0,0,0,0,1,0,53746-0190-05
59762-4960-01_RXNAVIMAGE10_74213A59_1.jpg,OVAL,GREEN,7,OVAL_GREEN,129,0,0,0,0,1,0,0,0,0,0,0,0,59762-4960-01
59762-4960-01_RXNAVIMAGE10_74213A59_2.jpg,OVAL,GREEN,7,OVAL_GREEN,129,0,0,0,0,1,0,0,0,0,0,0,0,59762-4960-01
00182-1113-01_RXNAVIMAGE10_3D359E8C_1.jpg,ROUND,ORANGE,10,ROUND_ORANGE,166,0,0,0,0,0,1,0,0,0,0,0,0,00182-1113-01
00182-1113-01_RXNAVIMAGE10_3D359E8C_2.jpg,ROUND,ORANGE,10,ROUND_ORANGE,166,0,0,0,0,0,1,0,0,0,0,0,0,00182-1113-01
00781-1766-01_RXNAVIMAGE10_464B2379_1.jpg,ROUND,GREEN,10,ROUND_GREEN,164,0,0,0,0,1,0,0,0,0,0,0,0,00781-1766-01
00781-1766-01_RXNAVIMAGE10_464B2379_2.jpg,ROUND,GREEN,10,ROUND_GREEN,164,0,0,0,0,1,0,0,0,0,0,0,0,00781-1766-01
00093-1893-01_RXNAVIMAGE10_9C2B4E3A_1.jpg,OVAL,BLUE,7,OVAL_BLUE,123,0,1,0,0,0,0,0,0,0,0,0,0,00093-1893-01
00093-1893-01_RXNAVIMAGE10_9C2B4E3A_2.jpg,OVAL,BLUE,7,OVAL_BLUE,123,0,1,0,0,0,0,0,0,0,0,0,0,00093-1893-01
59762-1417-03_RXNAVIMAGE10_7F08BFB5_1.jpg,OVAL,BROWN,7,OVAL_BROWN,125,0,0,1,0,0,0,0,0,0,0,0,0,59762-1417-03
59762-1417-03_RXNAVIMAGE10_7F08BFB5_2.jpg,OVAL,BROWN,7,OVAL_BROWN,125,0,0,1,0,0,0,0,0,0,0,0,0,59762-1417-03
49884-0825-10_RXNAVIMAGE10_D4506A43_1.jpg,OVAL,WHITE,7,OVAL_WHITE,139,0,0,0,0,0,0,0,0,0,0,1,0,49884-0825-10
49884-0825-10_RXNAVIMAGE10_D4506A43_2.jpg,OVAL,WHITE,7,OVAL_WHITE,139,0,0,0,0,0,0,0,0,0,0,1,0,49884-0825-10
00093-7170-06_RXNAVIMAGE10_C542E2B7_1.jpg,CAPSULE,GREEN,1,CAPSULE_GREEN,32,0,0,0,0,1,0,0,0,0,0,0,0,00093-7170-06
00093-7170-06_RXNAVIMAGE10_C542E2B7_2.jpg,CAPSULE,GREEN,1,CAPSULE_GREEN,32,0,0,0,0,1,0,0,0,0,0,0,0,00093-7170-06
16729-0218-16_RXNAVIMAGE10_0E490778_1.jpg,ROUND,PINK,10,ROUND_PINK,168,0,0,0,0,0,0,1,0,0,0,0,0,16729-0218-16
16729-0218-16_RXNAVIMAGE10_0E490778_2.jpg,ROUND,PINK,10,ROUND_PINK,168,0,0,0,0,0,0,1,0,0,0,0,0,16729-0218-16
49884-0701-55_RXNAVIMAGE10_1B398DEC_1.jpg,ROUND,WHITE,10,ROUND_WHITE,174,0,0,0,0,0,0,0,0,0,0,1,0,49884-0701-55
49884-0701-55_RXNAVIMAGE10_1B398DEC_2.jpg,ROUND,WHITE,10,ROUND_WHITE,174,0,0,0,0,0,0,0,0,0,0,1,0,49884-0701-55
23155-0044-03_RXNAVIMAGE10_DC40EE17_1.jpg,TRIANGLE,WHITE,15,TRIANGLE_WHITE,202,0,0,0,0,0,0,0,0,0,0,1,0,23155-0044-03
23155-0044-03_RXNAVIMAGE10_DC40EE17_2.jpg,TRIANGLE,WHITE,15,TRIANGLE_WHITE,202,0,0,0,0,0,0,0,0,0,0,1,0,23155-0044-03
00172-5663-10_RXNAVIMAGE10_C0346023_1.jpg,OVAL,WHITE,7,OVAL_WHITE,139,0,0,0,0,0,0,0,0,0,0,1,0,00172-5663-10
00172-5663-10_RXNAVIMAGE10_C0346023_2.jpg,OVAL,WHITE,7,OVAL_WHITE,139,0,0,0,0,0,0,0,0,0,0,1,0,00172-5663-10
52544-0966-91_RXNAVIMAGE10_194B0C98_1.jpg,ROUND,WHITE,10,ROUND_WHITE,174,0,0,0,0,0,0,0,0,0,0,1,0,52544-0966-91
52544-0966-91_RXNAVIMAGE10_194B0C98_2.jpg,ROUND,WHITE,10,ROUND_WHITE,174,0,0,0,0,0,0,0,0,0,0,1,0,52544-0966-91
00555-0767-02_RXNAVIMAGE10_814240B2_1.jpg,ROUND,ORANGE,10,ROUND_ORANGE,166,0,0,0,0,0,1,0,0,0,0,0,0,00555-0767-02
00555-0767-02_RXNAVIMAGE10_814240B2_2.jpg,ROUND,ORANGE,10,ROUND_ORANGE,166,0,0,0,0,0,1,0,0,0,0,0,0,00555-0767-02
55111-0124-05_RXNAVIMAGE10_8A3A4572_1.jpg,OVAL,WHITE,7,OVAL_WHITE,139,0,0,0,0,0,0,0,0,0,0,1,0,55111-0124-05
55111-0124-05_RXNAVIMAGE10_8A3A4572_2.jpg,OVAL,WHITE,7,OVAL_WHITE,139,0,0,0,0,0,0,0,0,0,0,1,0,55111-0124-05
00378-0735-01_RXNAVIMAGE10_284E9464_1.jpg,OVAL,WHITE,7,OVAL_WHITE,139,0,0,0,0,0,0,0,0,0,0,1,0,00378-0735-01
00378-0735-01_RXNAVIMAGE10_284E9464_2.jpg,OVAL,WHITE,7,OVAL_WHITE,139,0,0,0,0,0,0,0,0,0,0,1,0,00378-0735-01
00143-1140-10_RXNAVIMAGE10_BB045DD2_1.jpg,ROUND,WHITE,10,ROUND_WHITE,174,0,0,0,0,0,0,0,0,0,0,1,0,00143-1140-10
00143-1140-10_RXNAVIMAGE10_BB045DD2_2.jpg,ROUND,WHITE,10,ROUND_WHITE,174,0,0,0,0,0,0,0,0,0,0,1,0,00143-1140-10
31722-0223-05_RXNAVIMAGE10_17080B80_1.jpg,CAPSULE,ORANGE,1,CAPSULE_ORANGE,44,0,0,0,0,0,1,0,0,0,0,0,0,31722-0223-05
31722-0223-05_RXNAVIMAGE10_17080B80_2.jpg,CAPSULE,ORANGE,1,CAPSULE_ORANGE,44,0,0,0,0,0,1,0,0,0,0,0,0,31722-0223-05
67253-0700-06_RXNAVIMAGE10_BB0EDD86_1.jpg,CAPSULE,WHITE,1,CAPSULE_WHITE,81,0,0,0,0,0,0,0,0,0,0,1,0,67253-0700-06
67253-0700-06_RXNAVIMAGE10_BB0EDD86_2.jpg,CAPSULE,WHITE,1,CAPSULE_WHITE,81,0,0,0,0,0,0,0,0,0,0,1,0,67253-0700-06
00172-6359-60_RXNAVIMAGE10_CB2D658B_1.jpg,OVAL,YELLOW,7,OVAL_YELLOW,145,0,0,0,0,0,0,0,0,0,0,0,1,00172-6359-60
00172-6359-60_RXNAVIMAGE10_CB2D658B_2.jpg,OVAL,YELLOW,7,OVAL_YELLOW,145,0,0,0,0,0,0,0,0,0,0,0,1,00172-6359-60
76385-0105-01_RXNAVIMAGE10_C04D604B_1.jpg,ROUND,WHITE,10,ROUND_WHITE,174,0,0,0,0,0,0,0,0,0,0,1,0,76385-0105-01
76385-0105-01_RXNAVIMAGE10_C04D604B_2.jpg,ROUND,WHITE,10,ROUND_WHITE,174,0,0,0,0,0,0,0,0,0,0,1,0,76385-0105-01
31722-0828-30_RXNAVIMAGE10_0A4F852C_1.jpg,ROUND,YELLOW,10,ROUND_YELLOW,178,0,0,0,0,0,0,0,0,0,0,0,1,31722-0828-30
31722-0828-30_RXNAVIMAGE10_0A4F852C_2.jpg,ROUND,YELLOW,10,ROUND_YELLOW,178,0,0,0,0,0,0,0,0,0,0,0,1,31722-0828-30
68546-0229-56_RXNAVIMAGE10_402D2059_1.jpg,ROUND,WHITE,10,ROUND_WHITE,174,0,0,0,0,0,0,0,0,0,0,1,0,68546-0229-56
68546-0229-56_RXNAVIMAGE10_402D2059_2.jpg,ROUND,WHITE,10,ROUND_WHITE,174,0,0,0,0,0,0,0,0,0,0,1,0,68546-0229-56
00781-1507-01_RXNAVIMAGE10_39201C90_1.jpg,ROUND,WHITE,10,ROUND_WHITE,174,0,0,0,0,0,0,0,0,0,0,1,0,00781-1507-01
00781-1507-01_RXNAVIMAGE10_39201C90_2.jpg,ROUND,WHITE,10,ROUND_WHITE,174,0,0,0,0,0,0,0,0,0,0,1,0,00781-1507-01
00378-2410-01_RXNAVIMAGE10_FC477E1B_1.jpg,ROUND,PURPLE,10,ROUND_PURPLE,171,0,0,0,0,0,0,0,1,0,0,0,0,00378-2410-01
00378-2410-01_RXNAVIMAGE10_FC477E1B_2.jpg,ROUND,PURPLE,10,ROUND_PURPLE,171,0,0,0,0,0,0,0,1,0,0,0,0,00378-2410-01
16252-0570-30_RXNAVIMAGE10_4B34A585_1.jpg,CAPSULE,"WHITE, YELLOW",1,"CAPSULE_WHITE, YELLOW",93,0,0,0,0,0,0,0,0,0,0,1,1,16252-0570-30
16252-0570-30_RXNAVIMAGE10_4B34A585_2.jpg,CAPSULE,"WHITE, YELLOW",1,"CAPSULE_WHITE, YELLOW",93,0,0,0,0,0,0,0,0,0,0,1,1,16252-0570-30
60505-0223-01_RXNAVIMAGE10_AE385762_1.jpg,OVAL,WHITE,7,OVAL_WHITE,139,0,0,0,0,0,0,0,0,0,0,1,0,60505-0223-01
60505-0223-01_RXNAVIMAGE10_AE385762_2.jpg,OVAL,WHITE,7,OVAL_WHITE,139,0,0,0,0,0,0,0,0,0,0,1,0,60505-0223-01
68382-0203-16_RXNAVIMAGE10_1F4E0FF0_1.jpg,OVAL,ORANGE,7,OVAL_ORANGE,130,0,0,0,0,0,1,0,0,0,0,0,0,68382-0203-16
68382-0203-16_RXNAVIMAGE10_1F4E0FF0_2.jpg,OVAL,ORANGE,7,OVAL_ORANGE,130,0,0,0,0,0,1,0,0,0,0,0,0,68382-0203-16
00245-0087-11_RXNAVIMAGE10_7B4ABDA5_1.jpg,CAPSULE,BLUE,1,CAPSULE_BLUE,7,0,1,0,0,0,0,0,0,0,0,0,0,00245-0087-11
00245-0087-11_RXNAVIMAGE10_7B4ABDA5_2.jpg,CAPSULE,BLUE,1,CAPSULE_BLUE,7,0,1,0,0,0,0,0,0,0,0,0,0,00245-0087-11
00185-5400-01_RXNAVIMAGE10_EC20F677_1.jpg,OVAL,PINK,7,OVAL_PINK,133,0,0,0,0,0,0,1,0,0,0,0,0,00185-5400-01
00185-5400-01_RXNAVIMAGE10_EC20F677_2.jpg,OVAL,PINK,7,OVAL_PINK,133,0,0,0,0,0,0,1,0,0,0,0,0,00185-5400-01
00378-0032-10_RXNAVIMAGE10_8B49C5FE_1.jpg,ROUND,PINK,10,ROUND_PINK,168,0,0,0,0,0,0,1,0,0,0,0,0,00378-0032-10
00378-0032-10_RXNAVIMAGE10_8B49C5FE_2.jpg,ROUND,PINK,10,ROUND_PINK,168,0,0,0,0,0,0,1,0,0,0,0,0,00378-0032-10
13668-0271-01_RXNAVIMAGE10_803E4022_1.jpg,ROUND,PINK,10,ROUND_PINK,168,0,0,0,0,0,0,1,0,0,0,0,0,13668-0271-01
13668-0271-01_RXNAVIMAGE10_803E4022_2.jpg,ROUND,PINK,10,ROUND_PINK,168,0,0,0,0,0,0,1,0,0,0,0,0,13668-0271-01
66869-0204-90_RXNAVIMAGE10_293C1490_1.jpg,ROUND,WHITE,10,ROUND_WHITE,174,0,0,0,0,0,0,0,0,0,0,1,0,66869-0204-90
66869-0204-90_RXNAVIMAGE10_293C1490_2.jpg,ROUND,WHITE,10,ROUND_WHITE,174,0,0,0,0,0,0,0,0,0,0,1,0,66869-0204-90
68462-0362-01_RXNAVIMAGE10_4333A1DD_1.jpg,ROUND,WHITE,10,ROUND_WHITE,174,0,0,0,0,0,0,0,0,0,0,1,0,68462-0362-01
68462-0362-01_RXNAVIMAGE10_4333A1DD_2.jpg,ROUND,WHITE,10,ROUND_WHITE,174,0,0,0,0,0,0,0,0,0,0,1,0,68462-0362-01
59762-1050-02_RXNAVIMAGE10_14040A30_1.jpg,OVAL,PINK,7,OVAL_PINK,133,0,0,0,0,0,0,1,0,0,0,0,0,59762-1050-02
59762-1050-02_RXNAVIMAGE10_14040A30_2.jpg,OVAL,PINK,7,OVAL_PINK,133,0,0,0,0,0,0,1,0,0,0,0,0,59762-1050-02
00642-0208-10_RXNAVIMAGE10_D6166B63_1.jpg,OVAL,WHITE,7,OVAL_WHITE,139,0,0,0,0,0,0,0,0,0,0,1,0,00642-0208-10
00642-0208-10_RXNAVIMAGE10_D6166B63_2.jpg,OVAL,WHITE,7,OVAL_WHITE,139,0,0,0,0,0,0,0,0,0,0,1,0,00642-0208-10
53489-0369-01_RXNAVIMAGE10_A14E50D2_1.jpg,ROUND,ORANGE,10,ROUND_ORANGE,166,0,0,0,0,0,1,0,0,0,0,0,0,53489-0369-01
53489-0369-01_RXNAVIMAGE10_A14E50D2_2.jpg,ROUND,ORANGE,10,ROUND_ORANGE,166,0,0,0,0,0,1,0,0,0,0,0,0,53489-0369-01
00093-8165-01_RXNAVIMAGE10_473623D1_1.jpg,OVAL,WHITE,7,OVAL_WHITE,139,0,0,0,0,0,0,0,0,0,0,1,0,00093-8165-01
00093-8165-01_RXNAVIMAGE10_473623D1_2.jpg,OVAL,WHITE,7,OVAL_WHITE,139,0,0,0,0,0,0,0,0,0,0,1,0,00093-8165-01
00591-0487-05_RXNAVIMAGE10_1205897C_1.jpg,ROUND,GRAY,10,ROUND_GRAY,163,0,0,0,1,0,0,0,0,0,0,0,0,00591-0487-05
00591-0487-05_RXNAVIMAGE10_1205897C_2.jpg,ROUND,GRAY,10,ROUND_GRAY,163,0,0,0,1,0,0,0,0,0,0,0,0,00591-0487-05
00074-3064-30_RXNAVIMAGE10_59132CC9_1.jpg,OVAL,WHITE,7,OVAL_WHITE,139,0,0,0,0,0,0,0,0,0,0,1,0,00074-3064-30
00074-3064-30_RXNAVIMAGE10_59132CC9_2.jpg,OVAL,WHITE,7,OVAL_WHITE,139,0,0,0,0,0,0,0,0,0,0,1,0,00074-3064-30
00591-5571-01_RXNAVIMAGE10_E0127053_1.jpg,OVAL,WHITE,7,OVAL_WHITE,139,0,0,0,0,0,0,0,0,0,0,1,0,00591-5571-01
00591-5571-01_RXNAVIMAGE10_E0127053_2.jpg,OVAL,WHITE,7,OVAL_WHITE,139,0,0,0,0,0,0,0,0,0,0,1,0,00591-5571-01
00781-5045-01_RXNAVIMAGE10_AB3255C2_1.jpg,ROUND,PINK,10,ROUND_PINK,168,0,0,0,0,0,0,1,0,0,0,0,0,00781-5045-01
00781-5045-01_RXNAVIMAGE10_AB3255C2_2.jpg,ROUND,PINK,10,ROUND_PINK,168,0,0,0,0,0,0,1,0,0,0,0,0,00781-5045-01
00555-9008-67_RXNAVIMAGE10_252F928C_1.jpg,ROUND,YELLOW,10,ROUND_YELLOW,178,0,0,0,0,0,0,0,0,0,0,0,1,00555-9008-67
00555-9008-67_RXNAVIMAGE10_252F928C_2.jpg,ROUND,YELLOW,10,ROUND_YELLOW,178,0,0,0,0,0,0,0,0,0,0,0,1,00555-9008-67
42806-0048-01_RXNAVIMAGE10_B145D89E_1.jpg,ROUND,WHITE,10,ROUND_WHITE,174,0,0,0,0,0,0,0,0,0,0,1,0,42806-0048-01
42806-0048-01_RXNAVIMAGE10_B145D89E_2.jpg,ROUND,WHITE,10,ROUND_WHITE,174,0,0,0,0,0,0,0,0,0,0,1,0,42806-0048-01
10702-0004-01_RXNAVIMAGE10_BE335F4A_1.jpg,ROUND,PINK,10,ROUND_PINK,168,0,0,0,0,0,0,1,0,0,0,0,0,10702-0004-01
10702-0004-01_RXNAVIMAGE10_BE335F4A_2.jpg,ROUND,PINK,10,ROUND_PINK,168,0,0,0,0,0,0,1,0,0,0,0,0,10702-0004-01
42543-0706-90_RXNAVIMAGE10_7E503F21_1.jpg,OVAL,WHITE,7,OVAL_WHITE,139,0,0,0,0,0,0,0,0,0,0,1,0,42543-0706-90
42543-0706-90_RXNAVIMAGE10_7E503F21_2.jpg,OVAL,WHITE,7,OVAL_WHITE,139,0,0,0,0,0,0,0,0,0,0,1,0,42543-0706-90
59676-0566-30_RXNAVIMAGE10_EB4175DB_1.jpg,OVAL,RED,7,OVAL_RED,137,0,0,0,0,0,0,0,0,1,0,0,0,59676-0566-30
59676-0566-30_RXNAVIMAGE10_EB4175DB_2.jpg,OVAL,RED,7,OVAL_RED,137,0,0,0,0,0,0,0,0,1,0,0,0,59676-0566-30
31722-0221-01_RXNAVIMAGE10_17080BB0_1.jpg,CAPSULE,WHITE,1,CAPSULE_WHITE,81,0,0,0,0,0,0,0,0,0,0,1,0,31722-0221-01
31722-0221-01_RXNAVIMAGE10_17080BB0_2.jpg,CAPSULE,WHITE,1,CAPSULE_WHITE,81,0,0,0,0,0,0,0,0,0,0,1,0,31722-0221-01
00054-0221-25_RXNAVIMAGE10_884B441A_1.jpg,ROUND,WHITE,10,ROUND_WHITE,174,0,0,0,0,0,0,0,0,0,0,1,0,00054-0221-25
00054-0221-25_RXNAVIMAGE10_884B441A_2.jpg,ROUND,WHITE,10,ROUND_WHITE,174,0,0,0,0,0,0,0,0,0,0,1,0,00054-0221-25
52544-0936-28_RXNAVIMAGE10_02450128_1.jpg,ROUND,GREEN,10,ROUND_GREEN,164,0,0,0,0,1,0,0,0,0,0,0,0,52544-0936-28
52544-0936-28_RXNAVIMAGE10_02450128_2.jpg,ROUND,GREEN,10,ROUND_GREEN,164,0,0,0,0,1,0,0,0,0,0,0,0,52544-0936-28
31722-0545-10_RXNAVIMAGE10_B83BDC5E_1.jpg,CAPSULE,PINK,1,CAPSULE_PINK,52,0,0,0,0,0,0,1,0,0,0,0,0,31722-0545-10
31722-0545-10_RXNAVIMAGE10_B83BDC5E_2.jpg,CAPSULE,PINK,1,CAPSULE_PINK,52,0,0,0,0,0,0,1,0,0,0,0,0,31722-0545-10
00591-3219-01_RXNAVIMAGE10_26041300_1.jpg,CAPSULE,"GREEN, YELLOW",1,"CAPSULE_GREEN, YELLOW",43,0,0,0,0,1,0,0,0,0,0,0,1,00591-3219-01
00591-3219-01_RXNAVIMAGE10_26041300_2.jpg,CAPSULE,"GREEN, YELLOW",1,"CAPSULE_GREEN, YELLOW",43,0,0,0,0,1,0,0,0,0,0,0,1,00591-3219-01
00555-0971-02_RXNAVIMAGE10_EA427503_1.jpg,OVAL,BLUE,7,OVAL_BLUE,123,0,1,0,0,0,0,0,0,0,0,0,0,00555-0971-02
00555-0971-02_RXNAVIMAGE10_EA427503_2.jpg,OVAL,BLUE,7,OVAL_BLUE,123,0,1,0,0,0,0,0,0,0,0,0,0,00555-0971-02
31722-0525-30_RXNAVIMAGE10_D8406C13_1.jpg,ROUND,BLUE,10,ROUND_BLUE,160,0,1,0,0,0,0,0,0,0,0,0,0,31722-0525-30
31722-0525-30_RXNAVIMAGE10_D8406C13_2.jpg,ROUND,BLUE,10,ROUND_BLUE,160,0,1,0,0,0,0,0,0,0,0,0,0,31722-0525-30
00591-2932-01_RXNAVIMAGE10_5E402F21_1.jpg,CAPSULE,PINK,1,CAPSULE_PINK,52,0,0,0,0,0,0,1,0,0,0,0,0,00591-2932-01
00591-2932-01_RXNAVIMAGE10_5E402F21_2.jpg,CAPSULE,PINK,1,CAPSULE_PINK,52,0,0,0,0,0,0,1,0,0,0,0,0,00591-2932-01
00093-9652-01_RXNAVIMAGE10_CF21678B_1.jpg,ROUND,YELLOW,10,ROUND_YELLOW,178,0,0,0,0,0,0,0,0,0,0,0,1,00093-9652-01
00093-9652-01_RXNAVIMAGE10_CF21678B_2.jpg,ROUND,YELLOW,10,ROUND_YELLOW,178,0,0,0,0,0,0,0,0,0,0,0,1,00093-9652-01
57844-0019-01_RXNAVIMAGE10_8445420A_1.jpg,CAPSULE,"WHITE, BLUE",1,"CAPSULE_WHITE, BLUE",83,0,1,0,0,0,0,0,0,0,0,1,0,57844-0019-01
57844-0019-01_RXNAVIMAGE10_8445420A_2.jpg,CAPSULE,"WHITE, BLUE",1,"CAPSULE_WHITE, BLUE",83,0,1,0,0,0,0,0,0,0,0,1,0,57844-0019-01
16729-0005-17_RXNAVIMAGE10_5A12AD75_1.jpg,OVAL,RED,7,OVAL_RED,137,0,0,0,0,0,0,0,0,1,0,0,0,16729-0005-17
16729-0005-17_RXNAVIMAGE10_5A12AD75_2.jpg,OVAL,RED,7,OVAL_RED,137,0,0,0,0,0,0,0,0,1,0,0,0,16729-0005-17
61958-1003-01_RXNAVIMAGE10_A83ED476_1.jpg,OVAL,ORANGE,7,OVAL_ORANGE,130,0,0,0,0,0,1,0,0,0,0,0,0,61958-1003-01
61958-1003-01_RXNAVIMAGE10_A83ED476_2.jpg,OVAL,ORANGE,7,OVAL_ORANGE,130,0,0,0,0,0,1,0,0,0,0,0,0,61958-1003-01
00591-5321-01_RXNAVIMAGE10_200E1060_1.jpg,ROUND,WHITE,10,ROUND_WHITE,174,0,0,0,0,0,0,0,0,0,0,1,0,00591-5321-01
00591-5321-01_RXNAVIMAGE10_200E1060_2.jpg,ROUND,WHITE,10,ROUND_WHITE,174,0,0,0,0,0,0,0,0,0,0,1,0,00591-5321-01
00002-4462-30_RXNAVIMAGE10_B215591A_1.jpg,TEAR,YELLOW,13,TEAR_YELLOW,193,0,0,0,0,0,0,0,0,0,0,0,1,00002-4462-30
00002-4462-30_RXNAVIMAGE10_B215591A_2.jpg,TEAR,YELLOW,13,TEAR_YELLOW,193,0,0,0,0,0,0,0,0,0,0,0,1,00002-4462-30
31722-0519-01_RXNAVIMAGE10_8C07C65E_1.jpg,ROUND,ORANGE,10,ROUND_ORANGE,166,0,0,0,0,0,1,0,0,0,0,0,0,31722-0519-01
31722-0519-01_RXNAVIMAGE10_8C07C65E_2.jpg,ROUND,ORANGE,10,ROUND_ORANGE,166,0,0,0,0,0,1,0,0,0,0,0,0,31722-0519-01
49884-0027-01_RXNAVIMAGE10_FB20FDF7_1.jpg,ROUND,ORANGE,10,ROUND_ORANGE,166,0,0,0,0,0,1,0,0,0,0,0,0,49884-0027-01
49884-0027-01_RXNAVIMAGE10_FB20FDF7_2.jpg,ROUND,ORANGE,10,ROUND_ORANGE,166,0,0,0,0,0,1,0,0,0,0,0,0,49884-0027-01
49884-0658-09_RXNAVIMAGE10_99464CA2_1.jpg,ROUND,WHITE,10,ROUND_WHITE,174,0,0,0,0,0,0,0,0,0,0,1,0,49884-0658-09
49884-0658-09_RXNAVIMAGE10_99464CA2_2.jpg,ROUND,WHITE,10,ROUND_WHITE,174,0,0,0,0,0,0,0,0,0,0,1,0,49884-0658-09
60505-3759-09_RXNAVIMAGE10_8E384742_1.jpg,OVAL,YELLOW,7,OVAL_YELLOW,145,0,0,0,0,0,0,0,0,0,0,0,1,60505-3759-09
60505-3759-09_RXNAVIMAGE10_8E384742_2.jpg,OVAL,YELLOW,7,OVAL_YELLOW,145,0,0,0,0,0,0,0,0,0,0,0,1,60505-3759-09
50844-0293-19_RXNAVIMAGE10_963BCB4E_1.jpg,OVAL,TURQUOISE,7,OVAL_TURQUOISE,138,0,0,0,0,0,0,0,0,0,1,0,0,50844-0293-19
50844-0293-19_RXNAVIMAGE10_963BCB4E_2.jpg,OVAL,TURQUOISE,7,OVAL_TURQUOISE,138,0,0,0,0,0,0,0,0,0,1,0,0,50844-0293-19
62541-0302-30_RXNAVIMAGE10_E03D700B_1.jpg,OVAL,YELLOW,7,OVAL_YELLOW,145,0,0,0,0,0,0,0,0,0,0,0,1,62541-0302-30
62541-0302-30_RXNAVIMAGE10_E03D700B_2.jpg,OVAL,YELLOW,7,OVAL_YELLOW,145,0,0,0,0,0,0,0,0,0,0,0,1,62541-0302-30
68462-0130-01_RXNAVIMAGE10_783CBC35_1.jpg,CAPSULE,"GREEN, WHITE",1,"CAPSULE_GREEN, WHITE",42,0,0,0,0,1,0,0,0,0,0,1,0,68462-0130-01
68462-0130-01_RXNAVIMAGE10_783CBC35_2.jpg,CAPSULE,"GREEN, WHITE",1,"CAPSULE_GREEN, WHITE",42,0,0,0,0,1,0,0,0,0,0,1,0,68462-0130-01
68382-0059-01_RXNAVIMAGE10_311298D4_1.jpg,OVAL,WHITE,7,OVAL_WHITE,139,0,0,0,0,0,0,0,0,0,0,1,0,68382-0059-01
68382-0059-01_RXNAVIMAGE10_311298D4_2.jpg,OVAL,WHITE,7,OVAL_WHITE,139,0,0,0,0,0,0,0,0,0,0,1,0,68382-0059-01
00093-7370-01_RXNAVIMAGE10_F026F807_1.jpg,CAPSULE,WHITE,1,CAPSULE_WHITE,81,0,0,0,0,0,0,0,0,0,0,1,0,00093-7370-01
00093-7370-01_RXNAVIMAGE10_F026F807_2.jpg,CAPSULE,WHITE,1,CAPSULE_WHITE,81,0,0,0,0,0,0,0,0,0,0,1,0,00093-7370-01
00378-0199-01_RXNAVIMAGE10_C638E347_1.jpg,ROUND,WHITE,10,ROUND_WHITE,174,0,0,0,0,0,0,0,0,0,0,1,0,00378-0199-01
00378-0199-01_RXNAVIMAGE10_C638E347_2.jpg,ROUND,WHITE,10,ROUND_WHITE,174,0,0,0,0,0,0,0,0,0,0,1,0,00378-0199-01
00832-1081-00_RXNAVIMAGE10_D323698B_1.jpg,OVAL,WHITE,7,OVAL_WHITE,139,0,0,0,0,0,0,0,0,0,0,1,0,00832-1081-00
00832-1081-00_RXNAVIMAGE10_D323698B_2.jpg,OVAL,WHITE,7,OVAL_WHITE,139,0,0,0,0,0,0,0,0,0,0,1,0,00832-1081-00
00093-7273-98_RXNAVIMAGE10_4F4727A9_1.jpg,ROUND,WHITE,10,ROUND_WHITE,174,0,0,0,0,0,0,0,0,0,0,1,0,00093-7273-98
00093-7273-98_RXNAVIMAGE10_4F4727A9_2.jpg,ROUND,WHITE,10,ROUND_WHITE,174,0,0,0,0,0,0,0,0,0,0,1,0,00093-7273-98
00378-7101-77_RXNAVIMAGE10_6E49B72D_1.jpg,ROUND,WHITE,10,ROUND_WHITE,174,0,0,0,0,0,0,0,0,0,0,1,0,00378-7101-77
00378-7101-77_RXNAVIMAGE10_6E49B72D_2.jpg,ROUND,WHITE,10,ROUND_WHITE,174,0,0,0,0,0,0,0,0,0,0,1,0,00378-7101-77
29300-0140-05_RXNAVIMAGE10_AF39D79E_1.jpg,OVAL,PINK,7,OVAL_PINK,133,0,0,0,0,0,0,1,0,0,0,0,0,29300-0140-05
29300-0140-05_RXNAVIMAGE10_AF39D79E_2.jpg,OVAL,PINK,7,OVAL_PINK,133,0,0,0,0,0,0,1,0,0,0,0,0,29300-0140-05
43547-0353-11_RXNAVIMAGE10_99514CFA_1.jpg,OVAL,PINK,7,OVAL_PINK,133,0,0,0,0,0,0,1,0,0,0,0,0,43547-0353-11
43547-0353-11_RXNAVIMAGE10_99514CFA_2.jpg,OVAL,PINK,7,OVAL_PINK,133,0,0,0,0,0,0,1,0,0,0,0,0,43547-0353-11
58657-0150-10_RXNAVIMAGE10_814DC0AE_1.jpg,ROUND,YELLOW,10,ROUND_YELLOW,178,0,0,0,0,0,0,0,0,0,0,0,1,58657-0150-10
58657-0150-10_RXNAVIMAGE10_814DC0AE_2.jpg,ROUND,YELLOW,10,ROUND_YELLOW,178,0,0,0,0,0,0,0,0,0,0,0,1,58657-0150-10
23155-0245-46_RXNAVIMAGE10_8E43470A_1.jpg,OVAL,PINK,7,OVAL_PINK,133,0,0,0,0,0,0,1,0,0,0,0,0,23155-0245-46
23155-0245-46_RXNAVIMAGE10_8E43470A_2.jpg,OVAL,PINK,7,OVAL_PINK,133,0,0,0,0,0,0,1,0,0,0,0,0,23155-0245-46
68382-0776-01_RXNAVIMAGE10_75463AD1_1.jpg,ROUND,YELLOW,10,ROUND_YELLOW,178,0,0,0,0,0,0,0,0,0,0,0,1,68382-0776-01
68382-0776-01_RXNAVIMAGE10_75463AD1_2.jpg,ROUND,YELLOW,10,ROUND_YELLOW,178,0,0,0,0,0,0,0,0,0,0,0,1,68382-0776-01
00430-0170-15_RXNAVIMAGE10_993ACCA6_1.jpg,ROUND,WHITE,10,ROUND_WHITE,174,0,0,0,0,0,0,0,0,0,0,1,0,00430-0170-15
00430-0170-15_RXNAVIMAGE10_993ACCA6_2.jpg,ROUND,WHITE,10,ROUND_WHITE,174,0,0,0,0,0,0,0,0,0,0,1,0,00430-0170-15
00093-7384-56_RXNAVIMAGE10_052F829C_1.jpg,CAPSULE,"GRAY, WHITE",1,"CAPSULE_GRAY, WHITE",30,0,0,0,1,0,0,0,0,0,0,1,0,00093-7384-56
00093-7384-56_RXNAVIMAGE10_052F829C_2.jpg,CAPSULE,"GRAY, WHITE",1,"CAPSULE_GRAY, WHITE",30,0,0,0,1,0,0,0,0,0,0,1,0,00093-7384-56
00245-0212-11_RXNAVIMAGE10_CF3BE79F_1.jpg,ROUND,PINK,10,ROUND_PINK,168,0,0,0,0,0,0,1,0,0,0,0,0,00245-0212-11
00245-0212-11_RXNAVIMAGE10_CF3BE79F_2.jpg,ROUND,PINK,10,ROUND_PINK,168,0,0,0,0,0,0,1,0,0,0,0,0,00245-0212-11
00078-0488-15_RXNAVIMAGE10_233B11A8_1.jpg,OVAL,YELLOW,7,OVAL_YELLOW,145,0,0,0,0,0,0,0,0,0,0,0,1,00078-0488-15
00078-0488-15_RXNAVIMAGE10_233B11A8_2.jpg,OVAL,YELLOW,7,OVAL_YELLOW,145,0,0,0,0,0,0,0,0,0,0,0,1,00078-0488-15
43386-0140-28_RXNAVIMAGE10_2D3C96B4_1.jpg,ROUND,WHITE,10,ROUND_WHITE,174,0,0,0,0,0,0,0,0,0,0,1,0,43386-0140-28
43386-0140-28_RXNAVIMAGE10_2D3C96B4_2.jpg,ROUND,WHITE,10,ROUND_WHITE,174,0,0,0,0,0,0,0,0,0,0,1,0,43386-0140-28
00093-7372-01_RXNAVIMAGE10_C819641B_1.jpg,CAPSULE,"PINK, WHITE",1,"CAPSULE_PINK, WHITE",59,0,0,0,0,0,0,1,0,0,0,1,0,00093-7372-01
00093-7372-01_RXNAVIMAGE10_C819641B_2.jpg,CAPSULE,"PINK, WHITE",1,"CAPSULE_PINK, WHITE",59,0,0,0,0,0,0,1,0,0,0,1,0,00093-7372-01
00185-0041-09_RXNAVIMAGE10_754B3AE9_1.jpg,OVAL,WHITE,7,OVAL_WHITE,139,0,0,0,0,0,0,0,0,0,0,1,0,00185-0041-09
00185-0041-09_RXNAVIMAGE10_754B3AE9_2.jpg,OVAL,WHITE,7,OVAL_WHITE,139,0,0,0,0,0,0,0,0,0,0,1,0,00185-0041-09
62756-0131-01_RXNAVIMAGE10_A8085472_1.jpg,OVAL,YELLOW,7,OVAL_YELLOW,145,0,0,0,0,0,0,0,0,0,0,0,1,62756-0131-01
62756-0131-01_RXNAVIMAGE10_A8085472_2.jpg,OVAL,YELLOW,7,OVAL_YELLOW,145,0,0,0,0,0,0,0,0,0,0,0,1,62756-0131-01
42291-0594-01_RXNAVIMAGE10_AC51562A_1.jpg,OVAL,YELLOW,7,OVAL_YELLOW,145,0,0,0,0,0,0,0,0,0,0,0,1,42291-0594-01
42291-0594-01_RXNAVIMAGE10_AC51562A_2.jpg,OVAL,YELLOW,7,OVAL_YELLOW,145,0,0,0,0,0,0,0,0,0,0,0,1,42291-0594-01
00781-5180-01_RXNAVIMAGE10_7123B8DD_1.jpg,OVAL,ORANGE,7,OVAL_ORANGE,130,0,0,0,0,0,1,0,0,0,0,0,0,00781-5180-01
00781-5180-01_RXNAVIMAGE10_7123B8DD_2.jpg,OVAL,ORANGE,7,OVAL_ORANGE,130,0,0,0,0,0,1,0,0,0,0,0,0,00781-5180-01
10370-0536-01_RXNAVIMAGE10_334999EC_1.jpg,ROUND,BLUE,10,ROUND_BLUE,160,0,1,0,0,0,0,0,0,0,0,0,0,10370-0536-01
10370-0536-01_RXNAVIMAGE10_334999EC_2.jpg,ROUND,BLUE,10,ROUND_BLUE,160,0,1,0,0,0,0,0,0,0,0,0,0,10370-0536-01
51079-0983-20_RXNAVIMAGE10_0C340620_1.jpg,ROUND,YELLOW,10,ROUND_YELLOW,178,0,0,0,0,0,0,0,0,0,0,0,1,51079-0983-20
51079-0983-20_RXNAVIMAGE10_0C340620_2.jpg,ROUND,YELLOW,10,ROUND_YELLOW,178,0,0,0,0,0,0,0,0,0,0,0,1,51079-0983-20
00378-0162-01_RXNAVIMAGE10_B83DDC0E_1.jpg,ROUND,WHITE,10,ROUND_WHITE,174,0,0,0,0,0,0,0,0,0,0,1,0,00378-0162-01
00378-0162-01_RXNAVIMAGE10_B83DDC0E_2.jpg,ROUND,WHITE,10,ROUND_WHITE,174,0,0,0,0,0,0,0,0,0,0,1,0,00378-0162-01
00069-5810-60_RXNAVIMAGE10_213E90F4_1.jpg,CAPSULE,ORANGE,1,CAPSULE_ORANGE,44,0,0,0,0,0,1,0,0,0,0,0,0,00069-5810-60
00069-5810-60_RXNAVIMAGE10_213E90F4_2.jpg,CAPSULE,ORANGE,1,CAPSULE_ORANGE,44,0,0,0,0,0,1,0,0,0,0,0,0,00069-5810-60
65162-0189-10_RXNAVIMAGE10_044E8264_1.jpg,OVAL,WHITE,7,OVAL_WHITE,139,0,0,0,0,0,0,0,0,0,0,1,0,65162-0189-10
65162-0189-10_RXNAVIMAGE10_044E8264_2.jpg,OVAL,WHITE,7,OVAL_WHITE,139,0,0,0,0,0,0,0,0,0,0,1,0,65162-0189-10
65862-0098-01_RXNAVIMAGE10_BC16DE56_1.jpg,OVAL,YELLOW,7,OVAL_YELLOW,145,0,0,0,0,0,0,0,0,0,0,0,1,65862-0098-01
65862-0098-01_RXNAVIMAGE10_BC16DE56_2.jpg,OVAL,YELLOW,7,OVAL_YELLOW,145,0,0,0,0,0,0,0,0,0,0,0,1,65862-0098-01
00185-0010-01_RXNAVIMAGE10_5533AADD_1.jpg,ROUND,WHITE,10,ROUND_WHITE,174,0,0,0,0,0,0,0,0,0,0,1,0,00185-0010-01
00185-0010-01_RXNAVIMAGE10_5533AADD_2.jpg,ROUND,WHITE,10,ROUND_WHITE,174,0,0,0,0,0,0,0,0,0,0,1,0,00185-0010-01
13107-0157-30_RXNAVIMAGE10_B245597A_1.jpg,OVAL,PINK,7,OVAL_PINK,133,0,0,0,0,0,0,1,0,0,0,0,0,13107-0157-30
13107-0157-30_RXNAVIMAGE10_B245597A_2.jpg,OVAL,PINK,7,OVAL_PINK,133,0,0,0,0,0,0,1,0,0,0,0,0,13107-0157-30
00904-1748-60_RXNAVIMAGE10_97334BFA_1.jpg,ROUND,WHITE,10,ROUND_WHITE,174,0,0,0,0,0,0,0,0,0,0,1,0,00904-1748-60
00904-1748-60_RXNAVIMAGE10_97334BFA_2.jpg,ROUND,WHITE,10,ROUND_WHITE,174,0,0,0,0,0,0,0,0,0,0,1,0,00904-1748-60
51991-0363-78_RXNAVIMAGE10_2541928C_1.jpg,ROUND,WHITE,10,ROUND_WHITE,174,0,0,0,0,0,0,0,0,0,0,1,0,51991-0363-78
51991-0363-78_RXNAVIMAGE10_2541928C_2.jpg,ROUND,WHITE,10,ROUND_WHITE,174,0,0,0,0,0,0,0,0,0,0,1,0,51991-0363-78
65862-0156-30_RXNAVIMAGE10_1E238F6C_1.jpg,OVAL,BLUE,7,OVAL_BLUE,123,0,1,0,0,0,0,0,0,0,0,0,0,65862-0156-30
65862-0156-30_RXNAVIMAGE10_1E238F6C_2.jpg,OVAL,BLUE,7,OVAL_BLUE,123,0,1,0,0,0,0,0,0,0,0,0,0,65862-0156-30
00074-7149-90_RXNAVIMAGE10_931D49FA_1.jpg,ROUND,GREEN,10,ROUND_GREEN,164,0,0,0,0,1,0,0,0,0,0,0,0,00074-7149-90
00074-7149-90_RXNAVIMAGE10_931D49FA_2.jpg,ROUND,GREEN,10,ROUND_GREEN,164,0,0,0,0,1,0,0,0,0,0,0,0,00074-7149-90
00591-5382-05_RXNAVIMAGE10_EA08F557_1.jpg,OVAL,WHITE,7,OVAL_WHITE,139,0,0,0,0,0,0,0,0,0,0,1,0,00591-5382-05
00591-5382-05_RXNAVIMAGE10_EA08F557_2.jpg,OVAL,WHITE,7,OVAL_WHITE,139,0,0,0,0,0,0,0,0,0,0,1,0,00591-5382-05
62584-0989-01_RXNAVIMAGE10_9A32CD36_1.jpg,ROUND,YELLOW,10,ROUND_YELLOW,178,0,0,0,0,0,0,0,0,0,0,0,1,62584-0989-01
62584-0989-01_RXNAVIMAGE10_9A32CD36_2.jpg,ROUND,YELLOW,10,ROUND_YELLOW,178,0,0,0,0,0,0,0,0,0,0,0,1,62584-0989-01
51079-0103-20_RXNAVIMAGE10_113388EC_1.jpg,ROUND,WHITE,10,ROUND_WHITE,174,0,0,0,0,0,0,0,0,0,0,1,0,51079-0103-20
51079-0103-20_RXNAVIMAGE10_113388EC_2.jpg,ROUND,WHITE,10,ROUND_WHITE,174,0,0,0,0,0,0,0,0,0,0,1,0,51079-0103-20
63402-0193-10_RXNAVIMAGE10_F73CFB97_1.jpg,ROUND,BLUE,10,ROUND_BLUE,160,0,1,0,0,0,0,0,0,0,0,0,0,63402-0193-10
63402-0193-10_RXNAVIMAGE10_F73CFB97_2.jpg,ROUND,BLUE,10,ROUND_BLUE,160,0,1,0,0,0,0,0,0,0,0,0,0,63402-0193-10
00172-2089-60_RXNAVIMAGE10_9C26CE66_1.jpg,ROUND,ORANGE,10,ROUND_ORANGE,166,0,0,0,0,0,1,0,0,0,0,0,0,00172-2089-60
00172-2089-60_RXNAVIMAGE10_9C26CE66_2.jpg,ROUND,ORANGE,10,ROUND_ORANGE,166,0,0,0,0,0,1,0,0,0,0,0,0,00172-2089-60
23155-0056-01_RXNAVIMAGE10_293B948C_1.jpg,OVAL,WHITE,7,OVAL_WHITE,139,0,0,0,0,0,0,0,0,0,0,1,0,23155-0056-01
23155-0056-01_RXNAVIMAGE10_293B948C_2.jpg,OVAL,WHITE,7,OVAL_WHITE,139,0,0,0,0,0,0,0,0,0,0,1,0,23155-0056-01
59762-0541-02_RXNAVIMAGE10_523B2949_1.jpg,ROUND,WHITE,10,ROUND_WHITE,174,0,0,0,0,0,0,0,0,0,0,1,0,59762-0541-02
59762-0541-02_RXNAVIMAGE10_523B2949_2.jpg,ROUND,WHITE,10,ROUND_WHITE,174,0,0,0,0,0,0,0,0,0,0,1,0,59762-0541-02
52544-0152-30_RXNAVIMAGE10_041C8214_1.jpg,CAPSULE,WHITE,1,CAPSULE_WHITE,81,0,0,0,0,0,0,0,0,0,0,1,0,52544-0152-30
52544-0152-30_RXNAVIMAGE10_041C8214_2.jpg,CAPSULE,WHITE,1,CAPSULE_WHITE,81,0,0,0,0,0,0,0,0,0,0,1,0,52544-0152-30
00093-7691-56_RXNAVIMAGE10_9A43CD1E_1.jpg,ROUND,YELLOW,10,ROUND_YELLOW,178,0,0,0,0,0,0,0,0,0,0,0,1,00093-7691-56
00093-7691-56_RXNAVIMAGE10_9A43CD1E_2.jpg,ROUND,YELLOW,10,ROUND_YELLOW,178,0,0,0,0,0,0,0,0,0,0,0,1,00093-7691-56
58468-0130-01_RXNAVIMAGE10_D71C6B93_1.jpg,OVAL,WHITE,7,OVAL_WHITE,139,0,0,0,0,0,0,0,0,0,0,1,0,58468-0130-01
58468-0130-01_RXNAVIMAGE10_D71C6B93_2.jpg,OVAL,WHITE,7,OVAL_WHITE,139,0,0,0,0,0,0,0,0,0,0,1,0,58468-0130-01
00378-5125-01_RXNAVIMAGE10_D6336B1B_1.jpg,ROUND,ORANGE,10,ROUND_ORANGE,166,0,0,0,0,0,1,0,0,0,0,0,0,00378-5125-01
00378-5125-01_RXNAVIMAGE10_D6336B1B_2.jpg,ROUND,ORANGE,10,ROUND_ORANGE,166,0,0,0,0,0,1,0,0,0,0,0,0,00378-5125-01
61442-0126-10_RXNAVIMAGE10_5B08ADB5_1.jpg,ROUND,YELLOW,10,ROUND_YELLOW,178,0,0,0,0,0,0,0,0,0,0,0,1,61442-0126-10
61442-0126-10_RXNAVIMAGE10_5B08ADB5_2.jpg,ROUND,YELLOW,10,ROUND_YELLOW,178,0,0,0,0,0,0,0,0,0,0,0,1,61442-0126-10
00173-0635-35_RXNAVIMAGE10_1E198F0C_1.jpg,ROUND,BROWN,10,ROUND_BROWN,162,0,0,1,0,0,0,0,0,0,0,0,0,00173-0635-35
00173-0635-35_RXNAVIMAGE10_1E198F0C_2.jpg,ROUND,BROWN,10,ROUND_BROWN,162,0,0,1,0,0,0,0,0,0,0,0,0,00173-0635-35
51285-0083-70_RXNAVIMAGE10_322F991C_1.jpg,ROUND,BROWN,10,ROUND_BROWN,162,0,0,1,0,0,0,0,0,0,0,0,0,51285-0083-70
51285-0083-70_RXNAVIMAGE10_322F991C_2.jpg,ROUND,BROWN,10,ROUND_BROWN,162,0,0,1,0,0,0,0,0,0,0,0,0,51285-0083-70
00310-6125-60_RXNAVIMAGE10_D049E84F_1.jpg,OVAL,YELLOW,7,OVAL_YELLOW,145,0,0,0,0,0,0,0,0,0,0,0,1,00310-6125-60
00310-6125-60_RXNAVIMAGE10_D049E84F_2.jpg,OVAL,YELLOW,7,OVAL_YELLOW,145,0,0,0,0,0,0,0,0,0,0,0,1,00310-6125-60
00456-2240-30_RXNAVIMAGE10_9A4D4D2A_1.jpg,CAPSULE,YELLOW,1,CAPSULE_YELLOW,94,0,0,0,0,0,0,0,0,0,0,0,1,00456-2240-30
00456-2240-30_RXNAVIMAGE10_9A4D4D2A_2.jpg,CAPSULE,YELLOW,1,CAPSULE_YELLOW,94,0,0,0,0,0,0,0,0,0,0,0,1,00456-2240-30
51991-0074-01_RXNAVIMAGE10_58062C61_1.jpg,CAPSULE,"BLUE, YELLOW",1,"CAPSULE_BLUE, YELLOW",17,0,1,0,0,0,0,0,0,0,0,0,1,51991-0074-01
51991-0074-01_RXNAVIMAGE10_58062C61_2.jpg,CAPSULE,"BLUE, YELLOW",1,"CAPSULE_BLUE, YELLOW",17,0,1,0,0,0,0,0,0,0,0,0,1,51991-0074-01
00378-0334-01_RXNAVIMAGE10_BE495F6A_1.jpg,ROUND,GREEN,10,ROUND_GREEN,164,0,0,0,0,1,0,0,0,0,0,0,0,00378-0334-01
00378-0334-01_RXNAVIMAGE10_BE495F6A_2.jpg,ROUND,GREEN,10,ROUND_GREEN,164,0,0,0,0,1,0,0,0,0,0,0,0,00378-0334-01
00378-1815-01_RXNAVIMAGE10_4423A22D_1.jpg,OVAL,BLUE,7,OVAL_BLUE,123,0,1,0,0,0,0,0,0,0,0,0,0,00378-1815-01
00378-1815-01_RXNAVIMAGE10_4423A22D_2.jpg,OVAL,BLUE,7,OVAL_BLUE,123,0,1,0,0,0,0,0,0,0,0,0,0,00378-1815-01
59762-8399-01_RXNAVIMAGE10_E2127113_1.jpg,OVAL,BLUE,7,OVAL_BLUE,123,0,1,0,0,0,0,0,0,0,0,0,0,59762-8399-01
59762-8399-01_RXNAVIMAGE10_E2127113_2.jpg,OVAL,BLUE,7,OVAL_BLUE,123,0,1,0,0,0,0,0,0,0,0,0,0,59762-8399-01
00074-3727-90_RXNAVIMAGE10_9F1D4FFA_1.jpg,ROUND,BLUE,10,ROUND_BLUE,160,0,1,0,0,0,0,0,0,0,0,0,0,00074-3727-90
00074-3727-90_RXNAVIMAGE10_9F1D4FFA_2.jpg,ROUND,BLUE,10,ROUND_BLUE,160,0,1,0,0,0,0,0,0,0,0,0,0,00074-3727-90
00904-6214-52_RXNAVIMAGE10_B049D85E_1.jpg,ROUND,ORANGE,10,ROUND_ORANGE,166,0,0,0,0,0,1,0,0,0,0,0,0,00904-6214-52
00904-6214-52_RXNAVIMAGE10_B049D85E_2.jpg,ROUND,ORANGE,10,ROUND_ORANGE,166,0,0,0,0,0,1,0,0,0,0,0,0,00904-6214-52
59762-6002-01_RXNAVIMAGE10_F43C7A03_1.jpg,OVAL,WHITE,7,OVAL_WHITE,139,0,0,0,0,0,0,0,0,0,0,1,0,59762-6002-01
59762-6002-01_RXNAVIMAGE10_F43C7A03_2.jpg,OVAL,WHITE,7,OVAL_WHITE,139,0,0,0,0,0,0,0,0,0,0,1,0,59762-6002-01
00555-0972-02_RXNAVIMAGE10_D7426BD3_1.jpg,OVAL,BLUE,7,OVAL_BLUE,123,0,1,0,0,0,0,0,0,0,0,0,0,00555-0972-02
00555-0972-02_RXNAVIMAGE10_D7426BD3_2.jpg,OVAL,BLUE,7,OVAL_BLUE,123,0,1,0,0,0,0,0,0,0,0,0,0,00555-0972-02
62756-0143-01_RXNAVIMAGE10_E408F257_1.jpg,OVAL,RED,7,OVAL_RED,137,0,0,0,0,0,0,0,0,1,0,0,0,62756-0143-01
62756-0143-01_RXNAVIMAGE10_E408F257_2.jpg,OVAL,RED,7,OVAL_RED,137,0,0,0,0,0,0,0,0,1,0,0,0,62756-0143-01
50111-0393-01_RXNAVIMAGE10_61233089_1.jpg,ROUND,WHITE,10,ROUND_WHITE,174,0,0,0,0,0,0,0,0,0,0,1,0,50111-0393-01
50111-0393-01_RXNAVIMAGE10_61233089_2.jpg,ROUND,WHITE,10,ROUND_WHITE,174,0,0,0,0,0,0,0,0,0,0,1,0,50111-0393-01
00093-0076-01_RXNAVIMAGE10_B722DB96_1.jpg,ROUND,YELLOW,10,ROUND_YELLOW,178,0,0,0,0,0,0,0,0,0,0,0,1,00093-0076-01
00093-0076-01_RXNAVIMAGE10_B722DB96_2.jpg,ROUND,YELLOW,10,ROUND_YELLOW,178,0,0,0,0,0,0,0,0,0,0,0,1,00093-0076-01
63304-0479-01_RXNAVIMAGE10_4C3DA66D_1.jpg,CAPSULE,WHITE,1,CAPSULE_WHITE,81,0,0,0,0,0,0,0,0,0,0,1,0,63304-0479-01
63304-0479-01_RXNAVIMAGE10_4C3DA66D_2.jpg,CAPSULE,WHITE,1,CAPSULE_WHITE,81,0,0,0,0,0,0,0,0,0,0,1,0,63304-0479-01
62037-0571-10_RXNAVIMAGE10_D408EA17_1.jpg,OVAL,WHITE,7,OVAL_WHITE,139,0,0,0,0,0,0,0,0,0,0,1,0,62037-0571-10
62037-0571-10_RXNAVIMAGE10_D408EA17_2.jpg,OVAL,WHITE,7,OVAL_WHITE,139,0,0,0,0,0,0,0,0,0,0,1,0,62037-0571-10
00093-9477-53_RXNAVIMAGE10_E235715B_1.jpg,OVAL,WHITE,7,OVAL_WHITE,139,0,0,0,0,0,0,0,0,0,0,1,0,00093-9477-53
00093-9477-53_RXNAVIMAGE10_E235715B_2.jpg,OVAL,WHITE,7,OVAL_WHITE,139,0,0,0,0,0,0,0,0,0,0,1,0,00093-9477-53
00378-4884-01_RXNAVIMAGE10_4521A2FD_1.jpg,ROUND,YELLOW,10,ROUND_YELLOW,178,0,0,0,0,0,0,0,0,0,0,0,1,00378-4884-01
00378-4884-01_RXNAVIMAGE10_4521A2FD_2.jpg,ROUND,YELLOW,10,ROUND_YELLOW,178,0,0,0,0,0,0,0,0,0,0,0,1,00378-4884-01
13811-0682-30_RXNAVIMAGE10_5A4F2D39_1.jpg,ROUND,WHITE,10,ROUND_WHITE,174,0,0,0,0,0,0,0,0,0,0,1,0,13811-0682-30
13811-0682-30_RXNAVIMAGE10_5A4F2D39_2.jpg,ROUND,WHITE,10,ROUND_WHITE,174,0,0,0,0,0,0,0,0,0,0,1,0,13811-0682-30
50458-0647-65_RXNAVIMAGE10_561E2B21_1.jpg,CAPSULE,WHITE,1,CAPSULE_WHITE,81,0,0,0,0,0,0,0,0,0,0,1,0,50458-0647-65
50458-0647-65_RXNAVIMAGE10_561E2B21_2.jpg,CAPSULE,WHITE,1,CAPSULE_WHITE,81,0,0,0,0,0,0,0,0,0,0,1,0,50458-0647-65
00245-0071-11_RXNAVIMAGE10_F00DF86F_1.jpg,OVAL,YELLOW,7,OVAL_YELLOW,145,0,0,0,0,0,0,0,0,0,0,0,1,00245-0071-11
00245-0071-11_RXNAVIMAGE10_F00DF86F_2.jpg,OVAL,YELLOW,7,OVAL_YELLOW,145,0,0,0,0,0,0,0,0,0,0,0,1,00245-0071-11
33342-0088-52_RXNAVIMAGE10_68513439_1.jpg,OVAL,PINK,7,OVAL_PINK,133,0,0,0,0,0,0,1,0,0,0,0,0,33342-0088-52
33342-0088-52_RXNAVIMAGE10_68513439_2.jpg,OVAL,PINK,7,OVAL_PINK,133,0,0,0,0,0,0,1,0,0,0,0,0,33342-0088-52
63304-0772-05_RXNAVIMAGE10_711B38A9_1.jpg,ROUND,WHITE,10,ROUND_WHITE,174,0,0,0,0,0,0,0,0,0,0,1,0,63304-0772-05
63304-0772-05_RXNAVIMAGE10_711B38A9_2.jpg,ROUND,WHITE,10,ROUND_WHITE,174,0,0,0,0,0,0,0,0,0,0,1,0,63304-0772-05
68382-0024-01_RXNAVIMAGE10_A12050B2_1.jpg,ROUND,WHITE,10,ROUND_WHITE,174,0,0,0,0,0,0,0,0,0,0,1,0,68382-0024-01
68382-0024-01_RXNAVIMAGE10_A12050B2_2.jpg,ROUND,WHITE,10,ROUND_WHITE,174,0,0,0,0,0,0,0,0,0,0,1,0,68382-0024-01
76439-0140-90_RXNAVIMAGE10_B340D9D6_1.jpg,ROUND,WHITE,10,ROUND_WHITE,174,0,0,0,0,0,0,0,0,0,0,1,0,76439-0140-90
76439-0140-90_RXNAVIMAGE10_B340D9D6_2.jpg,ROUND,WHITE,10,ROUND_WHITE,174,0,0,0,0,0,0,0,0,0,0,1,0,76439-0140-90
00173-0662-00_RXNAVIMAGE10_6B18B5E5_1.jpg,OVAL,YELLOW,7,OVAL_YELLOW,145,0,0,0,0,0,0,0,0,0,0,0,1,00173-0662-00
00173-0662-00_RXNAVIMAGE10_6B18B5E5_2.jpg,OVAL,YELLOW,7,OVAL_YELLOW,145,0,0,0,0,0,0,0,0,0,0,0,1,00173-0662-00
00378-1125-01_RXNAVIMAGE10_7E203F41_1.jpg,OVAL,YELLOW,7,OVAL_YELLOW,145,0,0,0,0,0,0,0,0,0,0,0,1,00378-1125-01
00378-1125-01_RXNAVIMAGE10_7E203F41_2.jpg,OVAL,YELLOW,7,OVAL_YELLOW,145,0,0,0,0,0,0,0,0,0,0,0,1,00378-1125-01
00603-4211-32_RXNAVIMAGE10_1F448F84_1.jpg,ROUND,WHITE,10,ROUND_WHITE,174,0,0,0,0,0,0,0,0,0,0,1,0,00603-4211-32
00603-4211-32_RXNAVIMAGE10_1F448F84_2.jpg,ROUND,WHITE,10,ROUND_WHITE,174,0,0,0,0,0,0,0,0,0,0,1,0,00603-4211-32
42192-0802-01_RXNAVIMAGE10_6650B305_1.jpg,ROUND,BROWN,10,ROUND_BROWN,162,0,0,1,0,0,0,0,0,0,0,0,0,42192-0802-01
42192-0802-01_RXNAVIMAGE10_6650B305_2.jpg,ROUND,BROWN,10,ROUND_BROWN,162,0,0,1,0,0,0,0,0,0,0,0,0,42192-0802-01
00093-0810-01_RXNAVIMAGE10_34271A58_1.jpg,CAPSULE,"WHITE, ORANGE",1,"CAPSULE_WHITE, ORANGE",87,0,0,0,0,0,1,0,0,0,0,1,0,00093-0810-01
00093-0810-01_RXNAVIMAGE10_34271A58_2.jpg,CAPSULE,"WHITE, ORANGE",1,"CAPSULE_WHITE, ORANGE",87,0,0,0,0,0,1,0,0,0,0,1,0,00093-0810-01
16729-0182-01_RXNAVIMAGE10_F6447B13_1.jpg,ROUND,ORANGE,10,ROUND_ORANGE,166,0,0,0,0,0,1,0,0,0,0,0,0,16729-0182-01
16729-0182-01_RXNAVIMAGE10_F6447B13_2.jpg,ROUND,ORANGE,10,ROUND_ORANGE,166,0,0,0,0,0,1,0,0,0,0,0,0,16729-0182-01
00093-8034-01_RXNAVIMAGE10_F5357A8B_1.jpg,OVAL,WHITE,7,OVAL_WHITE,139,0,0,0,0,0,0,0,0,0,0,1,0,00093-8034-01
00093-8034-01_RXNAVIMAGE10_F5357A8B_2.jpg,OVAL,WHITE,7,OVAL_WHITE,139,0,0,0,0,0,0,0,0,0,0,1,0,00093-8034-01
23155-0043-03_RXNAVIMAGE10_0D3D868C_1.jpg,ROUND,WHITE,10,ROUND_WHITE,174,0,0,0,0,0,0,0,0,0,0,1,0,23155-0043-03
23155-0043-03_RXNAVIMAGE10_0D3D868C_2.jpg,ROUND,WHITE,10,ROUND_WHITE,174,0,0,0,0,0,0,0,0,0,0,1,0,23155-0043-03
51079-0585-20_RXNAVIMAGE10_313518D8_1.jpg,CAPSULE,GRAY,1,CAPSULE_GRAY,22,0,0,0,1,0,0,0,0,0,0,0,0,51079-0585-20
51079-0585-20_RXNAVIMAGE10_313518D8_2.jpg,CAPSULE,GRAY,1,CAPSULE_GRAY,22,0,0,0,1,0,0,0,0,0,0,0,0,51079-0585-20
68382-0266-06_RXNAVIMAGE10_6B4935F9_1.jpg,OVAL,GRAY,7,OVAL_GRAY,127,0,0,0,1,0,0,0,0,0,0,0,0,68382-0266-06
68382-0266-06_RXNAVIMAGE10_6B4935F9_2.jpg,OVAL,GRAY,7,OVAL_GRAY,127,0,0,0,1,0,0,0,0,0,0,0,0,68382-0266-06
00172-5311-60_RXNAVIMAGE10_04280270_1.jpg,OVAL,WHITE,7,OVAL_WHITE,139,0,0,0,0,0,0,0,0,0,0,1,0,00172-5311-60
00172-5311-60_RXNAVIMAGE10_04280270_2.jpg,OVAL,WHITE,7,OVAL_WHITE,139,0,0,0,0,0,0,0,0,0,0,1,0,00172-5311-60
68382-0135-16_RXNAVIMAGE10_CB16E5D7_1.jpg,OVAL,WHITE,7,OVAL_WHITE,139,0,0,0,0,0,0,0,0,0,0,1,0,68382-0135-16
68382-0135-16_RXNAVIMAGE10_CB16E5D7_2.jpg,OVAL,WHITE,7,OVAL_WHITE,139,0,0,0,0,0,0,0,0,0,0,1,0,68382-0135-16
60505-3255-03_RXNAVIMAGE10_A0385072_1.jpg,ROUND,YELLOW,10,ROUND_YELLOW,178,0,0,0,0,0,0,0,0,0,0,0,1,60505-3255-03
60505-3255-03_RXNAVIMAGE10_A0385072_2.jpg,ROUND,YELLOW,10,ROUND_YELLOW,178,0,0,0,0,0,0,0,0,0,0,0,1,60505-3255-03
00056-0176-70_RXNAVIMAGE10_99134CAA_1.jpg,ROUND,GREEN,10,ROUND_GREEN,164,0,0,0,0,1,0,0,0,0,0,0,0,00056-0176-70
00056-0176-70_RXNAVIMAGE10_99134CAA_2.jpg,ROUND,GREEN,10,ROUND_GREEN,164,0,0,0,0,1,0,0,0,0,0,0,0,00056-0176-70
68462-0159-01_RXNAVIMAGE10_9A23CD1E_1.jpg,ROUND,WHITE,10,ROUND_WHITE,174,0,0,0,0,0,0,0,0,0,0,1,0,68462-0159-01
68462-0159-01_RXNAVIMAGE10_9A23CD1E_2.jpg,ROUND,WHITE,10,ROUND_WHITE,174,0,0,0,0,0,0,0,0,0,0,1,0,68462-0159-01
00054-0099-25_RXNAVIMAGE10_204D901C_1.jpg,OVAL,PINK,7,OVAL_PINK,133,0,0,0,0,0,0,1,0,0,0,0,0,00054-0099-25
00054-0099-25_RXNAVIMAGE10_204D901C_2.jpg,OVAL,PINK,7,OVAL_PINK,133,0,0,0,0,0,0,1,0,0,0,0,0,00054-0099-25
64720-0139-10_RXNAVIMAGE10_473C23C1_1.jpg,OVAL,ORANGE,7,OVAL_ORANGE,130,0,0,0,0,0,1,0,0,0,0,0,0,64720-0139-10
64720-0139-10_RXNAVIMAGE10_473C23C1_2.jpg,OVAL,ORANGE,7,OVAL_ORANGE,130,0,0,0,0,0,1,0,0,0,0,0,0,64720-0139-10
60258-0197-01_RXNAVIMAGE10_140E0A60_1.jpg,ROUND,BROWN,10,ROUND_BROWN,162,0,0,1,0,0,0,0,0,0,0,0,0,60258-0197-01
60258-0197-01_RXNAVIMAGE10_140E0A60_2.jpg,ROUND,BROWN,10,ROUND_BROWN,162,0,0,1,0,0,0,0,0,0,0,0,0,60258-0197-01
53746-0542-05_RXNAVIMAGE10_A94D54DA_1.jpg,CAPSULE,BLUE,1,CAPSULE_BLUE,7,0,1,0,0,0,0,0,0,0,0,0,0,53746-0542-05
53746-0542-05_RXNAVIMAGE10_A94D54DA_2.jpg,CAPSULE,BLUE,1,CAPSULE_BLUE,7,0,1,0,0,0,0,0,0,0,0,0,0,53746-0542-05
00555-9014-67_RXNAVIMAGE10_9B2FCDCE_1.jpg,ROUND,WHITE,10,ROUND_WHITE,174,0,0,0,0,0,0,0,0,0,0,1,0,00555-9014-67
00555-9014-67_RXNAVIMAGE10_9B2FCDCE_2.jpg,ROUND,WHITE,10,ROUND_WHITE,174,0,0,0,0,0,0,0,0,0,0,1,0,00555-9014-67
00591-3171-04_RXNAVIMAGE10_110408B0_1.jpg,OVAL,WHITE,7,OVAL_WHITE,139,0,0,0,0,0,0,0,0,0,0,1,0,00591-3171-04
00591-3171-04_RXNAVIMAGE10_110408B0_2.jpg,OVAL,WHITE,7,OVAL_WHITE,139,0,0,0,0,0,0,0,0,0,0,1,0,00591-3171-04
55111-0342-30_RXNAVIMAGE10_2F0517A8_1.jpg,ROUND,BROWN,10,ROUND_BROWN,162,0,0,1,0,0,0,0,0,0,0,0,0,55111-0342-30
55111-0342-30_RXNAVIMAGE10_2F0517A8_2.jpg,ROUND,BROWN,10,ROUND_BROWN,162,0,0,1,0,0,0,0,0,0,0,0,0,55111-0342-30
00591-5643-01_RXNAVIMAGE10_7908BCB5_1.jpg,ROUND,WHITE,10,ROUND_WHITE,174,0,0,0,0,0,0,0,0,0,0,1,0,00591-5643-01
00591-5643-01_RXNAVIMAGE10_7908BCB5_2.jpg,ROUND,WHITE,10,ROUND_WHITE,174,0,0,0,0,0,0,0,0,0,0,1,0,00591-5643-01
00378-4017-01_RXNAVIMAGE10_46492309_1.jpg,ROUND,RED,10,ROUND_RED,172,0,0,0,0,0,0,0,0,1,0,0,0,00378-4017-01
00378-4017-01_RXNAVIMAGE10_46492309_2.jpg,ROUND,RED,10,ROUND_RED,172,0,0,0,0,0,0,0,0,1,0,0,0,00378-4017-01
23155-0135-25_RXNAVIMAGE10_2E3A1750_1.jpg,ROUND,ORANGE,10,ROUND_ORANGE,166,0,0,0,0,0,1,0,0,0,0,0,0,23155-0135-25
23155-0135-25_RXNAVIMAGE10_2E3A1750_2.jpg,ROUND,ORANGE,10,ROUND_ORANGE,166,0,0,0,0,0,1,0,0,0,0,0,0,23155-0135-25
00781-5189-01_RXNAVIMAGE10_7523BAED_1.jpg,OVAL,PINK,7,OVAL_PINK,133,0,0,0,0,0,0,1,0,0,0,0,0,00781-5189-01
00781-5189-01_RXNAVIMAGE10_7523BAED_2.jpg,OVAL,PINK,7,OVAL_PINK,133,0,0,0,0,0,0,1,0,0,0,0,0,00781-5189-01
00378-2650-01_RXNAVIMAGE10_5626AB55_1.jpg,ROUND,BROWN,10,ROUND_BROWN,162,0,0,1,0,0,0,0,0,0,0,0,0,00378-2650-01
00378-2650-01_RXNAVIMAGE10_5626AB55_2.jpg,ROUND,BROWN,10,ROUND_BROWN,162,0,0,1,0,0,0,0,0,0,0,0,0,00378-2650-01
00486-1114-01_RXNAVIMAGE10_EF1277A3_1.jpg,OVAL,YELLOW,7,OVAL_YELLOW,145,0,0,0,0,0,0,0,0,0,0,0,1,00486-1114-01
00486-1114-01_RXNAVIMAGE10_EF1277A3_2.jpg,OVAL,YELLOW,7,OVAL_YELLOW,145,0,0,0,0,0,0,0,0,0,0,0,1,00486-1114-01
00173-0569-00_RXNAVIMAGE10_A31951BA_1.jpg,ROUND,WHITE,10,ROUND_WHITE,174,0,0,0,0,0,0,0,0,0,0,1,0,00173-0569-00
00173-0569-00_RXNAVIMAGE10_A31951BA_2.jpg,ROUND,WHITE,10,ROUND_WHITE,174,0,0,0,0,0,0,0,0,0,0,1,0,00173-0569-00
00228-2672-11_RXNAVIMAGE10_74343A71_1.jpg,OVAL,WHITE,7,OVAL_WHITE,139,0,0,0,0,0,0,0,0,0,0,1,0,00228-2672-11
00228-2672-11_RXNAVIMAGE10_74343A71_2.jpg,OVAL,WHITE,7,OVAL_WHITE,139,0,0,0,0,0,0,0,0,0,0,1,0,00228-2672-11
62037-0833-01_RXNAVIMAGE10_0D0906F8_1.jpg,OVAL,WHITE,7,OVAL_WHITE,139,0,0,0,0,0,0,0,0,0,0,1,0,62037-0833-01
62037-0833-01_RXNAVIMAGE10_0D0906F8_2.jpg,OVAL,WHITE,7,OVAL_WHITE,139,0,0,0,0,0,0,0,0,0,0,1,0,62037-0833-01
00093-2058-01_RXNAVIMAGE10_EF35F79F_1.jpg,ROUND,YELLOW,10,ROUND_YELLOW,178,0,0,0,0,0,0,0,0,0,0,0,1,00093-2058-01
00093-2058-01_RXNAVIMAGE10_EF35F79F_2.jpg,ROUND,YELLOW,10,ROUND_YELLOW,178,0,0,0,0,0,0,0,0,0,0,0,1,00093-2058-01
00591-3294-45_RXNAVIMAGE10_C34EE1A7_1.jpg,OVAL,WHITE,7,OVAL_WHITE,139,0,0,0,0,0,0,0,0,0,0,1,0,00591-3294-45
00591-3294-45_RXNAVIMAGE10_C34EE1A7_2.jpg,OVAL,WHITE,7,OVAL_WHITE,139,0,0,0,0,0,0,0,0,0,0,1,0,00591-3294-45
16714-0300-01_RXNAVIMAGE10_AE4FD74E_1.jpg,ROUND,WHITE,10,ROUND_WHITE,174,0,0,0,0,0,0,0,0,0,0,1,0,16714-0300-01
16714-0300-01_RXNAVIMAGE10_AE4FD74E_2.jpg,ROUND,WHITE,10,ROUND_WHITE,174,0,0,0,0,0,0,0,0,0,0,1,0,16714-0300-01
00430-0115-20_RXNAVIMAGE10_E63AF317_1.jpg,RECTANGLE,WHITE,9,RECTANGLE_WHITE,159,0,0,0,0,0,0,0,0,0,0,1,0,00430-0115-20
00430-0115-20_RXNAVIMAGE10_E63AF317_2.jpg,RECTANGLE,WHITE,9,RECTANGLE_WHITE,159,0,0,0,0,0,0,0,0,0,0,1,0,00430-0115-20
00093-7439-01_RXNAVIMAGE10_E235F10F_1.jpg,OVAL,ORANGE,7,OVAL_ORANGE,130,0,0,0,0,0,1,0,0,0,0,0,0,00093-7439-01
00093-7439-01_RXNAVIMAGE10_E235F10F_2.jpg,OVAL,ORANGE,7,OVAL_ORANGE,130,0,0,0,0,0,1,0,0,0,0,0,0,00093-7439-01
00008-0607-01_RXNAVIMAGE10_D10868B3_1.jpg,OVAL,YELLOW,7,OVAL_YELLOW,145,0,0,0,0,0,0,0,0,0,0,0,1,00008-0607-01
00008-0607-01_RXNAVIMAGE10_D10868B3_2.jpg,OVAL,YELLOW,7,OVAL_YELLOW,145,0,0,0,0,0,0,0,0,0,0,0,1,00008-0607-01
00172-2907-60_RXNAVIMAGE10_AA26D556_1.jpg,ROUND,WHITE,10,ROUND_WHITE,174,0,0,0,0,0,0,0,0,0,0,1,0,00172-2907-60
00172-2907-60_RXNAVIMAGE10_AA26D556_2.jpg,ROUND,WHITE,10,ROUND_WHITE,174,0,0,0,0,0,0,0,0,0,0,1,0,00172-2907-60
00182-4417-01_RXNAVIMAGE10_1035883C_1.jpg,OVAL,WHITE,7,OVAL_WHITE,139,0,0,0,0,0,0,0,0,0,0,1,0,00182-4417-01
00182-4417-01_RXNAVIMAGE10_1035883C_2.jpg,OVAL,WHITE,7,OVAL_WHITE,139,0,0,0,0,0,0,0,0,0,0,1,0,00182-4417-01
00781-5021-01_RXNAVIMAGE10_FF337FEB_1.jpg,ROUND,YELLOW,10,ROUND_YELLOW,178,0,0,0,0,0,0,0,0,0,0,0,1,00781-5021-01
00781-5021-01_RXNAVIMAGE10_FF337FEB_2.jpg,ROUND,YELLOW,10,ROUND_YELLOW,178,0,0,0,0,0,0,0,0,0,0,0,1,00781-5021-01
00093-0074-01_RXNAVIMAGE10_7142B885_1.jpg,ROUND,WHITE,10,ROUND_WHITE,174,0,0,0,0,0,0,0,0,0,0,1,0,00093-0074-01
00093-0074-01_RXNAVIMAGE10_7142B885_2.jpg,ROUND,WHITE,10,ROUND_WHITE,174,0,0,0,0,0,0,0,0,0,0,1,0,00093-0074-01
23155-0062-01_RXNAVIMAGE10_D91D6CAB_1.jpg,OVAL,WHITE,7,OVAL_WHITE,139,0,0,0,0,0,0,0,0,0,0,1,0,23155-0062-01
23155-0062-01_RXNAVIMAGE10_D91D6CAB_2.jpg,OVAL,WHITE,7,OVAL_WHITE,139,0,0,0,0,0,0,0,0,0,0,1,0,23155-0062-01
00172-5410-46_RXNAVIMAGE10_502DA81D_1.jpg,OVAL,PINK,7,OVAL_PINK,133,0,0,0,0,0,0,1,0,0,0,0,0,00172-5410-46
00172-5410-46_RXNAVIMAGE10_502DA81D_2.jpg,OVAL,PINK,7,OVAL_PINK,133,0,0,0,0,0,0,1,0,0,0,0,0,00172-5410-46
00378-3545-05_RXNAVIMAGE10_4B4525E9_1.jpg,ROUND,BROWN,10,ROUND_BROWN,162,0,0,1,0,0,0,0,0,0,0,0,0,00378-3545-05
00378-3545-05_RXNAVIMAGE10_4B4525E9_2.jpg,ROUND,BROWN,10,ROUND_BROWN,162,0,0,1,0,0,0,0,0,0,0,0,0,00378-3545-05
00603-2406-21_RXNAVIMAGE10_92204932_1.jpg,OVAL,WHITE,7,OVAL_WHITE,139,0,0,0,0,0,0,0,0,0,0,1,0,00603-2406-21
00603-2406-21_RXNAVIMAGE10_92204932_2.jpg,OVAL,WHITE,7,OVAL_WHITE,139,0,0,0,0,0,0,0,0,0,0,1,0,00603-2406-21
00054-0028-21_RXNAVIMAGE10_543FAA2D_1.jpg,ROUND,WHITE,10,ROUND_WHITE,174,0,0,0,0,0,0,0,0,0,0,1,0,00054-0028-21
00054-0028-21_RXNAVIMAGE10_543FAA2D_2.jpg,ROUND,WHITE,10,ROUND_WHITE,174,0,0,0,0,0,0,0,0,0,0,1,0,00054-0028-21
00591-0405-01_RXNAVIMAGE10_5B3CADF5_1.jpg,ROUND,WHITE,10,ROUND_WHITE,174,0,0,0,0,0,0,0,0,0,0,1,0,00591-0405-01
00591-0405-01_RXNAVIMAGE10_5B3CADF5_2.jpg,ROUND,WHITE,10,ROUND_WHITE,174,0,0,0,0,0,0,0,0,0,0,1,0,00591-0405-01
00093-7219-06_RXNAVIMAGE10_72293959_1.jpg,OVAL,YELLOW,7,OVAL_YELLOW,145,0,0,0,0,0,0,0,0,0,0,0,1,00093-7219-06
00093-7219-06_RXNAVIMAGE10_72293959_2.jpg,OVAL,YELLOW,7,OVAL_YELLOW,145,0,0,0,0,0,0,0,0,0,0,0,1,00093-7219-06
00172-7310-46_RXNAVIMAGE10_9B2BCDEE_1.jpg,OVAL,YELLOW,7,OVAL_YELLOW,145,0,0,0,0,0,0,0,0,0,0,0,1,00172-7310-46
00172-7310-46_RXNAVIMAGE10_9B2BCDEE_2.jpg,OVAL,YELLOW,7,OVAL_YELLOW,145,0,0,0,0,0,0,0,0,0,0,0,1,00172-7310-46
47781-0730-02_RXNAVIMAGE10_F84CFC57_1.jpg,CAPSULE,BROWN,1,CAPSULE_BROWN,18,0,0,1,0,0,0,0,0,0,0,0,0,47781-0730-02
47781-0730-02_RXNAVIMAGE10_F84CFC57_2.jpg,CAPSULE,BROWN,1,CAPSULE_BROWN,18,0,0,1,0,0,0,0,0,0,0,0,0,47781-0730-02
59762-0800-02_RXNAVIMAGE10_C651637B_1.jpg,ROUND,WHITE,10,ROUND_WHITE,174,0,0,0,0,0,0,0,0,0,0,1,0,59762-0800-02
59762-0800-02_RXNAVIMAGE10_C651637B_2.jpg,ROUND,WHITE,10,ROUND_WHITE,174,0,0,0,0,0,0,0,0,0,0,1,0,59762-0800-02
53746-0511-10_RXNAVIMAGE10_D94EECE7_1.jpg,ROUND,WHITE,10,ROUND_WHITE,174,0,0,0,0,0,0,0,0,0,0,1,0,53746-0511-10
53746-0511-10_RXNAVIMAGE10_D94EECE7_2.jpg,ROUND,WHITE,10,ROUND_WHITE,174,0,0,0,0,0,0,0,0,0,0,1,0,53746-0511-10
00093-5246-65_RXNAVIMAGE10_9326C9E6_1.jpg,ROUND,YELLOW,10,ROUND_YELLOW,178,0,0,0,0,0,0,0,0,0,0,0,1,00093-5246-65
00093-5246-65_RXNAVIMAGE10_9326C9E6_2.jpg,ROUND,YELLOW,10,ROUND_YELLOW,178,0,0,0,0,0,0,0,0,0,0,0,1,00093-5246-65
00093-7536-56_RXNAVIMAGE10_272813E0_1.jpg,ROUND,WHITE,10,ROUND_WHITE,174,0,0,0,0,0,0,0,0,0,0,1,0,00093-7536-56
00093-7536-56_RXNAVIMAGE10_272813E0_2.jpg,ROUND,WHITE,10,ROUND_WHITE,174,0,0,0,0,0,0,0,0,0,0,1,0,00093-7536-56
00143-1241-01_RXNAVIMAGE10_B323599A_1.jpg,ROUND,WHITE,10,ROUND_WHITE,174,0,0,0,0,0,0,0,0,0,0,1,0,00143-1241-01
00143-1241-01_RXNAVIMAGE10_B323599A_2.jpg,ROUND,WHITE,10,ROUND_WHITE,174,0,0,0,0,0,0,0,0,0,0,1,0,00143-1241-01
53489-0479-01_RXNAVIMAGE10_864DC31E_1.jpg,ROUND,YELLOW,10,ROUND_YELLOW,178,0,0,0,0,0,0,0,0,0,0,0,1,53489-0479-01
53489-0479-01_RXNAVIMAGE10_864DC31E_2.jpg,ROUND,YELLOW,10,ROUND_YELLOW,178,0,0,0,0,0,0,0,0,0,0,0,1,53489-0479-01
00591-5553-50_RXNAVIMAGE10_DD346E93_1.jpg,ROUND,ORANGE,10,ROUND_ORANGE,166,0,0,0,0,0,1,0,0,0,0,0,0,00591-5553-50
00591-5553-50_RXNAVIMAGE10_DD346E93_2.jpg,ROUND,ORANGE,10,ROUND_ORANGE,166,0,0,0,0,0,1,0,0,0,0,0,0,00591-5553-50
65862-0536-50_RXNAVIMAGE10_A74DD3FE_1.jpg,OVAL,PINK,7,OVAL_PINK,133,0,0,0,0,0,0,1,0,0,0,0,0,65862-0536-50
65862-0536-50_RXNAVIMAGE10_A74DD3FE_2.jpg,OVAL,PINK,7,OVAL_PINK,133,0,0,0,0,0,0,1,0,0,0,0,0,65862-0536-50
00591-3636-30_RXNAVIMAGE10_9241C94E_1.jpg,CAPSULE,"ORANGE, WHITE",1,"CAPSULE_ORANGE, WHITE",50,0,0,0,0,0,1,0,0,0,0,1,0,00591-3636-30
00591-3636-30_RXNAVIMAGE10_9241C94E_2.jpg,CAPSULE,"ORANGE, WHITE",1,"CAPSULE_ORANGE, WHITE",50,0,0,0,0,0,1,0,0,0,0,1,0,00591-3636-30
51285-0366-01_RXNAVIMAGE10_5D362EE1_1.jpg,OVAL,GREEN,7,OVAL_GREEN,129,0,0,0,0,1,0,0,0,0,0,0,0,51285-0366-01
51285-0366-01_RXNAVIMAGE10_5D362EE1_2.jpg,OVAL,GREEN,7,OVAL_GREEN,129,0,0,0,0,1,0,0,0,0,0,0,0,51285-0366-01
23155-0114-01_RXNAVIMAGE10_B00E5862_1.jpg,ROUND,YELLOW,10,ROUND_YELLOW,178,0,0,0,0,0,0,0,0,0,0,0,1,23155-0114-01
23155-0114-01_RXNAVIMAGE10_B00E5862_2.jpg,ROUND,YELLOW,10,ROUND_YELLOW,178,0,0,0,0,0,0,0,0,0,0,0,1,23155-0114-01
43547-0311-09_RXNAVIMAGE10_B4515A7A_1.jpg,OVAL,PURPLE,7,OVAL_PURPLE,135,0,0,0,0,0,0,0,1,0,0,0,0,43547-0311-09
43547-0311-09_RXNAVIMAGE10_B4515A7A_2.jpg,OVAL,PURPLE,7,OVAL_PURPLE,135,0,0,0,0,0,0,0,1,0,0,0,0,43547-0311-09
16252-0516-05_RXNAVIMAGE10_D61FEB7F_1.jpg,OVAL,WHITE,7,OVAL_WHITE,139,0,0,0,0,0,0,0,0,0,0,1,0,16252-0516-05
16252-0516-05_RXNAVIMAGE10_D61FEB7F_2.jpg,OVAL,WHITE,7,OVAL_WHITE,139,0,0,0,0,0,0,0,0,0,0,1,0,16252-0516-05
00093-1720-01_RXNAVIMAGE10_1D438EAC_1.jpg,OVAL,WHITE,7,OVAL_WHITE,139,0,0,0,0,0,0,0,0,0,0,1,0,00093-1720-01
00093-1720-01_RXNAVIMAGE10_1D438EAC_2.jpg,OVAL,WHITE,7,OVAL_WHITE,139,0,0,0,0,0,0,0,0,0,0,1,0,00093-1720-01
68382-0113-05_RXNAVIMAGE10_553D2AD9_1.jpg,ROUND,RED,10,ROUND_RED,172,0,0,0,0,0,0,0,0,1,0,0,0,68382-0113-05
68382-0113-05_RXNAVIMAGE10_553D2AD9_2.jpg,ROUND,RED,10,ROUND_RED,172,0,0,0,0,0,0,0,0,1,0,0,0,68382-0113-05
00093-1715-01_RXNAVIMAGE10_08440400_1.jpg,OVAL,BROWN,7,OVAL_BROWN,125,0,0,1,0,0,0,0,0,0,0,0,0,00093-1715-01
00093-1715-01_RXNAVIMAGE10_08440400_2.jpg,OVAL,BROWN,7,OVAL_BROWN,125,0,0,1,0,0,0,0,0,0,0,0,0,00093-1715-01
54092-0519-02_RXNAVIMAGE10_FD15FEAF_1.jpg,OVAL,GREEN,7,OVAL_GREEN,129,0,0,0,0,1,0,0,0,0,0,0,0,54092-0519-02
54092-0519-02_RXNAVIMAGE10_FD15FEAF_2.jpg,OVAL,GREEN,7,OVAL_GREEN,129,0,0,0,0,1,0,0,0,0,0,0,0,54092-0519-02
00310-0282-60_RXNAVIMAGE10_0F1C87E4_1.jpg,OVAL,YELLOW,7,OVAL_YELLOW,145,0,0,0,0,0,0,0,0,0,0,0,1,00310-0282-60
00310-0282-60_RXNAVIMAGE10_0F1C87E4_2.jpg,OVAL,YELLOW,7,OVAL_YELLOW,145,0,0,0,0,0,0,0,0,0,0,0,1,00310-0282-60
68180-0520-02_RXNAVIMAGE10_16088B04_1.jpg,ROUND,ORANGE,10,ROUND_ORANGE,166,0,0,0,0,0,1,0,0,0,0,0,0,68180-0520-02
68180-0520-02_RXNAVIMAGE10_16088B04_2.jpg,ROUND,ORANGE,10,ROUND_ORANGE,166,0,0,0,0,0,1,0,0,0,0,0,0,68180-0520-02
00172-5240-60_RXNAVIMAGE10_A12DD0FE_1.jpg,CAPSULE,WHITE,1,CAPSULE_WHITE,81,0,0,0,0,0,0,0,0,0,0,1,0,00172-5240-60
00172-5240-60_RXNAVIMAGE10_A12DD0FE_2.jpg,CAPSULE,WHITE,1,CAPSULE_WHITE,81,0,0,0,0,0,0,0,0,0,0,1,0,00172-5240-60
59762-0812-01_RXNAVIMAGE10_B83C5C32_1.jpg,ROUND,BLUE,10,ROUND_BLUE,160,0,1,0,0,0,0,0,0,0,0,0,0,59762-0812-01
59762-0812-01_RXNAVIMAGE10_B83C5C32_2.jpg,ROUND,BLUE,10,ROUND_BLUE,160,0,1,0,0,0,0,0,0,0,0,0,0,59762-0812-01
63459-0516-30_RXNAVIMAGE10_8B41C5BE_1.jpg,BULLET,WHITE,0,BULLET_WHITE,0,0,0,0,0,0,0,0,0,0,0,1,0,63459-0516-30
63459-0516-30_RXNAVIMAGE10_8B41C5BE_2.jpg,BULLET,WHITE,0,BULLET_WHITE,0,0,0,0,0,0,0,0,0,0,0,1,0,63459-0516-30
65162-0188-10_RXNAVIMAGE10_1E3F0F58_1.jpg,ROUND,WHITE,10,ROUND_WHITE,174,0,0,0,0,0,0,0,0,0,0,1,0,65162-0188-10
65162-0188-10_RXNAVIMAGE10_1E3F0F58_2.jpg,ROUND,WHITE,10,ROUND_WHITE,174,0,0,0,0,0,0,0,0,0,0,1,0,65162-0188-10
68180-0481-01_RXNAVIMAGE10_FA217D1B_1.jpg,OVAL,RED,7,OVAL_RED,137,0,0,0,0,0,0,0,0,1,0,0,0,68180-0481-01
68180-0481-01_RXNAVIMAGE10_FA217D1B_2.jpg,OVAL,RED,7,OVAL_RED,137,0,0,0,0,0,0,0,0,1,0,0,0,68180-0481-01
00093-7810-56_RXNAVIMAGE10_5B43AD9D_1.jpg,ROUND,YELLOW,10,ROUND_YELLOW,178,0,0,0,0,0,0,0,0,0,0,0,1,00093-7810-56
00093-7810-56_RXNAVIMAGE10_5B43AD9D_2.jpg,ROUND,YELLOW,10,ROUND_YELLOW,178,0,0,0,0,0,0,0,0,0,0,0,1,00093-7810-56
00078-0472-34_RXNAVIMAGE10_1015885C_1.jpg,OVAL,YELLOW,7,OVAL_YELLOW,145,0,0,0,0,0,0,0,0,0,0,0,1,00078-0472-34
00078-0472-34_RXNAVIMAGE10_1015885C_2.jpg,OVAL,YELLOW,7,OVAL_YELLOW,145,0,0,0,0,0,0,0,0,0,0,0,1,00078-0472-34
16714-0394-01_RXNAVIMAGE10_F648FB47_1.jpg,OVAL,ORANGE,7,OVAL_ORANGE,130,0,0,0,0,0,1,0,0,0,0,0,0,16714-0394-01
16714-0394-01_RXNAVIMAGE10_F648FB47_2.jpg,OVAL,ORANGE,7,OVAL_ORANGE,130,0,0,0,0,0,1,0,0,0,0,0,0,16714-0394-01
00574-0112-15_RXNAVIMAGE10_8A08C556_1.jpg,ROUND,ORANGE,10,ROUND_ORANGE,166,0,0,0,0,0,1,0,0,0,0,0,0,00574-0112-15
00574-0112-15_RXNAVIMAGE10_8A08C556_2.jpg,ROUND,ORANGE,10,ROUND_ORANGE,166,0,0,0,0,0,1,0,0,0,0,0,0,00574-0112-15
00093-2064-06_RXNAVIMAGE10_5F38AFE5_1.jpg,ROUND,WHITE,10,ROUND_WHITE,174,0,0,0,0,0,0,0,0,0,0,1,0,00093-2064-06
00093-2064-06_RXNAVIMAGE10_5F38AFE5_2.jpg,ROUND,WHITE,10,ROUND_WHITE,174,0,0,0,0,0,0,0,0,0,0,1,0,00093-2064-06
60505-0033-07_RXNAVIMAGE10_983C4C42_1.jpg,OVAL,WHITE,7,OVAL_WHITE,139,0,0,0,0,0,0,0,0,0,0,1,0,60505-0033-07
60505-0033-07_RXNAVIMAGE10_983C4C42_2.jpg,OVAL,WHITE,7,OVAL_WHITE,139,0,0,0,0,0,0,0,0,0,0,1,0,60505-0033-07
31722-0278-10_RXNAVIMAGE10_241D925C_1.jpg,ROUND,WHITE,10,ROUND_WHITE,174,0,0,0,0,0,0,0,0,0,0,1,0,31722-0278-10
31722-0278-10_RXNAVIMAGE10_241D925C_2.jpg,ROUND,WHITE,10,ROUND_WHITE,174,0,0,0,0,0,0,0,0,0,0,1,0,31722-0278-10
68462-0158-13_RXNAVIMAGE10_E440F267_1.jpg,ROUND,WHITE,10,ROUND_WHITE,174,0,0,0,0,0,0,0,0,0,0,1,0,68462-0158-13
68462-0158-13_RXNAVIMAGE10_E440F267_2.jpg,ROUND,WHITE,10,ROUND_WHITE,174,0,0,0,0,0,0,0,0,0,0,1,0,68462-0158-13
00591-2880-01_RXNAVIMAGE10_1D3E8EB4_1.jpg,CAPSULE,YELLOW,1,CAPSULE_YELLOW,94,0,0,0,0,0,0,0,0,0,0,0,1,00591-2880-01
00591-2880-01_RXNAVIMAGE10_1D3E8EB4_2.jpg,CAPSULE,YELLOW,1,CAPSULE_YELLOW,94,0,0,0,0,0,0,0,0,0,0,0,1,00591-2880-01
00093-2275-34_RXNAVIMAGE10_D82D6C1B_1.jpg,OVAL,WHITE,7,OVAL_WHITE,139,0,0,0,0,0,0,0,0,0,0,1,0,00093-2275-34
00093-2275-34_RXNAVIMAGE10_D82D6C1B_2.jpg,OVAL,WHITE,7,OVAL_WHITE,139,0,0,0,0,0,0,0,0,0,0,1,0,00093-2275-34
59762-1537-03_RXNAVIMAGE10_D20E6913_1.jpg,OVAL,WHITE,7,OVAL_WHITE,139,0,0,0,0,0,0,0,0,0,0,1,0,59762-1537-03
59762-1537-03_RXNAVIMAGE10_D20E6913_2.jpg,OVAL,WHITE,7,OVAL_WHITE,139,0,0,0,0,0,0,0,0,0,0,1,0,59762-1537-03
00002-3229-30_RXNAVIMAGE10_3E1E1F50_1.jpg,CAPSULE,BLUE,1,CAPSULE_BLUE,7,0,1,0,0,0,0,0,0,0,0,0,0,00002-3229-30
00002-3229-30_RXNAVIMAGE10_3E1E1F50_2.jpg,CAPSULE,BLUE,1,CAPSULE_BLUE,7,0,1,0,0,0,0,0,0,0,0,0,0,00002-3229-30
00378-3850-01_RXNAVIMAGE10_D53BEAFF_1.jpg,ROUND,PINK,10,ROUND_PINK,168,0,0,0,0,0,0,1,0,0,0,0,0,00378-3850-01
00378-3850-01_RXNAVIMAGE10_D53BEAFF_2.jpg,ROUND,PINK,10,ROUND_PINK,168,0,0,0,0,0,0,1,0,0,0,0,0,00378-3850-01
00093-5710-01_RXNAVIMAGE10_3F2B9FCC_1.jpg,OVAL,YELLOW,7,OVAL_YELLOW,145,0,0,0,0,0,0,0,0,0,0,0,1,00093-5710-01
00093-5710-01_RXNAVIMAGE10_3F2B9FCC_2.jpg,OVAL,YELLOW,7,OVAL_YELLOW,145,0,0,0,0,0,0,0,0,0,0,0,1,00093-5710-01
68180-0765-06_RXNAVIMAGE10_044E0210_1.jpg,OVAL,YELLOW,7,OVAL_YELLOW,145,0,0,0,0,0,0,0,0,0,0,0,1,68180-0765-06
68180-0765-06_RXNAVIMAGE10_044E0210_2.jpg,OVAL,YELLOW,7,OVAL_YELLOW,145,0,0,0,0,0,0,0,0,0,0,0,1,68180-0765-06
68462-0249-20_RXNAVIMAGE10_8E0EC736_1.jpg,ROUND,PINK,10,ROUND_PINK,168,0,0,0,0,0,0,1,0,0,0,0,0,68462-0249-20
68462-0249-20_RXNAVIMAGE10_8E0EC736_2.jpg,ROUND,PINK,10,ROUND_PINK,168,0,0,0,0,0,0,1,0,0,0,0,0,68462-0249-20
63304-0579-01_RXNAVIMAGE10_5D26AEB5_1.jpg,ROUND,WHITE,10,ROUND_WHITE,174,0,0,0,0,0,0,0,0,0,0,1,0,63304-0579-01
63304-0579-01_RXNAVIMAGE10_5D26AEB5_2.jpg,ROUND,WHITE,10,ROUND_WHITE,174,0,0,0,0,0,0,0,0,0,0,1,0,63304-0579-01
00093-1713-01_RXNAVIMAGE10_014400A0_1.jpg,OVAL,PURPLE,7,OVAL_PURPLE,135,0,0,0,0,0,0,0,1,0,0,0,0,00093-1713-01
00093-1713-01_RXNAVIMAGE10_014400A0_2.jpg,OVAL,PURPLE,7,OVAL_PURPLE,135,0,0,0,0,0,0,0,1,0,0,0,0,00093-1713-01
00781-1182-01_RXNAVIMAGE10_A708D396_1.jpg,ROUND,WHITE,10,ROUND_WHITE,174,0,0,0,0,0,0,0,0,0,0,1,0,00781-1182-01
00781-1182-01_RXNAVIMAGE10_A708D396_2.jpg,ROUND,WHITE,10,ROUND_WHITE,174,0,0,0,0,0,0,0,0,0,0,1,0,00781-1182-01
50458-0578-30_RXNAVIMAGE10_444D2239_1.jpg,ROUND,RED,10,ROUND_RED,172,0,0,0,0,0,0,0,0,1,0,0,0,50458-0578-30
50458-0578-30_RXNAVIMAGE10_444D2239_2.jpg,ROUND,RED,10,ROUND_RED,172,0,0,0,0,0,0,0,0,1,0,0,0,50458-0578-30
59630-0580-90_RXNAVIMAGE10_E951748B_1.jpg,OVAL,WHITE,7,OVAL_WHITE,139,0,0,0,0,0,0,0,0,0,0,1,0,59630-0580-90
59630-0580-90_RXNAVIMAGE10_E951748B_2.jpg,OVAL,WHITE,7,OVAL_WHITE,139,0,0,0,0,0,0,0,0,0,0,1,0,59630-0580-90
13913-0003-16_RXNAVIMAGE10_8615C30E_1.jpg,OVAL,WHITE,7,OVAL_WHITE,139,0,0,0,0,0,0,0,0,0,0,1,0,13913-0003-16
13913-0003-16_RXNAVIMAGE10_8615C30E_2.jpg,OVAL,WHITE,7,OVAL_WHITE,139,0,0,0,0,0,0,0,0,0,0,1,0,13913-0003-16
62756-0402-03_RXNAVIMAGE10_BA505D22_1.jpg,CAPSULE,WHITE,1,CAPSULE_WHITE,81,0,0,0,0,0,0,0,0,0,0,1,0,62756-0402-03
62756-0402-03_RXNAVIMAGE10_BA505D22_2.jpg,CAPSULE,WHITE,1,CAPSULE_WHITE,81,0,0,0,0,0,0,0,0,0,0,1,0,62756-0402-03
00603-5063-21_RXNAVIMAGE10_C045603B_1.jpg,ROUND,GRAY,10,ROUND_GRAY,163,0,0,0,1,0,0,0,0,0,0,0,0,00603-5063-21
00603-5063-21_RXNAVIMAGE10_C045603B_2.jpg,ROUND,GRAY,10,ROUND_GRAY,163,0,0,0,1,0,0,0,0,0,0,0,0,00603-5063-21
00172-5411-60_RXNAVIMAGE10_BA07DD3E_1.jpg,OVAL,PINK,7,OVAL_PINK,133,0,0,0,0,0,0,1,0,0,0,0,0,00172-5411-60
00172-5411-60_RXNAVIMAGE10_BA07DD3E_2.jpg,OVAL,PINK,7,OVAL_PINK,133,0,0,0,0,0,0,1,0,0,0,0,0,00172-5411-60
16714-0340-01_RXNAVIMAGE10_FE4B7F2B_1.jpg,ROUND,BROWN,10,ROUND_BROWN,162,0,0,1,0,0,0,0,0,0,0,0,0,16714-0340-01
16714-0340-01_RXNAVIMAGE10_FE4B7F2B_2.jpg,ROUND,BROWN,10,ROUND_BROWN,162,0,0,1,0,0,0,0,0,0,0,0,0,16714-0340-01
60505-0252-03_RXNAVIMAGE10_52382911_1.jpg,ROUND,WHITE,10,ROUND_WHITE,174,0,0,0,0,0,0,0,0,0,0,1,0,60505-0252-03
60505-0252-03_RXNAVIMAGE10_52382911_2.jpg,ROUND,WHITE,10,ROUND_WHITE,174,0,0,0,0,0,0,0,0,0,0,1,0,60505-0252-03
00093-1721-01_RXNAVIMAGE10_0F4387BC_1.jpg,OVAL,ORANGE,7,OVAL_ORANGE,130,0,0,0,0,0,1,0,0,0,0,0,0,00093-1721-01
00093-1721-01_RXNAVIMAGE10_0F4387BC_2.jpg,OVAL,ORANGE,7,OVAL_ORANGE,130,0,0,0,0,0,1,0,0,0,0,0,0,00093-1721-01
68180-0557-09_RXNAVIMAGE10_C20E6163_1.jpg,ROUND,YELLOW,10,ROUND_YELLOW,178,0,0,0,0,0,0,0,0,0,0,0,1,68180-0557-09
68180-0557-09_RXNAVIMAGE10_C20E6163_2.jpg,ROUND,YELLOW,10,ROUND_YELLOW,178,0,0,0,0,0,0,0,0,0,0,0,1,68180-0557-09
00093-5850-01_RXNAVIMAGE10_852BC2AE_1.jpg,ROUND,WHITE,10,ROUND_WHITE,174,0,0,0,0,0,0,0,0,0,0,1,0,00093-5850-01
00093-5850-01_RXNAVIMAGE10_852BC2AE_2.jpg,ROUND,WHITE,10,ROUND_WHITE,174,0,0,0,0,0,0,0,0,0,0,1,0,00093-5850-01
16714-0296-01_RXNAVIMAGE10_C648E377_1.jpg,OVAL,WHITE,7,OVAL_WHITE,139,0,0,0,0,0,0,0,0,0,0,1,0,16714-0296-01
16714-0296-01_RXNAVIMAGE10_C648E377_2.jpg,OVAL,WHITE,7,OVAL_WHITE,139,0,0,0,0,0,0,0,0,0,0,1,0,16714-0296-01
00536-3222-10_RXNAVIMAGE10_D54E6AB3_1.jpg,ROUND,WHITE,10,ROUND_WHITE,174,0,0,0,0,0,0,0,0,0,0,1,0,00536-3222-10
00536-3222-10_RXNAVIMAGE10_D54E6AB3_2.jpg,ROUND,WHITE,10,ROUND_WHITE,174,0,0,0,0,0,0,0,0,0,0,1,0,00536-3222-10
64980-0133-10_RXNAVIMAGE10_7A3F3D19_1.jpg,ROUND,WHITE,10,ROUND_WHITE,174,0,0,0,0,0,0,0,0,0,0,1,0,64980-0133-10
64980-0133-10_RXNAVIMAGE10_7A3F3D19_2.jpg,ROUND,WHITE,10,ROUND_WHITE,174,0,0,0,0,0,0,0,0,0,0,1,0,64980-0133-10
13668-0107-90_RXNAVIMAGE10_A047502A_1.jpg,ROUND,YELLOW,10,ROUND_YELLOW,178,0,0,0,0,0,0,0,0,0,0,0,1,13668-0107-90
13668-0107-90_RXNAVIMAGE10_A047502A_2.jpg,ROUND,YELLOW,10,ROUND_YELLOW,178,0,0,0,0,0,0,0,0,0,0,0,1,13668-0107-90
59762-4910-01_RXNAVIMAGE10_672133C9_1.jpg,OVAL,YELLOW,7,OVAL_YELLOW,145,0,0,0,0,0,0,0,0,0,0,0,1,59762-4910-01
59762-4910-01_RXNAVIMAGE10_672133C9_2.jpg,OVAL,YELLOW,7,OVAL_YELLOW,145,0,0,0,0,0,0,0,0,0,0,0,1,59762-4910-01
00185-0620-01_RXNAVIMAGE10_434DA1ED_1.jpg,ROUND,ORANGE,10,ROUND_ORANGE,166,0,0,0,0,0,1,0,0,0,0,0,0,00185-0620-01
00185-0620-01_RXNAVIMAGE10_434DA1ED_2.jpg,ROUND,ORANGE,10,ROUND_ORANGE,166,0,0,0,0,0,1,0,0,0,0,0,0,00185-0620-01
68382-0112-14_RXNAVIMAGE10_4C3D2629_1.jpg,ROUND,YELLOW,10,ROUND_YELLOW,178,0,0,0,0,0,0,0,0,0,0,0,1,68382-0112-14
68382-0112-14_RXNAVIMAGE10_4C3D2629_2.jpg,ROUND,YELLOW,10,ROUND_YELLOW,178,0,0,0,0,0,0,0,0,0,0,0,1,68382-0112-14
31722-0526-90_RXNAVIMAGE10_CF406793_1.jpg,ROUND,BROWN,10,ROUND_BROWN,162,0,0,1,0,0,0,0,0,0,0,0,0,31722-0526-90
31722-0526-90_RXNAVIMAGE10_CF406793_2.jpg,ROUND,BROWN,10,ROUND_BROWN,162,0,0,1,0,0,0,0,0,0,0,0,0,31722-0526-90
00378-1809-01_RXNAVIMAGE10_5623AB5D_1.jpg,OVAL,YELLOW,7,OVAL_YELLOW,145,0,0,0,0,0,0,0,0,0,0,0,1,00378-1809-01
00378-1809-01_RXNAVIMAGE10_5623AB5D_2.jpg,OVAL,YELLOW,7,OVAL_YELLOW,145,0,0,0,0,0,0,0,0,0,0,0,1,00378-1809-01
00555-0484-01_RXNAVIMAGE10_092B84CC_1.jpg,ROUND,WHITE,10,ROUND_WHITE,174,0,0,0,0,0,0,0,0,0,0,1,0,00555-0484-01
00555-0484-01_RXNAVIMAGE10_092B84CC_2.jpg,ROUND,WHITE,10,ROUND_WHITE,174,0,0,0,0,0,0,0,0,0,0,1,0,00555-0484-01
64376-0136-05_RXNAVIMAGE10_B9465C92_1.jpg,OVAL,BLUE,7,OVAL_BLUE,123,0,1,0,0,0,0,0,0,0,0,0,0,64376-0136-05
64376-0136-05_RXNAVIMAGE10_B9465C92_2.jpg,OVAL,BLUE,7,OVAL_BLUE,123,0,1,0,0,0,0,0,0,0,0,0,0,64376-0136-05
00299-3822-30_RXNAVIMAGE10_A34D51AA_1.jpg,CAPSULE,BROWN,1,CAPSULE_BROWN,18,0,0,1,0,0,0,0,0,0,0,0,0,00299-3822-30
00299-3822-30_RXNAVIMAGE10_A34D51AA_2.jpg,CAPSULE,BROWN,1,CAPSULE_BROWN,18,0,0,1,0,0,0,0,0,0,0,0,0,00299-3822-30
00555-0835-02_RXNAVIMAGE10_98214C5A_1.jpg,OVAL,WHITE,7,OVAL_WHITE,139,0,0,0,0,0,0,0,0,0,0,1,0,00555-0835-02
00555-0835-02_RXNAVIMAGE10_98214C5A_2.jpg,OVAL,WHITE,7,OVAL_WHITE,139,0,0,0,0,0,0,0,0,0,0,1,0,00555-0835-02
00536-3985-10_RXNAVIMAGE10_4808A455_1.jpg,OVAL,WHITE,7,OVAL_WHITE,139,0,0,0,0,0,0,0,0,0,0,1,0,00536-3985-10
00536-3985-10_RXNAVIMAGE10_4808A455_2.jpg,OVAL,WHITE,7,OVAL_WHITE,139,0,0,0,0,0,0,0,0,0,0,1,0,00536-3985-10
00093-7382-01_RXNAVIMAGE10_64293269_1.jpg,ROUND,ORANGE,10,ROUND_ORANGE,166,0,0,0,0,0,1,0,0,0,0,0,0,00093-7382-01
00093-7382-01_RXNAVIMAGE10_64293269_2.jpg,ROUND,ORANGE,10,ROUND_ORANGE,166,0,0,0,0,0,1,0,0,0,0,0,0,00093-7382-01
00093-0012-98_RXNAVIMAGE10_4D29A6AD_1.jpg,OVAL,YELLOW,7,OVAL_YELLOW,145,0,0,0,0,0,0,0,0,0,0,0,1,00093-0012-98
00093-0012-98_RXNAVIMAGE10_4D29A6AD_2.jpg,OVAL,YELLOW,7,OVAL_YELLOW,145,0,0,0,0,0,0,0,0,0,0,0,1,00093-0012-98
00591-2367-01_RXNAVIMAGE10_0E4D871C_1.jpg,OVAL,WHITE,7,OVAL_WHITE,139,0,0,0,0,0,0,0,0,0,0,1,0,00591-2367-01
00591-2367-01_RXNAVIMAGE10_0E4D871C_2.jpg,OVAL,WHITE,7,OVAL_WHITE,139,0,0,0,0,0,0,0,0,0,0,1,0,00591-2367-01
00781-1053-10_RXNAVIMAGE10_7439BA2D_1.jpg,ROUND,PURPLE,10,ROUND_PURPLE,171,0,0,0,0,0,0,0,1,0,0,0,0,00781-1053-10
00781-1053-10_RXNAVIMAGE10_7439BA2D_2.jpg,ROUND,PURPLE,10,ROUND_PURPLE,171,0,0,0,0,0,0,0,1,0,0,0,0,00781-1053-10
13107-0006-05_RXNAVIMAGE10_1D050ED8_1.jpg,OVAL,PINK,7,OVAL_PINK,133,0,0,0,0,0,0,1,0,0,0,0,0,13107-0006-05
13107-0006-05_RXNAVIMAGE10_1D050ED8_2.jpg,OVAL,PINK,7,OVAL_PINK,133,0,0,0,0,0,0,1,0,0,0,0,0,13107-0006-05
55111-0169-01_RXNAVIMAGE10_D241694B_1.jpg,ROUND,WHITE,10,ROUND_WHITE,174,0,0,0,0,0,0,0,0,0,0,1,0,55111-0169-01
55111-0169-01_RXNAVIMAGE10_D241694B_2.jpg,ROUND,WHITE,10,ROUND_WHITE,174,0,0,0,0,0,0,0,0,0,0,1,0,55111-0169-01
23155-0133-01_RXNAVIMAGE10_614B30F9_1.jpg,ROUND,ORANGE,10,ROUND_ORANGE,166,0,0,0,0,0,1,0,0,0,0,0,0,23155-0133-01
23155-0133-01_RXNAVIMAGE10_614B30F9_2.jpg,ROUND,ORANGE,10,ROUND_ORANGE,166,0,0,0,0,0,1,0,0,0,0,0,0,23155-0133-01
00185-0043-01_RXNAVIMAGE10_7208B925_1.jpg,ROUND,ORANGE,10,ROUND_ORANGE,166,0,0,0,0,0,1,0,0,0,0,0,0,00185-0043-01
00185-0043-01_RXNAVIMAGE10_7208B925_2.jpg,ROUND,ORANGE,10,ROUND_ORANGE,166,0,0,0,0,0,1,0,0,0,0,0,0,00185-0043-01
00378-2474-01_RXNAVIMAGE10_8C444632_1.jpg,ROUND,WHITE,10,ROUND_WHITE,174,0,0,0,0,0,0,0,0,0,0,1,0,00378-2474-01
00378-2474-01_RXNAVIMAGE10_8C444632_2.jpg,ROUND,WHITE,10,ROUND_WHITE,174,0,0,0,0,0,0,0,0,0,0,1,0,00378-2474-01
16110-0075-01_RXNAVIMAGE10_D21FE93F_1.jpg,CAPSULE,"BROWN, WHITE",1,"CAPSULE_BROWN, WHITE",20,0,0,1,0,0,0,0,0,0,0,1,0,16110-0075-01
16110-0075-01_RXNAVIMAGE10_D21FE93F_2.jpg,CAPSULE,"BROWN, WHITE",1,"CAPSULE_BROWN, WHITE",20,0,0,1,0,0,0,0,0,0,0,1,0,16110-0075-01
50458-0920-50_RXNAVIMAGE10_38161C70_1.jpg,OVAL,PINK,7,OVAL_PINK,133,0,0,0,0,0,0,1,0,0,0,0,0,50458-0920-50
50458-0920-50_RXNAVIMAGE10_38161C70_2.jpg,OVAL,PINK,7,OVAL_PINK,133,0,0,0,0,0,0,1,0,0,0,0,0,50458-0920-50
00781-5916-01_RXNAVIMAGE10_7A48BD05_1.jpg,ROUND,BROWN,10,ROUND_BROWN,162,0,0,1,0,0,0,0,0,0,0,0,0,00781-5916-01
00781-5916-01_RXNAVIMAGE10_7A48BD05_2.jpg,ROUND,BROWN,10,ROUND_BROWN,162,0,0,1,0,0,0,0,0,0,0,0,0,00781-5916-01
00378-2025-01_RXNAVIMAGE10_0F3487E4_1.jpg,ROUND,GREEN,10,ROUND_GREEN,164,0,0,0,0,1,0,0,0,0,0,0,0,00378-2025-01
00378-2025-01_RXNAVIMAGE10_0F3487E4_2.jpg,ROUND,GREEN,10,ROUND_GREEN,164,0,0,0,0,1,0,0,0,0,0,0,0,00378-2025-01
65862-0142-01_RXNAVIMAGE10_A621537A_1.jpg,OVAL,WHITE,7,OVAL_WHITE,139,0,0,0,0,0,0,0,0,0,0,1,0,65862-0142-01
65862-0142-01_RXNAVIMAGE10_A621537A_2.jpg,OVAL,WHITE,7,OVAL_WHITE,139,0,0,0,0,0,0,0,0,0,0,1,0,65862-0142-01
31722-0704-90_RXNAVIMAGE10_C850E427_1.jpg,OVAL,BLUE,7,OVAL_BLUE,123,0,1,0,0,0,0,0,0,0,0,0,0,31722-0704-90
31722-0704-90_RXNAVIMAGE10_C850E427_2.jpg,OVAL,BLUE,7,OVAL_BLUE,123,0,1,0,0,0,0,0,0,0,0,0,0,31722-0704-90
00093-7807-56_RXNAVIMAGE10_8443C20E_1.jpg,ROUND,WHITE,10,ROUND_WHITE,174,0,0,0,0,0,0,0,0,0,0,1,0,00093-7807-56
00093-7807-56_RXNAVIMAGE10_8443C20E_2.jpg,ROUND,WHITE,10,ROUND_WHITE,174,0,0,0,0,0,0,0,0,0,0,1,0,00093-7807-56
61570-0081-01_RXNAVIMAGE10_4D1DA69D_1.jpg,ROUND,BLUE,10,ROUND_BLUE,160,0,1,0,0,0,0,0,0,0,0,0,0,61570-0081-01
61570-0081-01_RXNAVIMAGE10_4D1DA69D_2.jpg,ROUND,BLUE,10,ROUND_BLUE,160,0,1,0,0,0,0,0,0,0,0,0,0,61570-0081-01
00591-0424-01_RXNAVIMAGE10_AB2055C2_1.jpg,ROUND,GREEN,10,ROUND_GREEN,164,0,0,0,0,1,0,0,0,0,0,0,0,00591-0424-01
00591-0424-01_RXNAVIMAGE10_AB2055C2_2.jpg,ROUND,GREEN,10,ROUND_GREEN,164,0,0,0,0,1,0,0,0,0,0,0,0,00591-0424-01
00555-9018-58_RXNAVIMAGE10_333699F4_1.jpg,ROUND,WHITE,10,ROUND_WHITE,174,0,0,0,0,0,0,0,0,0,0,1,0,00555-9018-58
00555-9018-58_RXNAVIMAGE10_333699F4_2.jpg,ROUND,WHITE,10,ROUND_WHITE,174,0,0,0,0,0,0,0,0,0,0,1,0,00555-9018-58
65862-0663-30_RXNAVIMAGE10_054D829C_1.jpg,RECTANGLE,WHITE,9,RECTANGLE_WHITE,159,0,0,0,0,0,0,0,0,0,0,1,0,65862-0663-30
65862-0663-30_RXNAVIMAGE10_054D829C_2.jpg,RECTANGLE,WHITE,9,RECTANGLE_WHITE,159,0,0,0,0,0,0,0,0,0,0,1,0,65862-0663-30
31722-0537-05_RXNAVIMAGE10_C940E4E7_1.jpg,OVAL,YELLOW,7,OVAL_YELLOW,145,0,0,0,0,0,0,0,0,0,0,0,1,31722-0537-05
31722-0537-05_RXNAVIMAGE10_C940E4E7_2.jpg,OVAL,YELLOW,7,OVAL_YELLOW,145,0,0,0,0,0,0,0,0,0,0,0,1,31722-0537-05
00093-7291-53_RXNAVIMAGE10_2A161520_1.jpg,OVAL,PINK,7,OVAL_PINK,133,0,0,0,0,0,0,1,0,0,0,0,0,00093-7291-53
00093-7291-53_RXNAVIMAGE10_2A161520_2.jpg,OVAL,PINK,7,OVAL_PINK,133,0,0,0,0,0,0,1,0,0,0,0,0,00093-7291-53
00093-5245-65_RXNAVIMAGE10_9735CB8E_1.jpg,ROUND,YELLOW,10,ROUND_YELLOW,178,0,0,0,0,0,0,0,0,0,0,0,1,00093-5245-65
00093-5245-65_RXNAVIMAGE10_9735CB8E_2.jpg,ROUND,YELLOW,10,ROUND_YELLOW,178,0,0,0,0,0,0,0,0,0,0,0,1,00093-5245-65
31722-0531-01_RXNAVIMAGE10_BF125FD2_1.jpg,OVAL,WHITE,7,OVAL_WHITE,139,0,0,0,0,0,0,0,0,0,0,1,0,31722-0531-01
31722-0531-01_RXNAVIMAGE10_BF125FD2_2.jpg,OVAL,WHITE,7,OVAL_WHITE,139,0,0,0,0,0,0,0,0,0,0,1,0,31722-0531-01
13811-0686-30_RXNAVIMAGE10_124E0930_1.jpg,OVAL,YELLOW,7,OVAL_YELLOW,145,0,0,0,0,0,0,0,0,0,0,0,1,13811-0686-30
13811-0686-30_RXNAVIMAGE10_124E0930_2.jpg,OVAL,YELLOW,7,OVAL_YELLOW,145,0,0,0,0,0,0,0,0,0,0,0,1,13811-0686-30
69097-0126-15_RXNAVIMAGE10_BB4D5DDA_1.jpg,ROUND,WHITE,10,ROUND_WHITE,174,0,0,0,0,0,0,0,0,0,0,1,0,69097-0126-15
69097-0126-15_RXNAVIMAGE10_BB4D5DDA_2.jpg,ROUND,WHITE,10,ROUND_WHITE,174,0,0,0,0,0,0,0,0,0,0,1,0,69097-0126-15
68462-0500-33_RXNAVIMAGE10_CA3CE547_1.jpg,ROUND,WHITE,10,ROUND_WHITE,174,0,0,0,0,0,0,0,0,0,0,1,0,68462-0500-33
68462-0500-33_RXNAVIMAGE10_CA3CE547_2.jpg,ROUND,WHITE,10,ROUND_WHITE,174,0,0,0,0,0,0,0,0,0,0,1,0,68462-0500-33
00555-0763-02_RXNAVIMAGE10_66423301_1.jpg,OVAL,BLUE,7,OVAL_BLUE,123,0,1,0,0,0,0,0,0,0,0,0,0,00555-0763-02
00555-0763-02_RXNAVIMAGE10_66423301_2.jpg,OVAL,BLUE,7,OVAL_BLUE,123,0,1,0,0,0,0,0,0,0,0,0,0,00555-0763-02
51285-0539-02_RXNAVIMAGE10_D13068D3_1.jpg,CAPSULE,"BLUE, ORANGE",1,"CAPSULE_BLUE, ORANGE",12,0,1,0,0,0,1,0,0,0,0,0,0,51285-0539-02
51285-0539-02_RXNAVIMAGE10_D13068D3_2.jpg,CAPSULE,"BLUE, ORANGE",1,"CAPSULE_BLUE, ORANGE",12,0,1,0,0,0,1,0,0,0,0,0,0,51285-0539-02
64896-0661-43_RXNAVIMAGE10_A6505362_1.jpg,CAPSULE,"BLUE, WHITE",1,"CAPSULE_BLUE, WHITE",16,0,1,0,0,0,0,0,0,0,0,1,0,64896-0661-43
64896-0661-43_RXNAVIMAGE10_A6505362_2.jpg,CAPSULE,"BLUE, WHITE",1,"CAPSULE_BLUE, WHITE",16,0,1,0,0,0,0,0,0,0,0,1,0,64896-0661-43
00603-6347-02_RXNAVIMAGE10_094304D8_1.jpg,OVAL,ORANGE,7,OVAL_ORANGE,130,0,0,0,0,0,1,0,0,0,0,0,0,00603-6347-02
00603-6347-02_RXNAVIMAGE10_094304D8_2.jpg,OVAL,ORANGE,7,OVAL_ORANGE,130,0,0,0,0,0,1,0,0,0,0,0,0,00603-6347-02
00185-0820-01_RXNAVIMAGE10_2F4917F8_1.jpg,ROUND,PINK,10,ROUND_PINK,168,0,0,0,0,0,0,1,0,0,0,0,0,00185-0820-01
00185-0820-01_RXNAVIMAGE10_2F4917F8_2.jpg,ROUND,PINK,10,ROUND_PINK,168,0,0,0,0,0,0,1,0,0,0,0,0,00185-0820-01
00527-1349-10_RXNAVIMAGE10_53082981_1.jpg,ROUND,BLUE,10,ROUND_BLUE,160,0,1,0,0,0,0,0,0,0,0,0,0,00527-1349-10
00527-1349-10_RXNAVIMAGE10_53082981_2.jpg,ROUND,BLUE,10,ROUND_BLUE,160,0,1,0,0,0,0,0,0,0,0,0,0,00527-1349-10
67877-0159-05_RXNAVIMAGE10_6B50B5D5_1.jpg,OVAL,WHITE,7,OVAL_WHITE,139,0,0,0,0,0,0,0,0,0,0,1,0,67877-0159-05
67877-0159-05_RXNAVIMAGE10_6B50B5D5_2.jpg,OVAL,WHITE,7,OVAL_WHITE,139,0,0,0,0,0,0,0,0,0,0,1,0,67877-0159-05
51285-0691-02_RXNAVIMAGE10_5F2F2F89_1.jpg,ROUND,YELLOW,10,ROUND_YELLOW,178,0,0,0,0,0,0,0,0,0,0,0,1,51285-0691-02
51285-0691-02_RXNAVIMAGE10_5F2F2F89_2.jpg,ROUND,YELLOW,10,ROUND_YELLOW,178,0,0,0,0,0,0,0,0,0,0,0,1,51285-0691-02
47781-0607-30_RXNAVIMAGE10_163A8B34_1.jpg,ROUND,WHITE,10,ROUND_WHITE,174,0,0,0,0,0,0,0,0,0,0,1,0,47781-0607-30
47781-0607-30_RXNAVIMAGE10_163A8B34_2.jpg,ROUND,WHITE,10,ROUND_WHITE,174,0,0,0,0,0,0,0,0,0,0,1,0,47781-0607-30
00603-3265-21_RXNAVIMAGE10_8234C146_1.jpg,CAPSULE,BLUE,1,CAPSULE_BLUE,7,0,1,0,0,0,0,0,0,0,0,0,0,00603-3265-21
00603-3265-21_RXNAVIMAGE10_8234C146_2.jpg,CAPSULE,BLUE,1,CAPSULE_BLUE,7,0,1,0,0,0,0,0,0,0,0,0,0,00603-3265-21
45802-0571-78_RXNAVIMAGE10_7008B865_1.jpg,ROUND,ORANGE,10,ROUND_ORANGE,166,0,0,0,0,0,1,0,0,0,0,0,0,45802-0571-78
45802-0571-78_RXNAVIMAGE10_7008B865_2.jpg,ROUND,ORANGE,10,ROUND_ORANGE,166,0,0,0,0,0,1,0,0,0,0,0,0,45802-0571-78
00093-7316-01_RXNAVIMAGE10_07360390_1.jpg,OVAL,WHITE,7,OVAL_WHITE,139,0,0,0,0,0,0,0,0,0,0,1,0,00093-7316-01
00093-7316-01_RXNAVIMAGE10_07360390_2.jpg,OVAL,WHITE,7,OVAL_WHITE,139,0,0,0,0,0,0,0,0,0,0,1,0,00093-7316-01
00555-9066-67_RXNAVIMAGE10_12368944_1.jpg,ROUND,YELLOW,10,ROUND_YELLOW,178,0,0,0,0,0,0,0,0,0,0,0,1,00555-9066-67
00555-9066-67_RXNAVIMAGE10_12368944_2.jpg,ROUND,YELLOW,10,ROUND_YELLOW,178,0,0,0,0,0,0,0,0,0,0,0,1,00555-9066-67
00093-8122-01_RXNAVIMAGE10_75363A81_1.jpg,DIAMOND,WHITE,2,DIAMOND_WHITE,110,0,0,0,0,0,0,0,0,0,0,1,0,00093-8122-01
00093-8122-01_RXNAVIMAGE10_75363A81_2.jpg,DIAMOND,WHITE,2,DIAMOND_WHITE,110,0,0,0,0,0,0,0,0,0,0,1,0,00093-8122-01
68180-0303-20_RXNAVIMAGE10_7132B8C5_1.jpg,OVAL,WHITE,7,OVAL_WHITE,139,0,0,0,0,0,0,0,0,0,0,1,0,68180-0303-20
68180-0303-20_RXNAVIMAGE10_7132B8C5_2.jpg,OVAL,WHITE,7,OVAL_WHITE,139,0,0,0,0,0,0,0,0,0,0,1,0,68180-0303-20
00430-0171-15_RXNAVIMAGE10_153A0AF0_1.jpg,ROUND,ORANGE,10,ROUND_ORANGE,166,0,0,0,0,0,1,0,0,0,0,0,0,00430-0171-15
00430-0171-15_RXNAVIMAGE10_153A0AF0_2.jpg,ROUND,ORANGE,10,ROUND_ORANGE,166,0,0,0,0,0,1,0,0,0,0,0,0,00430-0171-15
53489-0144-01_RXNAVIMAGE10_4F0EA785_1.jpg,ROUND,WHITE,10,ROUND_WHITE,174,0,0,0,0,0,0,0,0,0,0,1,0,53489-0144-01
53489-0144-01_RXNAVIMAGE10_4F0EA785_2.jpg,ROUND,WHITE,10,ROUND_WHITE,174,0,0,0,0,0,0,0,0,0,0,1,0,53489-0144-01
60505-2677-03_RXNAVIMAGE10_5D48AE95_1.jpg,ROUND,PINK,10,ROUND_PINK,168,0,0,0,0,0,0,1,0,0,0,0,0,60505-2677-03
60505-2677-03_RXNAVIMAGE10_5D48AE95_2.jpg,ROUND,PINK,10,ROUND_PINK,168,0,0,0,0,0,0,1,0,0,0,0,0,60505-2677-03
63304-0901-90_RXNAVIMAGE10_B105D89E_1.jpg,OVAL,WHITE,7,OVAL_WHITE,139,0,0,0,0,0,0,0,0,0,0,1,0,63304-0901-90
63304-0901-90_RXNAVIMAGE10_B105D89E_2.jpg,OVAL,WHITE,7,OVAL_WHITE,139,0,0,0,0,0,0,0,0,0,0,1,0,63304-0901-90
60505-0042-06_RXNAVIMAGE10_D2386903_1.jpg,CAPSULE,"WHITE, BLUE",1,"CAPSULE_WHITE, BLUE",83,0,1,0,0,0,0,0,0,0,0,1,0,60505-0042-06
60505-0042-06_RXNAVIMAGE10_D2386903_2.jpg,CAPSULE,"WHITE, BLUE",1,"CAPSULE_WHITE, BLUE",83,0,1,0,0,0,0,0,0,0,0,1,0,60505-0042-06
00173-0991-55_RXNAVIMAGE10_D7196BCB_1.jpg,CAPSULE,BLUE,1,CAPSULE_BLUE,7,0,1,0,0,0,0,0,0,0,0,0,0,00173-0991-55
00173-0991-55_RXNAVIMAGE10_D7196BCB_2.jpg,CAPSULE,BLUE,1,CAPSULE_BLUE,7,0,1,0,0,0,0,0,0,0,0,0,0,00173-0991-55
00185-0630-01_RXNAVIMAGE10_E350F1A7_1.jpg,ROUND,RED,10,ROUND_RED,172,0,0,0,0,0,0,0,0,1,0,0,0,00185-0630-01
00185-0630-01_RXNAVIMAGE10_E350F1A7_2.jpg,ROUND,RED,10,ROUND_RED,172,0,0,0,0,0,0,0,0,1,0,0,0,00185-0630-01
68382-0057-01_RXNAVIMAGE10_23129184_1.jpg,OVAL,GREEN,7,OVAL_GREEN,129,0,0,0,0,1,0,0,0,0,0,0,0,68382-0057-01
68382-0057-01_RXNAVIMAGE10_23129184_2.jpg,OVAL,GREEN,7,OVAL_GREEN,129,0,0,0,0,1,0,0,0,0,0,0,0,68382-0057-01
57237-0043-30_RXNAVIMAGE10_5947AC9D_1.jpg,OVAL,BLUE,7,OVAL_BLUE,123,0,1,0,0,0,0,0,0,0,0,0,0,57237-0043-30
57237-0043-30_RXNAVIMAGE10_5947AC9D_2.jpg,OVAL,BLUE,7,OVAL_BLUE,123,0,1,0,0,0,0,0,0,0,0,0,0,57237-0043-30
00006-0749-54_RXNAVIMAGE10_821DC16E_1.jpg,OVAL,RED,7,OVAL_RED,137,0,0,0,0,0,0,0,0,1,0,0,0,00006-0749-54
00006-0749-54_RXNAVIMAGE10_821DC16E_2.jpg,OVAL,RED,7,OVAL_RED,137,0,0,0,0,0,0,0,0,1,0,0,0,00006-0749-54
00781-1943-39_RXNAVIMAGE10_870443C2_1.jpg,OVAL,WHITE,7,OVAL_WHITE,139,0,0,0,0,0,0,0,0,0,0,1,0,00781-1943-39
00781-1943-39_RXNAVIMAGE10_870443C2_2.jpg,OVAL,WHITE,7,OVAL_WHITE,139,0,0,0,0,0,0,0,0,0,0,1,0,00781-1943-39
00046-1102-81_RXNAVIMAGE10_BF3E5FA2_1.jpg,OVAL,BROWN,7,OVAL_BROWN,125,0,0,1,0,0,0,0,0,0,0,0,0,00046-1102-81
00046-1102-81_RXNAVIMAGE10_BF3E5FA2_2.jpg,OVAL,BROWN,7,OVAL_BROWN,125,0,0,1,0,0,0,0,0,0,0,0,0,00046-1102-81
53489-0330-01_RXNAVIMAGE10_B5445AA2_1.jpg,ROUND,YELLOW,10,ROUND_YELLOW,178,0,0,0,0,0,0,0,0,0,0,0,1,53489-0330-01
53489-0330-01_RXNAVIMAGE10_B5445AA2_2.jpg,ROUND,YELLOW,10,ROUND_YELLOW,178,0,0,0,0,0,0,0,0,0,0,0,1,53489-0330-01
62175-0119-37_RXNAVIMAGE10_77083B81_1.jpg,OVAL,WHITE,7,OVAL_WHITE,139,0,0,0,0,0,0,0,0,0,0,1,0,62175-0119-37
62175-0119-37_RXNAVIMAGE10_77083B81_2.jpg,OVAL,WHITE,7,OVAL_WHITE,139,0,0,0,0,0,0,0,0,0,0,1,0,62175-0119-37
53489-0119-02_RXNAVIMAGE10_333499B4_1.jpg,CAPSULE,BLUE,1,CAPSULE_BLUE,7,0,1,0,0,0,0,0,0,0,0,0,0,53489-0119-02
53489-0119-02_RXNAVIMAGE10_333499B4_2.jpg,CAPSULE,BLUE,1,CAPSULE_BLUE,7,0,1,0,0,0,0,0,0,0,0,0,0,53489-0119-02
65162-0521-11_RXNAVIMAGE10_0A3E8554_1.jpg,ROUND,WHITE,10,ROUND_WHITE,174,0,0,0,0,0,0,0,0,0,0,1,0,65162-0521-11
65162-0521-11_RXNAVIMAGE10_0A3E8554_2.jpg,ROUND,WHITE,10,ROUND_WHITE,174,0,0,0,0,0,0,0,0,0,0,1,0,65162-0521-11
00378-8630-77_RXNAVIMAGE10_263E9364_1.jpg,CAPSULE,"ORANGE, WHITE",1,"CAPSULE_ORANGE, WHITE",50,0,0,0,0,0,1,0,0,0,0,1,0,00378-8630-77
00378-8630-77_RXNAVIMAGE10_263E9364_2.jpg,CAPSULE,"ORANGE, WHITE",1,"CAPSULE_ORANGE, WHITE",50,0,0,0,0,0,1,0,0,0,0,1,0,00378-8630-77
00093-7242-06_RXNAVIMAGE10_76293B69_1.jpg,ROUND,YELLOW,10,ROUND_YELLOW,178,0,0,0,0,0,0,0,0,0,0,0,1,00093-7242-06
00093-7242-06_RXNAVIMAGE10_76293B69_2.jpg,ROUND,YELLOW,10,ROUND_YELLOW,178,0,0,0,0,0,0,0,0,0,0,0,1,00093-7242-06
