rxnavImageFileName,shape,color,shape_label,shape_color,shape_color_label,color_BLACK,color_BLUE,color_BROWN,color_GRAY,color_GREEN,color_ORANGE,color_PINK,color_PURPLE,color_RED,color_TURQUOISE,color_WHITE,color_YELLOW
33342-0031-10_RXNAVIMAGE10_FD3E7E93_1.jpg,ROUND,WHITE,10,ROUND_WHITE,174,0,0,0,0,0,0,0,0,0,0,1,0
33342-0031-10_RXNAVIMAGE10_FD3E7E93_2.jpg,ROUND,WHITE,10,ROUND_WHITE,174,0,0,0,0,0,0,0,0,0,0,1,0
00007-4471-20_RXNAVIMAGE10_7618BB55_1.jpg,ROUND,RED,10,ROUND_RED,172,0,0,0,0,0,0,0,0,1,0,0,0
00007-4471-20_RXNAVIMAGE10_7618BB55_2.jpg,ROUND,RED,10,ROUND_RED,172,0,0,0,0,0,0,0,0,1,0,0,0
13668-0217-30_RXNAVIMAGE10_D54AEAD7_1.jpg,ROUND,WHITE,10,ROUND_WHITE,174,0,0,0,0,0,0,0,0,0,0,1,0
13668-0217-30_RXNAVIMAGE10_D54AEAD7_2.jpg,ROUND,WHITE,10,ROUND_WHITE,174,0,0,0,0,0,0,0,0,0,0,1,0
65862-0375-05_RXNAVIMAGE10_744DBA1D_1.jpg,OVAL,WHITE,7,OVAL_WHITE,139,0,0,0,0,0,0,0,0,0,0,1,0
65862-0375-05_RXNAVIMAGE10_744DBA1D_2.jpg,OVAL,WHITE,7,OVAL_WHITE,139,0,0,0,0,0,0,0,0,0,0,1,0
00378-0069-01_RXNAVIMAGE10_1C078E4C_1.jpg,ROUND,PINK,10,ROUND_PINK,168,0,0,0,0,0,0,1,0,0,0,0,0
00378-0069-01_RXNAVIMAGE10_1C078E4C_2.jpg,ROUND,PINK,10,ROUND_PINK,168,0,0,0,0,0,0,1,0,0,0,0,0
00093-8244-34_RXNAVIMAGE10_FC43FE6F_1.jpg,OVAL,WHITE,7,OVAL_WHITE,139,0,0,0,0,0,0,0,0,0,0,1,0
00093-8244-34_RXNAVIMAGE10_FC43FE6F_2.jpg,OVAL,WHITE,7,OVAL_WHITE,139,0,0,0,0,0,0,0,0,0,0,1,0
00093-7369-56_RXNAVIMAGE10_B916DCA6_1.jpg,OVAL,WHITE,7,OVAL_WHITE,139,0,0,0,0,0,0,0,0,0,0,1,0
00093-7369-56_RXNAVIMAGE10_B916DCA6_2.jpg,OVAL,WHITE,7,OVAL_WHITE,139,0,0,0,0,0,0,0,0,0,0,1,0
65162-0762-10_RXNAVIMAGE10_A23CD166_1.jpg,OVAL,PURPLE,7,OVAL_PURPLE,135,0,0,0,0,0,0,0,1,0,0,0,0
65162-0762-10_RXNAVIMAGE10_A23CD166_2.jpg,OVAL,PURPLE,7,OVAL_PURPLE,135,0,0,0,0,0,0,0,1,0,0,0,0
53489-0105-01_RXNAVIMAGE10_3D269EF4_1.jpg,ROUND,GREEN,10,ROUND_GREEN,164,0,0,0,0,1,0,0,0,0,0,0,0
53489-0105-01_RXNAVIMAGE10_3D269EF4_2.jpg,ROUND,GREEN,10,ROUND_GREEN,164,0,0,0,0,1,0,0,0,0,0,0,0
00591-5694-01_RXNAVIMAGE10_F90E7C93_1.jpg,CAPSULE,YELLOW,1,CAPSULE_YELLOW,94,0,0,0,0,0,0,0,0,0,0,0,1
00591-5694-01_RXNAVIMAGE10_F90E7C93_2.jpg,CAPSULE,YELLOW,1,CAPSULE_YELLOW,94,0,0,0,0,0,0,0,0,0,0,0,1
00832-2012-00_RXNAVIMAGE10_6039B00D_1.jpg,CAPSULE,RED,1,CAPSULE_RED,69,0,0,0,0,0,0,0,0,1,0,0,0
00832-2012-00_RXNAVIMAGE10_6039B00D_2.jpg,CAPSULE,RED,1,CAPSULE_RED,69,0,0,0,0,0,0,0,0,1,0,0,0
60505-0212-03_RXNAVIMAGE10_7934BCC5_1.jpg,CAPSULE,"BLUE, GREEN",1,"CAPSULE_BLUE, GREEN",11,0,1,0,0,1,0,0,0,0,0,0,0
60505-0212-03_RXNAVIMAGE10_7934BCC5_2.jpg,CAPSULE,"BLUE, GREEN",1,"CAPSULE_BLUE, GREEN",11,0,1,0,0,1,0,0,0,0,0,0,0
00603-4210-32_RXNAVIMAGE10_15448AD4_1.jpg,OVAL,WHITE,7,OVAL_WHITE,139,0,0,0,0,0,0,0,0,0,0,1,0
00603-4210-32_RXNAVIMAGE10_15448AD4_2.jpg,OVAL,WHITE,7,OVAL_WHITE,139,0,0,0,0,0,0,0,0,0,0,1,0
00002-3270-30_RXNAVIMAGE10_A91354EA_1.jpg,CAPSULE,"BLUE, YELLOW",1,"CAPSULE_BLUE, YELLOW",17,0,1,0,0,0,0,0,0,0,0,0,1
00002-3270-30_RXNAVIMAGE10_A91354EA_2.jpg,CAPSULE,"BLUE, YELLOW",1,"CAPSULE_BLUE, YELLOW",17,0,1,0,0,0,0,0,0,0,0,0,1
31722-0270-90_RXNAVIMAGE10_56432B49_1.jpg,OVAL,BROWN,7,OVAL_BROWN,125,0,0,1,0,0,0,0,0,0,0,0,0
31722-0270-90_RXNAVIMAGE10_56432B49_2.jpg,OVAL,BROWN,7,OVAL_BROWN,125,0,0,1,0,0,0,0,0,0,0,0,0
00009-5012-01_RXNAVIMAGE10_8F15C7BE_1.jpg,ROUND,WHITE,10,ROUND_WHITE,174,0,0,0,0,0,0,0,0,0,0,1,0
00009-5012-01_RXNAVIMAGE10_8F15C7BE_2.jpg,ROUND,WHITE,10,ROUND_WHITE,174,0,0,0,0,0,0,0,0,0,0,1,0
16714-0662-01_RXNAVIMAGE10_9E4D4F3A_1.jpg,CAPSULE,YELLOW,1,CAPSULE_YELLOW,94,0,0,0,0,0,0,0,0,0,0,0,1
16714-0662-01_RXNAVIMAGE10_9E4D4F3A_2.jpg,CAPSULE,YELLOW,1,CAPSULE_YELLOW,94,0,0,0,0,0,0,0,0,0,0,0,1
59467-0318-01_RXNAVIMAGE10_BA505D52_1.jpg,CAPSULE,"BLUE, BLUE",1,"CAPSULE_BLUE, BLUE",8,0,1,0,0,0,0,0,0,0,0,0,0
59467-0318-01_RXNAVIMAGE10_BA505D52_2.jpg,CAPSULE,"BLUE, BLUE",1,"CAPSULE_BLUE, BLUE",8,0,1,0,0,0,0,0,0,0,0,0,0
00781-5186-01_RXNAVIMAGE10_7A23BD5D_1.jpg,OVAL,BROWN,7,OVAL_BROWN,125,0,0,1,0,0,0,0,0,0,0,0,0
00781-5186-01_RXNAVIMAGE10_7A23BD5D_2.jpg,OVAL,BROWN,7,OVAL_BROWN,125,0,0,1,0,0,0,0,0,0,0,0,0
00093-5248-65_RXNAVIMAGE10_9235C97E_1.jpg,ROUND,YELLOW,10,ROUND_YELLOW,178,0,0,0,0,0,0,0,0,0,0,0,1
00093-5248-65_RXNAVIMAGE10_9235C97E_2.jpg,ROUND,YELLOW,10,ROUND_YELLOW,178,0,0,0,0,0,0,0,0,0,0,0,1
00456-1405-01_RXNAVIMAGE10_683A3461_1.jpg,TRIANGLE,BROWN,15,TRIANGLE_BROWN,197,0,0,1,0,0,0,0,0,0,0,0,0
00456-1405-01_RXNAVIMAGE10_683A3461_2.jpg,TRIANGLE,BROWN,15,TRIANGLE_BROWN,197,0,0,1,0,0,0,0,0,0,0,0,0
68382-0230-16_RXNAVIMAGE10_1F3C8FF4_1.jpg,OVAL,WHITE,7,OVAL_WHITE,139,0,0,0,0,0,0,0,0,0,0,1,0
68382-0230-16_RXNAVIMAGE10_1F3C8FF4_2.jpg,OVAL,WHITE,7,OVAL_WHITE,139,0,0,0,0,0,0,0,0,0,0,1,0
13107-0155-99_RXNAVIMAGE10_9C4DCE2E_1.jpg,OVAL,PINK,7,OVAL_PINK,133,0,0,0,0,0,0,1,0,0,0,0,0
13107-0155-99_RXNAVIMAGE10_9C4DCE2E_2.jpg,OVAL,PINK,7,OVAL_PINK,133,0,0,0,0,0,0,1,0,0,0,0,0
00378-0183-01_RXNAVIMAGE10_95204A82_1.jpg,ROUND,BLUE,10,ROUND_BLUE,160,0,1,0,0,0,0,0,0,0,0,0,0
00378-0183-01_RXNAVIMAGE10_95204A82_2.jpg,ROUND,BLUE,10,ROUND_BLUE,160,0,1,0,0,0,0,0,0,0,0,0,0
65862-0085-50_RXNAVIMAGE10_1D458EEC_1.jpg,CAPSULE,"RED, WHITE",1,"CAPSULE_RED, WHITE",74,0,0,0,0,0,0,0,0,1,0,1,0
65862-0085-50_RXNAVIMAGE10_1D458EEC_2.jpg,CAPSULE,"RED, WHITE",1,"CAPSULE_RED, WHITE",74,0,0,0,0,0,0,0,0,1,0,1,0
00093-5213-01_RXNAVIMAGE10_632BB1FD_1.jpg,OVAL,YELLOW,7,OVAL_YELLOW,145,0,0,0,0,0,0,0,0,0,0,0,1
00093-5213-01_RXNAVIMAGE10_632BB1FD_2.jpg,OVAL,YELLOW,7,OVAL_YELLOW,145,0,0,0,0,0,0,0,0,0,0,0,1
11042-0142-03_RXNAVIMAGE10_5E1B2F79_1.jpg,OVAL,BLUE,7,OVAL_BLUE,123,0,1,0,0,0,0,0,0,0,0,0,0
11042-0142-03_RXNAVIMAGE10_5E1B2F79_2.jpg,OVAL,BLUE,7,OVAL_BLUE,123,0,1,0,0,0,0,0,0,0,0,0,0
00093-4236-01_RXNAVIMAGE10_262D937C_1.jpg,ROUND,WHITE,10,ROUND_WHITE,174,0,0,0,0,0,0,0,0,0,0,1,0
00093-4236-01_RXNAVIMAGE10_262D937C_2.jpg,ROUND,WHITE,10,ROUND_WHITE,174,0,0,0,0,0,0,0,0,0,0,1,0
68682-0409-10_RXNAVIMAGE10_6D39B6CD_1.jpg,CAPSULE,GREEN,1,CAPSULE_GREEN,32,0,0,0,0,1,0,0,0,0,0,0,0
68682-0409-10_RXNAVIMAGE10_6D39B6CD_2.jpg,CAPSULE,GREEN,1,CAPSULE_GREEN,32,0,0,0,0,1,0,0,0,0,0,0,0
63481-0025-09_RXNAVIMAGE10_D94FECAF_1.jpg,ROUND,WHITE,10,ROUND_WHITE,174,0,0,0,0,0,0,0,0,0,0,1,0
63481-0025-09_RXNAVIMAGE10_D94FECAF_2.jpg,ROUND,WHITE,10,ROUND_WHITE,174,0,0,0,0,0,0,0,0,0,0,1,0
00603-6157-21_RXNAVIMAGE10_853E4292_1.jpg,ROUND,ORANGE,10,ROUND_ORANGE,166,0,0,0,0,0,1,0,0,0,0,0,0
00603-6157-21_RXNAVIMAGE10_853E4292_2.jpg,ROUND,ORANGE,10,ROUND_ORANGE,166,0,0,0,0,0,1,0,0,0,0,0,0
51991-0747-10_RXNAVIMAGE10_234F91EC_1.jpg,CAPSULE,"GREEN, WHITE",1,"CAPSULE_GREEN, WHITE",42,0,0,0,0,1,0,0,0,0,0,1,0
51991-0747-10_RXNAVIMAGE10_234F91EC_2.jpg,CAPSULE,"GREEN, WHITE",1,"CAPSULE_GREEN, WHITE",42,0,0,0,0,1,0,0,0,0,0,1,0
99207-0463-30_RXNAVIMAGE10_EB1C75E3_1.jpg,OVAL,BLUE,7,OVAL_BLUE,123,0,1,0,0,0,0,0,0,0,0,0,0
99207-0463-30_RXNAVIMAGE10_EB1C75E3_2.jpg,OVAL,BLUE,7,OVAL_BLUE,123,0,1,0,0,0,0,0,0,0,0,0,0
00074-7069-90_RXNAVIMAGE10_9D1D4EAA_1.jpg,ROUND,BLUE,10,ROUND_BLUE,160,0,1,0,0,0,0,0,0,0,0,0,0
00074-7069-90_RXNAVIMAGE10_9D1D4EAA_2.jpg,ROUND,BLUE,10,ROUND_BLUE,160,0,1,0,0,0,0,0,0,0,0,0,0
00004-0800-85_RXNAVIMAGE10_491E24C1_1.jpg,CAPSULE,"GRAY, YELLOW",1,"CAPSULE_GRAY, YELLOW",31,0,0,0,1,0,0,0,0,0,0,0,1
00004-0800-85_RXNAVIMAGE10_491E24C1_2.jpg,CAPSULE,"GRAY, YELLOW",1,"CAPSULE_GRAY, YELLOW",31,0,0,0,1,0,0,0,0,0,0,0,1
00591-2225-01_RXNAVIMAGE10_9A054D1A_1.jpg,OVAL,WHITE,7,OVAL_WHITE,139,0,0,0,0,0,0,0,0,0,0,1,0
00591-2225-01_RXNAVIMAGE10_9A054D1A_2.jpg,OVAL,WHITE,7,OVAL_WHITE,139,0,0,0,0,0,0,0,0,0,0,1,0
65162-0761-10_RXNAVIMAGE10_C441622B_1.jpg,OVAL,PINK,7,OVAL_PINK,133,0,0,0,0,0,0,1,0,0,0,0,0
65162-0761-10_RXNAVIMAGE10_C441622B_2.jpg,OVAL,PINK,7,OVAL_PINK,133,0,0,0,0,0,0,1,0,0,0,0,0
00591-5789-01_RXNAVIMAGE10_5434AA05_1.jpg,CAPSULE,GREEN,1,CAPSULE_GREEN,32,0,0,0,0,1,0,0,0,0,0,0,0
00591-5789-01_RXNAVIMAGE10_5434AA05_2.jpg,CAPSULE,GREEN,1,CAPSULE_GREEN,32,0,0,0,0,1,0,0,0,0,0,0,0
49884-0735-11_RXNAVIMAGE10_0D3306F8_1.jpg,OVAL,WHITE,7,OVAL_WHITE,139,0,0,0,0,0,0,0,0,0,0,1,0
49884-0735-11_RXNAVIMAGE10_0D3306F8_2.jpg,OVAL,WHITE,7,OVAL_WHITE,139,0,0,0,0,0,0,0,0,0,0,1,0
00555-9012-58_RXNAVIMAGE10_832FC1CE_1.jpg,ROUND,WHITE,10,ROUND_WHITE,174,0,0,0,0,0,0,0,0,0,0,1,0
00555-9012-58_RXNAVIMAGE10_832FC1CE_2.jpg,ROUND,WHITE,10,ROUND_WHITE,174,0,0,0,0,0,0,0,0,0,0,1,0
43547-0254-50_RXNAVIMAGE10_703E3871_1.jpg,OVAL,WHITE,7,OVAL_WHITE,139,0,0,0,0,0,0,0,0,0,0,1,0
43547-0254-50_RXNAVIMAGE10_703E3871_2.jpg,OVAL,WHITE,7,OVAL_WHITE,139,0,0,0,0,0,0,0,0,0,0,1,0
00093-2748-65_RXNAVIMAGE10_014380FC_1.jpg,ROUND,ORANGE,10,ROUND_ORANGE,166,0,0,0,0,0,1,0,0,0,0,0,0
00093-2748-65_RXNAVIMAGE10_014380FC_2.jpg,ROUND,ORANGE,10,ROUND_ORANGE,166,0,0,0,0,0,1,0,0,0,0,0,0
16714-0225-04_RXNAVIMAGE10_7C453E79_1.jpg,OVAL,YELLOW,7,OVAL_YELLOW,145,0,0,0,0,0,0,0,0,0,0,0,1
16714-0225-04_RXNAVIMAGE10_7C453E79_2.jpg,OVAL,YELLOW,7,OVAL_YELLOW,145,0,0,0,0,0,0,0,0,0,0,0,1
00143-1202-01_RXNAVIMAGE10_7A053D59_1.jpg,ROUND,WHITE,10,ROUND_WHITE,174,0,0,0,0,0,0,0,0,0,0,1,0
00143-1202-01_RXNAVIMAGE10_7A053D59_2.jpg,ROUND,WHITE,10,ROUND_WHITE,174,0,0,0,0,0,0,0,0,0,0,1,0
13668-0268-01_RXNAVIMAGE10_CD3FE6CF_1.jpg,OVAL,PINK,7,OVAL_PINK,133,0,0,0,0,0,0,1,0,0,0,0,0
13668-0268-01_RXNAVIMAGE10_CD3FE6CF_2.jpg,OVAL,PINK,7,OVAL_PINK,133,0,0,0,0,0,0,1,0,0,0,0,0
29300-0137-01_RXNAVIMAGE10_983A4C62_1.jpg,OVAL,WHITE,7,OVAL_WHITE,139,0,0,0,0,0,0,0,0,0,0,1,0
29300-0137-01_RXNAVIMAGE10_983A4C62_2.jpg,OVAL,WHITE,7,OVAL_WHITE,139,0,0,0,0,0,0,0,0,0,0,1,0
51285-0126-98_RXNAVIMAGE10_9D42CEA6_1.jpg,ROUND,BROWN,10,ROUND_BROWN,162,0,0,1,0,0,0,0,0,0,0,0,0
51285-0126-98_RXNAVIMAGE10_9D42CEA6_2.jpg,ROUND,BROWN,10,ROUND_BROWN,162,0,0,1,0,0,0,0,0,0,0,0,0
00093-3160-06_RXNAVIMAGE10_FB297DFB_1.jpg,CAPSULE,"GREEN, PURPLE",1,"CAPSULE_GREEN, PURPLE",40,0,0,0,0,1,0,0,1,0,0,0,0
00093-3160-06_RXNAVIMAGE10_FB297DFB_2.jpg,CAPSULE,"GREEN, PURPLE",1,"CAPSULE_GREEN, PURPLE",40,0,0,0,0,1,0,0,1,0,0,0,0
51672-4031-01_RXNAVIMAGE10_29129484_1.jpg,OVAL,BLUE,7,OVAL_BLUE,123,0,1,0,0,0,0,0,0,0,0,0,0
51672-4031-01_RXNAVIMAGE10_29129484_2.jpg,OVAL,BLUE,7,OVAL_BLUE,123,0,1,0,0,0,0,0,0,0,0,0,0
51285-0060-01_RXNAVIMAGE10_6838B465_1.jpg,FREEFORM,PINK,4,FREEFORM_PINK,114,0,0,0,0,0,0,1,0,0,0,0,0
51285-0060-01_RXNAVIMAGE10_6838B465_2.jpg,FREEFORM,PINK,4,FREEFORM_PINK,114,0,0,0,0,0,0,1,0,0,0,0,0
00093-1005-01_RXNAVIMAGE10_9629CB0E_1.jpg,OVAL,WHITE,7,OVAL_WHITE,139,0,0,0,0,0,0,0,0,0,0,1,0
00093-1005-01_RXNAVIMAGE10_9629CB0E_2.jpg,OVAL,WHITE,7,OVAL_WHITE,139,0,0,0,0,0,0,0,0,0,0,1,0
00093-7236-56_RXNAVIMAGE10_422B2109_1.jpg,ROUND,YELLOW,10,ROUND_YELLOW,178,0,0,0,0,0,0,0,0,0,0,0,1
00093-7236-56_RXNAVIMAGE10_422B2109_2.jpg,ROUND,YELLOW,10,ROUND_YELLOW,178,0,0,0,0,0,0,0,0,0,0,0,1
66993-0107-02_RXNAVIMAGE10_3A239D7C_1.jpg,OVAL,ORANGE,7,OVAL_ORANGE,130,0,0,0,0,0,1,0,0,0,0,0,0
66993-0107-02_RXNAVIMAGE10_3A239D7C_2.jpg,OVAL,ORANGE,7,OVAL_ORANGE,130,0,0,0,0,0,1,0,0,0,0,0,0
66993-0409-32_RXNAVIMAGE10_4439A25D_1.jpg,CAPSULE,"BLACK, GREEN",1,"CAPSULE_BLACK, GREEN",1,1,0,0,0,1,0,0,0,0,0,0,0
66993-0409-32_RXNAVIMAGE10_4439A25D_2.jpg,CAPSULE,"BLACK, GREEN",1,"CAPSULE_BLACK, GREEN",1,1,0,0,0,1,0,0,0,0,0,0,0
60505-0040-01_RXNAVIMAGE10_18458C7C_1.jpg,CAPSULE,"WHITE, GRAY",1,"CAPSULE_WHITE, GRAY",85,0,0,0,1,0,0,0,0,0,0,1,0
60505-0040-01_RXNAVIMAGE10_18458C7C_2.jpg,CAPSULE,"WHITE, GRAY",1,"CAPSULE_WHITE, GRAY",85,0,0,0,1,0,0,0,0,0,0,1,0
65862-0547-90_RXNAVIMAGE10_32511968_1.jpg,OVAL,ORANGE,7,OVAL_ORANGE,130,0,0,0,0,0,1,0,0,0,0,0,0
65862-0547-90_RXNAVIMAGE10_32511968_2.jpg,OVAL,ORANGE,7,OVAL_ORANGE,130,0,0,0,0,0,1,0,0,0,0,0,0
00378-2072-01_RXNAVIMAGE10_8621435A_1.jpg,ROUND,BLUE,10,ROUND_BLUE,160,0,1,0,0,0,0,0,0,0,0,0,0
00378-2072-01_RXNAVIMAGE10_8621435A_2.jpg,ROUND,BLUE,10,ROUND_BLUE,160,0,1,0,0,0,0,0,0,0,0,0,0
50111-0468-01_RXNAVIMAGE10_6121B0DD_1.jpg,ROUND,BLUE,10,ROUND_BLUE,160,0,1,0,0,0,0,0,0,0,0,0,0
50111-0468-01_RXNAVIMAGE10_6121B0DD_2.jpg,ROUND,BLUE,10,ROUND_BLUE,160,0,1,0,0,0,0,0,0,0,0,0,0
00185-0415-05_RXNAVIMAGE10_8748C3F6_1.jpg,ROUND,PURPLE,10,ROUND_PURPLE,171,0,0,0,0,0,0,0,1,0,0,0,0
00185-0415-05_RXNAVIMAGE10_8748C3F6_2.jpg,ROUND,PURPLE,10,ROUND_PURPLE,171,0,0,0,0,0,0,0,1,0,0,0,0
00228-2751-11_RXNAVIMAGE10_6207B15D_1.jpg,OVAL,WHITE,7,OVAL_WHITE,139,0,0,0,0,0,0,0,0,0,0,1,0
00228-2751-11_RXNAVIMAGE10_6207B15D_2.jpg,OVAL,WHITE,7,OVAL_WHITE,139,0,0,0,0,0,0,0,0,0,0,1,0
29300-0111-05_RXNAVIMAGE10_584FAC5D_1.jpg,OVAL,WHITE,7,OVAL_WHITE,139,0,0,0,0,0,0,0,0,0,0,1,0
29300-0111-05_RXNAVIMAGE10_584FAC5D_2.jpg,OVAL,WHITE,7,OVAL_WHITE,139,0,0,0,0,0,0,0,0,0,0,1,0
51285-0446-02_RXNAVIMAGE10_38359C1C_1.jpg,ROUND,ORANGE,10,ROUND_ORANGE,166,0,0,0,0,0,1,0,0,0,0,0,0
51285-0446-02_RXNAVIMAGE10_38359C1C_2.jpg,ROUND,ORANGE,10,ROUND_ORANGE,166,0,0,0,0,0,1,0,0,0,0,0,0
16571-0202-10_RXNAVIMAGE10_6A48B525_1.jpg,ROUND,BROWN,10,ROUND_BROWN,162,0,0,1,0,0,0,0,0,0,0,0,0
16571-0202-10_RXNAVIMAGE10_6A48B525_2.jpg,ROUND,BROWN,10,ROUND_BROWN,162,0,0,1,0,0,0,0,0,0,0,0,0
00078-0572-15_RXNAVIMAGE10_381D9C4C_1.jpg,OVAL,RED,7,OVAL_RED,137,0,0,0,0,0,0,0,0,1,0,0,0
00078-0572-15_RXNAVIMAGE10_381D9C4C_2.jpg,OVAL,RED,7,OVAL_RED,137,0,0,0,0,0,0,0,0,1,0,0,0
16252-0527-50_RXNAVIMAGE10_5A512D79_1.jpg,OVAL,WHITE,7,OVAL_WHITE,139,0,0,0,0,0,0,0,0,0,0,1,0
16252-0527-50_RXNAVIMAGE10_5A512D79_2.jpg,OVAL,WHITE,7,OVAL_WHITE,139,0,0,0,0,0,0,0,0,0,0,1,0
60505-2674-03_RXNAVIMAGE10_864FC30E_1.jpg,RECTANGLE,PINK,9,RECTANGLE_PINK,158,0,0,0,0,0,0,1,0,0,0,0,0
60505-2674-03_RXNAVIMAGE10_864FC30E_2.jpg,RECTANGLE,PINK,9,RECTANGLE_PINK,158,0,0,0,0,0,0,1,0,0,0,0,0
60505-0093-00_RXNAVIMAGE10_9646CB36_1.jpg,ROUND,WHITE,10,ROUND_WHITE,174,0,0,0,0,0,0,0,0,0,0,1,0
60505-0093-00_RXNAVIMAGE10_9646CB36_2.jpg,ROUND,WHITE,10,ROUND_WHITE,174,0,0,0,0,0,0,0,0,0,0,1,0
00002-5123-30_RXNAVIMAGE10_E848F457_1.jpg,HEXAGON,BROWN,5,HEXAGON_BROWN,117,0,0,1,0,0,0,0,0,0,0,0,0
00002-5123-30_RXNAVIMAGE10_E848F457_2.jpg,HEXAGON,BROWN,5,HEXAGON_BROWN,117,0,0,1,0,0,0,0,0,0,0,0,0
00093-7224-98_RXNAVIMAGE10_B5305AF2_1.jpg,ROUND,WHITE,10,ROUND_WHITE,174,0,0,0,0,0,0,0,0,0,0,1,0
00093-7224-98_RXNAVIMAGE10_B5305AF2_2.jpg,ROUND,WHITE,10,ROUND_WHITE,174,0,0,0,0,0,0,0,0,0,0,1,0
00172-3926-60_RXNAVIMAGE10_C54262D3_1.jpg,ROUND,YELLOW,10,ROUND_YELLOW,178,0,0,0,0,0,0,0,0,0,0,0,1
00172-3926-60_RXNAVIMAGE10_C54262D3_2.jpg,ROUND,YELLOW,10,ROUND_YELLOW,178,0,0,0,0,0,0,0,0,0,0,0,1
00555-9020-58_RXNAVIMAGE10_4B36A5F5_1.jpg,ROUND,PINK,10,ROUND_PINK,168,0,0,0,0,0,0,1,0,0,0,0,0
00555-9020-58_RXNAVIMAGE10_4B36A5F5_2.jpg,ROUND,PINK,10,ROUND_PINK,168,0,0,0,0,0,0,1,0,0,0,0,0
55111-0320-01_RXNAVIMAGE10_2F0797AC_1.jpg,OVAL,PINK,7,OVAL_PINK,133,0,0,0,0,0,0,1,0,0,0,0,0
55111-0320-01_RXNAVIMAGE10_2F0797AC_2.jpg,OVAL,PINK,7,OVAL_PINK,133,0,0,0,0,0,0,1,0,0,0,0,0
00003-4215-11_RXNAVIMAGE10_C33CE1E7_1.jpg,ROUND,PINK,10,ROUND_PINK,168,0,0,0,0,0,0,1,0,0,0,0,0
00003-4215-11_RXNAVIMAGE10_C33CE1E7_2.jpg,ROUND,PINK,10,ROUND_PINK,168,0,0,0,0,0,0,1,0,0,0,0,0
42794-0020-02_RXNAVIMAGE10_A75153EA_1.jpg,ROUND,WHITE,10,ROUND_WHITE,174,0,0,0,0,0,0,0,0,0,0,1,0
42794-0020-02_RXNAVIMAGE10_A75153EA_2.jpg,ROUND,WHITE,10,ROUND_WHITE,174,0,0,0,0,0,0,0,0,0,0,1,0
00603-3855-21_RXNAVIMAGE10_8B34C5C6_1.jpg,CAPSULE,BLUE,1,CAPSULE_BLUE,7,0,1,0,0,0,0,0,0,0,0,0,0
00603-3855-21_RXNAVIMAGE10_8B34C5C6_2.jpg,CAPSULE,BLUE,1,CAPSULE_BLUE,7,0,1,0,0,0,0,0,0,0,0,0,0
51285-0431-65_RXNAVIMAGE10_B636DB06_1.jpg,ROUND,YELLOW,10,ROUND_YELLOW,178,0,0,0,0,0,0,0,0,0,0,0,1
51285-0431-65_RXNAVIMAGE10_B636DB06_2.jpg,ROUND,YELLOW,10,ROUND_YELLOW,178,0,0,0,0,0,0,0,0,0,0,0,1
68462-0474-01_RXNAVIMAGE10_5047A81D_1.jpg,OVAL,WHITE,7,OVAL_WHITE,139,0,0,0,0,0,0,0,0,0,0,1,0
68462-0474-01_RXNAVIMAGE10_5047A81D_2.jpg,OVAL,WHITE,7,OVAL_WHITE,139,0,0,0,0,0,0,0,0,0,0,1,0
00003-4222-16_RXNAVIMAGE10_F215F93F_1.jpg,OVAL,YELLOW,7,OVAL_YELLOW,145,0,0,0,0,0,0,0,0,0,0,0,1
00003-4222-16_RXNAVIMAGE10_F215F93F_2.jpg,OVAL,YELLOW,7,OVAL_YELLOW,145,0,0,0,0,0,0,0,0,0,0,0,1
53489-0145-01_RXNAVIMAGE10_B523DA9E_1.jpg,ROUND,WHITE,10,ROUND_WHITE,174,0,0,0,0,0,0,0,0,0,0,1,0
53489-0145-01_RXNAVIMAGE10_B523DA9E_2.jpg,ROUND,WHITE,10,ROUND_WHITE,174,0,0,0,0,0,0,0,0,0,0,1,0
00677-1979-01_RXNAVIMAGE10_9B084DE2_1.jpg,ROUND,YELLOW,10,ROUND_YELLOW,178,0,0,0,0,0,0,0,0,0,0,0,1
00677-1979-01_RXNAVIMAGE10_9B084DE2_2.jpg,ROUND,YELLOW,10,ROUND_YELLOW,178,0,0,0,0,0,0,0,0,0,0,0,1
53489-0120-02_RXNAVIMAGE10_D4346A13_1.jpg,ROUND,ORANGE,10,ROUND_ORANGE,166,0,0,0,0,0,1,0,0,0,0,0,0
53489-0120-02_RXNAVIMAGE10_D4346A13_2.jpg,ROUND,ORANGE,10,ROUND_ORANGE,166,0,0,0,0,0,1,0,0,0,0,0,0
55253-0601-30_RXNAVIMAGE10_DE356F4B_1.jpg,ROUND,YELLOW,10,ROUND_YELLOW,178,0,0,0,0,0,0,0,0,0,0,0,1
55253-0601-30_RXNAVIMAGE10_DE356F4B_2.jpg,ROUND,YELLOW,10,ROUND_YELLOW,178,0,0,0,0,0,0,0,0,0,0,0,1
49702-0203-18_RXNAVIMAGE10_2C19965C_1.jpg,DIAMOND,WHITE,2,DIAMOND_WHITE,110,0,0,0,0,0,0,0,0,0,0,1,0
49702-0203-18_RXNAVIMAGE10_2C19965C_2.jpg,DIAMOND,WHITE,2,DIAMOND_WHITE,110,0,0,0,0,0,0,0,0,0,0,1,0
13668-0332-05_RXNAVIMAGE10_A03E5012_1.jpg,OVAL,WHITE,7,OVAL_WHITE,139,0,0,0,0,0,0,0,0,0,0,1,0
13668-0332-05_RXNAVIMAGE10_A03E5012_2.jpg,OVAL,WHITE,7,OVAL_WHITE,139,0,0,0,0,0,0,0,0,0,0,1,0
52544-0233-41_RXNAVIMAGE10_BA4ADD26_1.jpg,ROUND,GREEN,10,ROUND_GREEN,164,0,0,0,0,1,0,0,0,0,0,0,0
52544-0233-41_RXNAVIMAGE10_BA4ADD26_2.jpg,ROUND,GREEN,10,ROUND_GREEN,164,0,0,0,0,1,0,0,0,0,0,0,0
00093-7465-98_RXNAVIMAGE10_1C380E40_1.jpg,OVAL,WHITE,7,OVAL_WHITE,139,0,0,0,0,0,0,0,0,0,0,1,0
00093-7465-98_RXNAVIMAGE10_1C380E40_2.jpg,OVAL,WHITE,7,OVAL_WHITE,139,0,0,0,0,0,0,0,0,0,0,1,0
00093-7303-65_RXNAVIMAGE10_752F3A99_1.jpg,ROUND,WHITE,10,ROUND_WHITE,174,0,0,0,0,0,0,0,0,0,0,1,0
00093-7303-65_RXNAVIMAGE10_752F3A99_2.jpg,ROUND,WHITE,10,ROUND_WHITE,174,0,0,0,0,0,0,0,0,0,0,1,0
00378-7002-93_RXNAVIMAGE10_42242111_1.jpg,OVAL,BLUE,7,OVAL_BLUE,123,0,1,0,0,0,0,0,0,0,0,0,0
00378-7002-93_RXNAVIMAGE10_42242111_2.jpg,OVAL,BLUE,7,OVAL_BLUE,123,0,1,0,0,0,0,0,0,0,0,0,0
00169-0081-81_RXNAVIMAGE10_CD1C66E3_1.jpg,ROUND,WHITE,10,ROUND_WHITE,174,0,0,0,0,0,0,0,0,0,0,1,0
00169-0081-81_RXNAVIMAGE10_CD1C66E3_2.jpg,ROUND,WHITE,10,ROUND_WHITE,174,0,0,0,0,0,0,0,0,0,0,1,0
68012-0002-13_RXNAVIMAGE10_FE407F63_1.jpg,OVAL,BLUE,7,OVAL_BLUE,123,0,1,0,0,0,0,0,0,0,0,0,0
68012-0002-13_RXNAVIMAGE10_FE407F63_2.jpg,OVAL,BLUE,7,OVAL_BLUE,123,0,1,0,0,0,0,0,0,0,0,0,0
00781-5235-92_RXNAVIMAGE10_8D45C69E_1.jpg,OVAL,BROWN,7,OVAL_BROWN,125,0,0,1,0,0,0,0,0,0,0,0,0
00781-5235-92_RXNAVIMAGE10_8D45C69E_2.jpg,OVAL,BROWN,7,OVAL_BROWN,125,0,0,1,0,0,0,0,0,0,0,0,0
10337-0815-06_RXNAVIMAGE10_7203B95D_1.jpg,CAPSULE,ORANGE,1,CAPSULE_ORANGE,44,0,0,0,0,0,1,0,0,0,0,0,0
10337-0815-06_RXNAVIMAGE10_7203B95D_2.jpg,CAPSULE,ORANGE,1,CAPSULE_ORANGE,44,0,0,0,0,0,1,0,0,0,0,0,0
50111-0308-01_RXNAVIMAGE10_94294A3A_1.jpg,ROUND,WHITE,10,ROUND_WHITE,174,0,0,0,0,0,0,0,0,0,0,1,0
50111-0308-01_RXNAVIMAGE10_94294A3A_2.jpg,ROUND,WHITE,10,ROUND_WHITE,174,0,0,0,0,0,0,0,0,0,0,1,0
00406-9932-03_RXNAVIMAGE10_313D98BC_1.jpg,CAPSULE,"YELLOW, ORANGE",1,"CAPSULE_YELLOW, ORANGE",99,0,0,0,0,0,1,0,0,0,0,0,1
00406-9932-03_RXNAVIMAGE10_313D98BC_2.jpg,CAPSULE,"YELLOW, ORANGE",1,"CAPSULE_YELLOW, ORANGE",99,0,0,0,0,0,1,0,0,0,0,0,1
00603-3213-28_RXNAVIMAGE10_7015B82D_1.jpg,ROUND,WHITE,10,ROUND_WHITE,174,0,0,0,0,0,0,0,0,0,0,1,0
00603-3213-28_RXNAVIMAGE10_7015B82D_2.jpg,ROUND,WHITE,10,ROUND_WHITE,174,0,0,0,0,0,0,0,0,0,0,1,0
00904-1056-61_RXNAVIMAGE10_F032F827_1.jpg,OVAL,WHITE,7,OVAL_WHITE,139,0,0,0,0,0,0,0,0,0,0,1,0
00904-1056-61_RXNAVIMAGE10_F032F827_2.jpg,OVAL,WHITE,7,OVAL_WHITE,139,0,0,0,0,0,0,0,0,0,0,1,0
00093-7304-65_RXNAVIMAGE10_712F3889_1.jpg,ROUND,WHITE,10,ROUND_WHITE,174,0,0,0,0,0,0,0,0,0,0,1,0
00093-7304-65_RXNAVIMAGE10_712F3889_2.jpg,ROUND,WHITE,10,ROUND_WHITE,174,0,0,0,0,0,0,0,0,0,0,1,0
59630-0503-10_RXNAVIMAGE10_4F1627B1_1.jpg,OVAL,ORANGE,7,OVAL_ORANGE,130,0,0,0,0,0,1,0,0,0,0,0,0
59630-0503-10_RXNAVIMAGE10_4F1627B1_2.jpg,OVAL,ORANGE,7,OVAL_ORANGE,130,0,0,0,0,0,1,0,0,0,0,0,0
49884-0577-11_RXNAVIMAGE10_8E3EC726_1.jpg,OVAL,WHITE,7,OVAL_WHITE,139,0,0,0,0,0,0,0,0,0,0,1,0
49884-0577-11_RXNAVIMAGE10_8E3EC726_2.jpg,OVAL,WHITE,7,OVAL_WHITE,139,0,0,0,0,0,0,0,0,0,0,1,0
47781-0729-02_RXNAVIMAGE10_074D03A8_1.jpg,CAPSULE,"GRAY, PINK",1,"CAPSULE_GRAY, PINK",27,0,0,0,1,0,0,1,0,0,0,0,0
47781-0729-02_RXNAVIMAGE10_074D03A8_2.jpg,CAPSULE,"GRAY, PINK",1,"CAPSULE_GRAY, PINK",27,0,0,0,1,0,0,1,0,0,0,0,0
00378-4186-93_RXNAVIMAGE10_37219BDC_1.jpg,ROUND,GREEN,10,ROUND_GREEN,164,0,0,0,0,1,0,0,0,0,0,0,0
00378-4186-93_RXNAVIMAGE10_37219BDC_2.jpg,ROUND,GREEN,10,ROUND_GREEN,164,0,0,0,0,1,0,0,0,0,0,0,0
33342-0067-07_RXNAVIMAGE10_E451724B_1.jpg,ROUND,WHITE,10,ROUND_WHITE,174,0,0,0,0,0,0,0,0,0,0,1,0
33342-0067-07_RXNAVIMAGE10_E451724B_2.jpg,ROUND,WHITE,10,ROUND_WHITE,174,0,0,0,0,0,0,0,0,0,0,1,0
16714-0661-01_RXNAVIMAGE10_6F4A3791_1.jpg,CAPSULE,WHITE,1,CAPSULE_WHITE,81,0,0,0,0,0,0,0,0,0,0,1,0
16714-0661-01_RXNAVIMAGE10_6F4A3791_2.jpg,CAPSULE,WHITE,1,CAPSULE_WHITE,81,0,0,0,0,0,0,0,0,0,0,1,0
00093-0090-01_RXNAVIMAGE10_F32979AB_1.jpg,ROUND,WHITE,10,ROUND_WHITE,174,0,0,0,0,0,0,0,0,0,0,1,0
00093-0090-01_RXNAVIMAGE10_F32979AB_2.jpg,ROUND,WHITE,10,ROUND_WHITE,174,0,0,0,0,0,0,0,0,0,0,1,0
00093-1060-01_RXNAVIMAGE10_DC29EE4F_1.jpg,OVAL,BLUE,7,OVAL_BLUE,123,0,1,0,0,0,0,0,0,0,0,0,0
00093-1060-01_RXNAVIMAGE10_DC29EE4F_2.jpg,OVAL,BLUE,7,OVAL_BLUE,123,0,1,0,0,0,0,0,0,0,0,0,0
00525-1102-90_RXNAVIMAGE10_A839D46E_1.jpg,CAPSULE,ORANGE,1,CAPSULE_ORANGE,44,0,0,0,0,0,1,0,0,0,0,0,0
00525-1102-90_RXNAVIMAGE10_A839D46E_2.jpg,CAPSULE,ORANGE,1,CAPSULE_ORANGE,44,0,0,0,0,0,1,0,0,0,0,0,0
68682-0372-90_RXNAVIMAGE10_62443161_1.jpg,CAPSULE,WHITE,1,CAPSULE_WHITE,81,0,0,0,0,0,0,0,0,0,0,1,0
68682-0372-90_RXNAVIMAGE10_62443161_2.jpg,CAPSULE,WHITE,1,CAPSULE_WHITE,81,0,0,0,0,0,0,0,0,0,0,1,0
00172-5313-60_RXNAVIMAGE10_BC27DE7E_1.jpg,OVAL,WHITE,7,OVAL_WHITE,139,0,0,0,0,0,0,0,0,0,0,1,0
00172-5313-60_RXNAVIMAGE10_BC27DE7E_2.jpg,OVAL,WHITE,7,OVAL_WHITE,139,0,0,0,0,0,0,0,0,0,0,1,0
65862-0621-01_RXNAVIMAGE10_3F4E1FB0_1.jpg,ROUND,WHITE,10,ROUND_WHITE,174,0,0,0,0,0,0,0,0,0,0,1,0
65862-0621-01_RXNAVIMAGE10_3F4E1FB0_2.jpg,ROUND,WHITE,10,ROUND_WHITE,174,0,0,0,0,0,0,0,0,0,0,1,0
00781-5619-92_RXNAVIMAGE10_B93EDC86_1.jpg,TEAR,BROWN,13,TEAR_BROWN,188,0,0,1,0,0,0,0,0,0,0,0,0
00781-5619-92_RXNAVIMAGE10_B93EDC86_2.jpg,TEAR,BROWN,13,TEAR_BROWN,188,0,0,1,0,0,0,0,0,0,0,0,0
00093-7206-56_RXNAVIMAGE10_9F2FCFDE_1.jpg,ROUND,YELLOW,10,ROUND_YELLOW,178,0,0,0,0,0,0,0,0,0,0,0,1
00093-7206-56_RXNAVIMAGE10_9F2FCFDE_2.jpg,ROUND,YELLOW,10,ROUND_YELLOW,178,0,0,0,0,0,0,0,0,0,0,0,1
00777-3105-02_RXNAVIMAGE10_061C8364_1.jpg,CAPSULE,"YELLOW, GREEN",1,"CAPSULE_YELLOW, GREEN",98,0,0,0,0,1,0,0,0,0,0,0,1
00777-3105-02_RXNAVIMAGE10_061C8364_2.jpg,CAPSULE,"YELLOW, GREEN",1,"CAPSULE_YELLOW, GREEN",98,0,0,0,0,1,0,0,0,0,0,0,1
60505-2654-01_RXNAVIMAGE10_BB435DBA_1.jpg,ROUND,WHITE,10,ROUND_WHITE,174,0,0,0,0,0,0,0,0,0,0,1,0
60505-2654-01_RXNAVIMAGE10_BB435DBA_2.jpg,ROUND,WHITE,10,ROUND_WHITE,174,0,0,0,0,0,0,0,0,0,0,1,0
65162-0212-11_RXNAVIMAGE10_AD1C56C2_1.jpg,CAPSULE,"PURPLE, WHITE",1,"CAPSULE_PURPLE, WHITE",67,0,0,0,0,0,0,0,1,0,0,1,0
65162-0212-11_RXNAVIMAGE10_AD1C56C2_2.jpg,CAPSULE,"PURPLE, WHITE",1,"CAPSULE_PURPLE, WHITE",67,0,0,0,0,0,0,0,1,0,0,1,0
10370-0257-02_RXNAVIMAGE10_823EC156_1.jpg,ROUND,WHITE,10,ROUND_WHITE,174,0,0,0,0,0,0,0,0,0,0,1,0
10370-0257-02_RXNAVIMAGE10_823EC156_2.jpg,ROUND,WHITE,10,ROUND_WHITE,174,0,0,0,0,0,0,0,0,0,0,1,0
23635-0108-20_RXNAVIMAGE10_DC1DEE0F_1.jpg,CAPSULE,WHITE,1,CAPSULE_WHITE,81,0,0,0,0,0,0,0,0,0,0,1,0
23635-0108-20_RXNAVIMAGE10_DC1DEE0F_2.jpg,CAPSULE,WHITE,1,CAPSULE_WHITE,81,0,0,0,0,0,0,0,0,0,0,1,0
00093-4232-01_RXNAVIMAGE10_2D2D16F8_1.jpg,ROUND,GREEN,10,ROUND_GREEN,164,0,0,0,0,1,0,0,0,0,0,0,0
00093-4232-01_RXNAVIMAGE10_2D2D16F8_2.jpg,ROUND,GREEN,10,ROUND_GREEN,164,0,0,0,0,1,0,0,0,0,0,0,0
00555-0513-02_RXNAVIMAGE10_D92B6CFB_1.jpg,CAPSULE,ORANGE,1,CAPSULE_ORANGE,44,0,0,0,0,0,1,0,0,0,0,0,0
00555-0513-02_RXNAVIMAGE10_D92B6CFB_2.jpg,CAPSULE,ORANGE,1,CAPSULE_ORANGE,44,0,0,0,0,0,1,0,0,0,0,0,0
68180-0711-60_RXNAVIMAGE10_BB135DBA_1.jpg,CAPSULE,"TURQUOISE, PURPLE",1,"CAPSULE_TURQUOISE, PURPLE",79,0,0,0,0,0,0,0,1,0,1,0,0
68180-0711-60_RXNAVIMAGE10_BB135DBA_2.jpg,CAPSULE,"TURQUOISE, PURPLE",1,"CAPSULE_TURQUOISE, PURPLE",79,0,0,0,0,0,0,0,1,0,1,0,0
00378-4151-01_RXNAVIMAGE10_2A21954C_1.jpg,ROUND,WHITE,10,ROUND_WHITE,174,0,0,0,0,0,0,0,0,0,0,1,0
00378-4151-01_RXNAVIMAGE10_2A21954C_2.jpg,ROUND,WHITE,10,ROUND_WHITE,174,0,0,0,0,0,0,0,0,0,0,1,0
49884-0501-01_RXNAVIMAGE10_EB3975BB_1.jpg,CAPSULE,"GRAY, RED",1,"CAPSULE_GRAY, RED",29,0,0,0,1,0,0,0,0,1,0,0,0
49884-0501-01_RXNAVIMAGE10_EB3975BB_2.jpg,CAPSULE,"GRAY, RED",1,"CAPSULE_GRAY, RED",29,0,0,0,1,0,0,0,0,1,0,0,0
66993-0413-30_RXNAVIMAGE10_2F3E97E4_1.jpg,CAPSULE,"BLUE, WHITE",1,"CAPSULE_BLUE, WHITE",16,0,1,0,0,0,0,0,0,0,0,1,0
66993-0413-30_RXNAVIMAGE10_2F3E97E4_2.jpg,CAPSULE,"BLUE, WHITE",1,"CAPSULE_BLUE, WHITE",16,0,1,0,0,0,0,0,0,0,0,1,0
57237-0042-30_RXNAVIMAGE10_503F2879_1.jpg,OVAL,BLUE,7,OVAL_BLUE,123,0,1,0,0,0,0,0,0,0,0,0,0
57237-0042-30_RXNAVIMAGE10_503F2879_2.jpg,OVAL,BLUE,7,OVAL_BLUE,123,0,1,0,0,0,0,0,0,0,0,0,0
62584-0990-01_RXNAVIMAGE10_B133D8FE_1.jpg,ROUND,WHITE,10,ROUND_WHITE,174,0,0,0,0,0,0,0,0,0,0,1,0
62584-0990-01_RXNAVIMAGE10_B133D8FE_2.jpg,ROUND,WHITE,10,ROUND_WHITE,174,0,0,0,0,0,0,0,0,0,0,1,0
00093-7166-01_RXNAVIMAGE10_C142E0A7_1.jpg,CAPSULE,"WHITE, YELLOW",1,"CAPSULE_WHITE, YELLOW",93,0,0,0,0,0,0,0,0,0,0,1,1
00093-7166-01_RXNAVIMAGE10_C142E0A7_2.jpg,CAPSULE,"WHITE, YELLOW",1,"CAPSULE_WHITE, YELLOW",93,0,0,0,0,0,0,0,0,0,0,1,1
63402-0302-30_RXNAVIMAGE10_113D88FC_1.jpg,ROUND,WHITE,10,ROUND_WHITE,174,0,0,0,0,0,0,0,0,0,0,1,0
63402-0302-30_RXNAVIMAGE10_113D88FC_2.jpg,ROUND,WHITE,10,ROUND_WHITE,174,0,0,0,0,0,0,0,0,0,0,1,0
00074-3455-90_RXNAVIMAGE10_261C9354_1.jpg,OVAL,BLUE,7,OVAL_BLUE,123,0,1,0,0,0,0,0,0,0,0,0,0
00074-3455-90_RXNAVIMAGE10_261C9354_2.jpg,OVAL,BLUE,7,OVAL_BLUE,123,0,1,0,0,0,0,0,0,0,0,0,0
42543-0708-90_RXNAVIMAGE10_014980FC_1.jpg,OVAL,WHITE,7,OVAL_WHITE,139,0,0,0,0,0,0,0,0,0,0,1,0
42543-0708-90_RXNAVIMAGE10_014980FC_2.jpg,OVAL,WHITE,7,OVAL_WHITE,139,0,0,0,0,0,0,0,0,0,0,1,0
51991-0838-01_RXNAVIMAGE10_66403311_1.jpg,ROUND,WHITE,10,ROUND_WHITE,174,0,0,0,0,0,0,0,0,0,0,1,0
51991-0838-01_RXNAVIMAGE10_66403311_2.jpg,ROUND,WHITE,10,ROUND_WHITE,174,0,0,0,0,0,0,0,0,0,0,1,0
00904-3855-61_RXNAVIMAGE10_17328BF4_1.jpg,ROUND,WHITE,10,ROUND_WHITE,174,0,0,0,0,0,0,0,0,0,0,1,0
00904-3855-61_RXNAVIMAGE10_17328BF4_2.jpg,ROUND,WHITE,10,ROUND_WHITE,174,0,0,0,0,0,0,0,0,0,0,1,0
00591-0388-01_RXNAVIMAGE10_BB1FDD9E_1.jpg,OVAL,WHITE,7,OVAL_WHITE,139,0,0,0,0,0,0,0,0,0,0,1,0
00591-0388-01_RXNAVIMAGE10_BB1FDD9E_2.jpg,OVAL,WHITE,7,OVAL_WHITE,139,0,0,0,0,0,0,0,0,0,0,1,0
57237-0005-11_RXNAVIMAGE10_34471A28_1.jpg,OVAL,PINK,7,OVAL_PINK,133,0,0,0,0,0,0,1,0,0,0,0,0
57237-0005-11_RXNAVIMAGE10_34471A28_2.jpg,OVAL,PINK,7,OVAL_PINK,133,0,0,0,0,0,0,1,0,0,0,0,0
62175-0106-01_RXNAVIMAGE10_15460AD0_1.jpg,ROUND,WHITE,10,ROUND_WHITE,174,0,0,0,0,0,0,0,0,0,0,1,0
62175-0106-01_RXNAVIMAGE10_15460AD0_2.jpg,ROUND,WHITE,10,ROUND_WHITE,174,0,0,0,0,0,0,0,0,0,0,1,0
65597-0103-90_RXNAVIMAGE10_12130928_1.jpg,ROUND,WHITE,10,ROUND_WHITE,174,0,0,0,0,0,0,0,0,0,0,1,0
65597-0103-90_RXNAVIMAGE10_12130928_2.jpg,ROUND,WHITE,10,ROUND_WHITE,174,0,0,0,0,0,0,0,0,0,0,1,0
53489-0332-01_RXNAVIMAGE10_C34461F3_1.jpg,ROUND,GREEN,10,ROUND_GREEN,164,0,0,0,0,1,0,0,0,0,0,0,0
53489-0332-01_RXNAVIMAGE10_C34461F3_2.jpg,ROUND,GREEN,10,ROUND_GREEN,164,0,0,0,0,1,0,0,0,0,0,0,0
00093-1062-01_RXNAVIMAGE10_A529D2EE_1.jpg,OVAL,BLUE,7,OVAL_BLUE,123,0,1,0,0,0,0,0,0,0,0,0,0
00093-1062-01_RXNAVIMAGE10_A529D2EE_2.jpg,OVAL,BLUE,7,OVAL_BLUE,123,0,1,0,0,0,0,0,0,0,0,0,0
00143-9920-01_RXNAVIMAGE10_A4265272_1.jpg,OVAL,YELLOW,7,OVAL_YELLOW,145,0,0,0,0,0,0,0,0,0,0,0,1
00143-9920-01_RXNAVIMAGE10_A4265272_2.jpg,OVAL,YELLOW,7,OVAL_YELLOW,145,0,0,0,0,0,0,0,0,0,0,0,1
50111-0327-01_RXNAVIMAGE10_FB237DFB_1.jpg,ROUND,ORANGE,10,ROUND_ORANGE,166,0,0,0,0,0,1,0,0,0,0,0,0
50111-0327-01_RXNAVIMAGE10_FB237DFB_2.jpg,ROUND,ORANGE,10,ROUND_ORANGE,166,0,0,0,0,0,1,0,0,0,0,0,0
52544-0848-28_RXNAVIMAGE10_18498C6C_1.jpg,ROUND,ORANGE,10,ROUND_ORANGE,166,0,0,0,0,0,1,0,0,0,0,0,0
52544-0848-28_RXNAVIMAGE10_18498C6C_2.jpg,ROUND,ORANGE,10,ROUND_ORANGE,166,0,0,0,0,0,1,0,0,0,0,0,0
49884-0034-01_RXNAVIMAGE10_C7346383_1.jpg,OVAL,BLUE,7,OVAL_BLUE,123,0,1,0,0,0,0,0,0,0,0,0,0
49884-0034-01_RXNAVIMAGE10_C7346383_2.jpg,OVAL,BLUE,7,OVAL_BLUE,123,0,1,0,0,0,0,0,0,0,0,0,0
00591-3159-01_RXNAVIMAGE10_9C12CE46_1.jpg,CAPSULE,WHITE,1,CAPSULE_WHITE,81,0,0,0,0,0,0,0,0,0,0,1,0
00591-3159-01_RXNAVIMAGE10_9C12CE46_2.jpg,CAPSULE,WHITE,1,CAPSULE_WHITE,81,0,0,0,0,0,0,0,0,0,0,1,0
49884-0056-01_RXNAVIMAGE10_5C49AE2D_1.jpg,ROUND,GREEN,10,ROUND_GREEN,164,0,0,0,0,1,0,0,0,0,0,0,0
49884-0056-01_RXNAVIMAGE10_5C49AE2D_2.jpg,ROUND,GREEN,10,ROUND_GREEN,164,0,0,0,0,1,0,0,0,0,0,0,0
00555-9051-67_RXNAVIMAGE10_5936ACE5_1.jpg,ROUND,ORANGE,10,ROUND_ORANGE,166,0,0,0,0,0,1,0,0,0,0,0,0
00555-9051-67_RXNAVIMAGE10_5936ACE5_2.jpg,ROUND,ORANGE,10,ROUND_ORANGE,166,0,0,0,0,0,1,0,0,0,0,0,0
00173-0722-00_RXNAVIMAGE10_F918FCF7_1.jpg,ROUND,PINK,10,ROUND_PINK,168,0,0,0,0,0,0,1,0,0,0,0,0
00173-0722-00_RXNAVIMAGE10_F918FCF7_2.jpg,ROUND,PINK,10,ROUND_PINK,168,0,0,0,0,0,0,1,0,0,0,0,0
00781-1496-68_RXNAVIMAGE10_0C400670_1.jpg,OVAL,WHITE,7,OVAL_WHITE,139,0,0,0,0,0,0,0,0,0,0,1,0
00781-1496-68_RXNAVIMAGE10_0C400670_2.jpg,OVAL,WHITE,7,OVAL_WHITE,139,0,0,0,0,0,0,0,0,0,0,1,0
55111-0158-10_RXNAVIMAGE10_BD38DEF6_1.jpg,CAPSULE,"GRAY, PURPLE",1,"CAPSULE_GRAY, PURPLE",28,0,0,0,1,0,0,0,1,0,0,0,0
55111-0158-10_RXNAVIMAGE10_BD38DEF6_2.jpg,CAPSULE,"GRAY, PURPLE",1,"CAPSULE_GRAY, PURPLE",28,0,0,0,1,0,0,0,1,0,0,0,0
65162-0512-10_RXNAVIMAGE10_151C8AE4_1.jpg,ROUND,YELLOW,10,ROUND_YELLOW,178,0,0,0,0,0,0,0,0,0,0,0,1
65162-0512-10_RXNAVIMAGE10_151C8AE4_2.jpg,ROUND,YELLOW,10,ROUND_YELLOW,178,0,0,0,0,0,0,0,0,0,0,0,1
00603-5090-21_RXNAVIMAGE10_EF0877B3_1.jpg,ROUND,GRAY,10,ROUND_GRAY,163,0,0,0,1,0,0,0,0,0,0,0,0
00603-5090-21_RXNAVIMAGE10_EF0877B3_2.jpg,ROUND,GRAY,10,ROUND_GRAY,163,0,0,0,1,0,0,0,0,0,0,0,0
52544-0959-28_RXNAVIMAGE10_D23AE957_1.jpg,ROUND,BLUE,10,ROUND_BLUE,160,0,1,0,0,0,0,0,0,0,0,0,0
52544-0959-28_RXNAVIMAGE10_D23AE957_2.jpg,ROUND,BLUE,10,ROUND_BLUE,160,0,1,0,0,0,0,0,0,0,0,0,0
00536-3305-10_RXNAVIMAGE10_A846D466_1.jpg,ROUND,WHITE,10,ROUND_WHITE,174,0,0,0,0,0,0,0,0,0,0,1,0
00536-3305-10_RXNAVIMAGE10_A846D466_2.jpg,ROUND,WHITE,10,ROUND_WHITE,174,0,0,0,0,0,0,0,0,0,0,1,0
64980-0191-06_RXNAVIMAGE10_77513BB9_1.jpg,OVAL,WHITE,7,OVAL_WHITE,139,0,0,0,0,0,0,0,0,0,0,1,0
64980-0191-06_RXNAVIMAGE10_77513BB9_2.jpg,OVAL,WHITE,7,OVAL_WHITE,139,0,0,0,0,0,0,0,0,0,0,1,0
00591-0406-01_RXNAVIMAGE10_5C21AE6D_1.jpg,OVAL,WHITE,7,OVAL_WHITE,139,0,0,0,0,0,0,0,0,0,0,1,0
00591-0406-01_RXNAVIMAGE10_5C21AE6D_2.jpg,OVAL,WHITE,7,OVAL_WHITE,139,0,0,0,0,0,0,0,0,0,0,1,0
62175-0114-32_RXNAVIMAGE10_D50E6A93_1.jpg,CAPSULE,WHITE,1,CAPSULE_WHITE,81,0,0,0,0,0,0,0,0,0,0,1,0
62175-0114-32_RXNAVIMAGE10_D50E6A93_2.jpg,CAPSULE,WHITE,1,CAPSULE_WHITE,81,0,0,0,0,0,0,0,0,0,0,1,0
00832-0304-00_RXNAVIMAGE10_76133B39_1.jpg,ROUND,BROWN,10,ROUND_BROWN,162,0,0,1,0,0,0,0,0,0,0,0,0
00832-0304-00_RXNAVIMAGE10_76133B39_2.jpg,ROUND,BROWN,10,ROUND_BROWN,162,0,0,1,0,0,0,0,0,0,0,0,0
49884-0727-03_RXNAVIMAGE10_A339D1FE_1.jpg,CAPSULE,"BROWN, WHITE",1,"CAPSULE_BROWN, WHITE",20,0,0,1,0,0,0,0,0,0,0,1,0
49884-0727-03_RXNAVIMAGE10_A339D1FE_2.jpg,CAPSULE,"BROWN, WHITE",1,"CAPSULE_BROWN, WHITE",20,0,0,1,0,0,0,0,0,0,0,1,0
00093-5215-01_RXNAVIMAGE10_562BAB0D_1.jpg,OVAL,YELLOW,7,OVAL_YELLOW,145,0,0,0,0,0,0,0,0,0,0,0,1
00093-5215-01_RXNAVIMAGE10_562BAB0D_2.jpg,OVAL,YELLOW,7,OVAL_YELLOW,145,0,0,0,0,0,0,0,0,0,0,0,1
68180-0757-01_RXNAVIMAGE10_553DAAED_1.jpg,CAPSULE,PINK,1,CAPSULE_PINK,52,0,0,0,0,0,0,1,0,0,0,0,0
68180-0757-01_RXNAVIMAGE10_553DAAED_2.jpg,CAPSULE,PINK,1,CAPSULE_PINK,52,0,0,0,0,0,0,1,0,0,0,0,0
67253-0180-10_RXNAVIMAGE10_0A200520_1.jpg,CAPSULE,"GRAY, BLUE",1,"CAPSULE_GRAY, BLUE",23,0,1,0,1,0,0,0,0,0,0,0,0
67253-0180-10_RXNAVIMAGE10_0A200520_2.jpg,CAPSULE,"GRAY, BLUE",1,"CAPSULE_GRAY, BLUE",23,0,1,0,1,0,0,0,0,0,0,0,0
00378-6090-01_RXNAVIMAGE10_133E89D4_1.jpg,CAPSULE,"PINK, WHITE",1,"CAPSULE_PINK, WHITE",59,0,0,0,0,0,0,1,0,0,0,1,0
00378-6090-01_RXNAVIMAGE10_133E89D4_2.jpg,CAPSULE,"PINK, WHITE",1,"CAPSULE_PINK, WHITE",59,0,0,0,0,0,0,1,0,0,0,1,0
65162-0007-50_RXNAVIMAGE10_7245B91D_1.jpg,ROUND,WHITE,10,ROUND_WHITE,174,0,0,0,0,0,0,0,0,0,0,1,0
65162-0007-50_RXNAVIMAGE10_7245B91D_2.jpg,ROUND,WHITE,10,ROUND_WHITE,174,0,0,0,0,0,0,0,0,0,0,1,0
00555-0956-02_RXNAVIMAGE10_CF426783_1.jpg,CAPSULE,"BROWN, WHITE",1,"CAPSULE_BROWN, WHITE",20,0,0,1,0,0,0,0,0,0,0,1,0
00555-0956-02_RXNAVIMAGE10_CF426783_2.jpg,CAPSULE,"BROWN, WHITE",1,"CAPSULE_BROWN, WHITE",20,0,0,1,0,0,0,0,0,0,0,1,0
45802-0594-65_RXNAVIMAGE10_AC125672_1.jpg,OVAL,WHITE,7,OVAL_WHITE,139,0,0,0,0,0,0,0,0,0,0,1,0
45802-0594-65_RXNAVIMAGE10_AC125672_2.jpg,OVAL,WHITE,7,OVAL_WHITE,139,0,0,0,0,0,0,0,0,0,0,1,0
31722-0551-90_RXNAVIMAGE10_A640D316_1.jpg,ROUND,WHITE,10,ROUND_WHITE,174,0,0,0,0,0,0,0,0,0,0,1,0
31722-0551-90_RXNAVIMAGE10_A640D316_2.jpg,ROUND,WHITE,10,ROUND_WHITE,174,0,0,0,0,0,0,0,0,0,0,1,0
00603-5091-21_RXNAVIMAGE10_EF0877E3_1.jpg,ROUND,GRAY,10,ROUND_GRAY,163,0,0,0,1,0,0,0,0,0,0,0,0
00603-5091-21_RXNAVIMAGE10_EF0877E3_2.jpg,ROUND,GRAY,10,ROUND_GRAY,163,0,0,0,1,0,0,0,0,0,0,0,0
00781-5185-01_RXNAVIMAGE10_8323C1DE_1.jpg,OVAL,PINK,7,OVAL_PINK,133,0,0,0,0,0,0,1,0,0,0,0,0
00781-5185-01_RXNAVIMAGE10_8323C1DE_2.jpg,OVAL,PINK,7,OVAL_PINK,133,0,0,0,0,0,0,1,0,0,0,0,0
43386-0660-24_RXNAVIMAGE10_D91DECBF_1.jpg,CAPSULE,PURPLE,1,CAPSULE_PURPLE,61,0,0,0,0,0,0,0,1,0,0,0,0
43386-0660-24_RXNAVIMAGE10_D91DECBF_2.jpg,CAPSULE,PURPLE,1,CAPSULE_PURPLE,61,0,0,0,0,0,0,0,1,0,0,0,0
00143-1300-01_RXNAVIMAGE10_48162421_1.jpg,ROUND,WHITE,10,ROUND_WHITE,174,0,0,0,0,0,0,0,0,0,0,1,0
00143-1300-01_RXNAVIMAGE10_48162421_2.jpg,ROUND,WHITE,10,ROUND_WHITE,174,0,0,0,0,0,0,0,0,0,0,1,0
50419-0402-01_RXNAVIMAGE10_BB195DEA_1.jpg,ROUND,WHITE,10,ROUND_WHITE,174,0,0,0,0,0,0,0,0,0,0,1,0
50419-0402-01_RXNAVIMAGE10_BB195DEA_2.jpg,ROUND,WHITE,10,ROUND_WHITE,174,0,0,0,0,0,0,0,0,0,0,1,0
68180-0185-06_RXNAVIMAGE10_B33BD98E_1.jpg,CAPSULE,YELLOW,1,CAPSULE_YELLOW,94,0,0,0,0,0,0,0,0,0,0,0,1
68180-0185-06_RXNAVIMAGE10_B33BD98E_2.jpg,CAPSULE,YELLOW,1,CAPSULE_YELLOW,94,0,0,0,0,0,0,0,0,0,0,0,1
00555-0926-02_RXNAVIMAGE10_DE2F6F4B_1.jpg,OVAL,TURQUOISE,7,OVAL_TURQUOISE,138,0,0,0,0,0,0,0,0,0,1,0,0
00555-0926-02_RXNAVIMAGE10_DE2F6F4B_2.jpg,OVAL,TURQUOISE,7,OVAL_TURQUOISE,138,0,0,0,0,0,0,0,0,0,1,0,0
49884-0236-11_RXNAVIMAGE10_FF057FEB_1.jpg,ROUND,ORANGE,10,ROUND_ORANGE,166,0,0,0,0,0,1,0,0,0,0,0,0
49884-0236-11_RXNAVIMAGE10_FF057FEB_2.jpg,ROUND,ORANGE,10,ROUND_ORANGE,166,0,0,0,0,0,1,0,0,0,0,0,0
00093-8055-14_RXNAVIMAGE10_C2386123_1.jpg,CAPSULE,"GRAY, PINK",1,"CAPSULE_GRAY, PINK",27,0,0,0,1,0,0,1,0,0,0,0,0
00093-8055-14_RXNAVIMAGE10_C2386123_2.jpg,CAPSULE,"GRAY, PINK",1,"CAPSULE_GRAY, PINK",27,0,0,0,1,0,0,1,0,0,0,0,0
00555-0211-10_RXNAVIMAGE10_C32B61BB_1.jpg,OVAL,WHITE,7,OVAL_WHITE,139,0,0,0,0,0,0,0,0,0,0,1,0
00555-0211-10_RXNAVIMAGE10_C32B61BB_2.jpg,OVAL,WHITE,7,OVAL_WHITE,139,0,0,0,0,0,0,0,0,0,0,1,0
00555-0097-96_RXNAVIMAGE10_B8425C12_1.jpg,ROUND,WHITE,10,ROUND_WHITE,174,0,0,0,0,0,0,0,0,0,0,1,0
00555-0097-96_RXNAVIMAGE10_B8425C12_2.jpg,ROUND,WHITE,10,ROUND_WHITE,174,0,0,0,0,0,0,0,0,0,0,1,0
00456-2010-01_RXNAVIMAGE10_5C1B2E29_1.jpg,ROUND,WHITE,10,ROUND_WHITE,174,0,0,0,0,0,0,0,0,0,0,1,0
00456-2010-01_RXNAVIMAGE10_5C1B2E29_2.jpg,ROUND,WHITE,10,ROUND_WHITE,174,0,0,0,0,0,0,0,0,0,0,1,0
00093-7255-01_RXNAVIMAGE10_682F3409_1.jpg,ROUND,GREEN,10,ROUND_GREEN,164,0,0,0,0,1,0,0,0,0,0,0,0
00093-7255-01_RXNAVIMAGE10_682F3409_2.jpg,ROUND,GREEN,10,ROUND_GREEN,164,0,0,0,0,1,0,0,0,0,0,0,0
00076-0111-01_RXNAVIMAGE10_9912CCC6_1.jpg,CAPSULE,PURPLE,1,CAPSULE_PURPLE,61,0,0,0,0,0,0,0,1,0,0,0,0
00076-0111-01_RXNAVIMAGE10_9912CCC6_2.jpg,CAPSULE,PURPLE,1,CAPSULE_PURPLE,61,0,0,0,0,0,0,0,1,0,0,0,0
16714-0305-01_RXNAVIMAGE10_2D5016A0_1.jpg,OVAL,WHITE,7,OVAL_WHITE,139,0,0,0,0,0,0,0,0,0,0,1,0
16714-0305-01_RXNAVIMAGE10_2D5016A0_2.jpg,OVAL,WHITE,7,OVAL_WHITE,139,0,0,0,0,0,0,0,0,0,0,1,0
00093-5118-98_RXNAVIMAGE10_452D2299_1.jpg,CAPSULE,GREEN,1,CAPSULE_GREEN,32,0,0,0,0,1,0,0,0,0,0,0,0
00093-5118-98_RXNAVIMAGE10_452D2299_2.jpg,CAPSULE,GREEN,1,CAPSULE_GREEN,32,0,0,0,0,1,0,0,0,0,0,0,0
00555-9028-58_RXNAVIMAGE10_682FB44D_1.jpg,ROUND,BROWN,10,ROUND_BROWN,162,0,0,1,0,0,0,0,0,0,0,0,0
00555-9028-58_RXNAVIMAGE10_682FB44D_2.jpg,ROUND,BROWN,10,ROUND_BROWN,162,0,0,1,0,0,0,0,0,0,0,0,0
00677-0070-10_RXNAVIMAGE10_E707F38F_1.jpg,ROUND,GREEN,10,ROUND_GREEN,164,0,0,0,0,1,0,0,0,0,0,0,0
00677-0070-10_RXNAVIMAGE10_E707F38F_2.jpg,ROUND,GREEN,10,ROUND_GREEN,164,0,0,0,0,1,0,0,0,0,0,0,0
64125-0137-10_RXNAVIMAGE10_8B3AC5E6_1.jpg,OVAL,WHITE,7,OVAL_WHITE,139,0,0,0,0,0,0,0,0,0,0,1,0
64125-0137-10_RXNAVIMAGE10_8B3AC5E6_2.jpg,OVAL,WHITE,7,OVAL_WHITE,139,0,0,0,0,0,0,0,0,0,0,1,0
00378-0433-01_RXNAVIMAGE10_38131C48_1.jpg,ROUND,PINK,10,ROUND_PINK,168,0,0,0,0,0,0,1,0,0,0,0,0
00378-0433-01_RXNAVIMAGE10_38131C48_2.jpg,ROUND,PINK,10,ROUND_PINK,168,0,0,0,0,0,0,1,0,0,0,0,0
47781-0307-01_RXNAVIMAGE10_C41C6263_1.jpg,CAPSULE,"YELLOW, WHITE",1,"CAPSULE_YELLOW, WHITE",103,0,0,0,0,0,0,0,0,0,0,1,1
47781-0307-01_RXNAVIMAGE10_C41C6263_2.jpg,CAPSULE,"YELLOW, WHITE",1,"CAPSULE_YELLOW, WHITE",103,0,0,0,0,0,0,0,0,0,0,1,1
64455-0799-42_RXNAVIMAGE10_B8135C3A_1.jpg,CAPSULE,"BLUE, WHITE",1,"CAPSULE_BLUE, WHITE",16,0,1,0,0,0,0,0,0,0,0,1,0
64455-0799-42_RXNAVIMAGE10_B8135C3A_2.jpg,CAPSULE,"BLUE, WHITE",1,"CAPSULE_BLUE, WHITE",16,0,1,0,0,0,0,0,0,0,0,1,0
33342-0033-10_RXNAVIMAGE10_C445E22F_1.jpg,OVAL,WHITE,7,OVAL_WHITE,139,0,0,0,0,0,0,0,0,0,0,1,0
33342-0033-10_RXNAVIMAGE10_C445E22F_2.jpg,OVAL,WHITE,7,OVAL_WHITE,139,0,0,0,0,0,0,0,0,0,0,1,0
68382-0137-10_RXNAVIMAGE10_2E089704_1.jpg,OVAL,WHITE,7,OVAL_WHITE,139,0,0,0,0,0,0,0,0,0,0,1,0
68382-0137-10_RXNAVIMAGE10_2E089704_2.jpg,OVAL,WHITE,7,OVAL_WHITE,139,0,0,0,0,0,0,0,0,0,0,1,0
13811-0515-10_RXNAVIMAGE10_173D0B88_1.jpg,OVAL,YELLOW,7,OVAL_YELLOW,145,0,0,0,0,0,0,0,0,0,0,0,1
13811-0515-10_RXNAVIMAGE10_173D0B88_2.jpg,OVAL,YELLOW,7,OVAL_YELLOW,145,0,0,0,0,0,0,0,0,0,0,0,1
47335-0539-81_RXNAVIMAGE10_703C3801_1.jpg,OVAL,PINK,7,OVAL_PINK,133,0,0,0,0,0,0,1,0,0,0,0,0
47335-0539-81_RXNAVIMAGE10_703C3801_2.jpg,OVAL,PINK,7,OVAL_PINK,133,0,0,0,0,0,0,1,0,0,0,0,0
23155-0148-01_RXNAVIMAGE10_D7466B93_1.jpg,ROUND,WHITE,10,ROUND_WHITE,174,0,0,0,0,0,0,0,0,0,0,1,0
23155-0148-01_RXNAVIMAGE10_D7466B93_2.jpg,ROUND,WHITE,10,ROUND_WHITE,174,0,0,0,0,0,0,0,0,0,0,1,0
00054-0017-25_RXNAVIMAGE10_F7217BFB_1.jpg,ROUND,WHITE,10,ROUND_WHITE,174,0,0,0,0,0,0,0,0,0,0,1,0
00054-0017-25_RXNAVIMAGE10_F7217BFB_2.jpg,ROUND,WHITE,10,ROUND_WHITE,174,0,0,0,0,0,0,0,0,0,0,1,0
50111-0648-01_RXNAVIMAGE10_6E303721_1.jpg,CAPSULE,"WHITE, GREEN",1,"CAPSULE_WHITE, GREEN",86,0,0,0,0,1,0,0,0,0,0,1,0
50111-0648-01_RXNAVIMAGE10_6E303721_2.jpg,CAPSULE,"WHITE, GREEN",1,"CAPSULE_WHITE, GREEN",86,0,0,0,0,1,0,0,0,0,0,1,0
53489-0386-01_RXNAVIMAGE10_46452379_1.jpg,ROUND,WHITE,10,ROUND_WHITE,174,0,0,0,0,0,0,0,0,0,0,1,0
53489-0386-01_RXNAVIMAGE10_46452379_2.jpg,ROUND,WHITE,10,ROUND_WHITE,174,0,0,0,0,0,0,0,0,0,0,1,0
65162-0642-10_RXNAVIMAGE10_F43B7A7B_1.jpg,ROUND,WHITE,10,ROUND_WHITE,174,0,0,0,0,0,0,0,0,0,0,1,0
65162-0642-10_RXNAVIMAGE10_F43B7A7B_2.jpg,ROUND,WHITE,10,ROUND_WHITE,174,0,0,0,0,0,0,0,0,0,0,1,0
55111-0626-60_RXNAVIMAGE10_233F11C8_1.jpg,ROUND,WHITE,10,ROUND_WHITE,174,0,0,0,0,0,0,0,0,0,0,1,0
55111-0626-60_RXNAVIMAGE10_233F11C8_2.jpg,ROUND,WHITE,10,ROUND_WHITE,174,0,0,0,0,0,0,0,0,0,0,1,0
16571-0201-11_RXNAVIMAGE10_B205597A_1.jpg,ROUND,BROWN,10,ROUND_BROWN,162,0,0,1,0,0,0,0,0,0,0,0,0
16571-0201-11_RXNAVIMAGE10_B205597A_2.jpg,ROUND,BROWN,10,ROUND_BROWN,162,0,0,1,0,0,0,0,0,0,0,0,0
13668-0133-01_RXNAVIMAGE10_703B3819_1.jpg,ROUND,PINK,10,ROUND_PINK,168,0,0,0,0,0,0,1,0,0,0,0,0
13668-0133-01_RXNAVIMAGE10_703B3819_2.jpg,ROUND,PINK,10,ROUND_PINK,168,0,0,0,0,0,0,1,0,0,0,0,0
00591-3211-60_RXNAVIMAGE10_2E1C9744_1.jpg,CAPSULE,BROWN,1,CAPSULE_BROWN,18,0,0,1,0,0,0,0,0,0,0,0,0
00591-3211-60_RXNAVIMAGE10_2E1C9744_2.jpg,CAPSULE,BROWN,1,CAPSULE_BROWN,18,0,0,1,0,0,0,0,0,0,0,0,0
65862-0571-90_RXNAVIMAGE10_64433209_1.jpg,ROUND,PINK,10,ROUND_PINK,168,0,0,0,0,0,0,1,0,0,0,0,0
65862-0571-90_RXNAVIMAGE10_64433209_2.jpg,ROUND,PINK,10,ROUND_PINK,168,0,0,0,0,0,0,1,0,0,0,0,0
51991-0820-01_RXNAVIMAGE10_B141589A_1.jpg,CAPSULE,BROWN,1,CAPSULE_BROWN,18,0,0,1,0,0,0,0,0,0,0,0,0
51991-0820-01_RXNAVIMAGE10_B141589A_2.jpg,CAPSULE,BROWN,1,CAPSULE_BROWN,18,0,0,1,0,0,0,0,0,0,0,0,0
00054-0229-25_RXNAVIMAGE10_BA4B5D0A_1.jpg,OVAL,WHITE,7,OVAL_WHITE,139,0,0,0,0,0,0,0,0,0,0,1,0
00054-0229-25_RXNAVIMAGE10_BA4B5D0A_2.jpg,OVAL,WHITE,7,OVAL_WHITE,139,0,0,0,0,0,0,0,0,0,0,1,0
00093-7167-98_RXNAVIMAGE10_6129B0CD_1.jpg,ROUND,WHITE,10,ROUND_WHITE,174,0,0,0,0,0,0,0,0,0,0,1,0
00093-7167-98_RXNAVIMAGE10_6129B0CD_2.jpg,ROUND,WHITE,10,ROUND_WHITE,174,0,0,0,0,0,0,0,0,0,0,1,0
00093-5200-06_RXNAVIMAGE10_6D26B6F5_1.jpg,RECTANGLE,WHITE,9,RECTANGLE_WHITE,159,0,0,0,0,0,0,0,0,0,0,1,0
00093-5200-06_RXNAVIMAGE10_6D26B6F5_2.jpg,RECTANGLE,WHITE,9,RECTANGLE_WHITE,159,0,0,0,0,0,0,0,0,0,0,1,0
00091-0920-01_RXNAVIMAGE10_E215714B_1.jpg,CAPSULE,"PINK, WHITE",1,"CAPSULE_PINK, WHITE",59,0,0,0,0,0,0,1,0,0,0,1,0
00091-0920-01_RXNAVIMAGE10_E215714B_2.jpg,CAPSULE,"PINK, WHITE",1,"CAPSULE_PINK, WHITE",59,0,0,0,0,0,0,1,0,0,0,1,0
00074-5182-19_RXNAVIMAGE10_AF1D57AA_1.jpg,ROUND,PURPLE,10,ROUND_PURPLE,171,0,0,0,0,0,0,0,1,0,0,0,0
00074-5182-19_RXNAVIMAGE10_AF1D57AA_2.jpg,ROUND,PURPLE,10,ROUND_PURPLE,171,0,0,0,0,0,0,0,1,0,0,0,0
55111-0340-01_RXNAVIMAGE10_7303B98D_1.jpg,CAPSULE,"RED, WHITE",1,"CAPSULE_RED, WHITE",74,0,0,0,0,0,0,0,0,1,0,1,0
55111-0340-01_RXNAVIMAGE10_7303B98D_2.jpg,CAPSULE,"RED, WHITE",1,"CAPSULE_RED, WHITE",74,0,0,0,0,0,0,0,0,1,0,1,0
55111-0263-81_RXNAVIMAGE10_EC3BF60F_1.jpg,OVAL,YELLOW,7,OVAL_YELLOW,145,0,0,0,0,0,0,0,0,0,0,0,1
55111-0263-81_RXNAVIMAGE10_EC3BF60F_2.jpg,OVAL,YELLOW,7,OVAL_YELLOW,145,0,0,0,0,0,0,0,0,0,0,0,1
00603-2116-28_RXNAVIMAGE10_A23FD13E_1.jpg,ROUND,ORANGE,10,ROUND_ORANGE,166,0,0,0,0,0,1,0,0,0,0,0,0
00603-2116-28_RXNAVIMAGE10_A23FD13E_2.jpg,ROUND,ORANGE,10,ROUND_ORANGE,166,0,0,0,0,0,1,0,0,0,0,0,0
00093-7583-56_RXNAVIMAGE10_B842DC26_1.jpg,ROUND,PINK,10,ROUND_PINK,168,0,0,0,0,0,0,1,0,0,0,0,0
00093-7583-56_RXNAVIMAGE10_B842DC26_2.jpg,ROUND,PINK,10,ROUND_PINK,168,0,0,0,0,0,0,1,0,0,0,0,0
00603-4209-21_RXNAVIMAGE10_0D468694_1.jpg,OVAL,WHITE,7,OVAL_WHITE,139,0,0,0,0,0,0,0,0,0,0,1,0
00603-4209-21_RXNAVIMAGE10_0D468694_2.jpg,OVAL,WHITE,7,OVAL_WHITE,139,0,0,0,0,0,0,0,0,0,0,1,0
00143-1771-10_RXNAVIMAGE10_71083881_1.jpg,ROUND,WHITE,10,ROUND_WHITE,174,0,0,0,0,0,0,0,0,0,0,1,0
00143-1771-10_RXNAVIMAGE10_71083881_2.jpg,ROUND,WHITE,10,ROUND_WHITE,174,0,0,0,0,0,0,0,0,0,0,1,0
31722-0901-90_RXNAVIMAGE10_244E1260_1.jpg,ROUND,PINK,10,ROUND_PINK,168,0,0,0,0,0,0,1,0,0,0,0,0
31722-0901-90_RXNAVIMAGE10_244E1260_2.jpg,ROUND,PINK,10,ROUND_PINK,168,0,0,0,0,0,0,1,0,0,0,0,0
45963-0635-04_RXNAVIMAGE10_11460890_1.jpg,ROUND,YELLOW,10,ROUND_YELLOW,178,0,0,0,0,0,0,0,0,0,0,0,1
45963-0635-04_RXNAVIMAGE10_11460890_2.jpg,ROUND,YELLOW,10,ROUND_YELLOW,178,0,0,0,0,0,0,0,0,0,0,0,1
00002-3238-30_RXNAVIMAGE10_361E1B30_1.jpg,CAPSULE,"WHITE, YELLOW",1,"CAPSULE_WHITE, YELLOW",93,0,0,0,0,0,0,0,0,0,0,1,1
00002-3238-30_RXNAVIMAGE10_361E1B30_2.jpg,CAPSULE,"WHITE, YELLOW",1,"CAPSULE_WHITE, YELLOW",93,0,0,0,0,0,0,0,0,0,0,1,1
00591-3770-11_RXNAVIMAGE10_9944CCD6_1.jpg,OVAL,WHITE,7,OVAL_WHITE,139,0,0,0,0,0,0,0,0,0,0,1,0
00591-3770-11_RXNAVIMAGE10_9944CCD6_2.jpg,OVAL,WHITE,7,OVAL_WHITE,139,0,0,0,0,0,0,0,0,0,0,1,0
00378-0771-01_RXNAVIMAGE10_D8326C73_1.jpg,ROUND,BLUE,10,ROUND_BLUE,160,0,1,0,0,0,0,0,0,0,0,0,0
00378-0771-01_RXNAVIMAGE10_D8326C73_2.jpg,ROUND,BLUE,10,ROUND_BLUE,160,0,1,0,0,0,0,0,0,0,0,0,0
50111-0307-01_RXNAVIMAGE10_8429422A_1.jpg,ROUND,WHITE,10,ROUND_WHITE,174,0,0,0,0,0,0,0,0,0,0,1,0
50111-0307-01_RXNAVIMAGE10_8429422A_2.jpg,ROUND,WHITE,10,ROUND_WHITE,174,0,0,0,0,0,0,0,0,0,0,1,0
00378-0305-01_RXNAVIMAGE10_332199CC_1.jpg,ROUND,ORANGE,10,ROUND_ORANGE,166,0,0,0,0,0,1,0,0,0,0,0,0
00378-0305-01_RXNAVIMAGE10_332199CC_2.jpg,ROUND,ORANGE,10,ROUND_ORANGE,166,0,0,0,0,0,1,0,0,0,0,0,0
64455-0796-42_RXNAVIMAGE10_BB135DEA_1.jpg,CAPSULE,"BLUE, TURQUOISE",1,"CAPSULE_BLUE, TURQUOISE",15,0,1,0,0,0,0,0,0,0,1,0,0
64455-0796-42_RXNAVIMAGE10_BB135DEA_2.jpg,CAPSULE,"BLUE, TURQUOISE",1,"CAPSULE_BLUE, TURQUOISE",15,0,1,0,0,0,0,0,0,0,1,0,0
68180-0479-01_RXNAVIMAGE10_B4215A0A_1.jpg,OVAL,BROWN,7,OVAL_BROWN,125,0,0,1,0,0,0,0,0,0,0,0,0
68180-0479-01_RXNAVIMAGE10_B4215A0A_2.jpg,OVAL,BROWN,7,OVAL_BROWN,125,0,0,1,0,0,0,0,0,0,0,0,0
00093-2047-56_RXNAVIMAGE10_EA29752B_1.jpg,ROUND,WHITE,10,ROUND_WHITE,174,0,0,0,0,0,0,0,0,0,0,1,0
00093-2047-56_RXNAVIMAGE10_EA29752B_2.jpg,ROUND,WHITE,10,ROUND_WHITE,174,0,0,0,0,0,0,0,0,0,0,1,0
00591-2884-01_RXNAVIMAGE10_9612CB16_1.jpg,CAPSULE,"BLUE, YELLOW",1,"CAPSULE_BLUE, YELLOW",17,0,1,0,0,0,0,0,0,0,0,0,1
00591-2884-01_RXNAVIMAGE10_9612CB16_2.jpg,CAPSULE,"BLUE, YELLOW",1,"CAPSULE_BLUE, YELLOW",17,0,1,0,0,0,0,0,0,0,0,0,1
00093-5507-56_RXNAVIMAGE10_0C270618_1.jpg,CAPSULE,RED,1,CAPSULE_RED,69,0,0,0,0,0,0,0,0,1,0,0,0
00093-5507-56_RXNAVIMAGE10_0C270618_2.jpg,CAPSULE,RED,1,CAPSULE_RED,69,0,0,0,0,0,0,0,0,1,0,0,0
00093-5655-56_RXNAVIMAGE10_614730A9_1.jpg,OVAL,YELLOW,7,OVAL_YELLOW,145,0,0,0,0,0,0,0,0,0,0,0,1
00093-5655-56_RXNAVIMAGE10_614730A9_2.jpg,OVAL,YELLOW,7,OVAL_YELLOW,145,0,0,0,0,0,0,0,0,0,0,0,1
00378-0724-19_RXNAVIMAGE10_39241C90_1.jpg,ROUND,WHITE,10,ROUND_WHITE,174,0,0,0,0,0,0,0,0,0,0,1,0
00378-0724-19_RXNAVIMAGE10_39241C90_2.jpg,ROUND,WHITE,10,ROUND_WHITE,174,0,0,0,0,0,0,0,0,0,0,1,0
00555-0483-02_RXNAVIMAGE10_002B804C_1.jpg,ROUND,YELLOW,10,ROUND_YELLOW,178,0,0,0,0,0,0,0,0,0,0,0,1
00555-0483-02_RXNAVIMAGE10_002B804C_2.jpg,ROUND,YELLOW,10,ROUND_YELLOW,178,0,0,0,0,0,0,0,0,0,0,0,1
68180-0360-09_RXNAVIMAGE10_17470B88_1.jpg,OVAL,YELLOW,7,OVAL_YELLOW,145,0,0,0,0,0,0,0,0,0,0,0,1
68180-0360-09_RXNAVIMAGE10_17470B88_2.jpg,OVAL,YELLOW,7,OVAL_YELLOW,145,0,0,0,0,0,0,0,0,0,0,0,1
00093-0051-01_RXNAVIMAGE10_A022D026_1.jpg,OVAL,WHITE,7,OVAL_WHITE,139,0,0,0,0,0,0,0,0,0,0,1,0
00093-0051-01_RXNAVIMAGE10_A022D026_2.jpg,OVAL,WHITE,7,OVAL_WHITE,139,0,0,0,0,0,0,0,0,0,0,1,0
00603-3162-32_RXNAVIMAGE10_163F0B08_1.jpg,ROUND,YELLOW,10,ROUND_YELLOW,178,0,0,0,0,0,0,0,0,0,0,0,1
00603-3162-32_RXNAVIMAGE10_163F0B08_2.jpg,ROUND,YELLOW,10,ROUND_YELLOW,178,0,0,0,0,0,0,0,0,0,0,0,1
13668-0091-90_RXNAVIMAGE10_B645DB3E_1.jpg,ROUND,WHITE,10,ROUND_WHITE,174,0,0,0,0,0,0,0,0,0,0,1,0
13668-0091-90_RXNAVIMAGE10_B645DB3E_2.jpg,ROUND,WHITE,10,ROUND_WHITE,174,0,0,0,0,0,0,0,0,0,0,1,0
00555-9131-67_RXNAVIMAGE10_1E360F30_1.jpg,ROUND,YELLOW,10,ROUND_YELLOW,178,0,0,0,0,0,0,0,0,0,0,0,1
00555-9131-67_RXNAVIMAGE10_1E360F30_2.jpg,ROUND,YELLOW,10,ROUND_YELLOW,178,0,0,0,0,0,0,0,0,0,0,0,1
60505-0082-00_RXNAVIMAGE10_2E331718_1.jpg,OVAL,WHITE,7,OVAL_WHITE,139,0,0,0,0,0,0,0,0,0,0,1,0
60505-0082-00_RXNAVIMAGE10_2E331718_2.jpg,OVAL,WHITE,7,OVAL_WHITE,139,0,0,0,0,0,0,0,0,0,0,1,0
00143-1268-01_RXNAVIMAGE10_7321B9DD_1.jpg,ROUND,RED,10,ROUND_RED,172,0,0,0,0,0,0,0,0,1,0,0,0
00143-1268-01_RXNAVIMAGE10_7321B9DD_2.jpg,ROUND,RED,10,ROUND_RED,172,0,0,0,0,0,0,0,0,1,0,0,0
00093-5352-86_RXNAVIMAGE10_244F1238_1.jpg,ROUND,WHITE,10,ROUND_WHITE,174,0,0,0,0,0,0,0,0,0,0,1,0
00093-5352-86_RXNAVIMAGE10_244F1238_2.jpg,ROUND,WHITE,10,ROUND_WHITE,174,0,0,0,0,0,0,0,0,0,0,1,0
51285-0087-87_RXNAVIMAGE10_912FC8BE_1.jpg,ROUND,YELLOW,10,ROUND_YELLOW,178,0,0,0,0,0,0,0,0,0,0,0,1
51285-0087-87_RXNAVIMAGE10_912FC8BE_2.jpg,ROUND,YELLOW,10,ROUND_YELLOW,178,0,0,0,0,0,0,0,0,0,0,0,1
57664-0116-88_RXNAVIMAGE10_3A4E1D70_1.jpg,OVAL,YELLOW,7,OVAL_YELLOW,145,0,0,0,0,0,0,0,0,0,0,0,1
57664-0116-88_RXNAVIMAGE10_3A4E1D70_2.jpg,OVAL,YELLOW,7,OVAL_YELLOW,145,0,0,0,0,0,0,0,0,0,0,0,1
00456-1420-30_RXNAVIMAGE10_44132249_1.jpg,TRIANGLE,BLUE,15,TRIANGLE_BLUE,196,0,1,0,0,0,0,0,0,0,0,0,0
00456-1420-30_RXNAVIMAGE10_44132249_2.jpg,TRIANGLE,BLUE,15,TRIANGLE_BLUE,196,0,1,0,0,0,0,0,0,0,0,0,0
00597-0152-90_RXNAVIMAGE10_8D40C686_1.jpg,ROUND,YELLOW,10,ROUND_YELLOW,178,0,0,0,0,0,0,0,0,0,0,0,1
00597-0152-90_RXNAVIMAGE10_8D40C686_2.jpg,ROUND,YELLOW,10,ROUND_YELLOW,178,0,0,0,0,0,0,0,0,0,0,0,1
00591-0453-01_RXNAVIMAGE10_7207B90D_1.jpg,ROUND,ORANGE,10,ROUND_ORANGE,166,0,0,0,0,0,1,0,0,0,0,0,0
00591-0453-01_RXNAVIMAGE10_7207B90D_2.jpg,ROUND,ORANGE,10,ROUND_ORANGE,166,0,0,0,0,0,1,0,0,0,0,0,0
00093-0924-01_RXNAVIMAGE10_B729DBEE_1.jpg,OVAL,WHITE,7,OVAL_WHITE,139,0,0,0,0,0,0,0,0,0,0,1,0
00093-0924-01_RXNAVIMAGE10_B729DBEE_2.jpg,OVAL,WHITE,7,OVAL_WHITE,139,0,0,0,0,0,0,0,0,0,0,1,0
00603-6346-02_RXNAVIMAGE10_AD3ED6E6_1.jpg,OVAL,RED,7,OVAL_RED,137,0,0,0,0,0,0,0,0,1,0,0,0
00603-6346-02_RXNAVIMAGE10_AD3ED6E6_2.jpg,OVAL,RED,7,OVAL_RED,137,0,0,0,0,0,0,0,0,1,0,0,0
60505-3848-01_RXNAVIMAGE10_37489BA4_1.jpg,CAPSULE,WHITE,1,CAPSULE_WHITE,81,0,0,0,0,0,0,0,0,0,0,1,0
60505-3848-01_RXNAVIMAGE10_37489BA4_2.jpg,CAPSULE,WHITE,1,CAPSULE_WHITE,81,0,0,0,0,0,0,0,0,0,0,1,0
00603-5062-21_RXNAVIMAGE10_043D820C_1.jpg,ROUND,GRAY,10,ROUND_GRAY,163,0,0,0,1,0,0,0,0,0,0,0,0
00603-5062-21_RXNAVIMAGE10_043D820C_2.jpg,ROUND,GRAY,10,ROUND_GRAY,163,0,0,0,1,0,0,0,0,0,0,0,0
00007-3370-61_RXNAVIMAGE10_D119689B_1.jpg,CAPSULE,"WHITE, GREEN",1,"CAPSULE_WHITE, GREEN",86,0,0,0,0,1,0,0,0,0,0,1,0
00007-3370-61_RXNAVIMAGE10_D119689B_2.jpg,CAPSULE,"WHITE, GREEN",1,"CAPSULE_WHITE, GREEN",86,0,0,0,0,1,0,0,0,0,0,1,0
51862-0558-06_RXNAVIMAGE10_9048C876_1.jpg,OVAL,WHITE,7,OVAL_WHITE,139,0,0,0,0,0,0,0,0,0,0,1,0
51862-0558-06_RXNAVIMAGE10_9048C876_2.jpg,OVAL,WHITE,7,OVAL_WHITE,139,0,0,0,0,0,0,0,0,0,0,1,0
55111-0167-30_RXNAVIMAGE10_363C9B04_1.jpg,ROUND,WHITE,10,ROUND_WHITE,174,0,0,0,0,0,0,0,0,0,0,1,0
55111-0167-30_RXNAVIMAGE10_363C9B04_2.jpg,ROUND,WHITE,10,ROUND_WHITE,174,0,0,0,0,0,0,0,0,0,0,1,0
63459-0201-30_RXNAVIMAGE10_36429B14_1.jpg,OVAL,WHITE,7,OVAL_WHITE,139,0,0,0,0,0,0,0,0,0,0,1,0
63459-0201-30_RXNAVIMAGE10_36429B14_2.jpg,OVAL,WHITE,7,OVAL_WHITE,139,0,0,0,0,0,0,0,0,0,0,1,0
51672-4045-01_RXNAVIMAGE10_F30579BB_1.jpg,OVAL,BROWN,7,OVAL_BROWN,125,0,0,1,0,0,0,0,0,0,0,0,0
51672-4045-01_RXNAVIMAGE10_F30579BB_2.jpg,OVAL,BROWN,7,OVAL_BROWN,125,0,0,1,0,0,0,0,0,0,0,0,0
00093-7153-56_RXNAVIMAGE10_E527F2EF_1.jpg,ROUND,PINK,10,ROUND_PINK,168,0,0,0,0,0,0,1,0,0,0,0,0
00093-7153-56_RXNAVIMAGE10_E527F2EF_2.jpg,ROUND,PINK,10,ROUND_PINK,168,0,0,0,0,0,0,1,0,0,0,0,0
60505-0224-01_RXNAVIMAGE10_033401A0_1.jpg,OVAL,WHITE,7,OVAL_WHITE,139,0,0,0,0,0,0,0,0,0,0,1,0
60505-0224-01_RXNAVIMAGE10_033401A0_2.jpg,OVAL,WHITE,7,OVAL_WHITE,139,0,0,0,0,0,0,0,0,0,0,1,0
64376-0808-01_RXNAVIMAGE10_B213596A_1.jpg,CAPSULE,GREEN,1,CAPSULE_GREEN,32,0,0,0,0,1,0,0,0,0,0,0,0
64376-0808-01_RXNAVIMAGE10_B213596A_2.jpg,CAPSULE,GREEN,1,CAPSULE_GREEN,32,0,0,0,0,1,0,0,0,0,0,0,0
00591-5325-01_RXNAVIMAGE10_240E1210_1.jpg,OVAL,WHITE,7,OVAL_WHITE,139,0,0,0,0,0,0,0,0,0,0,1,0
00591-5325-01_RXNAVIMAGE10_240E1210_2.jpg,OVAL,WHITE,7,OVAL_WHITE,139,0,0,0,0,0,0,0,0,0,0,1,0
60505-3779-09_RXNAVIMAGE10_1D3E8EE4_1.jpg,CAPSULE,PINK,1,CAPSULE_PINK,52,0,0,0,0,0,0,1,0,0,0,0,0
60505-3779-09_RXNAVIMAGE10_1D3E8EE4_2.jpg,CAPSULE,PINK,1,CAPSULE_PINK,52,0,0,0,0,0,0,1,0,0,0,0,0
64980-0182-10_RXNAVIMAGE10_E74AF3D7_1.jpg,ROUND,WHITE,10,ROUND_WHITE,174,0,0,0,0,0,0,0,0,0,0,1,0
64980-0182-10_RXNAVIMAGE10_E74AF3D7_2.jpg,ROUND,WHITE,10,ROUND_WHITE,174,0,0,0,0,0,0,0,0,0,0,1,0
00555-0158-02_RXNAVIMAGE10_B5135ABA_1.jpg,CAPSULE,"GREEN, YELLOW",1,"CAPSULE_GREEN, YELLOW",43,0,0,0,0,1,0,0,0,0,0,0,1
00555-0158-02_RXNAVIMAGE10_B5135ABA_2.jpg,CAPSULE,"GREEN, YELLOW",1,"CAPSULE_GREEN, YELLOW",43,0,0,0,0,1,0,0,0,0,0,0,1
23155-0119-01_RXNAVIMAGE10_6F3FB7ED_1.jpg,OVAL,RED,7,OVAL_RED,137,0,0,0,0,0,0,0,0,1,0,0,0
23155-0119-01_RXNAVIMAGE10_6F3FB7ED_2.jpg,OVAL,RED,7,OVAL_RED,137,0,0,0,0,0,0,0,0,1,0,0,0
00093-9107-29_RXNAVIMAGE10_8A21C51E_1.jpg,ROUND,ORANGE,10,ROUND_ORANGE,166,0,0,0,0,0,1,0,0,0,0,0,0
00093-9107-29_RXNAVIMAGE10_8A21C51E_2.jpg,ROUND,ORANGE,10,ROUND_ORANGE,166,0,0,0,0,0,1,0,0,0,0,0,0
00310-0271-10_RXNAVIMAGE10_683D3409_1.jpg,ROUND,YELLOW,10,ROUND_YELLOW,178,0,0,0,0,0,0,0,0,0,0,0,1
00310-0271-10_RXNAVIMAGE10_683D3409_2.jpg,ROUND,YELLOW,10,ROUND_YELLOW,178,0,0,0,0,0,0,0,0,0,0,0,1
00591-0844-10_RXNAVIMAGE10_4807A46D_1.jpg,ROUND,ORANGE,10,ROUND_ORANGE,166,0,0,0,0,0,1,0,0,0,0,0,0
00591-0844-10_RXNAVIMAGE10_4807A46D_2.jpg,ROUND,ORANGE,10,ROUND_ORANGE,166,0,0,0,0,0,1,0,0,0,0,0,0
62037-0560-05_RXNAVIMAGE10_F50E7AE3_1.jpg,CAPSULE,BLUE,1,CAPSULE_BLUE,7,0,1,0,0,0,0,0,0,0,0,0,0
62037-0560-05_RXNAVIMAGE10_F50E7AE3_2.jpg,CAPSULE,BLUE,1,CAPSULE_BLUE,7,0,1,0,0,0,0,0,0,0,0,0,0
00378-6097-01_RXNAVIMAGE10_943B4A1A_1.jpg,TRIANGLE,ORANGE,15,TRIANGLE_ORANGE,198,0,0,0,0,0,1,0,0,0,0,0,0
00378-6097-01_RXNAVIMAGE10_943B4A1A_2.jpg,TRIANGLE,ORANGE,15,TRIANGLE_ORANGE,198,0,0,0,0,0,1,0,0,0,0,0,0
60505-0014-06_RXNAVIMAGE10_633831B1_1.jpg,CAPSULE,"ORANGE, WHITE",1,"CAPSULE_ORANGE, WHITE",50,0,0,0,0,0,1,0,0,0,0,1,0
60505-0014-06_RXNAVIMAGE10_633831B1_2.jpg,CAPSULE,"ORANGE, WHITE",1,"CAPSULE_ORANGE, WHITE",50,0,0,0,0,0,1,0,0,0,0,1,0
00591-0408-10_RXNAVIMAGE10_3B199DDC_1.jpg,ROUND,YELLOW,10,ROUND_YELLOW,178,0,0,0,0,0,0,0,0,0,0,0,1
00591-0408-10_RXNAVIMAGE10_3B199DDC_2.jpg,ROUND,YELLOW,10,ROUND_YELLOW,178,0,0,0,0,0,0,0,0,0,0,0,1
00378-0330-01_RXNAVIMAGE10_E4087273_1.jpg,ROUND,WHITE,10,ROUND_WHITE,174,0,0,0,0,0,0,0,0,0,0,1,0
00378-0330-01_RXNAVIMAGE10_E4087273_2.jpg,ROUND,WHITE,10,ROUND_WHITE,174,0,0,0,0,0,0,0,0,0,0,1,0
53746-0078-01_RXNAVIMAGE10_5F05AFED_1.jpg,OVAL,GREEN,7,OVAL_GREEN,129,0,0,0,0,1,0,0,0,0,0,0,0
53746-0078-01_RXNAVIMAGE10_5F05AFED_2.jpg,OVAL,GREEN,7,OVAL_GREEN,129,0,0,0,0,1,0,0,0,0,0,0,0
63010-0027-70_RXNAVIMAGE10_AA3DD57E_1.jpg,OVAL,WHITE,7,OVAL_WHITE,139,0,0,0,0,0,0,0,0,0,0,1,0
63010-0027-70_RXNAVIMAGE10_AA3DD57E_2.jpg,OVAL,WHITE,7,OVAL_WHITE,139,0,0,0,0,0,0,0,0,0,0,1,0
00603-3746-28_RXNAVIMAGE10_A345D1AE_1.jpg,RECTANGLE,BLUE,9,RECTANGLE_BLUE,155,0,1,0,0,0,0,0,0,0,0,0,0
00603-3746-28_RXNAVIMAGE10_A345D1AE_2.jpg,RECTANGLE,BLUE,9,RECTANGLE_BLUE,155,0,1,0,0,0,0,0,0,0,0,0,0
00002-4165-02_RXNAVIMAGE10_EF3AF7C7_1.jpg,OVAL,WHITE,7,OVAL_WHITE,139,0,0,0,0,0,0,0,0,0,0,1,0
00002-4165-02_RXNAVIMAGE10_EF3AF7C7_2.jpg,OVAL,WHITE,7,OVAL_WHITE,139,0,0,0,0,0,0,0,0,0,0,1,0
57664-0104-88_RXNAVIMAGE10_0B0405B0_1.jpg,ROUND,WHITE,10,ROUND_WHITE,174,0,0,0,0,0,0,0,0,0,0,1,0
57664-0104-88_RXNAVIMAGE10_0B0405B0_2.jpg,ROUND,WHITE,10,ROUND_WHITE,174,0,0,0,0,0,0,0,0,0,0,1,0
47335-0712-13_RXNAVIMAGE10_3D509EC4_1.jpg,ROUND,BROWN,10,ROUND_BROWN,162,0,0,1,0,0,0,0,0,0,0,0,0
47335-0712-13_RXNAVIMAGE10_3D509EC4_2.jpg,ROUND,BROWN,10,ROUND_BROWN,162,0,0,1,0,0,0,0,0,0,0,0,0
62756-0259-02_RXNAVIMAGE10_F6387B03_1.jpg,CAPSULE,"WHITE, GRAY",1,"CAPSULE_WHITE, GRAY",85,0,0,0,1,0,0,0,0,0,0,1,0
62756-0259-02_RXNAVIMAGE10_F6387B03_2.jpg,CAPSULE,"WHITE, GRAY",1,"CAPSULE_WHITE, GRAY",85,0,0,0,1,0,0,0,0,0,0,1,0
00049-3990-60_RXNAVIMAGE10_253B12F8_1.jpg,CAPSULE,"BLUE, WHITE",1,"CAPSULE_BLUE, WHITE",16,0,1,0,0,0,0,0,0,0,0,1,0
00049-3990-60_RXNAVIMAGE10_253B12F8_2.jpg,CAPSULE,"BLUE, WHITE",1,"CAPSULE_BLUE, WHITE",16,0,1,0,0,0,0,0,0,0,0,1,0
59746-0248-05_RXNAVIMAGE10_2B0915F8_1.jpg,ROUND,WHITE,10,ROUND_WHITE,174,0,0,0,0,0,0,0,0,0,0,1,0
59746-0248-05_RXNAVIMAGE10_2B0915F8_2.jpg,ROUND,WHITE,10,ROUND_WHITE,174,0,0,0,0,0,0,0,0,0,0,1,0
00591-3671-05_RXNAVIMAGE10_553C2A81_1.jpg,OVAL,PINK,7,OVAL_PINK,133,0,0,0,0,0,0,1,0,0,0,0,0
00591-3671-05_RXNAVIMAGE10_553C2A81_2.jpg,OVAL,PINK,7,OVAL_PINK,133,0,0,0,0,0,0,1,0,0,0,0,0
00093-0029-01_RXNAVIMAGE10_18298C0C_1.jpg,OVAL,ORANGE,7,OVAL_ORANGE,130,0,0,0,0,0,1,0,0,0,0,0,0
00093-0029-01_RXNAVIMAGE10_18298C0C_2.jpg,OVAL,ORANGE,7,OVAL_ORANGE,130,0,0,0,0,0,1,0,0,0,0,0,0
67877-0169-30_RXNAVIMAGE10_4B4A2591_1.jpg,OVAL,WHITE,7,OVAL_WHITE,139,0,0,0,0,0,0,0,0,0,0,1,0
67877-0169-30_RXNAVIMAGE10_4B4A2591_2.jpg,OVAL,WHITE,7,OVAL_WHITE,139,0,0,0,0,0,0,0,0,0,0,1,0
00456-1402-01_RXNAVIMAGE10_5F3A2FE1_1.jpg,TRIANGLE,BLUE,15,TRIANGLE_BLUE,196,0,1,0,0,0,0,0,0,0,0,0,0
00456-1402-01_RXNAVIMAGE10_5F3A2FE1_2.jpg,TRIANGLE,BLUE,15,TRIANGLE_BLUE,196,0,1,0,0,0,0,0,0,0,0,0,0
68382-0040-01_RXNAVIMAGE10_7C0E3E01_1.jpg,ROUND,WHITE,10,ROUND_WHITE,174,0,0,0,0,0,0,0,0,0,0,1,0
68382-0040-01_RXNAVIMAGE10_7C0E3E01_2.jpg,ROUND,WHITE,10,ROUND_WHITE,174,0,0,0,0,0,0,0,0,0,0,1,0
00093-7540-06_RXNAVIMAGE10_6D2936E9_1.jpg,OVAL,YELLOW,7,OVAL_YELLOW,145,0,0,0,0,0,0,0,0,0,0,0,1
00093-7540-06_RXNAVIMAGE10_6D2936E9_2.jpg,OVAL,YELLOW,7,OVAL_YELLOW,145,0,0,0,0,0,0,0,0,0,0,0,1
00093-5150-01_RXNAVIMAGE10_2E29974C_1.jpg,OVAL,PINK,7,OVAL_PINK,133,0,0,0,0,0,0,1,0,0,0,0,0
00093-5150-01_RXNAVIMAGE10_2E29974C_2.jpg,OVAL,PINK,7,OVAL_PINK,133,0,0,0,0,0,0,1,0,0,0,0,0
42847-0106-30_RXNAVIMAGE10_753D3AC9_1.jpg,OVAL,GREEN,7,OVAL_GREEN,129,0,0,0,0,1,0,0,0,0,0,0,0
42847-0106-30_RXNAVIMAGE10_753D3AC9_2.jpg,OVAL,GREEN,7,OVAL_GREEN,129,0,0,0,0,1,0,0,0,0,0,0,0
53746-0114-05_RXNAVIMAGE10_DD15EEBF_1.jpg,OVAL,WHITE,7,OVAL_WHITE,139,0,0,0,0,0,0,0,0,0,0,1,0
53746-0114-05_RXNAVIMAGE10_DD15EEBF_2.jpg,OVAL,WHITE,7,OVAL_WHITE,139,0,0,0,0,0,0,0,0,0,0,1,0
57664-0435-58_RXNAVIMAGE10_C916E487_1.jpg,ROUND,WHITE,10,ROUND_WHITE,174,0,0,0,0,0,0,0,0,0,0,1,0
57664-0435-58_RXNAVIMAGE10_C916E487_2.jpg,ROUND,WHITE,10,ROUND_WHITE,174,0,0,0,0,0,0,0,0,0,0,1,0
00093-7317-01_RXNAVIMAGE10_02360120_1.jpg,ROUND,WHITE,10,ROUND_WHITE,174,0,0,0,0,0,0,0,0,0,0,1,0
00093-7317-01_RXNAVIMAGE10_02360120_2.jpg,ROUND,WHITE,10,ROUND_WHITE,174,0,0,0,0,0,0,0,0,0,0,1,0
42799-0119-01_RXNAVIMAGE10_AE4D571A_1.jpg,OVAL,GREEN,7,OVAL_GREEN,129,0,0,0,0,1,0,0,0,0,0,0,0
42799-0119-01_RXNAVIMAGE10_AE4D571A_2.jpg,OVAL,GREEN,7,OVAL_GREEN,129,0,0,0,0,1,0,0,0,0,0,0,0
51285-0441-02_RXNAVIMAGE10_253592EC_1.jpg,ROUND,GREEN,10,ROUND_GREEN,164,0,0,0,0,1,0,0,0,0,0,0,0
51285-0441-02_RXNAVIMAGE10_253592EC_2.jpg,ROUND,GREEN,10,ROUND_GREEN,164,0,0,0,0,1,0,0,0,0,0,0,0
68382-0196-16_RXNAVIMAGE10_AA1C5542_1.jpg,OVAL,PINK,7,OVAL_PINK,133,0,0,0,0,0,0,1,0,0,0,0,0
68382-0196-16_RXNAVIMAGE10_AA1C5542_2.jpg,OVAL,PINK,7,OVAL_PINK,133,0,0,0,0,0,0,1,0,0,0,0,0
31722-0225-60_RXNAVIMAGE10_12330908_1.jpg,OVAL,WHITE,7,OVAL_WHITE,139,0,0,0,0,0,0,0,0,0,0,1,0
31722-0225-60_RXNAVIMAGE10_12330908_2.jpg,OVAL,WHITE,7,OVAL_WHITE,139,0,0,0,0,0,0,0,0,0,0,1,0
51079-0759-20_RXNAVIMAGE10_1C328E04_1.jpg,ROUND,WHITE,10,ROUND_WHITE,174,0,0,0,0,0,0,0,0,0,0,1,0
51079-0759-20_RXNAVIMAGE10_1C328E04_2.jpg,ROUND,WHITE,10,ROUND_WHITE,174,0,0,0,0,0,0,0,0,0,0,1,0
00591-5554-01_RXNAVIMAGE10_E52172FB_1.jpg,ROUND,ORANGE,10,ROUND_ORANGE,166,0,0,0,0,0,1,0,0,0,0,0,0
00591-5554-01_RXNAVIMAGE10_E52172FB_2.jpg,ROUND,ORANGE,10,ROUND_ORANGE,166,0,0,0,0,0,1,0,0,0,0,0,0
50111-0482-01_RXNAVIMAGE10_700EB835_1.jpg,OVAL,WHITE,7,OVAL_WHITE,139,0,0,0,0,0,0,0,0,0,0,1,0
50111-0482-01_RXNAVIMAGE10_700EB835_2.jpg,OVAL,WHITE,7,OVAL_WHITE,139,0,0,0,0,0,0,0,0,0,0,1,0
00378-1300-01_RXNAVIMAGE10_F83C7C13_1.jpg,ROUND,ORANGE,10,ROUND_ORANGE,166,0,0,0,0,0,1,0,0,0,0,0,0
00378-1300-01_RXNAVIMAGE10_F83C7C13_2.jpg,ROUND,ORANGE,10,ROUND_ORANGE,166,0,0,0,0,0,1,0,0,0,0,0,0
54092-0513-02_RXNAVIMAGE10_011600E0_1.jpg,ROUND,WHITE,10,ROUND_WHITE,174,0,0,0,0,0,0,0,0,0,0,1,0
54092-0513-02_RXNAVIMAGE10_011600E0_2.jpg,ROUND,WHITE,10,ROUND_WHITE,174,0,0,0,0,0,0,0,0,0,0,1,0
64764-0805-30_RXNAVIMAGE10_191C8C94_1.jpg,ROUND,ORANGE,10,ROUND_ORANGE,166,0,0,0,0,0,1,0,0,0,0,0,0
64764-0805-30_RXNAVIMAGE10_191C8C94_2.jpg,ROUND,ORANGE,10,ROUND_ORANGE,166,0,0,0,0,0,1,0,0,0,0,0,0
66993-0057-02_RXNAVIMAGE10_1C4F8E2C_1.jpg,DOUBLE CIRCLE,WHITE,3,DOUBLE CIRCLE_WHITE,113,0,0,0,0,0,0,0,0,0,0,1,0
66993-0057-02_RXNAVIMAGE10_1C4F8E2C_2.jpg,DOUBLE CIRCLE,WHITE,3,DOUBLE CIRCLE_WHITE,113,0,0,0,0,0,0,0,0,0,0,1,0
00185-0074-60_RXNAVIMAGE10_EA327573_1.jpg,ROUND,GREEN,10,ROUND_GREEN,164,0,0,0,0,1,0,0,0,0,0,0,0
00185-0074-60_RXNAVIMAGE10_EA327573_2.jpg,ROUND,GREEN,10,ROUND_GREEN,164,0,0,0,0,1,0,0,0,0,0,0,0
00093-2075-01_RXNAVIMAGE10_C326E187_1.jpg,CAPSULE,RED,1,CAPSULE_RED,69,0,0,0,0,0,0,0,0,1,0,0,0
00093-2075-01_RXNAVIMAGE10_C326E187_2.jpg,CAPSULE,RED,1,CAPSULE_RED,69,0,0,0,0,0,0,0,0,1,0,0,0
68462-0260-05_RXNAVIMAGE10_19128CD4_1.jpg,OVAL,BROWN,7,OVAL_BROWN,125,0,0,1,0,0,0,0,0,0,0,0,0
68462-0260-05_RXNAVIMAGE10_19128CD4_2.jpg,OVAL,BROWN,7,OVAL_BROWN,125,0,0,1,0,0,0,0,0,0,0,0,0
00173-0759-60_RXNAVIMAGE10_F219797B_1.jpg,ROUND,"GREEN, WHITE",10,"ROUND_GREEN, WHITE",165,0,0,0,0,1,0,0,0,0,0,1,0
00173-0759-60_RXNAVIMAGE10_F219797B_2.jpg,ROUND,"GREEN, WHITE",10,"ROUND_GREEN, WHITE",165,0,0,0,0,1,0,0,0,0,0,1,0
00904-1982-51_RXNAVIMAGE10_C74963EB_1.jpg,ROUND,WHITE,10,ROUND_WHITE,174,0,0,0,0,0,0,0,0,0,0,1,0
00904-1982-51_RXNAVIMAGE10_C74963EB_2.jpg,ROUND,WHITE,10,ROUND_WHITE,174,0,0,0,0,0,0,0,0,0,0,1,0
00430-0420-14_RXNAVIMAGE10_28401420_1.jpg,HEXAGON,WHITE,5,HEXAGON_WHITE,120,0,0,0,0,0,0,0,0,0,0,1,0
00430-0420-14_RXNAVIMAGE10_28401420_2.jpg,HEXAGON,WHITE,5,HEXAGON_WHITE,120,0,0,0,0,0,0,0,0,0,0,1,0
00781-1181-01_RXNAVIMAGE10_A108D096_1.jpg,ROUND,WHITE,10,ROUND_WHITE,174,0,0,0,0,0,0,0,0,0,0,1,0
00781-1181-01_RXNAVIMAGE10_A108D096_2.jpg,ROUND,WHITE,10,ROUND_WHITE,174,0,0,0,0,0,0,0,0,0,0,1,0
68180-0121-02_RXNAVIMAGE10_433DA1BD_1.jpg,CAPSULE,"WHITE, GREEN",1,"CAPSULE_WHITE, GREEN",86,0,0,0,0,1,0,0,0,0,0,1,0
68180-0121-02_RXNAVIMAGE10_433DA1BD_2.jpg,CAPSULE,"WHITE, GREEN",1,"CAPSULE_WHITE, GREEN",86,0,0,0,0,1,0,0,0,0,0,1,0
00093-7270-98_RXNAVIMAGE10_A823D40E_1.jpg,OVAL,WHITE,7,OVAL_WHITE,139,0,0,0,0,0,0,0,0,0,0,1,0
00093-7270-98_RXNAVIMAGE10_A823D40E_2.jpg,OVAL,WHITE,7,OVAL_WHITE,139,0,0,0,0,0,0,0,0,0,0,1,0
00378-3495-01_RXNAVIMAGE10_15238AEC_1.jpg,ROUND,PINK,10,ROUND_PINK,168,0,0,0,0,0,0,1,0,0,0,0,0
00378-3495-01_RXNAVIMAGE10_15238AEC_2.jpg,ROUND,PINK,10,ROUND_PINK,168,0,0,0,0,0,0,1,0,0,0,0,0
62541-0301-30_RXNAVIMAGE10_5B51ADED_1.jpg,OVAL,YELLOW,7,OVAL_YELLOW,145,0,0,0,0,0,0,0,0,0,0,0,1
62541-0301-30_RXNAVIMAGE10_5B51ADED_2.jpg,OVAL,YELLOW,7,OVAL_YELLOW,145,0,0,0,0,0,0,0,0,0,0,0,1
43547-0270-10_RXNAVIMAGE10_4341A1BD_1.jpg,ROUND,GREEN,10,ROUND_GREEN,164,0,0,0,0,1,0,0,0,0,0,0,0
43547-0270-10_RXNAVIMAGE10_4341A1BD_2.jpg,ROUND,GREEN,10,ROUND_GREEN,164,0,0,0,0,1,0,0,0,0,0,0,0
00093-5256-68_RXNAVIMAGE10_8727C3AE_1.jpg,CAPSULE,BLUE,1,CAPSULE_BLUE,7,0,1,0,0,0,0,0,0,0,0,0,0
00093-5256-68_RXNAVIMAGE10_8727C3AE_2.jpg,CAPSULE,BLUE,1,CAPSULE_BLUE,7,0,1,0,0,0,0,0,0,0,0,0,0
00074-6326-13_RXNAVIMAGE10_0605837C_1.jpg,OVAL,PINK,7,OVAL_PINK,133,0,0,0,0,0,0,1,0,0,0,0,0
00074-6326-13_RXNAVIMAGE10_0605837C_2.jpg,OVAL,PINK,7,OVAL_PINK,133,0,0,0,0,0,0,1,0,0,0,0,0
00603-4214-28_RXNAVIMAGE10_BE4EDF66_1.jpg,ROUND,WHITE,10,ROUND_WHITE,174,0,0,0,0,0,0,0,0,0,0,1,0
00603-4214-28_RXNAVIMAGE10_BE4EDF66_2.jpg,ROUND,WHITE,10,ROUND_WHITE,174,0,0,0,0,0,0,0,0,0,0,1,0
00093-1087-01_RXNAVIMAGE10_9E29CF5E_1.jpg,OVAL,BLUE,7,OVAL_BLUE,123,0,1,0,0,0,0,0,0,0,0,0,0
00093-1087-01_RXNAVIMAGE10_9E29CF5E_2.jpg,OVAL,BLUE,7,OVAL_BLUE,123,0,1,0,0,0,0,0,0,0,0,0,0
00781-2176-60_RXNAVIMAGE10_6939B4BD_1.jpg,CAPSULE,BLUE,1,CAPSULE_BLUE,7,0,1,0,0,0,0,0,0,0,0,0,0
00781-2176-60_RXNAVIMAGE10_6939B4BD_2.jpg,CAPSULE,BLUE,1,CAPSULE_BLUE,7,0,1,0,0,0,0,0,0,0,0,0,0
64764-0119-01_RXNAVIMAGE10_233A11B0_1.jpg,OVAL,PURPLE,7,OVAL_PURPLE,135,0,0,0,0,0,0,0,1,0,0,0,0
64764-0119-01_RXNAVIMAGE10_233A11B0_2.jpg,OVAL,PURPLE,7,OVAL_PURPLE,135,0,0,0,0,0,0,0,1,0,0,0,0
00591-2235-01_RXNAVIMAGE10_6A34B515_1.jpg,CAPSULE,"BLACK, YELLOW",1,"CAPSULE_BLACK, YELLOW",6,1,0,0,0,0,0,0,0,0,0,0,1
00591-2235-01_RXNAVIMAGE10_6A34B515_2.jpg,CAPSULE,"BLACK, YELLOW",1,"CAPSULE_BLACK, YELLOW",6,1,0,0,0,0,0,0,0,0,0,0,1
00173-0822-04_RXNAVIMAGE10_2A19950C_1.jpg,ROUND,WHITE,10,ROUND_WHITE,174,0,0,0,0,0,0,0,0,0,0,1,0
00173-0822-04_RXNAVIMAGE10_2A19950C_2.jpg,ROUND,WHITE,10,ROUND_WHITE,174,0,0,0,0,0,0,0,0,0,0,1,0
00603-7642-01_RXNAVIMAGE10_17418BCC_1.jpg,ROUND,GREEN,10,ROUND_GREEN,164,0,0,0,0,1,0,0,0,0,0,0,0
00603-7642-01_RXNAVIMAGE10_17418BCC_2.jpg,ROUND,GREEN,10,ROUND_GREEN,164,0,0,0,0,1,0,0,0,0,0,0,0
51672-4029-01_RXNAVIMAGE10_B9265CF2_1.jpg,OVAL,GREEN,7,OVAL_GREEN,129,0,0,0,0,1,0,0,0,0,0,0,0
51672-4029-01_RXNAVIMAGE10_B9265CF2_2.jpg,OVAL,GREEN,7,OVAL_GREEN,129,0,0,0,0,1,0,0,0,0,0,0,0
00093-7464-56_RXNAVIMAGE10_132809F0_1.jpg,OVAL,WHITE,7,OVAL_WHITE,139,0,0,0,0,0,0,0,0,0,0,1,0
00093-7464-56_RXNAVIMAGE10_132809F0_2.jpg,OVAL,WHITE,7,OVAL_WHITE,139,0,0,0,0,0,0,0,0,0,0,1,0
00603-5372-21_RXNAVIMAGE10_1E0E0F10_1.jpg,ROUND,YELLOW,10,ROUND_YELLOW,178,0,0,0,0,0,0,0,0,0,0,0,1
00603-5372-21_RXNAVIMAGE10_1E0E0F10_2.jpg,ROUND,YELLOW,10,ROUND_YELLOW,178,0,0,0,0,0,0,0,0,0,0,0,1
00093-4069-52_RXNAVIMAGE10_EF0E77E3_1.jpg,CAPSULE,BLUE,1,CAPSULE_BLUE,7,0,1,0,0,0,0,0,0,0,0,0,0
00093-4069-52_RXNAVIMAGE10_EF0E77E3_2.jpg,CAPSULE,BLUE,1,CAPSULE_BLUE,7,0,1,0,0,0,0,0,0,0,0,0,0
00228-2636-11_RXNAVIMAGE10_DB326D93_1.jpg,OVAL,GREEN,7,OVAL_GREEN,129,0,0,0,0,1,0,0,0,0,0,0,0
00228-2636-11_RXNAVIMAGE10_DB326D93_2.jpg,OVAL,GREEN,7,OVAL_GREEN,129,0,0,0,0,1,0,0,0,0,0,0,0
00378-1150-01_RXNAVIMAGE10_8B23458A_1.jpg,OVAL,WHITE,7,OVAL_WHITE,139,0,0,0,0,0,0,0,0,0,0,1,0
00378-1150-01_RXNAVIMAGE10_8B23458A_2.jpg,OVAL,WHITE,7,OVAL_WHITE,139,0,0,0,0,0,0,0,0,0,0,1,0
00173-0643-60_RXNAVIMAGE10_F118F8A7_1.jpg,HEXAGON,WHITE,5,HEXAGON_WHITE,120,0,0,0,0,0,0,0,0,0,0,1,0
00173-0643-60_RXNAVIMAGE10_F118F8A7_2.jpg,HEXAGON,WHITE,5,HEXAGON_WHITE,120,0,0,0,0,0,0,0,0,0,0,1,0
68012-0104-30_RXNAVIMAGE10_EE1DF76F_1.jpg,CAPSULE,"BLUE, WHITE",1,"CAPSULE_BLUE, WHITE",16,0,1,0,0,0,0,0,0,0,0,1,0
68012-0104-30_RXNAVIMAGE10_EE1DF76F_2.jpg,CAPSULE,"BLUE, WHITE",1,"CAPSULE_BLUE, WHITE",16,0,1,0,0,0,0,0,0,0,0,1,0
42543-0705-90_RXNAVIMAGE10_CC4EE627_1.jpg,OVAL,WHITE,7,OVAL_WHITE,139,0,0,0,0,0,0,0,0,0,0,1,0
42543-0705-90_RXNAVIMAGE10_CC4EE627_2.jpg,OVAL,WHITE,7,OVAL_WHITE,139,0,0,0,0,0,0,0,0,0,0,1,0
00093-4067-01_RXNAVIMAGE10_CE26E757_1.jpg,CAPSULE,WHITE,1,CAPSULE_WHITE,81,0,0,0,0,0,0,0,0,0,0,1,0
00093-4067-01_RXNAVIMAGE10_CE26E757_2.jpg,CAPSULE,WHITE,1,CAPSULE_WHITE,81,0,0,0,0,0,0,0,0,0,0,1,0
00093-1025-06_RXNAVIMAGE10_8A29C56E_1.jpg,OVAL,YELLOW,7,OVAL_YELLOW,145,0,0,0,0,0,0,0,0,0,0,0,1
00093-1025-06_RXNAVIMAGE10_8A29C56E_2.jpg,OVAL,YELLOW,7,OVAL_YELLOW,145,0,0,0,0,0,0,0,0,0,0,0,1
16714-0633-01_RXNAVIMAGE10_55442AD1_1.jpg,OVAL,WHITE,7,OVAL_WHITE,139,0,0,0,0,0,0,0,0,0,0,1,0
16714-0633-01_RXNAVIMAGE10_55442AD1_2.jpg,OVAL,WHITE,7,OVAL_WHITE,139,0,0,0,0,0,0,0,0,0,0,1,0
00093-7472-43_RXNAVIMAGE10_A735D3FE_1.jpg,OVAL,WHITE,7,OVAL_WHITE,139,0,0,0,0,0,0,0,0,0,0,1,0
00093-7472-43_RXNAVIMAGE10_A735D3FE_2.jpg,OVAL,WHITE,7,OVAL_WHITE,139,0,0,0,0,0,0,0,0,0,0,1,0
00182-4141-26_RXNAVIMAGE10_4735A3FD_1.jpg,OVAL,PINK,7,OVAL_PINK,133,0,0,0,0,0,0,1,0,0,0,0,0
00182-4141-26_RXNAVIMAGE10_4735A3FD_2.jpg,OVAL,PINK,7,OVAL_PINK,133,0,0,0,0,0,0,1,0,0,0,0,0
00555-9009-42_RXNAVIMAGE10_E52F72DB_1.jpg,ROUND,YELLOW,10,ROUND_YELLOW,178,0,0,0,0,0,0,0,0,0,0,0,1
00555-9009-42_RXNAVIMAGE10_E52F72DB_2.jpg,ROUND,YELLOW,10,ROUND_YELLOW,178,0,0,0,0,0,0,0,0,0,0,0,1
41616-0580-81_RXNAVIMAGE10_46052379_1.jpg,ROUND,YELLOW,10,ROUND_YELLOW,178,0,0,0,0,0,0,0,0,0,0,0,1
41616-0580-81_RXNAVIMAGE10_46052379_2.jpg,ROUND,YELLOW,10,ROUND_YELLOW,178,0,0,0,0,0,0,0,0,0,0,0,1
68462-0200-11_RXNAVIMAGE10_19508C94_1.jpg,OVAL,WHITE,7,OVAL_WHITE,139,0,0,0,0,0,0,0,0,0,0,1,0
68462-0200-11_RXNAVIMAGE10_19508C94_2.jpg,OVAL,WHITE,7,OVAL_WHITE,139,0,0,0,0,0,0,0,0,0,0,1,0
55111-0249-01_RXNAVIMAGE10_E041700B_1.jpg,ROUND,WHITE,10,ROUND_WHITE,174,0,0,0,0,0,0,0,0,0,0,1,0
55111-0249-01_RXNAVIMAGE10_E041700B_2.jpg,ROUND,WHITE,10,ROUND_WHITE,174,0,0,0,0,0,0,0,0,0,0,1,0
49884-0099-02_RXNAVIMAGE10_734739A9_1.jpg,CAPSULE,"PINK, WHITE",1,"CAPSULE_PINK, WHITE",59,0,0,0,0,0,0,1,0,0,0,1,0
49884-0099-02_RXNAVIMAGE10_734739A9_2.jpg,CAPSULE,"PINK, WHITE",1,"CAPSULE_PINK, WHITE",59,0,0,0,0,0,0,1,0,0,0,1,0
00603-5483-21_RXNAVIMAGE10_BB415DDA_1.jpg,ROUND,BLUE,10,ROUND_BLUE,160,0,1,0,0,0,0,0,0,0,0,0,0
00603-5483-21_RXNAVIMAGE10_BB415DDA_2.jpg,ROUND,BLUE,10,ROUND_BLUE,160,0,1,0,0,0,0,0,0,0,0,0,0
00093-0129-01_RXNAVIMAGE10_4842A445_1.jpg,OVAL,WHITE,7,OVAL_WHITE,139,0,0,0,0,0,0,0,0,0,0,1,0
00093-0129-01_RXNAVIMAGE10_4842A445_2.jpg,OVAL,WHITE,7,OVAL_WHITE,139,0,0,0,0,0,0,0,0,0,0,1,0
00093-4059-53_RXNAVIMAGE10_FD2D7EDB_1.jpg,OVAL,WHITE,7,OVAL_WHITE,139,0,0,0,0,0,0,0,0,0,0,1,0
00093-4059-53_RXNAVIMAGE10_FD2D7EDB_2.jpg,OVAL,WHITE,7,OVAL_WHITE,139,0,0,0,0,0,0,0,0,0,0,1,0
00228-2550-06_RXNAVIMAGE10_412320F9_1.jpg,ROUND,WHITE,10,ROUND_WHITE,174,0,0,0,0,0,0,0,0,0,0,1,0
00228-2550-06_RXNAVIMAGE10_412320F9_2.jpg,ROUND,WHITE,10,ROUND_WHITE,174,0,0,0,0,0,0,0,0,0,0,1,0
00378-6896-01_RXNAVIMAGE10_7E4D3F79_1.jpg,CAPSULE,BLUE,1,CAPSULE_BLUE,7,0,1,0,0,0,0,0,0,0,0,0,0
00378-6896-01_RXNAVIMAGE10_7E4D3F79_2.jpg,CAPSULE,BLUE,1,CAPSULE_BLUE,7,0,1,0,0,0,0,0,0,0,0,0,0
00074-6624-19_RXNAVIMAGE10_A91D54AA_1.jpg,ROUND,YELLOW,10,ROUND_YELLOW,178,0,0,0,0,0,0,0,0,0,0,0,1
00074-6624-19_RXNAVIMAGE10_A91D54AA_2.jpg,ROUND,YELLOW,10,ROUND_YELLOW,178,0,0,0,0,0,0,0,0,0,0,0,1
00093-7256-01_RXNAVIMAGE10_EA267553_1.jpg,ROUND,BLUE,10,ROUND_BLUE,160,0,1,0,0,0,0,0,0,0,0,0,0
00093-7256-01_RXNAVIMAGE10_EA267553_2.jpg,ROUND,BLUE,10,ROUND_BLUE,160,0,1,0,0,0,0,0,0,0,0,0,0
00185-1111-60_RXNAVIMAGE10_AD3FD6DE_1.jpg,ROUND,PINK,10,ROUND_PINK,168,0,0,0,0,0,0,1,0,0,0,0,0
00185-1111-60_RXNAVIMAGE10_AD3FD6DE_2.jpg,ROUND,PINK,10,ROUND_PINK,168,0,0,0,0,0,0,1,0,0,0,0,0
00378-4024-01_RXNAVIMAGE10_FE157F5B_1.jpg,ROUND,BLUE,10,ROUND_BLUE,160,0,1,0,0,0,0,0,0,0,0,0,0
00378-4024-01_RXNAVIMAGE10_FE157F5B_2.jpg,ROUND,BLUE,10,ROUND_BLUE,160,0,1,0,0,0,0,0,0,0,0,0,0
00591-3964-01_RXNAVIMAGE10_834941FA_1.jpg,ROUND,ORANGE,10,ROUND_ORANGE,166,0,0,0,0,0,1,0,0,0,0,0,0
00591-3964-01_RXNAVIMAGE10_834941FA_2.jpg,ROUND,ORANGE,10,ROUND_ORANGE,166,0,0,0,0,0,1,0,0,0,0,0,0
00781-5386-31_RXNAVIMAGE10_FC3CFE07_1.jpg,OVAL,ORANGE,7,OVAL_ORANGE,130,0,0,0,0,0,1,0,0,0,0,0,0
00781-5386-31_RXNAVIMAGE10_FC3CFE07_2.jpg,OVAL,ORANGE,7,OVAL_ORANGE,130,0,0,0,0,0,1,0,0,0,0,0,0
54092-0189-81_RXNAVIMAGE10_381B9C6C_1.jpg,CAPSULE,"GREEN, BLUE",1,"CAPSULE_GREEN, BLUE",34,0,1,0,0,1,0,0,0,0,0,0,0
54092-0189-81_RXNAVIMAGE10_381B9C6C_2.jpg,CAPSULE,"GREEN, BLUE",1,"CAPSULE_GREEN, BLUE",34,0,1,0,0,1,0,0,0,0,0,0,0
00378-6232-01_RXNAVIMAGE10_70213849_1.jpg,ROUND,PINK,10,ROUND_PINK,168,0,0,0,0,0,0,1,0,0,0,0,0
00378-6232-01_RXNAVIMAGE10_70213849_2.jpg,ROUND,PINK,10,ROUND_PINK,168,0,0,0,0,0,0,1,0,0,0,0,0
27241-0002-50_RXNAVIMAGE10_76433B39_1.jpg,ROUND,ORANGE,10,ROUND_ORANGE,166,0,0,0,0,0,1,0,0,0,0,0,0
27241-0002-50_RXNAVIMAGE10_76433B39_2.jpg,ROUND,ORANGE,10,ROUND_ORANGE,166,0,0,0,0,0,1,0,0,0,0,0,0
50419-0116-06_RXNAVIMAGE10_5C192E19_1.jpg,OVAL,WHITE,7,OVAL_WHITE,139,0,0,0,0,0,0,0,0,0,0,1,0
50419-0116-06_RXNAVIMAGE10_5C192E19_2.jpg,OVAL,WHITE,7,OVAL_WHITE,139,0,0,0,0,0,0,0,0,0,0,1,0
62856-0582-52_RXNAVIMAGE10_483A2471_1.jpg,OVAL,PINK,7,OVAL_PINK,133,0,0,0,0,0,0,1,0,0,0,0,0
62856-0582-52_RXNAVIMAGE10_483A2471_2.jpg,OVAL,PINK,7,OVAL_PINK,133,0,0,0,0,0,0,1,0,0,0,0,0
49884-0093-03_RXNAVIMAGE10_EE05777B_1.jpg,ROUND,YELLOW,10,ROUND_YELLOW,178,0,0,0,0,0,0,0,0,0,0,0,1
49884-0093-03_RXNAVIMAGE10_EE05777B_2.jpg,ROUND,YELLOW,10,ROUND_YELLOW,178,0,0,0,0,0,0,0,0,0,0,0,1
23155-0106-10_RXNAVIMAGE10_F8077C4B_1.jpg,ROUND,WHITE,10,ROUND_WHITE,174,0,0,0,0,0,0,0,0,0,0,1,0
23155-0106-10_RXNAVIMAGE10_F8077C4B_2.jpg,ROUND,WHITE,10,ROUND_WHITE,174,0,0,0,0,0,0,0,0,0,0,1,0
00591-2318-19_RXNAVIMAGE10_E54772DB_1.jpg,OVAL,PINK,7,OVAL_PINK,133,0,0,0,0,0,0,1,0,0,0,0,0
00591-2318-19_RXNAVIMAGE10_E54772DB_2.jpg,OVAL,PINK,7,OVAL_PINK,133,0,0,0,0,0,0,1,0,0,0,0,0
43199-0020-01_RXNAVIMAGE10_BC3C5E42_1.jpg,OVAL,WHITE,7,OVAL_WHITE,139,0,0,0,0,0,0,0,0,0,0,1,0
43199-0020-01_RXNAVIMAGE10_BC3C5E42_2.jpg,OVAL,WHITE,7,OVAL_WHITE,139,0,0,0,0,0,0,0,0,0,0,1,0
60505-3849-05_RXNAVIMAGE10_7F4ABFE5_1.jpg,CAPSULE,WHITE,1,CAPSULE_WHITE,81,0,0,0,0,0,0,0,0,0,0,1,0
60505-3849-05_RXNAVIMAGE10_7F4ABFE5_2.jpg,CAPSULE,WHITE,1,CAPSULE_WHITE,81,0,0,0,0,0,0,0,0,0,0,1,0
13668-0105-01_RXNAVIMAGE10_5E3E2F41_1.jpg,OVAL,WHITE,7,OVAL_WHITE,139,0,0,0,0,0,0,0,0,0,0,1,0
13668-0105-01_RXNAVIMAGE10_5E3E2F41_2.jpg,OVAL,WHITE,7,OVAL_WHITE,139,0,0,0,0,0,0,0,0,0,0,1,0
49702-0215-18_RXNAVIMAGE10_77193B99_1.jpg,OVAL,BLUE,7,OVAL_BLUE,123,0,1,0,0,0,0,0,0,0,0,0,0
49702-0215-18_RXNAVIMAGE10_77193B99_2.jpg,OVAL,BLUE,7,OVAL_BLUE,123,0,1,0,0,0,0,0,0,0,0,0,0
00591-3120-01_RXNAVIMAGE10_F804FC17_1.jpg,CAPSULE,PINK,1,CAPSULE_PINK,52,0,0,0,0,0,0,1,0,0,0,0,0
00591-3120-01_RXNAVIMAGE10_F804FC17_2.jpg,CAPSULE,PINK,1,CAPSULE_PINK,52,0,0,0,0,0,0,1,0,0,0,0,0
13811-0583-30_RXNAVIMAGE10_911DC8BE_1.jpg,OVAL,PURPLE,7,OVAL_PURPLE,135,0,0,0,0,0,0,0,1,0,0,0,0
13811-0583-30_RXNAVIMAGE10_911DC8BE_2.jpg,OVAL,PURPLE,7,OVAL_PURPLE,135,0,0,0,0,0,0,0,1,0,0,0,0
60505-2657-01_RXNAVIMAGE10_513EA895_1.jpg,OVAL,YELLOW,7,OVAL_YELLOW,145,0,0,0,0,0,0,0,0,0,0,0,1
60505-2657-01_RXNAVIMAGE10_513EA895_2.jpg,OVAL,YELLOW,7,OVAL_YELLOW,145,0,0,0,0,0,0,0,0,0,0,0,1
00078-0314-34_RXNAVIMAGE10_F6157B0B_1.jpg,OVAL,ORANGE,7,OVAL_ORANGE,130,0,0,0,0,0,1,0,0,0,0,0,0
00078-0314-34_RXNAVIMAGE10_F6157B0B_2.jpg,OVAL,ORANGE,7,OVAL_ORANGE,130,0,0,0,0,0,1,0,0,0,0,0,0
00603-5770-21_RXNAVIMAGE10_CD1FE6FF_1.jpg,OVAL,BLUE,7,OVAL_BLUE,123,0,1,0,0,0,0,0,0,0,0,0,0
00603-5770-21_RXNAVIMAGE10_CD1FE6FF_2.jpg,OVAL,BLUE,7,OVAL_BLUE,123,0,1,0,0,0,0,0,0,0,0,0,0
51285-0092-87_RXNAVIMAGE10_BE305F72_1.jpg,ROUND,ORANGE,10,ROUND_ORANGE,166,0,0,0,0,0,1,0,0,0,0,0,0
51285-0092-87_RXNAVIMAGE10_BE305F72_2.jpg,ROUND,ORANGE,10,ROUND_ORANGE,166,0,0,0,0,0,1,0,0,0,0,0,0
00093-7431-56_RXNAVIMAGE10_F4437A3B_1.jpg,OVAL,YELLOW,7,OVAL_YELLOW,145,0,0,0,0,0,0,0,0,0,0,0,1
00093-7431-56_RXNAVIMAGE10_F4437A3B_2.jpg,OVAL,YELLOW,7,OVAL_YELLOW,145,0,0,0,0,0,0,0,0,0,0,0,1
55111-0262-81_RXNAVIMAGE10_F03BF87F_1.jpg,OVAL,YELLOW,7,OVAL_YELLOW,145,0,0,0,0,0,0,0,0,0,0,0,1
55111-0262-81_RXNAVIMAGE10_F03BF87F_2.jpg,OVAL,YELLOW,7,OVAL_YELLOW,145,0,0,0,0,0,0,0,0,0,0,0,1
16714-0482-03_RXNAVIMAGE10_704E3871_1.jpg,ROUND,WHITE,10,ROUND_WHITE,174,0,0,0,0,0,0,0,0,0,0,1,0
16714-0482-03_RXNAVIMAGE10_704E3871_2.jpg,ROUND,WHITE,10,ROUND_WHITE,174,0,0,0,0,0,0,0,0,0,0,1,0
68453-0375-10_RXNAVIMAGE10_14200A30_1.jpg,OVAL,WHITE,7,OVAL_WHITE,139,0,0,0,0,0,0,0,0,0,0,1,0
68453-0375-10_RXNAVIMAGE10_14200A30_2.jpg,OVAL,WHITE,7,OVAL_WHITE,139,0,0,0,0,0,0,0,0,0,0,1,0
68462-0248-05_RXNAVIMAGE10_5E12AF25_1.jpg,ROUND,PINK,10,ROUND_PINK,168,0,0,0,0,0,0,1,0,0,0,0,0
68462-0248-05_RXNAVIMAGE10_5E12AF25_2.jpg,ROUND,PINK,10,ROUND_PINK,168,0,0,0,0,0,0,1,0,0,0,0,0
00093-0311-01_RXNAVIMAGE10_26211358_1.jpg,CAPSULE,"BROWN, ORANGE",1,"CAPSULE_BROWN, ORANGE",19,0,0,1,0,0,1,0,0,0,0,0,0
00093-0311-01_RXNAVIMAGE10_26211358_2.jpg,CAPSULE,"BROWN, ORANGE",1,"CAPSULE_BROWN, ORANGE",19,0,0,1,0,0,1,0,0,0,0,0,0
00378-1570-01_RXNAVIMAGE10_A10ED096_1.jpg,CAPSULE,PURPLE,1,CAPSULE_PURPLE,61,0,0,0,0,0,0,0,1,0,0,0,0
00378-1570-01_RXNAVIMAGE10_A10ED096_2.jpg,CAPSULE,PURPLE,1,CAPSULE_PURPLE,61,0,0,0,0,0,0,0,1,0,0,0,0
61442-0111-01_RXNAVIMAGE10_AE03D72E_1.jpg,CAPSULE,"BLUE, WHITE",1,"CAPSULE_BLUE, WHITE",16,0,1,0,0,0,0,0,0,0,0,1,0
61442-0111-01_RXNAVIMAGE10_AE03D72E_2.jpg,CAPSULE,"BLUE, WHITE",1,"CAPSULE_BLUE, WHITE",16,0,1,0,0,0,0,0,0,0,0,1,0
00378-8020-77_RXNAVIMAGE10_043B0248_1.jpg,CAPSULE,"PINK, YELLOW",1,"CAPSULE_PINK, YELLOW",60,0,0,0,0,0,0,1,0,0,0,0,1
00378-8020-77_RXNAVIMAGE10_043B0248_2.jpg,CAPSULE,"PINK, YELLOW",1,"CAPSULE_PINK, YELLOW",60,0,0,0,0,0,0,1,0,0,0,0,1
00173-0344-42_RXNAVIMAGE10_6F18B795_1.jpg,PENTAGON,ORANGE,8,PENTAGON_ORANGE,149,0,0,0,0,0,1,0,0,0,0,0,0
00173-0344-42_RXNAVIMAGE10_6F18B795_2.jpg,PENTAGON,ORANGE,8,PENTAGON_ORANGE,149,0,0,0,0,0,1,0,0,0,0,0,0
00832-1080-00_RXNAVIMAGE10_C0266053_1.jpg,ROUND,WHITE,10,ROUND_WHITE,174,0,0,0,0,0,0,0,0,0,0,1,0
00832-1080-00_RXNAVIMAGE10_C0266053_2.jpg,ROUND,WHITE,10,ROUND_WHITE,174,0,0,0,0,0,0,0,0,0,0,1,0
51079-0848-20_RXNAVIMAGE10_00330008_1.jpg,ROUND,WHITE,10,ROUND_WHITE,174,0,0,0,0,0,0,0,0,0,0,1,0
51079-0848-20_RXNAVIMAGE10_00330008_2.jpg,ROUND,WHITE,10,ROUND_WHITE,174,0,0,0,0,0,0,0,0,0,0,1,0
16714-0340-01_RXNAVIMAGE10_034B819C_1.jpg,ROUND,WHITE,10,ROUND_WHITE,174,0,0,0,0,0,0,0,0,0,0,1,0
16714-0340-01_RXNAVIMAGE10_034B819C_2.jpg,ROUND,WHITE,10,ROUND_WHITE,174,0,0,0,0,0,0,0,0,0,0,1,0
55111-0625-01_RXNAVIMAGE10_B53F5AFA_1.jpg,ROUND,WHITE,10,ROUND_WHITE,174,0,0,0,0,0,0,0,0,0,0,1,0
55111-0625-01_RXNAVIMAGE10_B53F5AFA_2.jpg,ROUND,WHITE,10,ROUND_WHITE,174,0,0,0,0,0,0,0,0,0,0,1,0
00603-3741-21_RXNAVIMAGE10_DD22EEE7_1.jpg,ROUND,WHITE,10,ROUND_WHITE,174,0,0,0,0,0,0,0,0,0,0,1,0
00603-3741-21_RXNAVIMAGE10_DD22EEE7_2.jpg,ROUND,WHITE,10,ROUND_WHITE,174,0,0,0,0,0,0,0,0,0,0,1,0
00603-0169-02_RXNAVIMAGE10_6E33B73D_1.jpg,ROUND,ORANGE,10,ROUND_ORANGE,166,0,0,0,0,0,1,0,0,0,0,0,0
00603-0169-02_RXNAVIMAGE10_6E33B73D_2.jpg,ROUND,ORANGE,10,ROUND_ORANGE,166,0,0,0,0,0,1,0,0,0,0,0,0
00093-4336-01_RXNAVIMAGE10_CA2DE50F_1.jpg,CAPSULE,WHITE,1,CAPSULE_WHITE,81,0,0,0,0,0,0,0,0,0,0,1,0
00093-4336-01_RXNAVIMAGE10_CA2DE50F_2.jpg,CAPSULE,WHITE,1,CAPSULE_WHITE,81,0,0,0,0,0,0,0,0,0,0,1,0
51285-0081-98_RXNAVIMAGE10_FF367FE3_1.jpg,ROUND,YELLOW,10,ROUND_YELLOW,178,0,0,0,0,0,0,0,0,0,0,0,1
51285-0081-98_RXNAVIMAGE10_FF367FE3_2.jpg,ROUND,YELLOW,10,ROUND_YELLOW,178,0,0,0,0,0,0,0,0,0,0,0,1
69097-0813-12_RXNAVIMAGE10_384F9C0C_1.jpg,CAPSULE,WHITE,1,CAPSULE_WHITE,81,0,0,0,0,0,0,0,0,0,0,1,0
69097-0813-12_RXNAVIMAGE10_384F9C0C_2.jpg,CAPSULE,WHITE,1,CAPSULE_WHITE,81,0,0,0,0,0,0,0,0,0,0,1,0
55253-0600-30_RXNAVIMAGE10_C635637B_1.jpg,ROUND,ORANGE,10,ROUND_ORANGE,166,0,0,0,0,0,1,0,0,0,0,0,0
55253-0600-30_RXNAVIMAGE10_C635637B_2.jpg,ROUND,ORANGE,10,ROUND_ORANGE,166,0,0,0,0,0,1,0,0,0,0,0,0
00143-1765-01_RXNAVIMAGE10_6D0836D1_1.jpg,ROUND,YELLOW,10,ROUND_YELLOW,178,0,0,0,0,0,0,0,0,0,0,0,1
00143-1765-01_RXNAVIMAGE10_6D0836D1_2.jpg,ROUND,YELLOW,10,ROUND_YELLOW,178,0,0,0,0,0,0,0,0,0,0,0,1
00378-1813-01_RXNAVIMAGE10_4823A43D_1.jpg,OVAL,BROWN,7,OVAL_BROWN,125,0,0,1,0,0,0,0,0,0,0,0,0
00378-1813-01_RXNAVIMAGE10_4823A43D_2.jpg,OVAL,BROWN,7,OVAL_BROWN,125,0,0,1,0,0,0,0,0,0,0,0,0
68382-0056-10_RXNAVIMAGE10_1F128FD4_1.jpg,OVAL,ORANGE,7,OVAL_ORANGE,130,0,0,0,0,0,1,0,0,0,0,0,0
68382-0056-10_RXNAVIMAGE10_1F128FD4_2.jpg,OVAL,ORANGE,7,OVAL_ORANGE,130,0,0,0,0,0,1,0,0,0,0,0,0
65862-0391-10_RXNAVIMAGE10_3E3F1F78_1.jpg,ROUND,WHITE,10,ROUND_WHITE,174,0,0,0,0,0,0,0,0,0,0,1,0
65862-0391-10_RXNAVIMAGE10_3E3F1F78_2.jpg,ROUND,WHITE,10,ROUND_WHITE,174,0,0,0,0,0,0,0,0,0,0,1,0
00074-6123-90_RXNAVIMAGE10_C93D64FB_1.jpg,OVAL,WHITE,7,OVAL_WHITE,139,0,0,0,0,0,0,0,0,0,0,1,0
00074-6123-90_RXNAVIMAGE10_C93D64FB_2.jpg,OVAL,WHITE,7,OVAL_WHITE,139,0,0,0,0,0,0,0,0,0,0,1,0
50458-0251-00_RXNAVIMAGE10_E045702B_1.jpg,ROUND,BLUE,10,ROUND_BLUE,160,0,1,0,0,0,0,0,0,0,0,0,0
50458-0251-00_RXNAVIMAGE10_E045702B_2.jpg,ROUND,BLUE,10,ROUND_BLUE,160,0,1,0,0,0,0,0,0,0,0,0,0
55111-0532-01_RXNAVIMAGE10_C238E137_1.jpg,CAPSULE,"WHITE, BLUE",1,"CAPSULE_WHITE, BLUE",83,0,1,0,0,0,0,0,0,0,0,1,0
55111-0532-01_RXNAVIMAGE10_C238E137_2.jpg,CAPSULE,"WHITE, BLUE",1,"CAPSULE_WHITE, BLUE",83,0,1,0,0,0,0,0,0,0,0,1,0
00378-2264-01_RXNAVIMAGE10_BD34DEE6_1.jpg,CAPSULE,"BLACK, PURPLE",1,"CAPSULE_BLACK, PURPLE",3,1,0,0,0,0,0,0,1,0,0,0,0
00378-2264-01_RXNAVIMAGE10_BD34DEE6_2.jpg,CAPSULE,"BLACK, PURPLE",1,"CAPSULE_BLACK, PURPLE",3,1,0,0,0,0,0,0,1,0,0,0,0
00781-1392-01_RXNAVIMAGE10_613DB08D_1.jpg,ROUND,YELLOW,10,ROUND_YELLOW,178,0,0,0,0,0,0,0,0,0,0,0,1
00781-1392-01_RXNAVIMAGE10_613DB08D_2.jpg,ROUND,YELLOW,10,ROUND_YELLOW,178,0,0,0,0,0,0,0,0,0,0,0,1
00046-1100-81_RXNAVIMAGE10_F8417C6B_1.jpg,OVAL,GREEN,7,OVAL_GREEN,129,0,0,0,0,1,0,0,0,0,0,0,0
00046-1100-81_RXNAVIMAGE10_F8417C6B_2.jpg,OVAL,GREEN,7,OVAL_GREEN,129,0,0,0,0,1,0,0,0,0,0,0,0
55494-0100-10_RXNAVIMAGE10_B639DB2E_1.jpg,ROUND,WHITE,10,ROUND_WHITE,174,0,0,0,0,0,0,0,0,0,0,1,0
55494-0100-10_RXNAVIMAGE10_B639DB2E_2.jpg,ROUND,WHITE,10,ROUND_WHITE,174,0,0,0,0,0,0,0,0,0,0,1,0
00093-8232-56_RXNAVIMAGE10_673833C1_1.jpg,OVAL,PINK,7,OVAL_PINK,133,0,0,0,0,0,0,1,0,0,0,0,0
00093-8232-56_RXNAVIMAGE10_673833C1_2.jpg,OVAL,PINK,7,OVAL_PINK,133,0,0,0,0,0,0,1,0,0,0,0,0
00363-0572-31_RXNAVIMAGE10_9038C876_1.jpg,CAPSULE,"RED, WHITE",1,"CAPSULE_RED, WHITE",74,0,0,0,0,0,0,0,0,1,0,1,0
00363-0572-31_RXNAVIMAGE10_9038C876_2.jpg,CAPSULE,"RED, WHITE",1,"CAPSULE_RED, WHITE",74,0,0,0,0,0,0,0,0,1,0,1,0
47335-0676-13_RXNAVIMAGE10_5739ABBD_1.jpg,CAPSULE,"BLUE, BLUE",1,"CAPSULE_BLUE, BLUE",8,0,1,0,0,0,0,0,0,0,0,0,0
47335-0676-13_RXNAVIMAGE10_5739ABBD_2.jpg,CAPSULE,"BLUE, BLUE",1,"CAPSULE_BLUE, BLUE",8,0,1,0,0,0,0,0,0,0,0,0,0
51991-0320-06_RXNAVIMAGE10_583F2C69_1.jpg,OVAL,ORANGE,7,OVAL_ORANGE,130,0,0,0,0,0,1,0,0,0,0,0,0
51991-0320-06_RXNAVIMAGE10_583F2C69_2.jpg,OVAL,ORANGE,7,OVAL_ORANGE,130,0,0,0,0,0,1,0,0,0,0,0,0
57664-0502-89_RXNAVIMAGE10_70503861_1.jpg,ROUND,WHITE,10,ROUND_WHITE,174,0,0,0,0,0,0,0,0,0,0,1,0
57664-0502-89_RXNAVIMAGE10_70503861_2.jpg,ROUND,WHITE,10,ROUND_WHITE,174,0,0,0,0,0,0,0,0,0,0,1,0
63304-0537-01_RXNAVIMAGE10_C2206103_1.jpg,ROUND,YELLOW,10,ROUND_YELLOW,178,0,0,0,0,0,0,0,0,0,0,0,1
63304-0537-01_RXNAVIMAGE10_C2206103_2.jpg,ROUND,YELLOW,10,ROUND_YELLOW,178,0,0,0,0,0,0,0,0,0,0,0,1
61442-0112-01_RXNAVIMAGE10_BF03DFFE_1.jpg,OVAL,WHITE,7,OVAL_WHITE,139,0,0,0,0,0,0,0,0,0,0,1,0
61442-0112-01_RXNAVIMAGE10_BF03DFFE_2.jpg,OVAL,WHITE,7,OVAL_WHITE,139,0,0,0,0,0,0,0,0,0,0,1,0
00378-3950-05_RXNAVIMAGE10_D33DE98F_1.jpg,OVAL,WHITE,7,OVAL_WHITE,139,0,0,0,0,0,0,0,0,0,0,1,0
00378-3950-05_RXNAVIMAGE10_D33DE98F_2.jpg,OVAL,WHITE,7,OVAL_WHITE,139,0,0,0,0,0,0,0,0,0,0,1,0
00093-0073-01_RXNAVIMAGE10_6C42B615_1.jpg,ROUND,PINK,10,ROUND_PINK,168,0,0,0,0,0,0,1,0,0,0,0,0
00093-0073-01_RXNAVIMAGE10_6C42B615_2.jpg,ROUND,PINK,10,ROUND_PINK,168,0,0,0,0,0,0,1,0,0,0,0,0
50111-0917-01_RXNAVIMAGE10_8035C07E_1.jpg,ROUND,WHITE,10,ROUND_WHITE,174,0,0,0,0,0,0,0,0,0,0,1,0
50111-0917-01_RXNAVIMAGE10_8035C07E_2.jpg,ROUND,WHITE,10,ROUND_WHITE,174,0,0,0,0,0,0,0,0,0,0,1,0
50458-0191-00_RXNAVIMAGE10_F6457B3B_1.jpg,ROUND,BLUE,10,ROUND_BLUE,160,0,1,0,0,0,0,0,0,0,0,0,0
50458-0191-00_RXNAVIMAGE10_F6457B3B_2.jpg,ROUND,BLUE,10,ROUND_BLUE,160,0,1,0,0,0,0,0,0,0,0,0,0
00591-3870-60_RXNAVIMAGE10_4D4E26A1_1.jpg,OVAL,BROWN,7,OVAL_BROWN,125,0,0,1,0,0,0,0,0,0,0,0,0
00591-3870-60_RXNAVIMAGE10_4D4E26A1_2.jpg,OVAL,BROWN,7,OVAL_BROWN,125,0,0,1,0,0,0,0,0,0,0,0,0
00591-5535-50_RXNAVIMAGE10_331599CC_1.jpg,CAPSULE,"TURQUOISE, WHITE",1,"CAPSULE_TURQUOISE, WHITE",80,0,0,0,0,0,0,0,0,0,1,1,0
00591-5535-50_RXNAVIMAGE10_331599CC_2.jpg,CAPSULE,"TURQUOISE, WHITE",1,"CAPSULE_TURQUOISE, WHITE",80,0,0,0,0,0,0,0,0,0,1,1,0
00172-5033-60_RXNAVIMAGE10_BD2D5E9A_1.jpg,ROUND,BLUE,10,ROUND_BLUE,160,0,1,0,0,0,0,0,0,0,0,0,0
00172-5033-60_RXNAVIMAGE10_BD2D5E9A_2.jpg,ROUND,BLUE,10,ROUND_BLUE,160,0,1,0,0,0,0,0,0,0,0,0,0
00093-7214-98_RXNAVIMAGE10_C929E4EF_1.jpg,OVAL,WHITE,7,OVAL_WHITE,139,0,0,0,0,0,0,0,0,0,0,1,0
00093-7214-98_RXNAVIMAGE10_C929E4EF_2.jpg,OVAL,WHITE,7,OVAL_WHITE,139,0,0,0,0,0,0,0,0,0,0,1,0
59762-2003-01_RXNAVIMAGE10_EC1DF61F_1.jpg,CAPSULE,WHITE,1,CAPSULE_WHITE,81,0,0,0,0,0,0,0,0,0,0,1,0
59762-2003-01_RXNAVIMAGE10_EC1DF61F_2.jpg,CAPSULE,WHITE,1,CAPSULE_WHITE,81,0,0,0,0,0,0,0,0,0,0,1,0
62756-0184-18_RXNAVIMAGE10_AE085772_1.jpg,OVAL,YELLOW,7,OVAL_YELLOW,145,0,0,0,0,0,0,0,0,0,0,0,1
62756-0184-18_RXNAVIMAGE10_AE085772_2.jpg,OVAL,YELLOW,7,OVAL_YELLOW,145,0,0,0,0,0,0,0,0,0,0,0,1
10702-0006-01_RXNAVIMAGE10_1F3A0FA0_1.jpg,ROUND,ORANGE,10,ROUND_ORANGE,166,0,0,0,0,0,1,0,0,0,0,0,0
10702-0006-01_RXNAVIMAGE10_1F3A0FA0_2.jpg,ROUND,ORANGE,10,ROUND_ORANGE,166,0,0,0,0,0,1,0,0,0,0,0,0
00591-5052-01_RXNAVIMAGE10_BD215E8A_1.jpg,ROUND,WHITE,10,ROUND_WHITE,174,0,0,0,0,0,0,0,0,0,0,1,0
00591-5052-01_RXNAVIMAGE10_BD215E8A_2.jpg,ROUND,WHITE,10,ROUND_WHITE,174,0,0,0,0,0,0,0,0,0,0,1,0
59746-0172-06_RXNAVIMAGE10_79503CB1_1.jpg,ROUND,WHITE,10,ROUND_WHITE,174,0,0,0,0,0,0,0,0,0,0,1,0
59746-0172-06_RXNAVIMAGE10_79503CB1_2.jpg,ROUND,WHITE,10,ROUND_WHITE,174,0,0,0,0,0,0,0,0,0,0,1,0
00093-9433-01_RXNAVIMAGE10_9E394F1A_1.jpg,OVAL,PINK,7,OVAL_PINK,133,0,0,0,0,0,0,1,0,0,0,0,0
00093-9433-01_RXNAVIMAGE10_9E394F1A_2.jpg,OVAL,PINK,7,OVAL_PINK,133,0,0,0,0,0,0,1,0,0,0,0,0
51285-0523-02_RXNAVIMAGE10_2F3017D0_1.jpg,ROUND,WHITE,10,ROUND_WHITE,174,0,0,0,0,0,0,0,0,0,0,1,0
51285-0523-02_RXNAVIMAGE10_2F3017D0_2.jpg,ROUND,WHITE,10,ROUND_WHITE,174,0,0,0,0,0,0,0,0,0,0,1,0
00093-7244-06_RXNAVIMAGE10_06050368_1.jpg,OVAL,YELLOW,7,OVAL_YELLOW,145,0,0,0,0,0,0,0,0,0,0,0,1
00093-7244-06_RXNAVIMAGE10_06050368_2.jpg,OVAL,YELLOW,7,OVAL_YELLOW,145,0,0,0,0,0,0,0,0,0,0,0,1
00143-3018-01_RXNAVIMAGE10_8351C19E_1.jpg,CAPSULE,"BLUE, BLUE",1,"CAPSULE_BLUE, BLUE",8,0,1,0,0,0,0,0,0,0,0,0,0
00143-3018-01_RXNAVIMAGE10_8351C19E_2.jpg,CAPSULE,"BLUE, BLUE",1,"CAPSULE_BLUE, BLUE",8,0,1,0,0,0,0,0,0,0,0,0,0
00093-8164-01_RXNAVIMAGE10_42362161_1.jpg,OVAL,YELLOW,7,OVAL_YELLOW,145,0,0,0,0,0,0,0,0,0,0,0,1
00093-8164-01_RXNAVIMAGE10_42362161_2.jpg,OVAL,YELLOW,7,OVAL_YELLOW,145,0,0,0,0,0,0,0,0,0,0,0,1
00004-0802-85_RXNAVIMAGE10_293F949C_1.jpg,CAPSULE,YELLOW,1,CAPSULE_YELLOW,94,0,0,0,0,0,0,0,0,0,0,0,1
00004-0802-85_RXNAVIMAGE10_293F949C_2.jpg,CAPSULE,YELLOW,1,CAPSULE_YELLOW,94,0,0,0,0,0,0,0,0,0,0,0,1
65862-0203-90_RXNAVIMAGE10_A74453E2_1.jpg,OVAL,GREEN,7,OVAL_GREEN,129,0,0,0,0,1,0,0,0,0,0,0,0
65862-0203-90_RXNAVIMAGE10_A74453E2_2.jpg,OVAL,GREEN,7,OVAL_GREEN,129,0,0,0,0,1,0,0,0,0,0,0,0
51285-0275-01_RXNAVIMAGE10_833641D2_1.jpg,ROUND,YELLOW,10,ROUND_YELLOW,178,0,0,0,0,0,0,0,0,0,0,0,1
51285-0275-01_RXNAVIMAGE10_833641D2_2.jpg,ROUND,YELLOW,10,ROUND_YELLOW,178,0,0,0,0,0,0,0,0,0,0,0,1
00093-8238-56_RXNAVIMAGE10_493824C1_1.jpg,OVAL,PINK,7,OVAL_PINK,133,0,0,0,0,0,0,1,0,0,0,0,0
00093-8238-56_RXNAVIMAGE10_493824C1_2.jpg,OVAL,PINK,7,OVAL_PINK,133,0,0,0,0,0,0,1,0,0,0,0,0
51285-0114-58_RXNAVIMAGE10_942DCA0E_1.jpg,ROUND,WHITE,10,ROUND_WHITE,174,0,0,0,0,0,0,0,0,0,0,1,0
51285-0114-58_RXNAVIMAGE10_942DCA0E_2.jpg,ROUND,WHITE,10,ROUND_WHITE,174,0,0,0,0,0,0,0,0,0,0,1,0
51293-0801-01_RXNAVIMAGE10_394A1C90_1.jpg,ROUND,BROWN,10,ROUND_BROWN,162,0,0,1,0,0,0,0,0,0,0,0,0
51293-0801-01_RXNAVIMAGE10_394A1C90_2.jpg,ROUND,BROWN,10,ROUND_BROWN,162,0,0,1,0,0,0,0,0,0,0,0,0
68012-0309-30_RXNAVIMAGE10_BC3D5E0A_1.jpg,ROUND,WHITE,10,ROUND_WHITE,174,0,0,0,0,0,0,0,0,0,0,1,0
68012-0309-30_RXNAVIMAGE10_BC3D5E0A_2.jpg,ROUND,WHITE,10,ROUND_WHITE,174,0,0,0,0,0,0,0,0,0,0,1,0
51672-4051-04_RXNAVIMAGE10_E732F3A7_1.jpg,ROUND,RED,10,ROUND_RED,172,0,0,0,0,0,0,0,0,1,0,0,0
51672-4051-04_RXNAVIMAGE10_E732F3A7_2.jpg,ROUND,RED,10,ROUND_RED,172,0,0,0,0,0,0,0,0,1,0,0,0
00093-7327-01_RXNAVIMAGE10_B02D580A_1.jpg,OVAL,RED,7,OVAL_RED,137,0,0,0,0,0,0,0,0,1,0,0,0
00093-7327-01_RXNAVIMAGE10_B02D580A_2.jpg,OVAL,RED,7,OVAL_RED,137,0,0,0,0,0,0,0,0,1,0,0,0
49884-0406-01_RXNAVIMAGE10_2A331508_1.jpg,ROUND,WHITE,10,ROUND_WHITE,174,0,0,0,0,0,0,0,0,0,0,1,0
49884-0406-01_RXNAVIMAGE10_2A331508_2.jpg,ROUND,WHITE,10,ROUND_WHITE,174,0,0,0,0,0,0,0,0,0,0,1,0
49884-0232-11_RXNAVIMAGE10_B8405C22_1.jpg,ROUND,WHITE,10,ROUND_WHITE,174,0,0,0,0,0,0,0,0,0,0,1,0
49884-0232-11_RXNAVIMAGE10_B8405C22_2.jpg,ROUND,WHITE,10,ROUND_WHITE,174,0,0,0,0,0,0,0,0,0,0,1,0
68382-0064-10_RXNAVIMAGE10_2F129784_1.jpg,OVAL,GREEN,7,OVAL_GREEN,129,0,0,0,0,1,0,0,0,0,0,0,0
68382-0064-10_RXNAVIMAGE10_2F129784_2.jpg,OVAL,GREEN,7,OVAL_GREEN,129,0,0,0,0,1,0,0,0,0,0,0,0
00054-0279-03_RXNAVIMAGE10_B508DAE6_1.jpg,ROUND,WHITE,10,ROUND_WHITE,174,0,0,0,0,0,0,0,0,0,0,1,0
00054-0279-03_RXNAVIMAGE10_B508DAE6_2.jpg,ROUND,WHITE,10,ROUND_WHITE,174,0,0,0,0,0,0,0,0,0,0,1,0
68180-0216-09_RXNAVIMAGE10_37089BE4_1.jpg,OVAL,WHITE,7,OVAL_WHITE,139,0,0,0,0,0,0,0,0,0,0,1,0
68180-0216-09_RXNAVIMAGE10_37089BE4_2.jpg,OVAL,WHITE,7,OVAL_WHITE,139,0,0,0,0,0,0,0,0,0,0,1,0
00603-5801-28_RXNAVIMAGE10_8F4547AA_1.jpg,ROUND,YELLOW,10,ROUND_YELLOW,178,0,0,0,0,0,0,0,0,0,0,0,1
00603-5801-28_RXNAVIMAGE10_8F4547AA_2.jpg,ROUND,YELLOW,10,ROUND_YELLOW,178,0,0,0,0,0,0,0,0,0,0,0,1
00093-2061-98_RXNAVIMAGE10_552B2A99_1.jpg,OVAL,YELLOW,7,OVAL_YELLOW,145,0,0,0,0,0,0,0,0,0,0,0,1
00093-2061-98_RXNAVIMAGE10_552B2A99_2.jpg,OVAL,YELLOW,7,OVAL_YELLOW,145,0,0,0,0,0,0,0,0,0,0,0,1
50111-0323-01_RXNAVIMAGE10_AA2F556A_1.jpg,ROUND,WHITE,10,ROUND_WHITE,174,0,0,0,0,0,0,0,0,0,0,1,0
50111-0323-01_RXNAVIMAGE10_AA2F556A_2.jpg,ROUND,WHITE,10,ROUND_WHITE,174,0,0,0,0,0,0,0,0,0,0,1,0
59762-7021-05_RXNAVIMAGE10_5A07AD0D_1.jpg,ROUND,WHITE,10,ROUND_WHITE,174,0,0,0,0,0,0,0,0,0,0,1,0
59762-7021-05_RXNAVIMAGE10_5A07AD0D_2.jpg,ROUND,WHITE,10,ROUND_WHITE,174,0,0,0,0,0,0,0,0,0,0,1,0
65597-0117-30_RXNAVIMAGE10_A441D24E_1.jpg,ROUND,RED,10,ROUND_RED,172,0,0,0,0,0,0,0,0,1,0,0,0
65597-0117-30_RXNAVIMAGE10_A441D24E_2.jpg,ROUND,RED,10,ROUND_RED,172,0,0,0,0,0,0,0,0,1,0,0,0
00781-1832-01_RXNAVIMAGE10_F8507C13_1.jpg,ROUND,PINK,10,ROUND_PINK,168,0,0,0,0,0,0,1,0,0,0,0,0
00781-1832-01_RXNAVIMAGE10_F8507C13_2.jpg,ROUND,PINK,10,ROUND_PINK,168,0,0,0,0,0,0,1,0,0,0,0,0
00781-1643-66_RXNAVIMAGE10_130409A0_1.jpg,ROUND,PINK,10,ROUND_PINK,168,0,0,0,0,0,0,1,0,0,0,0,0
00781-1643-66_RXNAVIMAGE10_130409A0_2.jpg,ROUND,PINK,10,ROUND_PINK,168,0,0,0,0,0,0,1,0,0,0,0,0
00007-4142-20_RXNAVIMAGE10_F718FBA7_1.jpg,OVAL,WHITE,7,OVAL_WHITE,139,0,0,0,0,0,0,0,0,0,0,1,0
00007-4142-20_RXNAVIMAGE10_F718FBA7_2.jpg,OVAL,WHITE,7,OVAL_WHITE,139,0,0,0,0,0,0,0,0,0,0,1,0
49884-0407-01_RXNAVIMAGE10_16090B48_1.jpg,OVAL,WHITE,7,OVAL_WHITE,139,0,0,0,0,0,0,0,0,0,0,1,0
49884-0407-01_RXNAVIMAGE10_16090B48_2.jpg,OVAL,WHITE,7,OVAL_WHITE,139,0,0,0,0,0,0,0,0,0,0,1,0
76439-0309-10_RXNAVIMAGE10_333B19B8_1.jpg,ROUND,WHITE,10,ROUND_WHITE,174,0,0,0,0,0,0,0,0,0,0,1,0
76439-0309-10_RXNAVIMAGE10_333B19B8_2.jpg,ROUND,WHITE,10,ROUND_WHITE,174,0,0,0,0,0,0,0,0,0,0,1,0
00006-0464-05_RXNAVIMAGE10_4039A01D_1.jpg,CAPSULE,"WHITE, YELLOW",1,"CAPSULE_WHITE, YELLOW",93,0,0,0,0,0,0,0,0,0,0,1,1
00006-0464-05_RXNAVIMAGE10_4039A01D_2.jpg,CAPSULE,"WHITE, YELLOW",1,"CAPSULE_WHITE, YELLOW",93,0,0,0,0,0,0,0,0,0,0,1,1
00555-0159-04_RXNAVIMAGE10_B213593A_1.jpg,CAPSULE,"GREEN, WHITE",1,"CAPSULE_GREEN, WHITE",42,0,0,0,0,1,0,0,0,0,0,1,0
00555-0159-04_RXNAVIMAGE10_B213593A_2.jpg,CAPSULE,"GREEN, WHITE",1,"CAPSULE_GREEN, WHITE",42,0,0,0,0,1,0,0,0,0,0,1,0
52544-0233-41_RXNAVIMAGE10_BF4ADF96_1.jpg,ROUND,BROWN,10,ROUND_BROWN,162,0,0,1,0,0,0,0,0,0,0,0,0
52544-0233-41_RXNAVIMAGE10_BF4ADF96_2.jpg,ROUND,BROWN,10,ROUND_BROWN,162,0,0,1,0,0,0,0,0,0,0,0,0
39328-0106-10_RXNAVIMAGE10_DF476FDB_1.jpg,OVAL,BROWN,7,OVAL_BROWN,125,0,0,1,0,0,0,0,0,0,0,0,0
39328-0106-10_RXNAVIMAGE10_DF476FDB_2.jpg,OVAL,BROWN,7,OVAL_BROWN,125,0,0,1,0,0,0,0,0,0,0,0,0
00378-6280-01_RXNAVIMAGE10_B43E5A02_1.jpg,ROUND,YELLOW,10,ROUND_YELLOW,178,0,0,0,0,0,0,0,0,0,0,0,1
00378-6280-01_RXNAVIMAGE10_B43E5A02_2.jpg,ROUND,YELLOW,10,ROUND_YELLOW,178,0,0,0,0,0,0,0,0,0,0,0,1
00310-0752-90_RXNAVIMAGE10_8F1347FA_1.jpg,ROUND,PINK,10,ROUND_PINK,168,0,0,0,0,0,0,1,0,0,0,0,0
00310-0752-90_RXNAVIMAGE10_8F1347FA_2.jpg,ROUND,PINK,10,ROUND_PINK,168,0,0,0,0,0,0,1,0,0,0,0,0
64980-0140-06_RXNAVIMAGE10_B212D956_1.jpg,ROUND,WHITE,10,ROUND_WHITE,174,0,0,0,0,0,0,0,0,0,0,1,0
64980-0140-06_RXNAVIMAGE10_B212D956_2.jpg,ROUND,WHITE,10,ROUND_WHITE,174,0,0,0,0,0,0,0,0,0,0,1,0
00172-4960-58_RXNAVIMAGE10_AF2DD78E_1.jpg,CAPSULE,BROWN,1,CAPSULE_BROWN,18,0,0,1,0,0,0,0,0,0,0,0,0
00172-4960-58_RXNAVIMAGE10_AF2DD78E_2.jpg,CAPSULE,BROWN,1,CAPSULE_BROWN,18,0,0,1,0,0,0,0,0,0,0,0,0
00555-9016-58_RXNAVIMAGE10_4D2FA69D_1.jpg,ROUND,WHITE,10,ROUND_WHITE,174,0,0,0,0,0,0,0,0,0,0,1,0
00555-9016-58_RXNAVIMAGE10_4D2FA69D_2.jpg,ROUND,WHITE,10,ROUND_WHITE,174,0,0,0,0,0,0,0,0,0,0,1,0
00185-0117-01_RXNAVIMAGE10_D520EAA7_1.jpg,ROUND,WHITE,10,ROUND_WHITE,174,0,0,0,0,0,0,0,0,0,0,1,0
00185-0117-01_RXNAVIMAGE10_D520EAA7_2.jpg,ROUND,WHITE,10,ROUND_WHITE,174,0,0,0,0,0,0,0,0,0,0,1,0
00002-4464-30_RXNAVIMAGE10_B8155C1A_1.jpg,TEAR,YELLOW,13,TEAR_YELLOW,193,0,0,0,0,0,0,0,0,0,0,0,1
00002-4464-30_RXNAVIMAGE10_B8155C1A_2.jpg,TEAR,YELLOW,13,TEAR_YELLOW,193,0,0,0,0,0,0,0,0,0,0,0,1
00093-5502-01_RXNAVIMAGE10_742DBA1D_1.jpg,ROUND,YELLOW,10,ROUND_YELLOW,178,0,0,0,0,0,0,0,0,0,0,0,1
00093-5502-01_RXNAVIMAGE10_742DBA1D_2.jpg,ROUND,YELLOW,10,ROUND_YELLOW,178,0,0,0,0,0,0,0,0,0,0,0,1
00525-0510-90_RXNAVIMAGE10_6E133779_1.jpg,OVAL,BLUE,7,OVAL_BLUE,123,0,1,0,0,0,0,0,0,0,0,0,0
00525-0510-90_RXNAVIMAGE10_6E133779_2.jpg,OVAL,BLUE,7,OVAL_BLUE,123,0,1,0,0,0,0,0,0,0,0,0,0
00185-0144-05_RXNAVIMAGE10_5D3FAEBD_1.jpg,ROUND,YELLOW,10,ROUND_YELLOW,178,0,0,0,0,0,0,0,0,0,0,0,1
00185-0144-05_RXNAVIMAGE10_5D3FAEBD_2.jpg,ROUND,YELLOW,10,ROUND_YELLOW,178,0,0,0,0,0,0,0,0,0,0,0,1
00527-1413-01_RXNAVIMAGE10_F420FA37_1.jpg,ROUND,ORANGE,10,ROUND_ORANGE,166,0,0,0,0,0,1,0,0,0,0,0,0
00527-1413-01_RXNAVIMAGE10_F420FA37_2.jpg,ROUND,ORANGE,10,ROUND_ORANGE,166,0,0,0,0,0,1,0,0,0,0,0,0
29033-0020-12_RXNAVIMAGE10_BE135F6A_1.jpg,CAPSULE,YELLOW,1,CAPSULE_YELLOW,94,0,0,0,0,0,0,0,0,0,0,0,1
29033-0020-12_RXNAVIMAGE10_BE135F6A_2.jpg,CAPSULE,YELLOW,1,CAPSULE_YELLOW,94,0,0,0,0,0,0,0,0,0,0,0,1
00781-1764-01_RXNAVIMAGE10_934FC9CE_1.jpg,ROUND,BROWN,10,ROUND_BROWN,162,0,0,1,0,0,0,0,0,0,0,0,0
00781-1764-01_RXNAVIMAGE10_934FC9CE_2.jpg,ROUND,BROWN,10,ROUND_BROWN,162,0,0,1,0,0,0,0,0,0,0,0,0
16714-0271-03_RXNAVIMAGE10_7E44BF55_1.jpg,OVAL,WHITE,7,OVAL_WHITE,139,0,0,0,0,0,0,0,0,0,0,1,0
16714-0271-03_RXNAVIMAGE10_7E44BF55_2.jpg,OVAL,WHITE,7,OVAL_WHITE,139,0,0,0,0,0,0,0,0,0,0,1,0
16714-0533-10_RXNAVIMAGE10_634EB1A5_1.jpg,TRIANGLE,WHITE,15,TRIANGLE_WHITE,202,0,0,0,0,0,0,0,0,0,0,1,0
16714-0533-10_RXNAVIMAGE10_634EB1A5_2.jpg,TRIANGLE,WHITE,15,TRIANGLE_WHITE,202,0,0,0,0,0,0,0,0,0,0,1,0
00078-0512-05_RXNAVIMAGE10_BF3E5FD2_1.jpg,ROUND,BROWN,10,ROUND_BROWN,162,0,0,1,0,0,0,0,0,0,0,0,0
00078-0512-05_RXNAVIMAGE10_BF3E5FD2_2.jpg,ROUND,BROWN,10,ROUND_BROWN,162,0,0,1,0,0,0,0,0,0,0,0,0
53746-0178-05_RXNAVIMAGE10_7D3C3EF1_1.jpg,OVAL,WHITE,7,OVAL_WHITE,139,0,0,0,0,0,0,0,0,0,0,1,0
53746-0178-05_RXNAVIMAGE10_7D3C3EF1_2.jpg,OVAL,WHITE,7,OVAL_WHITE,139,0,0,0,0,0,0,0,0,0,0,1,0
51285-0690-02_RXNAVIMAGE10_852F42DA_1.jpg,ROUND,WHITE,10,ROUND_WHITE,174,0,0,0,0,0,0,0,0,0,0,1,0
51285-0690-02_RXNAVIMAGE10_852F42DA_2.jpg,ROUND,WHITE,10,ROUND_WHITE,174,0,0,0,0,0,0,0,0,0,0,1,0
00093-7251-01_RXNAVIMAGE10_8C15C60E_1.jpg,OVAL,ORANGE,7,OVAL_ORANGE,130,0,0,0,0,0,1,0,0,0,0,0,0
00093-7251-01_RXNAVIMAGE10_8C15C60E_2.jpg,OVAL,ORANGE,7,OVAL_ORANGE,130,0,0,0,0,0,1,0,0,0,0,0,0
00182-1535-00_RXNAVIMAGE10_1C390E08_1.jpg,ROUND,PINK,10,ROUND_PINK,168,0,0,0,0,0,0,1,0,0,0,0,0
00182-1535-00_RXNAVIMAGE10_1C390E08_2.jpg,ROUND,PINK,10,ROUND_PINK,168,0,0,0,0,0,0,1,0,0,0,0,0
50458-0650-60_RXNAVIMAGE10_4B16A585_1.jpg,OVAL,YELLOW,7,OVAL_YELLOW,145,0,0,0,0,0,0,0,0,0,0,0,1
50458-0650-60_RXNAVIMAGE10_4B16A585_2.jpg,OVAL,YELLOW,7,OVAL_YELLOW,145,0,0,0,0,0,0,0,0,0,0,0,1
00093-1122-01_RXNAVIMAGE10_7305B9DD_1.jpg,OVAL,ORANGE,7,OVAL_ORANGE,130,0,0,0,0,0,1,0,0,0,0,0,0
00093-1122-01_RXNAVIMAGE10_7305B9DD_2.jpg,OVAL,ORANGE,7,OVAL_ORANGE,130,0,0,0,0,0,1,0,0,0,0,0,0
00093-5277-01_RXNAVIMAGE10_F541FAFF_1.jpg,ROUND,WHITE,10,ROUND_WHITE,174,0,0,0,0,0,0,0,0,0,0,1,0
00093-5277-01_RXNAVIMAGE10_F541FAFF_2.jpg,ROUND,WHITE,10,ROUND_WHITE,174,0,0,0,0,0,0,0,0,0,0,1,0
00093-8055-14_RXNAVIMAGE10_CD3866F3_1.jpg,CAPSULE,BROWN,1,CAPSULE_BROWN,18,0,0,1,0,0,0,0,0,0,0,0,0
00093-8055-14_RXNAVIMAGE10_CD3866F3_2.jpg,CAPSULE,BROWN,1,CAPSULE_BROWN,18,0,0,1,0,0,0,0,0,0,0,0,0
51672-4125-01_RXNAVIMAGE10_50132849_1.jpg,OVAL,WHITE,7,OVAL_WHITE,139,0,0,0,0,0,0,0,0,0,0,1,0
51672-4125-01_RXNAVIMAGE10_50132849_2.jpg,OVAL,WHITE,7,OVAL_WHITE,139,0,0,0,0,0,0,0,0,0,0,1,0
00093-2204-01_RXNAVIMAGE10_8426C266_1.jpg,ROUND,WHITE,10,ROUND_WHITE,174,0,0,0,0,0,0,0,0,0,0,1,0
00093-2204-01_RXNAVIMAGE10_8426C266_2.jpg,ROUND,WHITE,10,ROUND_WHITE,174,0,0,0,0,0,0,0,0,0,0,1,0
00076-0901-01_RXNAVIMAGE10_CC15E64F_1.jpg,ROUND,BLUE,10,ROUND_BLUE,160,0,1,0,0,0,0,0,0,0,0,0,0
00076-0901-01_RXNAVIMAGE10_CC15E64F_2.jpg,ROUND,BLUE,10,ROUND_BLUE,160,0,1,0,0,0,0,0,0,0,0,0,0
00591-5319-01_RXNAVIMAGE10_810E40D2_1.jpg,ROUND,WHITE,10,ROUND_WHITE,174,0,0,0,0,0,0,0,0,0,0,1,0
00591-5319-01_RXNAVIMAGE10_810E40D2_2.jpg,ROUND,WHITE,10,ROUND_WHITE,174,0,0,0,0,0,0,0,0,0,0,1,0
00781-1874-31_RXNAVIMAGE10_17040B80_1.jpg,OVAL,WHITE,7,OVAL_WHITE,139,0,0,0,0,0,0,0,0,0,0,1,0
00781-1874-31_RXNAVIMAGE10_17040B80_2.jpg,OVAL,WHITE,7,OVAL_WHITE,139,0,0,0,0,0,0,0,0,0,0,1,0
00093-1023-01_RXNAVIMAGE10_EB35F58F_1.jpg,ROUND,YELLOW,10,ROUND_YELLOW,178,0,0,0,0,0,0,0,0,0,0,0,1
00093-1023-01_RXNAVIMAGE10_EB35F58F_2.jpg,ROUND,YELLOW,10,ROUND_YELLOW,178,0,0,0,0,0,0,0,0,0,0,0,1
00054-0021-25_RXNAVIMAGE10_22089104_1.jpg,ROUND,BROWN,10,ROUND_BROWN,162,0,0,1,0,0,0,0,0,0,0,0,0
00054-0021-25_RXNAVIMAGE10_22089104_2.jpg,ROUND,BROWN,10,ROUND_BROWN,162,0,0,1,0,0,0,0,0,0,0,0,0
50844-0453-44_RXNAVIMAGE10_3D391EE8_1.jpg,ROUND,RED,10,ROUND_RED,172,0,0,0,0,0,0,0,0,1,0,0,0
50844-0453-44_RXNAVIMAGE10_3D391EE8_2.jpg,ROUND,RED,10,ROUND_RED,172,0,0,0,0,0,0,0,0,1,0,0,0
49884-0832-11_RXNAVIMAGE10_0F4587FC_1.jpg,CAPSULE,"GREEN, GRAY",1,"CAPSULE_GREEN, GRAY",36,0,0,0,1,1,0,0,0,0,0,0,0
49884-0832-11_RXNAVIMAGE10_0F4587FC_2.jpg,CAPSULE,"GREEN, GRAY",1,"CAPSULE_GREEN, GRAY",36,0,0,0,1,1,0,0,0,0,0,0,0
60793-0858-01_RXNAVIMAGE10_02088174_1.jpg,OVAL,BLUE,7,OVAL_BLUE,123,0,1,0,0,0,0,0,0,0,0,0,0
60793-0858-01_RXNAVIMAGE10_02088174_2.jpg,OVAL,BLUE,7,OVAL_BLUE,123,0,1,0,0,0,0,0,0,0,0,0,0
00228-2633-06_RXNAVIMAGE10_6C203671_1.jpg,ROUND,WHITE,10,ROUND_WHITE,174,0,0,0,0,0,0,0,0,0,0,1,0
00228-2633-06_RXNAVIMAGE10_6C203671_2.jpg,ROUND,WHITE,10,ROUND_WHITE,174,0,0,0,0,0,0,0,0,0,0,1,0
00093-0149-01_RXNAVIMAGE10_2629932C_1.jpg,OVAL,RED,7,OVAL_RED,137,0,0,0,0,0,0,0,0,1,0,0,0
00093-0149-01_RXNAVIMAGE10_2629932C_2.jpg,OVAL,RED,7,OVAL_RED,137,0,0,0,0,0,0,0,0,1,0,0,0
00555-0790-02_RXNAVIMAGE10_D141E8CF_1.jpg,CAPSULE,"BLUE, BROWN",1,"CAPSULE_BLUE, BROWN",9,0,1,1,0,0,0,0,0,0,0,0,0
00555-0790-02_RXNAVIMAGE10_D141E8CF_2.jpg,CAPSULE,"BLUE, BROWN",1,"CAPSULE_BLUE, BROWN",9,0,1,1,0,0,0,0,0,0,0,0,0
00172-4280-60_RXNAVIMAGE10_8F21C7EE_1.jpg,OVAL,WHITE,7,OVAL_WHITE,139,0,0,0,0,0,0,0,0,0,0,1,0
00172-4280-60_RXNAVIMAGE10_8F21C7EE_2.jpg,OVAL,WHITE,7,OVAL_WHITE,139,0,0,0,0,0,0,0,0,0,0,1,0
00186-0008-31_RXNAVIMAGE10_083A0400_1.jpg,ROUND,PINK,10,ROUND_PINK,168,0,0,0,0,0,0,1,0,0,0,0,0
00186-0008-31_RXNAVIMAGE10_083A0400_2.jpg,ROUND,PINK,10,ROUND_PINK,168,0,0,0,0,0,0,1,0,0,0,0,0
16729-0094-01_RXNAVIMAGE10_C13BE0AF_1.jpg,CAPSULE,"BLUE, BROWN",1,"CAPSULE_BLUE, BROWN",9,0,1,1,0,0,0,0,0,0,0,0,0
16729-0094-01_RXNAVIMAGE10_C13BE0AF_2.jpg,CAPSULE,"BLUE, BROWN",1,"CAPSULE_BLUE, BROWN",9,0,1,1,0,0,0,0,0,0,0,0,0
68180-0337-07_RXNAVIMAGE10_DE3C6F23_1.jpg,OVAL,WHITE,7,OVAL_WHITE,139,0,0,0,0,0,0,0,0,0,0,1,0
68180-0337-07_RXNAVIMAGE10_DE3C6F23_2.jpg,OVAL,WHITE,7,OVAL_WHITE,139,0,0,0,0,0,0,0,0,0,0,1,0
00025-1520-31_RXNAVIMAGE10_5B39ADCD_1.jpg,CAPSULE,"WHITE, BLUE",1,"CAPSULE_WHITE, BLUE",83,0,1,0,0,0,0,0,0,0,0,1,0
00025-1520-31_RXNAVIMAGE10_5B39ADCD_2.jpg,CAPSULE,"WHITE, BLUE",1,"CAPSULE_WHITE, BLUE",83,0,1,0,0,0,0,0,0,0,0,1,0
00093-5550-01_RXNAVIMAGE10_C942E4F7_1.jpg,CAPSULE,BLUE,1,CAPSULE_BLUE,7,0,1,0,0,0,0,0,0,0,0,0,0
00093-5550-01_RXNAVIMAGE10_C942E4F7_2.jpg,CAPSULE,BLUE,1,CAPSULE_BLUE,7,0,1,0,0,0,0,0,0,0,0,0,0
42794-0019-02_RXNAVIMAGE10_BC40DE26_1.jpg,ROUND,WHITE,10,ROUND_WHITE,174,0,0,0,0,0,0,0,0,0,0,1,0
42794-0019-02_RXNAVIMAGE10_BC40DE26_2.jpg,ROUND,WHITE,10,ROUND_WHITE,174,0,0,0,0,0,0,0,0,0,0,1,0
00143-1458-10_RXNAVIMAGE10_251B92AC_1.jpg,ROUND,WHITE,10,ROUND_WHITE,174,0,0,0,0,0,0,0,0,0,0,1,0
00143-1458-10_RXNAVIMAGE10_251B92AC_2.jpg,ROUND,WHITE,10,ROUND_WHITE,174,0,0,0,0,0,0,0,0,0,0,1,0
00555-0589-01_RXNAVIMAGE10_172F8B9C_1.jpg,CAPSULE,"BLUE, WHITE",1,"CAPSULE_BLUE, WHITE",16,0,1,0,0,0,0,0,0,0,0,1,0
00555-0589-01_RXNAVIMAGE10_172F8B9C_2.jpg,CAPSULE,"BLUE, WHITE",1,"CAPSULE_BLUE, WHITE",16,0,1,0,0,0,0,0,0,0,0,1,0
00008-0837-22_RXNAVIMAGE10_3015984C_1.jpg,CAPSULE,"ORANGE, GRAY",1,"CAPSULE_ORANGE, GRAY",47,0,0,0,1,0,1,0,0,0,0,0,0
00008-0837-22_RXNAVIMAGE10_3015984C_2.jpg,CAPSULE,"ORANGE, GRAY",1,"CAPSULE_ORANGE, GRAY",47,0,0,0,1,0,1,0,0,0,0,0,0
24338-0122-13_RXNAVIMAGE10_1D3A8EC4_1.jpg,OVAL,WHITE,7,OVAL_WHITE,139,0,0,0,0,0,0,0,0,0,0,1,0
24338-0122-13_RXNAVIMAGE10_1D3A8EC4_2.jpg,OVAL,WHITE,7,OVAL_WHITE,139,0,0,0,0,0,0,0,0,0,0,1,0
24090-0494-84_RXNAVIMAGE10_08510468_1.jpg,ROUND,BROWN,10,ROUND_BROWN,162,0,0,1,0,0,0,0,0,0,0,0,0
24090-0494-84_RXNAVIMAGE10_08510468_2.jpg,ROUND,BROWN,10,ROUND_BROWN,162,0,0,1,0,0,0,0,0,0,0,0,0
10370-0102-03_RXNAVIMAGE10_333A1990_1.jpg,ROUND,WHITE,10,ROUND_WHITE,174,0,0,0,0,0,0,0,0,0,0,1,0
10370-0102-03_RXNAVIMAGE10_333A1990_2.jpg,ROUND,WHITE,10,ROUND_WHITE,174,0,0,0,0,0,0,0,0,0,0,1,0
13811-0687-30_RXNAVIMAGE10_094E0480_1.jpg,OVAL,YELLOW,7,OVAL_YELLOW,145,0,0,0,0,0,0,0,0,0,0,0,1
13811-0687-30_RXNAVIMAGE10_094E0480_2.jpg,OVAL,YELLOW,7,OVAL_YELLOW,145,0,0,0,0,0,0,0,0,0,0,0,1
00093-0983-01_RXNAVIMAGE10_7A29BD5D_1.jpg,ROUND,BROWN,10,ROUND_BROWN,162,0,0,1,0,0,0,0,0,0,0,0,0
00093-0983-01_RXNAVIMAGE10_7A29BD5D_2.jpg,ROUND,BROWN,10,ROUND_BROWN,162,0,0,1,0,0,0,0,0,0,0,0,0
43598-0323-30_RXNAVIMAGE10_38491C78_1.jpg,ROUND,WHITE,10,ROUND_WHITE,174,0,0,0,0,0,0,0,0,0,0,1,0
43598-0323-30_RXNAVIMAGE10_38491C78_2.jpg,ROUND,WHITE,10,ROUND_WHITE,174,0,0,0,0,0,0,0,0,0,0,1,0
49884-0413-01_RXNAVIMAGE10_443D2269_1.jpg,OVAL,WHITE,7,OVAL_WHITE,139,0,0,0,0,0,0,0,0,0,0,1,0
49884-0413-01_RXNAVIMAGE10_443D2269_2.jpg,OVAL,WHITE,7,OVAL_WHITE,139,0,0,0,0,0,0,0,0,0,0,1,0
50419-0407-01_RXNAVIMAGE10_44192279_1.jpg,ROUND,ORANGE,10,ROUND_ORANGE,166,0,0,0,0,0,1,0,0,0,0,0,0
50419-0407-01_RXNAVIMAGE10_44192279_2.jpg,ROUND,ORANGE,10,ROUND_ORANGE,166,0,0,0,0,0,1,0,0,0,0,0,0
00093-8342-01_RXNAVIMAGE10_5C07AE5D_1.jpg,ROUND,WHITE,10,ROUND_WHITE,174,0,0,0,0,0,0,0,0,0,0,1,0
00093-8342-01_RXNAVIMAGE10_5C07AE5D_2.jpg,ROUND,WHITE,10,ROUND_WHITE,174,0,0,0,0,0,0,0,0,0,0,1,0
00093-7394-98_RXNAVIMAGE10_3B381DA0_1.jpg,OVAL,WHITE,7,OVAL_WHITE,139,0,0,0,0,0,0,0,0,0,0,1,0
00093-7394-98_RXNAVIMAGE10_3B381DA0_2.jpg,OVAL,WHITE,7,OVAL_WHITE,139,0,0,0,0,0,0,0,0,0,0,1,0
57844-0208-52_RXNAVIMAGE10_7C35BE3D_1.jpg,CAPSULE,ORANGE,1,CAPSULE_ORANGE,44,0,0,0,0,0,1,0,0,0,0,0,0
57844-0208-52_RXNAVIMAGE10_7C35BE3D_2.jpg,CAPSULE,ORANGE,1,CAPSULE_ORANGE,44,0,0,0,0,0,1,0,0,0,0,0,0
00186-0162-54_RXNAVIMAGE10_E912F487_1.jpg,OVAL,PINK,7,OVAL_PINK,133,0,0,0,0,0,0,1,0,0,0,0,0
00186-0162-54_RXNAVIMAGE10_E912F487_2.jpg,OVAL,PINK,7,OVAL_PINK,133,0,0,0,0,0,0,1,0,0,0,0,0
00093-5505-56_RXNAVIMAGE10_F426FA17_1.jpg,CAPSULE,WHITE,1,CAPSULE_WHITE,81,0,0,0,0,0,0,0,0,0,0,1,0
00093-5505-56_RXNAVIMAGE10_F426FA17_2.jpg,CAPSULE,WHITE,1,CAPSULE_WHITE,81,0,0,0,0,0,0,0,0,0,0,1,0
50111-0325-01_RXNAVIMAGE10_D32F69DB_1.jpg,ROUND,YELLOW,10,ROUND_YELLOW,178,0,0,0,0,0,0,0,0,0,0,0,1
50111-0325-01_RXNAVIMAGE10_D32F69DB_2.jpg,ROUND,YELLOW,10,ROUND_YELLOW,178,0,0,0,0,0,0,0,0,0,0,0,1
00173-0135-55_RXNAVIMAGE10_E718F397_1.jpg,ROUND,PURPLE,10,ROUND_PURPLE,171,0,0,0,0,0,0,0,1,0,0,0,0
00173-0135-55_RXNAVIMAGE10_E718F397_2.jpg,ROUND,PURPLE,10,ROUND_PURPLE,171,0,0,0,0,0,0,0,1,0,0,0,0
55111-0125-06_RXNAVIMAGE10_1F3B8FDC_1.jpg,OVAL,WHITE,7,OVAL_WHITE,139,0,0,0,0,0,0,0,0,0,0,1,0
55111-0125-06_RXNAVIMAGE10_1F3B8FDC_2.jpg,OVAL,WHITE,7,OVAL_WHITE,139,0,0,0,0,0,0,0,0,0,0,1,0
61442-0172-30_RXNAVIMAGE10_19458CAC_1.jpg,CAPSULE,"BLUE, ORANGE",1,"CAPSULE_BLUE, ORANGE",12,0,1,0,0,0,1,0,0,0,0,0,0
61442-0172-30_RXNAVIMAGE10_19458CAC_2.jpg,CAPSULE,"BLUE, ORANGE",1,"CAPSULE_BLUE, ORANGE",12,0,1,0,0,0,1,0,0,0,0,0,0
00007-3371-61_RXNAVIMAGE10_D4196A4B_1.jpg,CAPSULE,"WHITE, YELLOW",1,"CAPSULE_WHITE, YELLOW",93,0,0,0,0,0,0,0,0,0,0,1,1
00007-3371-61_RXNAVIMAGE10_D4196A4B_2.jpg,CAPSULE,"WHITE, YELLOW",1,"CAPSULE_WHITE, YELLOW",93,0,0,0,0,0,0,0,0,0,0,1,1
00173-0556-02_RXNAVIMAGE10_251912B8_1.jpg,ROUND,PURPLE,10,ROUND_PURPLE,171,0,0,0,0,0,0,0,1,0,0,0,0
00173-0556-02_RXNAVIMAGE10_251912B8_2.jpg,ROUND,PURPLE,10,ROUND_PURPLE,171,0,0,0,0,0,0,0,1,0,0,0,0
51079-0924-20_RXNAVIMAGE10_0F3E87C4_1.jpg,CAPSULE,"PINK, WHITE",1,"CAPSULE_PINK, WHITE",59,0,0,0,0,0,0,1,0,0,0,1,0
51079-0924-20_RXNAVIMAGE10_0F3E87C4_2.jpg,CAPSULE,"PINK, WHITE",1,"CAPSULE_PINK, WHITE",59,0,0,0,0,0,0,1,0,0,0,1,0
59746-0386-06_RXNAVIMAGE10_A40ED216_1.jpg,CAPSULE,GREEN,1,CAPSULE_GREEN,32,0,0,0,0,1,0,0,0,0,0,0,0
59746-0386-06_RXNAVIMAGE10_A40ED216_2.jpg,CAPSULE,GREEN,1,CAPSULE_GREEN,32,0,0,0,0,1,0,0,0,0,0,0,0
13811-0525-01_RXNAVIMAGE10_903CC806_1.jpg,OVAL,RED,7,OVAL_RED,137,0,0,0,0,0,0,0,0,1,0,0,0
13811-0525-01_RXNAVIMAGE10_903CC806_2.jpg,OVAL,RED,7,OVAL_RED,137,0,0,0,0,0,0,0,0,1,0,0,0
00093-7146-18_RXNAVIMAGE10_5D242E91_1.jpg,OVAL,PINK,7,OVAL_PINK,133,0,0,0,0,0,0,1,0,0,0,0,0
00093-7146-18_RXNAVIMAGE10_5D242E91_2.jpg,OVAL,PINK,7,OVAL_PINK,133,0,0,0,0,0,0,1,0,0,0,0,0
62037-0793-60_RXNAVIMAGE10_832041B2_1.jpg,ROUND,WHITE,10,ROUND_WHITE,174,0,0,0,0,0,0,0,0,0,0,1,0
62037-0793-60_RXNAVIMAGE10_832041B2_2.jpg,ROUND,WHITE,10,ROUND_WHITE,174,0,0,0,0,0,0,0,0,0,0,1,0
00087-2876-31_RXNAVIMAGE10_DF12EFD7_1.jpg,OVAL,ORANGE,7,OVAL_ORANGE,130,0,0,0,0,0,1,0,0,0,0,0,0
00087-2876-31_RXNAVIMAGE10_DF12EFD7_2.jpg,OVAL,ORANGE,7,OVAL_ORANGE,130,0,0,0,0,0,1,0,0,0,0,0,0
68382-0097-06_RXNAVIMAGE10_D2086973_1.jpg,ROUND,WHITE,10,ROUND_WHITE,174,0,0,0,0,0,0,0,0,0,0,1,0
68382-0097-06_RXNAVIMAGE10_D2086973_2.jpg,ROUND,WHITE,10,ROUND_WHITE,174,0,0,0,0,0,0,0,0,0,0,1,0
16252-0618-30_RXNAVIMAGE10_7850BC35_1.jpg,OVAL,PINK,7,OVAL_PINK,133,0,0,0,0,0,0,1,0,0,0,0,0
16252-0618-30_RXNAVIMAGE10_7850BC35_2.jpg,OVAL,PINK,7,OVAL_PINK,133,0,0,0,0,0,0,1,0,0,0,0,0
00093-7165-01_RXNAVIMAGE10_C042E077_1.jpg,CAPSULE,"WHITE, BLUE",1,"CAPSULE_WHITE, BLUE",83,0,1,0,0,0,0,0,0,0,0,1,0
00093-7165-01_RXNAVIMAGE10_C042E077_2.jpg,CAPSULE,"WHITE, BLUE",1,"CAPSULE_WHITE, BLUE",83,0,1,0,0,0,0,0,0,0,0,1,0
00115-4433-01_RXNAVIMAGE10_7E51BF5D_1.jpg,CAPSULE,"YELLOW, RED",1,"CAPSULE_YELLOW, RED",102,0,0,0,0,0,0,0,0,1,0,0,1
00115-4433-01_RXNAVIMAGE10_7E51BF5D_2.jpg,CAPSULE,"YELLOW, RED",1,"CAPSULE_YELLOW, RED",102,0,0,0,0,0,0,0,0,1,0,0,1
00093-7381-01_RXNAVIMAGE10_512928D9_1.jpg,ROUND,ORANGE,10,ROUND_ORANGE,166,0,0,0,0,0,1,0,0,0,0,0,0
00093-7381-01_RXNAVIMAGE10_512928D9_2.jpg,ROUND,ORANGE,10,ROUND_ORANGE,166,0,0,0,0,0,1,0,0,0,0,0,0
64764-0171-30_RXNAVIMAGE10_4D39A6AD_1.jpg,CAPSULE,"BLUE, GRAY",1,"CAPSULE_BLUE, GRAY",10,0,1,0,1,0,0,0,0,0,0,0,0
64764-0171-30_RXNAVIMAGE10_4D39A6AD_2.jpg,CAPSULE,"BLUE, GRAY",1,"CAPSULE_BLUE, GRAY",10,0,1,0,1,0,0,0,0,0,0,0,0
00093-7471-43_RXNAVIMAGE10_9E35CF7E_1.jpg,OVAL,WHITE,7,OVAL_WHITE,139,0,0,0,0,0,0,0,0,0,0,1,0
00093-7471-43_RXNAVIMAGE10_9E35CF7E_2.jpg,OVAL,WHITE,7,OVAL_WHITE,139,0,0,0,0,0,0,0,0,0,0,1,0
00093-3167-53_RXNAVIMAGE10_10270828_1.jpg,CAPSULE,"RED, PINK",1,"CAPSULE_RED, PINK",72,0,0,0,0,0,0,1,0,1,0,0,0
00093-3167-53_RXNAVIMAGE10_10270828_2.jpg,CAPSULE,"RED, PINK",1,"CAPSULE_RED, PINK",72,0,0,0,0,0,0,1,0,1,0,0,0
00591-0782-01_RXNAVIMAGE10_FA45FD5F_1.jpg,OVAL,WHITE,7,OVAL_WHITE,139,0,0,0,0,0,0,0,0,0,0,1,0
00591-0782-01_RXNAVIMAGE10_FA45FD5F_2.jpg,OVAL,WHITE,7,OVAL_WHITE,139,0,0,0,0,0,0,0,0,0,0,1,0
63304-0900-90_RXNAVIMAGE10_B53B5AFA_1.jpg,OVAL,WHITE,7,OVAL_WHITE,139,0,0,0,0,0,0,0,0,0,0,1,0
63304-0900-90_RXNAVIMAGE10_B53B5AFA_2.jpg,OVAL,WHITE,7,OVAL_WHITE,139,0,0,0,0,0,0,0,0,0,0,1,0
00555-9010-58_RXNAVIMAGE10_3B2F9D9C_1.jpg,ROUND,WHITE,10,ROUND_WHITE,174,0,0,0,0,0,0,0,0,0,0,1,0
00555-9010-58_RXNAVIMAGE10_3B2F9D9C_2.jpg,ROUND,WHITE,10,ROUND_WHITE,174,0,0,0,0,0,0,0,0,0,0,1,0
00245-0211-11_RXNAVIMAGE10_8B5045E2_1.jpg,ROUND,WHITE,10,ROUND_WHITE,174,0,0,0,0,0,0,0,0,0,0,1,0
00245-0211-11_RXNAVIMAGE10_8B5045E2_2.jpg,ROUND,WHITE,10,ROUND_WHITE,174,0,0,0,0,0,0,0,0,0,0,1,0
00062-0214-60_RXNAVIMAGE10_9515CABE_1.jpg,ROUND,WHITE,10,ROUND_WHITE,174,0,0,0,0,0,0,0,0,0,0,1,0
00062-0214-60_RXNAVIMAGE10_9515CABE_2.jpg,ROUND,WHITE,10,ROUND_WHITE,174,0,0,0,0,0,0,0,0,0,0,1,0
00078-0337-05_RXNAVIMAGE10_DC126E13_1.jpg,OVAL,YELLOW,7,OVAL_YELLOW,145,0,0,0,0,0,0,0,0,0,0,0,1
00078-0337-05_RXNAVIMAGE10_DC126E13_2.jpg,OVAL,YELLOW,7,OVAL_YELLOW,145,0,0,0,0,0,0,0,0,0,0,0,1
51285-0080-70_RXNAVIMAGE10_402FA00D_1.jpg,ROUND,YELLOW,10,ROUND_YELLOW,178,0,0,0,0,0,0,0,0,0,0,0,1
51285-0080-70_RXNAVIMAGE10_402FA00D_2.jpg,ROUND,YELLOW,10,ROUND_YELLOW,178,0,0,0,0,0,0,0,0,0,0,0,1
65862-0062-01_RXNAVIMAGE10_FB23FDDF_1.jpg,ROUND,WHITE,10,ROUND_WHITE,174,0,0,0,0,0,0,0,0,0,0,1,0
65862-0062-01_RXNAVIMAGE10_FB23FDDF_2.jpg,ROUND,WHITE,10,ROUND_WHITE,174,0,0,0,0,0,0,0,0,0,0,1,0
68180-0312-01_RXNAVIMAGE10_7D3B3EA9_1.jpg,ROUND,GREEN,10,ROUND_GREEN,164,0,0,0,0,1,0,0,0,0,0,0,0
68180-0312-01_RXNAVIMAGE10_7D3B3EA9_2.jpg,ROUND,GREEN,10,ROUND_GREEN,164,0,0,0,0,1,0,0,0,0,0,0,0
00173-0784-01_RXNAVIMAGE10_37191BB8_1.jpg,ROUND,PINK,10,ROUND_PINK,168,0,0,0,0,0,0,1,0,0,0,0,0
00173-0784-01_RXNAVIMAGE10_37191BB8_2.jpg,ROUND,PINK,10,ROUND_PINK,168,0,0,0,0,0,0,1,0,0,0,0,0
59148-0007-13_RXNAVIMAGE10_9A154D1A_1.jpg,RECTANGLE,BLUE,9,RECTANGLE_BLUE,155,0,1,0,0,0,0,0,0,0,0,0,0
59148-0007-13_RXNAVIMAGE10_9A154D1A_2.jpg,RECTANGLE,BLUE,9,RECTANGLE_BLUE,155,0,1,0,0,0,0,0,0,0,0,0,0
00093-3129-01_RXNAVIMAGE10_B32DD9FE_1.jpg,CAPSULE,"RED, WHITE",1,"CAPSULE_RED, WHITE",74,0,0,0,0,0,0,0,0,1,0,1,0
00093-3129-01_RXNAVIMAGE10_B32DD9FE_2.jpg,CAPSULE,"RED, WHITE",1,"CAPSULE_RED, WHITE",74,0,0,0,0,0,0,0,0,1,0,1,0
00007-4894-20_RXNAVIMAGE10_C718E3D7_1.jpg,PENTAGON,BLUE,8,PENTAGON_BLUE,146,0,1,0,0,0,0,0,0,0,0,0,0
00007-4894-20_RXNAVIMAGE10_C718E3D7_2.jpg,PENTAGON,BLUE,8,PENTAGON_BLUE,146,0,1,0,0,0,0,0,0,0,0,0,0
51672-4028-01_RXNAVIMAGE10_C6326373_1.jpg,OVAL,PURPLE,7,OVAL_PURPLE,135,0,0,0,0,0,0,0,1,0,0,0,0
51672-4028-01_RXNAVIMAGE10_C6326373_2.jpg,OVAL,PURPLE,7,OVAL_PURPLE,135,0,0,0,0,0,0,0,1,0,0,0,0
31722-0269-90_RXNAVIMAGE10_14508A54_1.jpg,ROUND,BROWN,10,ROUND_BROWN,162,0,0,1,0,0,0,0,0,0,0,0,0
31722-0269-90_RXNAVIMAGE10_14508A54_2.jpg,ROUND,BROWN,10,ROUND_BROWN,162,0,0,1,0,0,0,0,0,0,0,0,0
00378-6046-28_RXNAVIMAGE10_3141988C_1.jpg,ROUND,GREEN,10,ROUND_GREEN,164,0,0,0,0,1,0,0,0,0,0,0,0
00378-6046-28_RXNAVIMAGE10_3141988C_2.jpg,ROUND,GREEN,10,ROUND_GREEN,164,0,0,0,0,1,0,0,0,0,0,0,0
68180-0759-01_RXNAVIMAGE10_3C3E9E74_1.jpg,CAPSULE,"GREEN, WHITE",1,"CAPSULE_GREEN, WHITE",42,0,0,0,0,1,0,0,0,0,0,1,0
68180-0759-01_RXNAVIMAGE10_3C3E9E74_2.jpg,CAPSULE,"GREEN, WHITE",1,"CAPSULE_GREEN, WHITE",42,0,0,0,0,1,0,0,0,0,0,1,0
60505-0185-00_RXNAVIMAGE10_27269384_1.jpg,OVAL,RED,7,OVAL_RED,137,0,0,0,0,0,0,0,0,1,0,0,0
60505-0185-00_RXNAVIMAGE10_27269384_2.jpg,OVAL,RED,7,OVAL_RED,137,0,0,0,0,0,0,0,0,1,0,0,0
60505-0081-00_RXNAVIMAGE10_CA33E55F_1.jpg,OVAL,WHITE,7,OVAL_WHITE,139,0,0,0,0,0,0,0,0,0,0,1,0
60505-0081-00_RXNAVIMAGE10_CA33E55F_2.jpg,OVAL,WHITE,7,OVAL_WHITE,139,0,0,0,0,0,0,0,0,0,0,1,0
50419-0403-01_RXNAVIMAGE10_9A194D0A_1.jpg,ROUND,ORANGE,10,ROUND_ORANGE,166,0,0,0,0,0,1,0,0,0,0,0,0
50419-0403-01_RXNAVIMAGE10_9A194D0A_2.jpg,ROUND,ORANGE,10,ROUND_ORANGE,166,0,0,0,0,0,1,0,0,0,0,0,0
00555-0923-02_RXNAVIMAGE10_8B35C5EE_1.jpg,OVAL,WHITE,7,OVAL_WHITE,139,0,0,0,0,0,0,0,0,0,0,1,0
00555-0923-02_RXNAVIMAGE10_8B35C5EE_2.jpg,OVAL,WHITE,7,OVAL_WHITE,139,0,0,0,0,0,0,0,0,0,0,1,0
57664-0397-51_RXNAVIMAGE10_CB08E5C7_1.jpg,ROUND,WHITE,10,ROUND_WHITE,174,0,0,0,0,0,0,0,0,0,0,1,0
57664-0397-51_RXNAVIMAGE10_CB08E5C7_2.jpg,ROUND,WHITE,10,ROUND_WHITE,174,0,0,0,0,0,0,0,0,0,0,1,0
65862-0209-01_RXNAVIMAGE10_A251D15E_1.jpg,CAPSULE,ORANGE,1,CAPSULE_ORANGE,44,0,0,0,0,0,1,0,0,0,0,0,0
65862-0209-01_RXNAVIMAGE10_A251D15E_2.jpg,CAPSULE,ORANGE,1,CAPSULE_ORANGE,44,0,0,0,0,0,1,0,0,0,0,0,0
00185-0072-60_RXNAVIMAGE10_FC327E73_1.jpg,ROUND,BLUE,10,ROUND_BLUE,160,0,1,0,0,0,0,0,0,0,0,0,0
00185-0072-60_RXNAVIMAGE10_FC327E73_2.jpg,ROUND,BLUE,10,ROUND_BLUE,160,0,1,0,0,0,0,0,0,0,0,0,0
00007-4642-13_RXNAVIMAGE10_8C18C666_1.jpg,ROUND,RED,10,ROUND_RED,172,0,0,0,0,0,0,0,0,1,0,0,0
00007-4642-13_RXNAVIMAGE10_8C18C666_2.jpg,ROUND,RED,10,ROUND_RED,172,0,0,0,0,0,0,0,0,1,0,0,0
00007-4141-20_RXNAVIMAGE10_031901A8_1.jpg,OVAL,WHITE,7,OVAL_WHITE,139,0,0,0,0,0,0,0,0,0,0,1,0
00007-4141-20_RXNAVIMAGE10_031901A8_2.jpg,OVAL,WHITE,7,OVAL_WHITE,139,0,0,0,0,0,0,0,0,0,0,1,0
00591-3423-01_RXNAVIMAGE10_F5077A9B_1.jpg,ROUND,YELLOW,10,ROUND_YELLOW,178,0,0,0,0,0,0,0,0,0,0,0,1
00591-3423-01_RXNAVIMAGE10_F5077A9B_2.jpg,ROUND,YELLOW,10,ROUND_YELLOW,178,0,0,0,0,0,0,0,0,0,0,0,1
65597-0116-30_RXNAVIMAGE10_D13CE8D7_1.jpg,OVAL,YELLOW,7,OVAL_YELLOW,145,0,0,0,0,0,0,0,0,0,0,0,1
65597-0116-30_RXNAVIMAGE10_D13CE8D7_2.jpg,OVAL,YELLOW,7,OVAL_YELLOW,145,0,0,0,0,0,0,0,0,0,0,0,1
00093-7392-98_RXNAVIMAGE10_2E391708_1.jpg,OVAL,WHITE,7,OVAL_WHITE,139,0,0,0,0,0,0,0,0,0,0,1,0
00093-7392-98_RXNAVIMAGE10_2E391708_2.jpg,OVAL,WHITE,7,OVAL_WHITE,139,0,0,0,0,0,0,0,0,0,0,1,0
43547-0336-10_RXNAVIMAGE10_F139F8FF_1.jpg,ROUND,RED,10,ROUND_RED,172,0,0,0,0,0,0,0,0,1,0,0,0
43547-0336-10_RXNAVIMAGE10_F139F8FF_2.jpg,ROUND,RED,10,ROUND_RED,172,0,0,0,0,0,0,0,0,1,0,0,0
00555-0140-09_RXNAVIMAGE10_EE2B771B_1.jpg,ROUND,RED,10,ROUND_RED,172,0,0,0,0,0,0,0,0,1,0,0,0
00555-0140-09_RXNAVIMAGE10_EE2B771B_2.jpg,ROUND,RED,10,ROUND_RED,172,0,0,0,0,0,0,0,0,1,0,0,0
00172-4366-60_RXNAVIMAGE10_7F26BFF5_1.jpg,ROUND,GREEN,10,ROUND_GREEN,164,0,0,0,0,1,0,0,0,0,0,0,0
00172-4366-60_RXNAVIMAGE10_7F26BFF5_2.jpg,ROUND,GREEN,10,ROUND_GREEN,164,0,0,0,0,1,0,0,0,0,0,0,0
00069-2600-66_RXNAVIMAGE10_3A211D78_1.jpg,OVAL,ORANGE,7,OVAL_ORANGE,130,0,0,0,0,0,1,0,0,0,0,0,0
00069-2600-66_RXNAVIMAGE10_3A211D78_2.jpg,OVAL,ORANGE,7,OVAL_ORANGE,130,0,0,0,0,0,1,0,0,0,0,0,0
00115-1811-01_RXNAVIMAGE10_FF07FFEF_1.jpg,ROUND,WHITE,10,ROUND_WHITE,174,0,0,0,0,0,0,0,0,0,0,1,0
00115-1811-01_RXNAVIMAGE10_FF07FFEF_2.jpg,ROUND,WHITE,10,ROUND_WHITE,174,0,0,0,0,0,0,0,0,0,0,1,0
00591-5513-10_RXNAVIMAGE10_89084482_1.jpg,ROUND,WHITE,10,ROUND_WHITE,174,0,0,0,0,0,0,0,0,0,0,1,0
00591-5513-10_RXNAVIMAGE10_89084482_2.jpg,ROUND,WHITE,10,ROUND_WHITE,174,0,0,0,0,0,0,0,0,0,0,1,0
64764-0304-30_RXNAVIMAGE10_2015900C_1.jpg,ROUND,WHITE,10,ROUND_WHITE,174,0,0,0,0,0,0,0,0,0,0,1,0
64764-0304-30_RXNAVIMAGE10_2015900C_2.jpg,ROUND,WHITE,10,ROUND_WHITE,174,0,0,0,0,0,0,0,0,0,0,1,0
16252-0599-44_RXNAVIMAGE10_FF3FFFBF_1.jpg,OVAL,WHITE,7,OVAL_WHITE,139,0,0,0,0,0,0,0,0,0,0,1,0
16252-0599-44_RXNAVIMAGE10_FF3FFFBF_2.jpg,OVAL,WHITE,7,OVAL_WHITE,139,0,0,0,0,0,0,0,0,0,0,1,0
00555-9047-58_RXNAVIMAGE10_9136C8D6_1.jpg,ROUND,ORANGE,10,ROUND_ORANGE,166,0,0,0,0,0,1,0,0,0,0,0,0
00555-9047-58_RXNAVIMAGE10_9136C8D6_2.jpg,ROUND,ORANGE,10,ROUND_ORANGE,166,0,0,0,0,0,1,0,0,0,0,0,0
68382-0761-14_RXNAVIMAGE10_463EA325_1.jpg,OVAL,YELLOW,7,OVAL_YELLOW,145,0,0,0,0,0,0,0,0,0,0,0,1
68382-0761-14_RXNAVIMAGE10_463EA325_2.jpg,OVAL,YELLOW,7,OVAL_YELLOW,145,0,0,0,0,0,0,0,0,0,0,0,1
55111-0467-05_RXNAVIMAGE10_15450AE8_1.jpg,ROUND,WHITE,10,ROUND_WHITE,174,0,0,0,0,0,0,0,0,0,0,1,0
55111-0467-05_RXNAVIMAGE10_15450AE8_2.jpg,ROUND,WHITE,10,ROUND_WHITE,174,0,0,0,0,0,0,0,0,0,0,1,0
51079-0133-20_RXNAVIMAGE10_C132E087_1.jpg,ROUND,BROWN,10,ROUND_BROWN,162,0,0,1,0,0,0,0,0,0,0,0,0
51079-0133-20_RXNAVIMAGE10_C132E087_2.jpg,ROUND,BROWN,10,ROUND_BROWN,162,0,0,1,0,0,0,0,0,0,0,0,0
68382-0041-01_RXNAVIMAGE10_740E3A71_1.jpg,ROUND,WHITE,10,ROUND_WHITE,174,0,0,0,0,0,0,0,0,0,0,1,0
68382-0041-01_RXNAVIMAGE10_740E3A71_2.jpg,ROUND,WHITE,10,ROUND_WHITE,174,0,0,0,0,0,0,0,0,0,0,1,0
13107-0003-34_RXNAVIMAGE10_7C08BE65_1.jpg,OVAL,BROWN,7,OVAL_BROWN,125,0,0,1,0,0,0,0,0,0,0,0,0
13107-0003-34_RXNAVIMAGE10_7C08BE65_2.jpg,OVAL,BROWN,7,OVAL_BROWN,125,0,0,1,0,0,0,0,0,0,0,0,0
00093-8163-01_RXNAVIMAGE10_B4355A7A_1.jpg,ROUND,WHITE,10,ROUND_WHITE,174,0,0,0,0,0,0,0,0,0,0,1,0
00093-8163-01_RXNAVIMAGE10_B4355A7A_2.jpg,ROUND,WHITE,10,ROUND_WHITE,174,0,0,0,0,0,0,0,0,0,0,1,0
69076-0475-01_RXNAVIMAGE10_0E4F876C_1.jpg,ROUND,WHITE,10,ROUND_WHITE,174,0,0,0,0,0,0,0,0,0,0,1,0
69076-0475-01_RXNAVIMAGE10_0E4F876C_2.jpg,ROUND,WHITE,10,ROUND_WHITE,174,0,0,0,0,0,0,0,0,0,0,1,0
63459-0541-28_RXNAVIMAGE10_8E424772_1.jpg,ROUND,WHITE,10,ROUND_WHITE,174,0,0,0,0,0,0,0,0,0,0,1,0
63459-0541-28_RXNAVIMAGE10_8E424772_2.jpg,ROUND,WHITE,10,ROUND_WHITE,174,0,0,0,0,0,0,0,0,0,0,1,0
00093-3145-01_RXNAVIMAGE10_14268A54_1.jpg,CAPSULE,"GRAY, RED",1,"CAPSULE_GRAY, RED",29,0,0,0,1,0,0,0,0,1,0,0,0
00093-3145-01_RXNAVIMAGE10_14268A54_2.jpg,CAPSULE,"GRAY, RED",1,"CAPSULE_GRAY, RED",29,0,0,0,1,0,0,0,0,1,0,0,0
43598-0219-01_RXNAVIMAGE10_FA39FD7F_1.jpg,OVAL,PINK,7,OVAL_PINK,133,0,0,0,0,0,0,1,0,0,0,0,0
43598-0219-01_RXNAVIMAGE10_FA39FD7F_2.jpg,OVAL,PINK,7,OVAL_PINK,133,0,0,0,0,0,0,1,0,0,0,0,0
00378-4350-93_RXNAVIMAGE10_00268034_1.jpg,CAPSULE,"BLUE, WHITE",1,"CAPSULE_BLUE, WHITE",16,0,1,0,0,0,0,0,0,0,0,1,0
00378-4350-93_RXNAVIMAGE10_00268034_2.jpg,CAPSULE,"BLUE, WHITE",1,"CAPSULE_BLUE, WHITE",16,0,1,0,0,0,0,0,0,0,0,1,0
00074-7804-13_RXNAVIMAGE10_E80DF41F_1.jpg,OVAL,YELLOW,7,OVAL_YELLOW,145,0,0,0,0,0,0,0,0,0,0,0,1
00074-7804-13_RXNAVIMAGE10_E80DF41F_2.jpg,OVAL,YELLOW,7,OVAL_YELLOW,145,0,0,0,0,0,0,0,0,0,0,0,1
57629-0203-10_RXNAVIMAGE10_A94FD4DE_1.jpg,OVAL,GREEN,7,OVAL_GREEN,129,0,0,0,0,1,0,0,0,0,0,0,0
57629-0203-10_RXNAVIMAGE10_A94FD4DE_2.jpg,OVAL,GREEN,7,OVAL_GREEN,129,0,0,0,0,1,0,0,0,0,0,0,0
00143-1450-10_RXNAVIMAGE10_2C1B966C_1.jpg,ROUND,WHITE,10,ROUND_WHITE,174,0,0,0,0,0,0,0,0,0,0,1,0
00143-1450-10_RXNAVIMAGE10_2C1B966C_2.jpg,ROUND,WHITE,10,ROUND_WHITE,174,0,0,0,0,0,0,0,0,0,0,1,0
13668-0038-60_RXNAVIMAGE10_C704E387_1.jpg,OVAL,ORANGE,7,OVAL_ORANGE,130,0,0,0,0,0,1,0,0,0,0,0,0
13668-0038-60_RXNAVIMAGE10_C704E387_2.jpg,OVAL,ORANGE,7,OVAL_ORANGE,130,0,0,0,0,0,1,0,0,0,0,0,0
00093-1052-01_RXNAVIMAGE10_AE29D76E_1.jpg,OVAL,BROWN,7,OVAL_BROWN,125,0,0,1,0,0,0,0,0,0,0,0,0
00093-1052-01_RXNAVIMAGE10_AE29D76E_2.jpg,OVAL,BROWN,7,OVAL_BROWN,125,0,0,1,0,0,0,0,0,0,0,0,0
00555-0323-02_RXNAVIMAGE10_E72B73EB_1.jpg,CAPSULE,"YELLOW, PINK",1,"CAPSULE_YELLOW, PINK",100,0,0,0,0,0,0,1,0,0,0,0,1
00555-0323-02_RXNAVIMAGE10_E72B73EB_2.jpg,CAPSULE,"YELLOW, PINK",1,"CAPSULE_YELLOW, PINK",100,0,0,0,0,0,0,1,0,0,0,0,1
66213-0421-10_RXNAVIMAGE10_0815840C_1.jpg,ROUND,GREEN,10,ROUND_GREEN,164,0,0,0,0,1,0,0,0,0,0,0,0
66213-0421-10_RXNAVIMAGE10_0815840C_2.jpg,ROUND,GREEN,10,ROUND_GREEN,164,0,0,0,0,1,0,0,0,0,0,0,0
00093-5862-01_RXNAVIMAGE10_15420A80_1.jpg,OVAL,PINK,7,OVAL_PINK,133,0,0,0,0,0,0,1,0,0,0,0,0
00093-5862-01_RXNAVIMAGE10_15420A80_2.jpg,OVAL,PINK,7,OVAL_PINK,133,0,0,0,0,0,0,1,0,0,0,0,0
51991-0818-01_RXNAVIMAGE10_B5415ADA_1.jpg,CAPSULE,"ORANGE, WHITE",1,"CAPSULE_ORANGE, WHITE",50,0,0,0,0,0,1,0,0,0,0,1,0
51991-0818-01_RXNAVIMAGE10_B5415ADA_2.jpg,CAPSULE,"ORANGE, WHITE",1,"CAPSULE_ORANGE, WHITE",50,0,0,0,0,0,1,0,0,0,0,1,0
68382-0077-16_RXNAVIMAGE10_F73AFB87_1.jpg,CAPSULE,"YELLOW, RED",1,"CAPSULE_YELLOW, RED",102,0,0,0,0,0,0,0,0,1,0,0,1
68382-0077-16_RXNAVIMAGE10_F73AFB87_2.jpg,CAPSULE,"YELLOW, RED",1,"CAPSULE_YELLOW, RED",102,0,0,0,0,0,0,0,0,1,0,0,1
50844-0390-19_RXNAVIMAGE10_EE38F757_1.jpg,OVAL,WHITE,7,OVAL_WHITE,139,0,0,0,0,0,0,0,0,0,0,1,0
50844-0390-19_RXNAVIMAGE10_EE38F757_2.jpg,OVAL,WHITE,7,OVAL_WHITE,139,0,0,0,0,0,0,0,0,0,0,1,0
67405-0500-10_RXNAVIMAGE10_0047805C_1.jpg,ROUND,WHITE,10,ROUND_WHITE,174,0,0,0,0,0,0,0,0,0,0,1,0
67405-0500-10_RXNAVIMAGE10_0047805C_2.jpg,ROUND,WHITE,10,ROUND_WHITE,174,0,0,0,0,0,0,0,0,0,0,1,0
00603-5771-21_RXNAVIMAGE10_38231C78_1.jpg,OVAL,BLUE,7,OVAL_BLUE,123,0,1,0,0,0,0,0,0,0,0,0,0
00603-5771-21_RXNAVIMAGE10_38231C78_2.jpg,OVAL,BLUE,7,OVAL_BLUE,123,0,1,0,0,0,0,0,0,0,0,0,0
42799-0120-01_RXNAVIMAGE10_A74F53AA_1.jpg,OVAL,YELLOW,7,OVAL_YELLOW,145,0,0,0,0,0,0,0,0,0,0,0,1
42799-0120-01_RXNAVIMAGE10_A74F53AA_2.jpg,OVAL,YELLOW,7,OVAL_YELLOW,145,0,0,0,0,0,0,0,0,0,0,0,1
55111-0339-01_RXNAVIMAGE10_6D03B6BD_1.jpg,CAPSULE,"YELLOW, WHITE",1,"CAPSULE_YELLOW, WHITE",103,0,0,0,0,0,0,0,0,0,0,1,1
55111-0339-01_RXNAVIMAGE10_6D03B6BD_2.jpg,CAPSULE,"YELLOW, WHITE",1,"CAPSULE_YELLOW, WHITE",103,0,0,0,0,0,0,0,0,0,0,1,1
00025-1891-51_RXNAVIMAGE10_4D132699_1.jpg,OVAL,GREEN,7,OVAL_GREEN,129,0,0,0,0,1,0,0,0,0,0,0,0
00025-1891-51_RXNAVIMAGE10_4D132699_2.jpg,OVAL,GREEN,7,OVAL_GREEN,129,0,0,0,0,1,0,0,0,0,0,0,0
31722-0239-10_RXNAVIMAGE10_E90474E3_1.jpg,ROUND,WHITE,10,ROUND_WHITE,174,0,0,0,0,0,0,0,0,0,0,1,0
31722-0239-10_RXNAVIMAGE10_E90474E3_2.jpg,ROUND,WHITE,10,ROUND_WHITE,174,0,0,0,0,0,0,0,0,0,0,1,0
00245-0084-11_RXNAVIMAGE10_6E4AB715_1.jpg,CAPSULE,"BLUE, WHITE",1,"CAPSULE_BLUE, WHITE",16,0,1,0,0,0,0,0,0,0,0,1,0
00245-0084-11_RXNAVIMAGE10_6E4AB715_2.jpg,CAPSULE,"BLUE, WHITE",1,"CAPSULE_BLUE, WHITE",16,0,1,0,0,0,0,0,0,0,0,1,0
00378-0435-01_RXNAVIMAGE10_68463411_1.jpg,ROUND,BLUE,10,ROUND_BLUE,160,0,1,0,0,0,0,0,0,0,0,0,0
00378-0435-01_RXNAVIMAGE10_68463411_2.jpg,ROUND,BLUE,10,ROUND_BLUE,160,0,1,0,0,0,0,0,0,0,0,0,0
00555-9026-58_RXNAVIMAGE10_1B2F8DDC_1.jpg,ROUND,YELLOW,10,ROUND_YELLOW,178,0,0,0,0,0,0,0,0,0,0,0,1
00555-9026-58_RXNAVIMAGE10_1B2F8DDC_2.jpg,ROUND,YELLOW,10,ROUND_YELLOW,178,0,0,0,0,0,0,0,0,0,0,0,1
66582-0414-54_RXNAVIMAGE10_9247493A_1.jpg,OVAL,WHITE,7,OVAL_WHITE,139,0,0,0,0,0,0,0,0,0,0,1,0
66582-0414-54_RXNAVIMAGE10_9247493A_2.jpg,OVAL,WHITE,7,OVAL_WHITE,139,0,0,0,0,0,0,0,0,0,0,1,0
00781-1123-05_RXNAVIMAGE10_4312A1D5_1.jpg,ROUND,GREEN,10,ROUND_GREEN,164,0,0,0,0,1,0,0,0,0,0,0,0
00781-1123-05_RXNAVIMAGE10_4312A1D5_2.jpg,ROUND,GREEN,10,ROUND_GREEN,164,0,0,0,0,1,0,0,0,0,0,0,0
59630-0658-60_RXNAVIMAGE10_853BC2AE_1.jpg,ROUND,WHITE,10,ROUND_WHITE,174,0,0,0,0,0,0,0,0,0,0,1,0
59630-0658-60_RXNAVIMAGE10_853BC2AE_2.jpg,ROUND,WHITE,10,ROUND_WHITE,174,0,0,0,0,0,0,0,0,0,0,1,0
31722-0406-01_RXNAVIMAGE10_38499C2C_1.jpg,OVAL,WHITE,7,OVAL_WHITE,139,0,0,0,0,0,0,0,0,0,0,1,0
31722-0406-01_RXNAVIMAGE10_38499C2C_2.jpg,OVAL,WHITE,7,OVAL_WHITE,139,0,0,0,0,0,0,0,0,0,0,1,0
65862-0017-01_RXNAVIMAGE10_04080220_1.jpg,CAPSULE,"BLUE, PINK",1,"CAPSULE_BLUE, PINK",13,0,1,0,0,0,0,1,0,0,0,0,0
65862-0017-01_RXNAVIMAGE10_04080220_2.jpg,CAPSULE,"BLUE, PINK",1,"CAPSULE_BLUE, PINK",13,0,1,0,0,0,0,1,0,0,0,0,0
50111-0326-01_RXNAVIMAGE10_9C2F4E4A_1.jpg,ROUND,YELLOW,10,ROUND_YELLOW,178,0,0,0,0,0,0,0,0,0,0,0,1
50111-0326-01_RXNAVIMAGE10_9C2F4E4A_2.jpg,ROUND,YELLOW,10,ROUND_YELLOW,178,0,0,0,0,0,0,0,0,0,0,0,1
61958-0401-01_RXNAVIMAGE10_B81DDC0E_1.jpg,TEAR,BLUE,13,TEAR_BLUE,187,0,1,0,0,0,0,0,0,0,0,0,0
61958-0401-01_RXNAVIMAGE10_B81DDC0E_2.jpg,TEAR,BLUE,13,TEAR_BLUE,187,0,1,0,0,0,0,0,0,0,0,0,0
00781-5656-15_RXNAVIMAGE10_E84B741B_1.jpg,ROUND,WHITE,10,ROUND_WHITE,174,0,0,0,0,0,0,0,0,0,0,1,0
00781-5656-15_RXNAVIMAGE10_E84B741B_2.jpg,ROUND,WHITE,10,ROUND_WHITE,174,0,0,0,0,0,0,0,0,0,0,1,0
00093-2140-62_RXNAVIMAGE10_8F4A4782_1.jpg,ROUND,BLUE,10,ROUND_BLUE,160,0,1,0,0,0,0,0,0,0,0,0,0
00093-2140-62_RXNAVIMAGE10_8F4A4782_2.jpg,ROUND,BLUE,10,ROUND_BLUE,160,0,1,0,0,0,0,0,0,0,0,0,0
33342-0056-10_RXNAVIMAGE10_554EAAE5_1.jpg,ROUND,WHITE,10,ROUND_WHITE,174,0,0,0,0,0,0,0,0,0,0,1,0
33342-0056-10_RXNAVIMAGE10_554EAAE5_2.jpg,ROUND,WHITE,10,ROUND_WHITE,174,0,0,0,0,0,0,0,0,0,0,1,0
00228-2540-10_RXNAVIMAGE10_F203F92F_1.jpg,ROUND,BLUE,10,ROUND_BLUE,160,0,1,0,0,0,0,0,0,0,0,0,0
00228-2540-10_RXNAVIMAGE10_F203F92F_2.jpg,ROUND,BLUE,10,ROUND_BLUE,160,0,1,0,0,0,0,0,0,0,0,0,0
49884-0019-08_RXNAVIMAGE10_493FA48D_1.jpg,OVAL,YELLOW,7,OVAL_YELLOW,145,0,0,0,0,0,0,0,0,0,0,0,1
49884-0019-08_RXNAVIMAGE10_493FA48D_2.jpg,OVAL,YELLOW,7,OVAL_YELLOW,145,0,0,0,0,0,0,0,0,0,0,0,1
52544-0249-41_RXNAVIMAGE10_B14AD8D6_1.jpg,ROUND,BROWN,10,ROUND_BROWN,162,0,0,1,0,0,0,0,0,0,0,0,0
52544-0249-41_RXNAVIMAGE10_B14AD8D6_2.jpg,ROUND,BROWN,10,ROUND_BROWN,162,0,0,1,0,0,0,0,0,0,0,0,0
61442-0121-10_RXNAVIMAGE10_FB3B7DDB_1.jpg,ROUND,WHITE,10,ROUND_WHITE,174,0,0,0,0,0,0,0,0,0,0,1,0
61442-0121-10_RXNAVIMAGE10_FB3B7DDB_2.jpg,ROUND,WHITE,10,ROUND_WHITE,174,0,0,0,0,0,0,0,0,0,0,1,0
49884-0726-01_RXNAVIMAGE10_38349C24_1.jpg,CAPSULE,"WHITE, WHITE",1,"CAPSULE_WHITE, WHITE",92,0,0,0,0,0,0,0,0,0,0,1,0
49884-0726-01_RXNAVIMAGE10_38349C24_2.jpg,CAPSULE,"WHITE, WHITE",1,"CAPSULE_WHITE, WHITE",92,0,0,0,0,0,0,0,0,0,0,1,0
00025-1411-60_RXNAVIMAGE10_C812E407_1.jpg,ROUND,WHITE,10,ROUND_WHITE,174,0,0,0,0,0,0,0,0,0,0,1,0
00025-1411-60_RXNAVIMAGE10_C812E407_2.jpg,ROUND,WHITE,10,ROUND_WHITE,174,0,0,0,0,0,0,0,0,0,0,1,0
65162-0573-10_RXNAVIMAGE10_4B3FA5DD_1.jpg,ROUND,YELLOW,10,ROUND_YELLOW,178,0,0,0,0,0,0,0,0,0,0,0,1
65162-0573-10_RXNAVIMAGE10_4B3FA5DD_2.jpg,ROUND,YELLOW,10,ROUND_YELLOW,178,0,0,0,0,0,0,0,0,0,0,0,1
00378-0781-91_RXNAVIMAGE10_E13EF0C7_1.jpg,ROUND,BLUE,10,ROUND_BLUE,160,0,1,0,0,0,0,0,0,0,0,0,0
00378-0781-91_RXNAVIMAGE10_E13EF0C7_2.jpg,ROUND,BLUE,10,ROUND_BLUE,160,0,1,0,0,0,0,0,0,0,0,0,0
00378-5124-01_RXNAVIMAGE10_3C219E7C_1.jpg,ROUND,ORANGE,10,ROUND_ORANGE,166,0,0,0,0,0,1,0,0,0,0,0,0
00378-5124-01_RXNAVIMAGE10_3C219E7C_2.jpg,ROUND,ORANGE,10,ROUND_ORANGE,166,0,0,0,0,0,1,0,0,0,0,0,0
00093-8036-01_RXNAVIMAGE10_C2266173_1.jpg,OVAL,BLUE,7,OVAL_BLUE,123,0,1,0,0,0,0,0,0,0,0,0,0
00093-8036-01_RXNAVIMAGE10_C2266173_2.jpg,OVAL,BLUE,7,OVAL_BLUE,123,0,1,0,0,0,0,0,0,0,0,0,0
43547-0277-03_RXNAVIMAGE10_193E0CF0_1.jpg,OVAL,WHITE,7,OVAL_WHITE,139,0,0,0,0,0,0,0,0,0,0,1,0
43547-0277-03_RXNAVIMAGE10_193E0CF0_2.jpg,OVAL,WHITE,7,OVAL_WHITE,139,0,0,0,0,0,0,0,0,0,0,1,0
00378-1110-01_RXNAVIMAGE10_15210A88_1.jpg,ROUND,WHITE,10,ROUND_WHITE,174,0,0,0,0,0,0,0,0,0,0,1,0
00378-1110-01_RXNAVIMAGE10_15210A88_2.jpg,ROUND,WHITE,10,ROUND_WHITE,174,0,0,0,0,0,0,0,0,0,0,1,0
52544-0228-91_RXNAVIMAGE10_E43A7273_1.jpg,ROUND,WHITE,10,ROUND_WHITE,174,0,0,0,0,0,0,0,0,0,0,1,0
52544-0228-91_RXNAVIMAGE10_E43A7273_2.jpg,ROUND,WHITE,10,ROUND_WHITE,174,0,0,0,0,0,0,0,0,0,0,1,0
00172-5312-70_RXNAVIMAGE10_C127E0EF_1.jpg,OVAL,WHITE,7,OVAL_WHITE,139,0,0,0,0,0,0,0,0,0,0,1,0
00172-5312-70_RXNAVIMAGE10_C127E0EF_2.jpg,OVAL,WHITE,7,OVAL_WHITE,139,0,0,0,0,0,0,0,0,0,0,1,0
00093-7286-89_RXNAVIMAGE10_D62FEB6F_1.jpg,OVAL,YELLOW,7,OVAL_YELLOW,145,0,0,0,0,0,0,0,0,0,0,0,1
00093-7286-89_RXNAVIMAGE10_D62FEB6F_2.jpg,OVAL,YELLOW,7,OVAL_YELLOW,145,0,0,0,0,0,0,0,0,0,0,0,1
29300-0243-10_RXNAVIMAGE10_8A3DC52E_1.jpg,ROUND,WHITE,10,ROUND_WHITE,174,0,0,0,0,0,0,0,0,0,0,1,0
29300-0243-10_RXNAVIMAGE10_8A3DC52E_2.jpg,ROUND,WHITE,10,ROUND_WHITE,174,0,0,0,0,0,0,0,0,0,0,1,0
00591-5307-01_RXNAVIMAGE10_B8215C7A_1.jpg,ROUND,WHITE,10,ROUND_WHITE,174,0,0,0,0,0,0,0,0,0,0,1,0
00591-5307-01_RXNAVIMAGE10_B8215C7A_2.jpg,ROUND,WHITE,10,ROUND_WHITE,174,0,0,0,0,0,0,0,0,0,0,1,0
68180-0518-01_RXNAVIMAGE10_070883B4_1.jpg,HEXAGON,BLUE,5,HEXAGON_BLUE,116,0,1,0,0,0,0,0,0,0,0,0,0
68180-0518-01_RXNAVIMAGE10_070883B4_2.jpg,HEXAGON,BLUE,5,HEXAGON_BLUE,116,0,1,0,0,0,0,0,0,0,0,0,0
16714-0439-01_RXNAVIMAGE10_D544EAA7_1.jpg,CAPSULE,"BLACK, WHITE",1,"CAPSULE_BLACK, WHITE",5,1,0,0,0,0,0,0,0,0,0,1,0
16714-0439-01_RXNAVIMAGE10_D544EAA7_2.jpg,CAPSULE,"BLACK, WHITE",1,"CAPSULE_BLACK, WHITE",5,1,0,0,0,0,0,0,0,0,0,1,0
00555-1056-86_RXNAVIMAGE10_DA306D53_1.jpg,CAPSULE,ORANGE,1,CAPSULE_ORANGE,44,0,0,0,0,0,1,0,0,0,0,0,0
00555-1056-86_RXNAVIMAGE10_DA306D53_2.jpg,CAPSULE,ORANGE,1,CAPSULE_ORANGE,44,0,0,0,0,0,1,0,0,0,0,0,0
64679-0953-01_RXNAVIMAGE10_6A21B55D_1.jpg,ROUND,RED,10,ROUND_RED,172,0,0,0,0,0,0,0,0,1,0,0,0
64679-0953-01_RXNAVIMAGE10_6A21B55D_2.jpg,ROUND,RED,10,ROUND_RED,172,0,0,0,0,0,0,0,0,1,0,0,0
13668-0218-30_RXNAVIMAGE10_95494AFA_1.jpg,ROUND,WHITE,10,ROUND_WHITE,174,0,0,0,0,0,0,0,0,0,0,1,0
13668-0218-30_RXNAVIMAGE10_95494AFA_2.jpg,ROUND,WHITE,10,ROUND_WHITE,174,0,0,0,0,0,0,0,0,0,0,1,0
00781-2258-01_RXNAVIMAGE10_2F3E97B4_1.jpg,CAPSULE,BLUE,1,CAPSULE_BLUE,7,0,1,0,0,0,0,0,0,0,0,0,0
00781-2258-01_RXNAVIMAGE10_2F3E97B4_2.jpg,CAPSULE,BLUE,1,CAPSULE_BLUE,7,0,1,0,0,0,0,0,0,0,0,0,0
00093-5351-56_RXNAVIMAGE10_B327D99E_1.jpg,OVAL,YELLOW,7,OVAL_YELLOW,145,0,0,0,0,0,0,0,0,0,0,0,1
00093-5351-56_RXNAVIMAGE10_B327D99E_2.jpg,OVAL,YELLOW,7,OVAL_YELLOW,145,0,0,0,0,0,0,0,0,0,0,0,1
00456-1550-60_RXNAVIMAGE10_0D1C8694_1.jpg,OVAL,WHITE,7,OVAL_WHITE,139,0,0,0,0,0,0,0,0,0,0,1,0
00456-1550-60_RXNAVIMAGE10_0D1C8694_2.jpg,OVAL,WHITE,7,OVAL_WHITE,139,0,0,0,0,0,0,0,0,0,0,1,0
59762-5010-01_RXNAVIMAGE10_5834AC15_1.jpg,CAPSULE,TURQUOISE,1,CAPSULE_TURQUOISE,76,0,0,0,0,0,0,0,0,0,1,0,0
59762-5010-01_RXNAVIMAGE10_5834AC15_2.jpg,CAPSULE,TURQUOISE,1,CAPSULE_TURQUOISE,76,0,0,0,0,0,0,0,0,0,1,0,0
00074-3290-13_RXNAVIMAGE10_EC1D766B_1.jpg,OVAL,RED,7,OVAL_RED,137,0,0,0,0,0,0,0,0,1,0,0,0
00074-3290-13_RXNAVIMAGE10_EC1D766B_2.jpg,OVAL,RED,7,OVAL_RED,137,0,0,0,0,0,0,0,0,1,0,0,0
63304-0695-01_RXNAVIMAGE10_0A350528_1.jpg,CAPSULE,GRAY,1,CAPSULE_GRAY,22,0,0,0,1,0,0,0,0,0,0,0,0
63304-0695-01_RXNAVIMAGE10_0A350528_2.jpg,CAPSULE,GRAY,1,CAPSULE_GRAY,22,0,0,0,1,0,0,0,0,0,0,0,0
68084-0704-01_RXNAVIMAGE10_A24F513A_1.jpg,ROUND,YELLOW,10,ROUND_YELLOW,178,0,0,0,0,0,0,0,0,0,0,0,1
68084-0704-01_RXNAVIMAGE10_A24F513A_2.jpg,ROUND,YELLOW,10,ROUND_YELLOW,178,0,0,0,0,0,0,0,0,0,0,0,1
00093-7485-20_RXNAVIMAGE10_C73063F3_1.jpg,OVAL,WHITE,7,OVAL_WHITE,139,0,0,0,0,0,0,0,0,0,0,1,0
00093-7485-20_RXNAVIMAGE10_C73063F3_2.jpg,OVAL,WHITE,7,OVAL_WHITE,139,0,0,0,0,0,0,0,0,0,0,1,0
00378-2075-01_RXNAVIMAGE10_7D213ED9_1.jpg,ROUND,YELLOW,10,ROUND_YELLOW,178,0,0,0,0,0,0,0,0,0,0,0,1
00378-2075-01_RXNAVIMAGE10_7D213ED9_2.jpg,ROUND,YELLOW,10,ROUND_YELLOW,178,0,0,0,0,0,0,0,0,0,0,0,1
00093-0734-01_RXNAVIMAGE10_6C2B3609_1.jpg,ROUND,BLUE,10,ROUND_BLUE,160,0,1,0,0,0,0,0,0,0,0,0,0
00093-0734-01_RXNAVIMAGE10_6C2B3609_2.jpg,ROUND,BLUE,10,ROUND_BLUE,160,0,1,0,0,0,0,0,0,0,0,0,0
00591-2886-01_RXNAVIMAGE10_8D12C696_1.jpg,CAPSULE,"PURPLE, YELLOW",1,"CAPSULE_PURPLE, YELLOW",68,0,0,0,0,0,0,0,1,0,0,0,1
00591-2886-01_RXNAVIMAGE10_8D12C696_2.jpg,CAPSULE,"PURPLE, YELLOW",1,"CAPSULE_PURPLE, YELLOW",68,0,0,0,0,0,0,0,1,0,0,0,1
52152-0341-02_RXNAVIMAGE10_95054AAA_1.jpg,ROUND,WHITE,10,ROUND_WHITE,174,0,0,0,0,0,0,0,0,0,0,1,0
52152-0341-02_RXNAVIMAGE10_95054AAA_2.jpg,ROUND,WHITE,10,ROUND_WHITE,174,0,0,0,0,0,0,0,0,0,0,1,0
13668-0118-90_RXNAVIMAGE10_7640BB75_1.jpg,OVAL,YELLOW,7,OVAL_YELLOW,145,0,0,0,0,0,0,0,0,0,0,0,1
13668-0118-90_RXNAVIMAGE10_7640BB75_2.jpg,OVAL,YELLOW,7,OVAL_YELLOW,145,0,0,0,0,0,0,0,0,0,0,0,1
16714-0224-01_RXNAVIMAGE10_B616DB56_1.jpg,OVAL,WHITE,7,OVAL_WHITE,139,0,0,0,0,0,0,0,0,0,0,1,0
16714-0224-01_RXNAVIMAGE10_B616DB56_2.jpg,OVAL,WHITE,7,OVAL_WHITE,139,0,0,0,0,0,0,0,0,0,0,1,0
00182-8203-89_RXNAVIMAGE10_20329074_1.jpg,ROUND,WHITE,10,ROUND_WHITE,174,0,0,0,0,0,0,0,0,0,0,1,0
00182-8203-89_RXNAVIMAGE10_20329074_2.jpg,ROUND,WHITE,10,ROUND_WHITE,174,0,0,0,0,0,0,0,0,0,0,1,0
51079-0078-20_RXNAVIMAGE10_2C351668_1.jpg,CAPSULE,"YELLOW, RED",1,"CAPSULE_YELLOW, RED",102,0,0,0,0,0,0,0,0,1,0,0,1
51079-0078-20_RXNAVIMAGE10_2C351668_2.jpg,CAPSULE,"YELLOW, RED",1,"CAPSULE_YELLOW, RED",102,0,0,0,0,0,0,0,0,1,0,0,1
76439-0125-10_RXNAVIMAGE10_39409CE4_1.jpg,OVAL,WHITE,7,OVAL_WHITE,139,0,0,0,0,0,0,0,0,0,0,1,0
76439-0125-10_RXNAVIMAGE10_39409CE4_2.jpg,OVAL,WHITE,7,OVAL_WHITE,139,0,0,0,0,0,0,0,0,0,0,1,0
00378-3475-01_RXNAVIMAGE10_6F243791_1.jpg,ROUND,PINK,10,ROUND_PINK,168,0,0,0,0,0,0,1,0,0,0,0,0
00378-3475-01_RXNAVIMAGE10_6F243791_2.jpg,ROUND,PINK,10,ROUND_PINK,168,0,0,0,0,0,0,1,0,0,0,0,0
00093-4359-01_RXNAVIMAGE10_2F2D97FC_1.jpg,ROUND,YELLOW,10,ROUND_YELLOW,178,0,0,0,0,0,0,0,0,0,0,0,1
00093-4359-01_RXNAVIMAGE10_2F2D97FC_2.jpg,ROUND,YELLOW,10,ROUND_YELLOW,178,0,0,0,0,0,0,0,0,0,0,0,1
49702-0210-17_RXNAVIMAGE10_A618D326_1.jpg,OVAL,WHITE,7,OVAL_WHITE,139,0,0,0,0,0,0,0,0,0,0,1,0
49702-0210-17_RXNAVIMAGE10_A618D326_2.jpg,OVAL,WHITE,7,OVAL_WHITE,139,0,0,0,0,0,0,0,0,0,0,1,0
00069-4210-30_RXNAVIMAGE10_641DB26D_1.jpg,DIAMOND,BLUE,2,DIAMOND_BLUE,105,0,1,0,0,0,0,0,0,0,0,0,0
00069-4210-30_RXNAVIMAGE10_641DB26D_2.jpg,DIAMOND,BLUE,2,DIAMOND_BLUE,105,0,1,0,0,0,0,0,0,0,0,0,0
00378-3567-01_RXNAVIMAGE10_A7465392_1.jpg,ROUND,WHITE,10,ROUND_WHITE,174,0,0,0,0,0,0,0,0,0,0,1,0
00378-3567-01_RXNAVIMAGE10_A7465392_2.jpg,ROUND,WHITE,10,ROUND_WHITE,174,0,0,0,0,0,0,0,0,0,0,1,0
00310-0283-60_RXNAVIMAGE10_D73D6BBB_1.jpg,OVAL,YELLOW,7,OVAL_YELLOW,145,0,0,0,0,0,0,0,0,0,0,0,1
00310-0283-60_RXNAVIMAGE10_D73D6BBB_2.jpg,OVAL,YELLOW,7,OVAL_YELLOW,145,0,0,0,0,0,0,0,0,0,0,0,1
00056-0188-70_RXNAVIMAGE10_9B134DFA_1.jpg,ROUND,BROWN,10,ROUND_BROWN,162,0,0,1,0,0,0,0,0,0,0,0,0
00056-0188-70_RXNAVIMAGE10_9B134DFA_2.jpg,ROUND,BROWN,10,ROUND_BROWN,162,0,0,1,0,0,0,0,0,0,0,0,0
29300-0188-01_RXNAVIMAGE10_DE39EF0F_1.jpg,ROUND,PINK,10,ROUND_PINK,168,0,0,0,0,0,0,1,0,0,0,0,0
29300-0188-01_RXNAVIMAGE10_DE39EF0F_2.jpg,ROUND,PINK,10,ROUND_PINK,168,0,0,0,0,0,0,1,0,0,0,0,0
16729-0035-15_RXNAVIMAGE10_5A3AAD25_1.jpg,ROUND,WHITE,10,ROUND_WHITE,174,0,0,0,0,0,0,0,0,0,0,1,0
16729-0035-15_RXNAVIMAGE10_5A3AAD25_2.jpg,ROUND,WHITE,10,ROUND_WHITE,174,0,0,0,0,0,0,0,0,0,0,1,0
00093-0311-01_RXNAVIMAGE10_6315B1FD_1.jpg,CAPSULE,"BROWN, ORANGE",1,"CAPSULE_BROWN, ORANGE",19,0,0,1,0,0,1,0,0,0,0,0,0
00093-0311-01_RXNAVIMAGE10_6315B1FD_2.jpg,CAPSULE,"BROWN, ORANGE",1,"CAPSULE_BROWN, ORANGE",19,0,0,1,0,0,1,0,0,0,0,0,0
00007-4205-11_RXNAVIMAGE10_1C198E1C_1.jpg,CAPSULE,WHITE,1,CAPSULE_WHITE,81,0,0,0,0,0,0,0,0,0,0,1,0
00007-4205-11_RXNAVIMAGE10_1C198E1C_2.jpg,CAPSULE,WHITE,1,CAPSULE_WHITE,81,0,0,0,0,0,0,0,0,0,0,1,0
65162-0553-10_RXNAVIMAGE10_033C81E4_1.jpg,OVAL,PINK,7,OVAL_PINK,133,0,0,0,0,0,0,1,0,0,0,0,0
65162-0553-10_RXNAVIMAGE10_033C81E4_2.jpg,OVAL,PINK,7,OVAL_PINK,133,0,0,0,0,0,0,1,0,0,0,0,0
00093-7259-56_RXNAVIMAGE10_B92FDCFE_1.jpg,OVAL,BLUE,7,OVAL_BLUE,123,0,1,0,0,0,0,0,0,0,0,0,0
00093-7259-56_RXNAVIMAGE10_B92FDCFE_2.jpg,OVAL,BLUE,7,OVAL_BLUE,123,0,1,0,0,0,0,0,0,0,0,0,0
51672-4012-05_RXNAVIMAGE10_A439D22E_1.jpg,CAPSULE,YELLOW,1,CAPSULE_YELLOW,94,0,0,0,0,0,0,0,0,0,0,0,1
51672-4012-05_RXNAVIMAGE10_A439D22E_2.jpg,CAPSULE,YELLOW,1,CAPSULE_YELLOW,94,0,0,0,0,0,0,0,0,0,0,0,1
00093-7314-56_RXNAVIMAGE10_18280C00_1.jpg,OVAL,PINK,7,OVAL_PINK,133,0,0,0,0,0,0,1,0,0,0,0,0
00093-7314-56_RXNAVIMAGE10_18280C00_2.jpg,OVAL,PINK,7,OVAL_PINK,133,0,0,0,0,0,0,1,0,0,0,0,0
13668-0080-30_RXNAVIMAGE10_9B3E4DA2_1.jpg,ROUND,PINK,10,ROUND_PINK,168,0,0,0,0,0,0,1,0,0,0,0,0
13668-0080-30_RXNAVIMAGE10_9B3E4DA2_2.jpg,ROUND,PINK,10,ROUND_PINK,168,0,0,0,0,0,0,1,0,0,0,0,0
00093-0018-06_RXNAVIMAGE10_35501AF0_1.jpg,ROUND,WHITE,10,ROUND_WHITE,174,0,0,0,0,0,0,0,0,0,0,1,0
00093-0018-06_RXNAVIMAGE10_35501AF0_2.jpg,ROUND,WHITE,10,ROUND_WHITE,174,0,0,0,0,0,0,0,0,0,0,1,0
51079-0936-20_RXNAVIMAGE10_57352BF9_1.jpg,CAPSULE,"YELLOW, PURPLE",1,"CAPSULE_YELLOW, PURPLE",101,0,0,0,0,0,0,0,1,0,0,0,1
51079-0936-20_RXNAVIMAGE10_57352BF9_2.jpg,CAPSULE,"YELLOW, PURPLE",1,"CAPSULE_YELLOW, PURPLE",101,0,0,0,0,0,0,0,1,0,0,0,1
53489-0531-01_RXNAVIMAGE10_CD22E6D7_1.jpg,ROUND,WHITE,10,ROUND_WHITE,174,0,0,0,0,0,0,0,0,0,0,1,0
53489-0531-01_RXNAVIMAGE10_CD22E6D7_2.jpg,ROUND,WHITE,10,ROUND_WHITE,174,0,0,0,0,0,0,0,0,0,0,1,0
53489-0384-01_RXNAVIMAGE10_4D202681_1.jpg,ROUND,WHITE,10,ROUND_WHITE,174,0,0,0,0,0,0,0,0,0,0,1,0
53489-0384-01_RXNAVIMAGE10_4D202681_2.jpg,ROUND,WHITE,10,ROUND_WHITE,174,0,0,0,0,0,0,0,0,0,0,1,0
00603-3856-21_RXNAVIMAGE10_AC265632_1.jpg,ROUND,ORANGE,10,ROUND_ORANGE,166,0,0,0,0,0,1,0,0,0,0,0,0
00603-3856-21_RXNAVIMAGE10_AC265632_2.jpg,ROUND,ORANGE,10,ROUND_ORANGE,166,0,0,0,0,0,1,0,0,0,0,0,0
67253-0141-50_RXNAVIMAGE10_E215711B_1.jpg,CAPSULE,"RED, PINK",1,"CAPSULE_RED, PINK",72,0,0,0,0,0,0,1,0,1,0,0,0
67253-0141-50_RXNAVIMAGE10_E215711B_2.jpg,CAPSULE,"RED, PINK",1,"CAPSULE_RED, PINK",72,0,0,0,0,0,0,1,0,1,0,0,0
00093-2263-01_RXNAVIMAGE10_0029803C_1.jpg,OVAL,WHITE,7,OVAL_WHITE,139,0,0,0,0,0,0,0,0,0,0,1,0
00093-2263-01_RXNAVIMAGE10_0029803C_2.jpg,OVAL,WHITE,7,OVAL_WHITE,139,0,0,0,0,0,0,0,0,0,0,1,0
00555-9034-58_RXNAVIMAGE10_D9136CEB_1.jpg,ROUND,ORANGE,10,ROUND_ORANGE,166,0,0,0,0,0,1,0,0,0,0,0,0
00555-9034-58_RXNAVIMAGE10_D9136CEB_2.jpg,ROUND,ORANGE,10,ROUND_ORANGE,166,0,0,0,0,0,1,0,0,0,0,0,0
00115-3511-01_RXNAVIMAGE10_C60E6313_1.jpg,ROUND,WHITE,10,ROUND_WHITE,174,0,0,0,0,0,0,0,0,0,0,1,0
00115-3511-01_RXNAVIMAGE10_C60E6313_2.jpg,ROUND,WHITE,10,ROUND_WHITE,174,0,0,0,0,0,0,0,0,0,0,1,0
00781-2855-60_RXNAVIMAGE10_A90ED4E6_1.jpg,CAPSULE,BROWN,1,CAPSULE_BROWN,18,0,0,1,0,0,0,0,0,0,0,0,0
00781-2855-60_RXNAVIMAGE10_A90ED4E6_2.jpg,CAPSULE,BROWN,1,CAPSULE_BROWN,18,0,0,1,0,0,0,0,0,0,0,0,0
00781-5046-01_RXNAVIMAGE10_F223F92F_1.jpg,ROUND,GREEN,10,ROUND_GREEN,164,0,0,0,0,1,0,0,0,0,0,0,0
00781-5046-01_RXNAVIMAGE10_F223F92F_2.jpg,ROUND,GREEN,10,ROUND_GREEN,164,0,0,0,0,1,0,0,0,0,0,0,0
49884-0652-01_RXNAVIMAGE10_132189DC_1.jpg,ROUND,WHITE,10,ROUND_WHITE,174,0,0,0,0,0,0,0,0,0,0,1,0
49884-0652-01_RXNAVIMAGE10_132189DC_2.jpg,ROUND,WHITE,10,ROUND_WHITE,174,0,0,0,0,0,0,0,0,0,0,1,0
43386-0440-24_RXNAVIMAGE10_D51C6AA3_1.jpg,OVAL,BROWN,7,OVAL_BROWN,125,0,0,1,0,0,0,0,0,0,0,0,0
43386-0440-24_RXNAVIMAGE10_D51C6AA3_2.jpg,OVAL,BROWN,7,OVAL_BROWN,125,0,0,1,0,0,0,0,0,0,0,0,0
00603-6161-32_RXNAVIMAGE10_C9126483_1.jpg,ROUND,WHITE,10,ROUND_WHITE,174,0,0,0,0,0,0,0,0,0,0,1,0
00603-6161-32_RXNAVIMAGE10_C9126483_2.jpg,ROUND,WHITE,10,ROUND_WHITE,174,0,0,0,0,0,0,0,0,0,0,1,0
51079-0119-20_RXNAVIMAGE10_8832C436_1.jpg,ROUND,BLUE,10,ROUND_BLUE,160,0,1,0,0,0,0,0,0,0,0,0,0
51079-0119-20_RXNAVIMAGE10_8832C436_2.jpg,ROUND,BLUE,10,ROUND_BLUE,160,0,1,0,0,0,0,0,0,0,0,0,0
12496-1306-02_RXNAVIMAGE10_111D889C_1.jpg,HEXAGON,ORANGE,5,HEXAGON_ORANGE,118,0,0,0,0,0,1,0,0,0,0,0,0
12496-1306-02_RXNAVIMAGE10_111D889C_2.jpg,HEXAGON,ORANGE,5,HEXAGON_ORANGE,118,0,0,0,0,0,1,0,0,0,0,0,0
50458-0098-01_RXNAVIMAGE10_2A15954C_1.jpg,CAPSULE,WHITE,1,CAPSULE_WHITE,81,0,0,0,0,0,0,0,0,0,0,1,0
50458-0098-01_RXNAVIMAGE10_2A15954C_2.jpg,CAPSULE,WHITE,1,CAPSULE_WHITE,81,0,0,0,0,0,0,0,0,0,0,1,0
55111-0684-05_RXNAVIMAGE10_504FA80D_1.jpg,OVAL,WHITE,7,OVAL_WHITE,139,0,0,0,0,0,0,0,0,0,0,1,0
55111-0684-05_RXNAVIMAGE10_504FA80D_2.jpg,OVAL,WHITE,7,OVAL_WHITE,139,0,0,0,0,0,0,0,0,0,0,1,0
50844-0548-08_RXNAVIMAGE10_AF35D78E_1.jpg,OVAL,TURQUOISE,7,OVAL_TURQUOISE,138,0,0,0,0,0,0,0,0,0,1,0,0
50844-0548-08_RXNAVIMAGE10_AF35D78E_2.jpg,OVAL,TURQUOISE,7,OVAL_TURQUOISE,138,0,0,0,0,0,0,0,0,0,1,0,0
00054-0334-25_RXNAVIMAGE10_2E45972C_1.jpg,CAPSULE,WHITE,1,CAPSULE_WHITE,81,0,0,0,0,0,0,0,0,0,0,1,0
00054-0334-25_RXNAVIMAGE10_2E45972C_2.jpg,CAPSULE,WHITE,1,CAPSULE_WHITE,81,0,0,0,0,0,0,0,0,0,0,1,0
00007-4895-20_RXNAVIMAGE10_D218E947_1.jpg,PENTAGON,PURPLE,8,PENTAGON_PURPLE,151,0,0,0,0,0,0,0,1,0,0,0,0
00007-4895-20_RXNAVIMAGE10_D218E947_2.jpg,PENTAGON,PURPLE,8,PENTAGON_PURPLE,151,0,0,0,0,0,0,0,1,0,0,0,0
63824-0008-69_RXNAVIMAGE10_2E511728_1.jpg,OVAL,"WHITE, BLUE",7,"OVAL_WHITE, BLUE",140,0,1,0,0,0,0,0,0,0,0,1,0
63824-0008-69_RXNAVIMAGE10_2E511728_2.jpg,OVAL,"WHITE, BLUE",7,"OVAL_WHITE, BLUE",140,0,1,0,0,0,0,0,0,0,0,1,0
60505-0080-00_RXNAVIMAGE10_40332019_1.jpg,OVAL,WHITE,7,OVAL_WHITE,139,0,0,0,0,0,0,0,0,0,0,1,0
60505-0080-00_RXNAVIMAGE10_40332019_2.jpg,OVAL,WHITE,7,OVAL_WHITE,139,0,0,0,0,0,0,0,0,0,0,1,0
65162-0769-10_RXNAVIMAGE10_AB3CD586_1.jpg,OVAL,WHITE,7,OVAL_WHITE,139,0,0,0,0,0,0,0,0,0,0,1,0
65162-0769-10_RXNAVIMAGE10_AB3CD586_2.jpg,OVAL,WHITE,7,OVAL_WHITE,139,0,0,0,0,0,0,0,0,0,0,1,0
00093-5385-06_RXNAVIMAGE10_FB27FDFF_1.jpg,OVAL,WHITE,7,OVAL_WHITE,139,0,0,0,0,0,0,0,0,0,0,1,0
00093-5385-06_RXNAVIMAGE10_FB27FDFF_2.jpg,OVAL,WHITE,7,OVAL_WHITE,139,0,0,0,0,0,0,0,0,0,0,1,0
00074-7126-13_RXNAVIMAGE10_C003606B_1.jpg,OVAL,GRAY,7,OVAL_GRAY,127,0,0,0,1,0,0,0,0,0,0,0,0
00074-7126-13_RXNAVIMAGE10_C003606B_2.jpg,OVAL,GRAY,7,OVAL_GRAY,127,0,0,0,1,0,0,0,0,0,0,0,0
65580-0304-03_RXNAVIMAGE10_011280A4_1.jpg,ROUND,WHITE,10,ROUND_WHITE,174,0,0,0,0,0,0,0,0,0,0,1,0
65580-0304-03_RXNAVIMAGE10_011280A4_2.jpg,ROUND,WHITE,10,ROUND_WHITE,174,0,0,0,0,0,0,0,0,0,0,1,0
00093-2130-01_RXNAVIMAGE10_E329F1AF_1.jpg,CAPSULE,"PINK, WHITE",1,"CAPSULE_PINK, WHITE",59,0,0,0,0,0,0,1,0,0,0,1,0
00093-2130-01_RXNAVIMAGE10_E329F1AF_2.jpg,CAPSULE,"PINK, WHITE",1,"CAPSULE_PINK, WHITE",59,0,0,0,0,0,0,1,0,0,0,1,0
50419-0105-10_RXNAVIMAGE10_16190B68_1.jpg,OVAL,BLUE,7,OVAL_BLUE,123,0,1,0,0,0,0,0,0,0,0,0,0
50419-0105-10_RXNAVIMAGE10_16190B68_2.jpg,OVAL,BLUE,7,OVAL_BLUE,123,0,1,0,0,0,0,0,0,0,0,0,0
00378-6089-93_RXNAVIMAGE10_083B0458_1.jpg,CAPSULE,PINK,1,CAPSULE_PINK,52,0,0,0,0,0,0,1,0,0,0,0,0
00378-6089-93_RXNAVIMAGE10_083B0458_2.jpg,CAPSULE,PINK,1,CAPSULE_PINK,52,0,0,0,0,0,0,1,0,0,0,0,0
00310-0279-10_RXNAVIMAGE10_131C8994_1.jpg,OVAL,YELLOW,7,OVAL_YELLOW,145,0,0,0,0,0,0,0,0,0,0,0,1
00310-0279-10_RXNAVIMAGE10_131C8994_2.jpg,OVAL,YELLOW,7,OVAL_YELLOW,145,0,0,0,0,0,0,0,0,0,0,0,1
00555-9012-58_RXNAVIMAGE10_762FBB3D_1.jpg,ROUND,YELLOW,10,ROUND_YELLOW,178,0,0,0,0,0,0,0,0,0,0,0,1
00555-9012-58_RXNAVIMAGE10_762FBB3D_2.jpg,ROUND,YELLOW,10,ROUND_YELLOW,178,0,0,0,0,0,0,0,0,0,0,0,1
00378-3952-05_RXNAVIMAGE10_283A9434_1.jpg,OVAL,WHITE,7,OVAL_WHITE,139,0,0,0,0,0,0,0,0,0,0,1,0
00378-3952-05_RXNAVIMAGE10_283A9434_2.jpg,OVAL,WHITE,7,OVAL_WHITE,139,0,0,0,0,0,0,0,0,0,0,1,0
43547-0367-03_RXNAVIMAGE10_B9515CEA_1.jpg,OVAL,YELLOW,7,OVAL_YELLOW,145,0,0,0,0,0,0,0,0,0,0,0,1
43547-0367-03_RXNAVIMAGE10_B9515CEA_2.jpg,OVAL,YELLOW,7,OVAL_YELLOW,145,0,0,0,0,0,0,0,0,0,0,0,1
00172-3757-60_RXNAVIMAGE10_FC2CFE07_1.jpg,ROUND,WHITE,10,ROUND_WHITE,174,0,0,0,0,0,0,0,0,0,0,1,0
00172-3757-60_RXNAVIMAGE10_FC2CFE07_2.jpg,ROUND,WHITE,10,ROUND_WHITE,174,0,0,0,0,0,0,0,0,0,0,1,0
00093-1003-01_RXNAVIMAGE10_B326D9D6_1.jpg,RECTANGLE,WHITE,9,RECTANGLE_WHITE,159,0,0,0,0,0,0,0,0,0,0,1,0
00093-1003-01_RXNAVIMAGE10_B326D9D6_2.jpg,RECTANGLE,WHITE,9,RECTANGLE_WHITE,159,0,0,0,0,0,0,0,0,0,0,1,0
16714-0371-02_RXNAVIMAGE10_9A444D22_1.jpg,OVAL,WHITE,7,OVAL_WHITE,139,0,0,0,0,0,0,0,0,0,0,1,0
16714-0371-02_RXNAVIMAGE10_9A444D22_2.jpg,OVAL,WHITE,7,OVAL_WHITE,139,0,0,0,0,0,0,0,0,0,0,1,0
00378-0127-01_RXNAVIMAGE10_873EC3C6_1.jpg,ROUND,WHITE,10,ROUND_WHITE,174,0,0,0,0,0,0,0,0,0,0,1,0
00378-0127-01_RXNAVIMAGE10_873EC3C6_2.jpg,ROUND,WHITE,10,ROUND_WHITE,174,0,0,0,0,0,0,0,0,0,0,1,0
00378-5815-77_RXNAVIMAGE10_3B4E9D94_1.jpg,OVAL,PURPLE,7,OVAL_PURPLE,135,0,0,0,0,0,0,0,1,0,0,0,0
00378-5815-77_RXNAVIMAGE10_3B4E9D94_2.jpg,OVAL,PURPLE,7,OVAL_PURPLE,135,0,0,0,0,0,0,0,1,0,0,0,0
16714-0406-01_RXNAVIMAGE10_015000E0_1.jpg,ROUND,YELLOW,10,ROUND_YELLOW,178,0,0,0,0,0,0,0,0,0,0,0,1
16714-0406-01_RXNAVIMAGE10_015000E0_2.jpg,ROUND,YELLOW,10,ROUND_YELLOW,178,0,0,0,0,0,0,0,0,0,0,0,1
76439-0107-10_RXNAVIMAGE10_083F0448_1.jpg,ROUND,BLUE,10,ROUND_BLUE,160,0,1,0,0,0,0,0,0,0,0,0,0
76439-0107-10_RXNAVIMAGE10_083F0448_2.jpg,ROUND,BLUE,10,ROUND_BLUE,160,0,1,0,0,0,0,0,0,0,0,0,0
00093-7238-98_RXNAVIMAGE10_731DB9BD_1.jpg,OVAL,ORANGE,7,OVAL_ORANGE,130,0,0,0,0,0,1,0,0,0,0,0,0
00093-7238-98_RXNAVIMAGE10_731DB9BD_2.jpg,OVAL,ORANGE,7,OVAL_ORANGE,130,0,0,0,0,0,1,0,0,0,0,0,0
00555-9032-70_RXNAVIMAGE10_5B2FAD8D_1.jpg,ROUND,BLUE,10,ROUND_BLUE,160,0,1,0,0,0,0,0,0,0,0,0,0
00555-9032-70_RXNAVIMAGE10_5B2FAD8D_2.jpg,ROUND,BLUE,10,ROUND_BLUE,160,0,1,0,0,0,0,0,0,0,0,0,0
00093-0537-01_RXNAVIMAGE10_942B4A7A_1.jpg,OVAL,WHITE,7,OVAL_WHITE,139,0,0,0,0,0,0,0,0,0,0,1,0
00093-0537-01_RXNAVIMAGE10_942B4A7A_2.jpg,OVAL,WHITE,7,OVAL_WHITE,139,0,0,0,0,0,0,0,0,0,0,1,0
68180-0302-60_RXNAVIMAGE10_813A40C2_1.jpg,OVAL,WHITE,7,OVAL_WHITE,139,0,0,0,0,0,0,0,0,0,0,1,0
68180-0302-60_RXNAVIMAGE10_813A40C2_2.jpg,OVAL,WHITE,7,OVAL_WHITE,139,0,0,0,0,0,0,0,0,0,0,1,0
50111-0851-01_RXNAVIMAGE10_873243C2_1.jpg,OVAL,YELLOW,7,OVAL_YELLOW,145,0,0,0,0,0,0,0,0,0,0,0,1
50111-0851-01_RXNAVIMAGE10_873243C2_2.jpg,OVAL,YELLOW,7,OVAL_YELLOW,145,0,0,0,0,0,0,0,0,0,0,0,1
24090-0497-84_RXNAVIMAGE10_0E510738_1.jpg,ROUND,BROWN,10,ROUND_BROWN,162,0,0,1,0,0,0,0,0,0,0,0,0
24090-0497-84_RXNAVIMAGE10_0E510738_2.jpg,ROUND,BROWN,10,ROUND_BROWN,162,0,0,1,0,0,0,0,0,0,0,0,0
00049-3970-60_RXNAVIMAGE10_36159B4C_1.jpg,CAPSULE,BLUE,1,CAPSULE_BLUE,7,0,1,0,0,0,0,0,0,0,0,0,0
00049-3970-60_RXNAVIMAGE10_36159B4C_2.jpg,CAPSULE,BLUE,1,CAPSULE_BLUE,7,0,1,0,0,0,0,0,0,0,0,0,0
51079-0958-20_RXNAVIMAGE10_D032E867_1.jpg,ROUND,PINK,10,ROUND_PINK,168,0,0,0,0,0,0,1,0,0,0,0,0
51079-0958-20_RXNAVIMAGE10_D032E867_2.jpg,ROUND,PINK,10,ROUND_PINK,168,0,0,0,0,0,0,1,0,0,0,0,0
53489-0328-01_RXNAVIMAGE10_D94AECE7_1.jpg,ROUND,WHITE,10,ROUND_WHITE,174,0,0,0,0,0,0,0,0,0,0,1,0
53489-0328-01_RXNAVIMAGE10_D94AECE7_2.jpg,ROUND,WHITE,10,ROUND_WHITE,174,0,0,0,0,0,0,0,0,0,0,1,0
50458-0197-00_RXNAVIMAGE10_CD4566FB_1.jpg,ROUND,GREEN,10,ROUND_GREEN,164,0,0,0,0,1,0,0,0,0,0,0,0
50458-0197-00_RXNAVIMAGE10_CD4566FB_2.jpg,ROUND,GREEN,10,ROUND_GREEN,164,0,0,0,0,1,0,0,0,0,0,0,0
61442-0127-10_RXNAVIMAGE10_CF16E787_1.jpg,ROUND,YELLOW,10,ROUND_YELLOW,178,0,0,0,0,0,0,0,0,0,0,0,1
61442-0127-10_RXNAVIMAGE10_CF16E787_2.jpg,ROUND,YELLOW,10,ROUND_YELLOW,178,0,0,0,0,0,0,0,0,0,0,0,1
63304-0829-90_RXNAVIMAGE10_D91C6CE3_1.jpg,OVAL,WHITE,7,OVAL_WHITE,139,0,0,0,0,0,0,0,0,0,0,1,0
63304-0829-90_RXNAVIMAGE10_D91C6CE3_2.jpg,OVAL,WHITE,7,OVAL_WHITE,139,0,0,0,0,0,0,0,0,0,0,1,0
00378-3040-01_RXNAVIMAGE10_4D32A6C5_1.jpg,ROUND,GREEN,10,ROUND_GREEN,164,0,0,0,0,1,0,0,0,0,0,0,0
00378-3040-01_RXNAVIMAGE10_4D32A6C5_2.jpg,ROUND,GREEN,10,ROUND_GREEN,164,0,0,0,0,1,0,0,0,0,0,0,0
43547-0248-50_RXNAVIMAGE10_10050818_1.jpg,ROUND,WHITE,10,ROUND_WHITE,174,0,0,0,0,0,0,0,0,0,0,1,0
43547-0248-50_RXNAVIMAGE10_10050818_2.jpg,ROUND,WHITE,10,ROUND_WHITE,174,0,0,0,0,0,0,0,0,0,0,1,0
58060-0002-01_RXNAVIMAGE10_8D3546FA_1.jpg,CAPSULE,BLUE,1,CAPSULE_BLUE,7,0,1,0,0,0,0,0,0,0,0,0,0
58060-0002-01_RXNAVIMAGE10_8D3546FA_2.jpg,CAPSULE,BLUE,1,CAPSULE_BLUE,7,0,1,0,0,0,0,0,0,0,0,0,0
67877-0224-05_RXNAVIMAGE10_2A3B1508_1.jpg,CAPSULE,ORANGE,1,CAPSULE_ORANGE,44,0,0,0,0,0,1,0,0,0,0,0,0
67877-0224-05_RXNAVIMAGE10_2A3B1508_2.jpg,CAPSULE,ORANGE,1,CAPSULE_ORANGE,44,0,0,0,0,0,1,0,0,0,0,0,0
51285-0087-87_RXNAVIMAGE10_8C2FC64E_1.jpg,ROUND,TURQUOISE,10,ROUND_TURQUOISE,173,0,0,0,0,0,0,0,0,0,1,0,0
51285-0087-87_RXNAVIMAGE10_8C2FC64E_2.jpg,ROUND,TURQUOISE,10,ROUND_TURQUOISE,173,0,0,0,0,0,0,0,0,0,1,0,0
43598-0166-30_RXNAVIMAGE10_CE3F676B_1.jpg,OVAL,WHITE,7,OVAL_WHITE,139,0,0,0,0,0,0,0,0,0,0,1,0
43598-0166-30_RXNAVIMAGE10_CE3F676B_2.jpg,OVAL,WHITE,7,OVAL_WHITE,139,0,0,0,0,0,0,0,0,0,0,1,0
00093-0053-01_RXNAVIMAGE10_073803F0_1.jpg,ROUND,WHITE,10,ROUND_WHITE,174,0,0,0,0,0,0,0,0,0,0,1,0
00093-0053-01_RXNAVIMAGE10_073803F0_2.jpg,ROUND,WHITE,10,ROUND_WHITE,174,0,0,0,0,0,0,0,0,0,0,1,0
00115-5522-10_RXNAVIMAGE10_DD406E83_1.jpg,OVAL,WHITE,7,OVAL_WHITE,139,0,0,0,0,0,0,0,0,0,0,1,0
00115-5522-10_RXNAVIMAGE10_DD406E83_2.jpg,OVAL,WHITE,7,OVAL_WHITE,139,0,0,0,0,0,0,0,0,0,0,1,0
16714-0442-01_RXNAVIMAGE10_DC4D6E2B_1.jpg,ROUND,YELLOW,10,ROUND_YELLOW,178,0,0,0,0,0,0,0,0,0,0,0,1
16714-0442-01_RXNAVIMAGE10_DC4D6E2B_2.jpg,ROUND,YELLOW,10,ROUND_YELLOW,178,0,0,0,0,0,0,0,0,0,0,0,1
00093-8035-01_RXNAVIMAGE10_DC266E63_1.jpg,OVAL,BLUE,7,OVAL_BLUE,123,0,1,0,0,0,0,0,0,0,0,0,0
00093-8035-01_RXNAVIMAGE10_DC266E63_2.jpg,OVAL,BLUE,7,OVAL_BLUE,123,0,1,0,0,0,0,0,0,0,0,0,0
53746-0189-01_RXNAVIMAGE10_A11B50DA_1.jpg,OVAL,WHITE,7,OVAL_WHITE,139,0,0,0,0,0,0,0,0,0,0,1,0
53746-0189-01_RXNAVIMAGE10_A11B50DA_2.jpg,OVAL,WHITE,7,OVAL_WHITE,139,0,0,0,0,0,0,0,0,0,0,1,0
43547-0335-10_RXNAVIMAGE10_7E463F51_1.jpg,ROUND,WHITE,10,ROUND_WHITE,174,0,0,0,0,0,0,0,0,0,0,1,0
43547-0335-10_RXNAVIMAGE10_7E463F51_2.jpg,ROUND,WHITE,10,ROUND_WHITE,174,0,0,0,0,0,0,0,0,0,0,1,0
00555-9049-58_RXNAVIMAGE10_4236A175_1.jpg,ROUND,WHITE,10,ROUND_WHITE,174,0,0,0,0,0,0,0,0,0,0,1,0
00555-9049-58_RXNAVIMAGE10_4236A175_2.jpg,ROUND,WHITE,10,ROUND_WHITE,174,0,0,0,0,0,0,0,0,0,0,1,0
64980-0183-01_RXNAVIMAGE10_4B47A5DD_1.jpg,ROUND,RED,10,ROUND_RED,172,0,0,0,0,0,0,0,0,1,0,0,0
64980-0183-01_RXNAVIMAGE10_4B47A5DD_2.jpg,ROUND,RED,10,ROUND_RED,172,0,0,0,0,0,0,0,0,1,0,0,0
00555-0302-02_RXNAVIMAGE10_E22B717B_1.jpg,CAPSULE,"YELLOW, RED",1,"CAPSULE_YELLOW, RED",102,0,0,0,0,0,0,0,0,1,0,0,1
00555-0302-02_RXNAVIMAGE10_E22B717B_2.jpg,CAPSULE,"YELLOW, RED",1,"CAPSULE_YELLOW, RED",102,0,0,0,0,0,0,0,0,1,0,0,1
00093-7248-06_RXNAVIMAGE10_7829BC3D_1.jpg,DIAMOND,BLUE,2,DIAMOND_BLUE,105,0,1,0,0,0,0,0,0,0,0,0,0
00093-7248-06_RXNAVIMAGE10_7829BC3D_2.jpg,DIAMOND,BLUE,2,DIAMOND_BLUE,105,0,1,0,0,0,0,0,0,0,0,0,0
51079-0126-20_RXNAVIMAGE10_DE32EF27_1.jpg,OVAL,WHITE,7,OVAL_WHITE,139,0,0,0,0,0,0,0,0,0,0,1,0
51079-0126-20_RXNAVIMAGE10_DE32EF27_2.jpg,OVAL,WHITE,7,OVAL_WHITE,139,0,0,0,0,0,0,0,0,0,0,1,0
00054-4299-25_RXNAVIMAGE10_99324CC2_1.jpg,ROUND,WHITE,10,ROUND_WHITE,174,0,0,0,0,0,0,0,0,0,0,1,0
00054-4299-25_RXNAVIMAGE10_99324CC2_2.jpg,ROUND,WHITE,10,ROUND_WHITE,174,0,0,0,0,0,0,0,0,0,0,1,0
51672-4124-01_RXNAVIMAGE10_33041990_1.jpg,ROUND,WHITE,10,ROUND_WHITE,174,0,0,0,0,0,0,0,0,0,0,1,0
51672-4124-01_RXNAVIMAGE10_33041990_2.jpg,ROUND,WHITE,10,ROUND_WHITE,174,0,0,0,0,0,0,0,0,0,0,1,0
00172-3927-60_RXNAVIMAGE10_F2427953_1.jpg,ROUND,BLUE,10,ROUND_BLUE,160,0,1,0,0,0,0,0,0,0,0,0,0
00172-3927-60_RXNAVIMAGE10_F2427953_2.jpg,ROUND,BLUE,10,ROUND_BLUE,160,0,1,0,0,0,0,0,0,0,0,0,0
16252-0610-01_RXNAVIMAGE10_8908C496_1.jpg,ROUND,PINK,10,ROUND_PINK,168,0,0,0,0,0,0,1,0,0,0,0,0
16252-0610-01_RXNAVIMAGE10_8908C496_2.jpg,ROUND,PINK,10,ROUND_PINK,168,0,0,0,0,0,0,1,0,0,0,0,0
68180-0334-07_RXNAVIMAGE10_FC4CFE67_1.jpg,CAPSULE,"BLUE, WHITE",1,"CAPSULE_BLUE, WHITE",16,0,1,0,0,0,0,0,0,0,0,1,0
68180-0334-07_RXNAVIMAGE10_FC4CFE67_2.jpg,CAPSULE,"BLUE, WHITE",1,"CAPSULE_BLUE, WHITE",16,0,1,0,0,0,0,0,0,0,0,1,0
60505-2653-01_RXNAVIMAGE10_8538C2A6_1.jpg,ROUND,WHITE,10,ROUND_WHITE,174,0,0,0,0,0,0,0,0,0,0,1,0
60505-2653-01_RXNAVIMAGE10_8538C2A6_2.jpg,ROUND,WHITE,10,ROUND_WHITE,174,0,0,0,0,0,0,0,0,0,0,1,0
00430-0783-27_RXNAVIMAGE10_FC12FE77_1.jpg,OVAL,BROWN,7,OVAL_BROWN,125,0,0,1,0,0,0,0,0,0,0,0,0
00430-0783-27_RXNAVIMAGE10_FC12FE77_2.jpg,OVAL,BROWN,7,OVAL_BROWN,125,0,0,1,0,0,0,0,0,0,0,0,0
62756-0130-01_RXNAVIMAGE10_A6085322_1.jpg,OVAL,WHITE,7,OVAL_WHITE,139,0,0,0,0,0,0,0,0,0,0,1,0
62756-0130-01_RXNAVIMAGE10_A6085322_2.jpg,OVAL,WHITE,7,OVAL_WHITE,139,0,0,0,0,0,0,0,0,0,0,1,0
31722-0534-01_RXNAVIMAGE10_AF3C57B2_1.jpg,OVAL,WHITE,7,OVAL_WHITE,139,0,0,0,0,0,0,0,0,0,0,1,0
31722-0534-01_RXNAVIMAGE10_AF3C57B2_2.jpg,OVAL,WHITE,7,OVAL_WHITE,139,0,0,0,0,0,0,0,0,0,0,1,0
00591-0861-05_RXNAVIMAGE10_1C088E04_1.jpg,ROUND,BLUE,10,ROUND_BLUE,160,0,1,0,0,0,0,0,0,0,0,0,0
00591-0861-05_RXNAVIMAGE10_1C088E04_2.jpg,ROUND,BLUE,10,ROUND_BLUE,160,0,1,0,0,0,0,0,0,0,0,0,0
00093-7582-56_RXNAVIMAGE10_B342D9B6_1.jpg,ROUND,WHITE,10,ROUND_WHITE,174,0,0,0,0,0,0,0,0,0,0,1,0
00093-7582-56_RXNAVIMAGE10_B342D9B6_2.jpg,ROUND,WHITE,10,ROUND_WHITE,174,0,0,0,0,0,0,0,0,0,0,1,0
57237-0014-05_RXNAVIMAGE10_78473C49_1.jpg,CAPSULE,"BROWN, ORANGE",1,"CAPSULE_BROWN, ORANGE",19,0,0,1,0,0,1,0,0,0,0,0,0
57237-0014-05_RXNAVIMAGE10_78473C49_2.jpg,CAPSULE,"BROWN, ORANGE",1,"CAPSULE_BROWN, ORANGE",19,0,0,1,0,0,1,0,0,0,0,0,0
00555-9008-67_RXNAVIMAGE10_292F949C_1.jpg,ROUND,WHITE,10,ROUND_WHITE,174,0,0,0,0,0,0,0,0,0,0,1,0
00555-9008-67_RXNAVIMAGE10_292F949C_2.jpg,ROUND,WHITE,10,ROUND_WHITE,174,0,0,0,0,0,0,0,0,0,0,1,0
00054-0107-29_RXNAVIMAGE10_E90E74E3_1.jpg,CAPSULE,ORANGE,1,CAPSULE_ORANGE,44,0,0,0,0,0,1,0,0,0,0,0,0
00054-0107-29_RXNAVIMAGE10_E90E74E3_2.jpg,CAPSULE,ORANGE,1,CAPSULE_ORANGE,44,0,0,0,0,0,1,0,0,0,0,0,0
65862-0527-90_RXNAVIMAGE10_FD4CFE97_1.jpg,CAPSULE,"GRAY, ORANGE",1,"CAPSULE_GRAY, ORANGE",26,0,0,0,1,0,1,0,0,0,0,0,0
65862-0527-90_RXNAVIMAGE10_FD4CFE97_2.jpg,CAPSULE,"GRAY, ORANGE",1,"CAPSULE_GRAY, ORANGE",26,0,0,0,1,0,1,0,0,0,0,0,0
62037-0698-90_RXNAVIMAGE10_7A51BD4D_1.jpg,CAPSULE,"PINK, BLUE",1,"CAPSULE_PINK, BLUE",54,0,1,0,0,0,0,1,0,0,0,0,0
62037-0698-90_RXNAVIMAGE10_7A51BD4D_2.jpg,CAPSULE,"PINK, BLUE",1,"CAPSULE_PINK, BLUE",54,0,1,0,0,0,0,1,0,0,0,0,0
63304-0696-05_RXNAVIMAGE10_F13878F3_1.jpg,CAPSULE,"GRAY, WHITE",1,"CAPSULE_GRAY, WHITE",30,0,0,0,1,0,0,0,0,0,0,1,0
63304-0696-05_RXNAVIMAGE10_F13878F3_2.jpg,CAPSULE,"GRAY, WHITE",1,"CAPSULE_GRAY, WHITE",30,0,0,0,1,0,0,0,0,0,0,1,0
00378-2099-01_RXNAVIMAGE10_243C1250_1.jpg,ROUND,ORANGE,10,ROUND_ORANGE,166,0,0,0,0,0,1,0,0,0,0,0,0
00378-2099-01_RXNAVIMAGE10_243C1250_2.jpg,ROUND,ORANGE,10,ROUND_ORANGE,166,0,0,0,0,0,1,0,0,0,0,0,0
00591-5215-05_RXNAVIMAGE10_4D4126E9_1.jpg,OVAL,WHITE,7,OVAL_WHITE,139,0,0,0,0,0,0,0,0,0,0,1,0
00591-5215-05_RXNAVIMAGE10_4D4126E9_2.jpg,OVAL,WHITE,7,OVAL_WHITE,139,0,0,0,0,0,0,0,0,0,0,1,0
00378-2537-01_RXNAVIMAGE10_04268244_1.jpg,CAPSULE,"GREEN, YELLOW",1,"CAPSULE_GREEN, YELLOW",43,0,0,0,0,1,0,0,0,0,0,0,1
00378-2537-01_RXNAVIMAGE10_04268244_2.jpg,CAPSULE,"GREEN, YELLOW",1,"CAPSULE_GREEN, YELLOW",43,0,0,0,0,1,0,0,0,0,0,0,1
00378-0415-10_RXNAVIMAGE10_0415825C_1.jpg,ROUND,WHITE,10,ROUND_WHITE,174,0,0,0,0,0,0,0,0,0,0,1,0
00378-0415-10_RXNAVIMAGE10_0415825C_2.jpg,ROUND,WHITE,10,ROUND_WHITE,174,0,0,0,0,0,0,0,0,0,0,1,0
00093-1714-01_RXNAVIMAGE10_0643836C_1.jpg,OVAL,GREEN,7,OVAL_GREEN,129,0,0,0,0,1,0,0,0,0,0,0,0
00093-1714-01_RXNAVIMAGE10_0643836C_2.jpg,OVAL,GREEN,7,OVAL_GREEN,129,0,0,0,0,1,0,0,0,0,0,0,0
63304-0794-01_RXNAVIMAGE10_F607FB3F_1.jpg,ROUND,WHITE,10,ROUND_WHITE,174,0,0,0,0,0,0,0,0,0,0,1,0
63304-0794-01_RXNAVIMAGE10_F607FB3F_2.jpg,ROUND,WHITE,10,ROUND_WHITE,174,0,0,0,0,0,0,0,0,0,0,1,0
47781-0303-01_RXNAVIMAGE10_FE40FF57_1.jpg,CAPSULE,"YELLOW, BLACK",1,"CAPSULE_YELLOW, BLACK",95,1,0,0,0,0,0,0,0,0,0,0,1
47781-0303-01_RXNAVIMAGE10_FE40FF57_2.jpg,CAPSULE,"YELLOW, BLACK",1,"CAPSULE_YELLOW, BLACK",95,1,0,0,0,0,0,0,0,0,0,0,1
00093-7796-06_RXNAVIMAGE10_AB27D5DE_1.jpg,OVAL,WHITE,7,OVAL_WHITE,139,0,0,0,0,0,0,0,0,0,0,1,0
00093-7796-06_RXNAVIMAGE10_AB27D5DE_2.jpg,OVAL,WHITE,7,OVAL_WHITE,139,0,0,0,0,0,0,0,0,0,0,1,0
00093-7690-56_RXNAVIMAGE10_8C43C65E_1.jpg,ROUND,YELLOW,10,ROUND_YELLOW,178,0,0,0,0,0,0,0,0,0,0,0,1
00093-7690-56_RXNAVIMAGE10_8C43C65E_2.jpg,ROUND,YELLOW,10,ROUND_YELLOW,178,0,0,0,0,0,0,0,0,0,0,0,1
63459-0548-28_RXNAVIMAGE10_30421860_1.jpg,ROUND,WHITE,10,ROUND_WHITE,174,0,0,0,0,0,0,0,0,0,0,1,0
63459-0548-28_RXNAVIMAGE10_30421860_2.jpg,ROUND,WHITE,10,ROUND_WHITE,174,0,0,0,0,0,0,0,0,0,0,1,0
00074-2586-60_RXNAVIMAGE10_24131228_1.jpg,OVAL,YELLOW,7,OVAL_YELLOW,145,0,0,0,0,0,0,0,0,0,0,0,1
00074-2586-60_RXNAVIMAGE10_24131228_2.jpg,OVAL,YELLOW,7,OVAL_YELLOW,145,0,0,0,0,0,0,0,0,0,0,0,1
00093-1063-01_RXNAVIMAGE10_A029D07E_1.jpg,OVAL,BLUE,7,OVAL_BLUE,123,0,1,0,0,0,0,0,0,0,0,0,0
00093-1063-01_RXNAVIMAGE10_A029D07E_2.jpg,OVAL,BLUE,7,OVAL_BLUE,123,0,1,0,0,0,0,0,0,0,0,0,0
68180-0756-01_RXNAVIMAGE10_473DA3FD_1.jpg,CAPSULE,YELLOW,1,CAPSULE_YELLOW,94,0,0,0,0,0,0,0,0,0,0,0,1
68180-0756-01_RXNAVIMAGE10_473DA3FD_2.jpg,CAPSULE,YELLOW,1,CAPSULE_YELLOW,94,0,0,0,0,0,0,0,0,0,0,0,1
51285-0129-98_RXNAVIMAGE10_04430268_1.jpg,ROUND,BROWN,10,ROUND_BROWN,162,0,0,1,0,0,0,0,0,0,0,0,0
51285-0129-98_RXNAVIMAGE10_04430268_2.jpg,ROUND,BROWN,10,ROUND_BROWN,162,0,0,1,0,0,0,0,0,0,0,0,0
00093-3193-01_RXNAVIMAGE10_AD29569A_1.jpg,CAPSULE,"BLUE, BLUE",1,"CAPSULE_BLUE, BLUE",8,0,1,0,0,0,0,0,0,0,0,0,0
00093-3193-01_RXNAVIMAGE10_AD29569A_2.jpg,CAPSULE,"BLUE, BLUE",1,"CAPSULE_BLUE, BLUE",8,0,1,0,0,0,0,0,0,0,0,0,0
64679-0929-01_RXNAVIMAGE10_6521B2ED_1.jpg,ROUND,WHITE,10,ROUND_WHITE,174,0,0,0,0,0,0,0,0,0,0,1,0
64679-0929-01_RXNAVIMAGE10_6521B2ED_2.jpg,ROUND,WHITE,10,ROUND_WHITE,174,0,0,0,0,0,0,0,0,0,0,1,0
00603-6147-21_RXNAVIMAGE10_212190CC_1.jpg,ROUND,WHITE,10,ROUND_WHITE,174,0,0,0,0,0,0,0,0,0,0,1,0
00603-6147-21_RXNAVIMAGE10_212190CC_2.jpg,ROUND,WHITE,10,ROUND_WHITE,174,0,0,0,0,0,0,0,0,0,0,1,0
60505-0084-02_RXNAVIMAGE10_A94554FA_1.jpg,OVAL,WHITE,7,OVAL_WHITE,139,0,0,0,0,0,0,0,0,0,0,1,0
60505-0084-02_RXNAVIMAGE10_A94554FA_2.jpg,OVAL,WHITE,7,OVAL_WHITE,139,0,0,0,0,0,0,0,0,0,0,1,0
45802-0650-87_RXNAVIMAGE10_D33F69DB_1.jpg,OVAL,WHITE,7,OVAL_WHITE,139,0,0,0,0,0,0,0,0,0,0,1,0
45802-0650-87_RXNAVIMAGE10_D33F69DB_2.jpg,OVAL,WHITE,7,OVAL_WHITE,139,0,0,0,0,0,0,0,0,0,0,1,0
00093-7355-56_RXNAVIMAGE10_D42D6A0B_1.jpg,OVAL,BLUE,7,OVAL_BLUE,123,0,1,0,0,0,0,0,0,0,0,0,0
00093-7355-56_RXNAVIMAGE10_D42D6A0B_2.jpg,OVAL,BLUE,7,OVAL_BLUE,123,0,1,0,0,0,0,0,0,0,0,0,0
50844-0466-02_RXNAVIMAGE10_DB38EDF7_1.jpg,OVAL,GREEN,7,OVAL_GREEN,129,0,0,0,0,1,0,0,0,0,0,0,0
50844-0466-02_RXNAVIMAGE10_DB38EDF7_2.jpg,OVAL,GREEN,7,OVAL_GREEN,129,0,0,0,0,1,0,0,0,0,0,0,0
16477-0505-01_RXNAVIMAGE10_851B42CA_1.jpg,ROUND,ORANGE,10,ROUND_ORANGE,166,0,0,0,0,0,1,0,0,0,0,0,0
16477-0505-01_RXNAVIMAGE10_851B42CA_2.jpg,ROUND,ORANGE,10,ROUND_ORANGE,166,0,0,0,0,0,1,0,0,0,0,0,0
31722-0827-30_RXNAVIMAGE10_28501430_1.jpg,RECTANGLE,PINK,9,RECTANGLE_PINK,158,0,0,0,0,0,0,1,0,0,0,0,0
31722-0827-30_RXNAVIMAGE10_28501430_2.jpg,RECTANGLE,PINK,9,RECTANGLE_PINK,158,0,0,0,0,0,0,1,0,0,0,0,0
00093-2268-01_RXNAVIMAGE10_D5296ADB_1.jpg,OVAL,WHITE,7,OVAL_WHITE,139,0,0,0,0,0,0,0,0,0,0,1,0
00093-2268-01_RXNAVIMAGE10_D5296ADB_2.jpg,OVAL,WHITE,7,OVAL_WHITE,139,0,0,0,0,0,0,0,0,0,0,1,0
00008-0833-21_RXNAVIMAGE10_3015981C_1.jpg,CAPSULE,ORANGE,1,CAPSULE_ORANGE,44,0,0,0,0,0,1,0,0,0,0,0,0
00008-0833-21_RXNAVIMAGE10_3015981C_2.jpg,CAPSULE,ORANGE,1,CAPSULE_ORANGE,44,0,0,0,0,0,1,0,0,0,0,0,0
00007-4887-13_RXNAVIMAGE10_DE18EF47_1.jpg,OVAL,BROWN,7,OVAL_BROWN,125,0,0,1,0,0,0,0,0,0,0,0,0
00007-4887-13_RXNAVIMAGE10_DE18EF47_2.jpg,OVAL,BROWN,7,OVAL_BROWN,125,0,0,1,0,0,0,0,0,0,0,0,0
13668-0220-30_RXNAVIMAGE10_614930B9_1.jpg,ROUND,WHITE,10,ROUND_WHITE,174,0,0,0,0,0,0,0,0,0,0,1,0
13668-0220-30_RXNAVIMAGE10_614930B9_2.jpg,ROUND,WHITE,10,ROUND_WHITE,174,0,0,0,0,0,0,0,0,0,0,1,0
65862-0188-30_RXNAVIMAGE10_514EA8A5_1.jpg,OVAL,YELLOW,7,OVAL_YELLOW,145,0,0,0,0,0,0,0,0,0,0,0,1
65862-0188-30_RXNAVIMAGE10_514EA8A5_2.jpg,OVAL,YELLOW,7,OVAL_YELLOW,145,0,0,0,0,0,0,0,0,0,0,0,1
62037-0831-10_RXNAVIMAGE10_7812BC45_1.jpg,ROUND,WHITE,10,ROUND_WHITE,174,0,0,0,0,0,0,0,0,0,0,1,0
62037-0831-10_RXNAVIMAGE10_7812BC45_2.jpg,ROUND,WHITE,10,ROUND_WHITE,174,0,0,0,0,0,0,0,0,0,0,1,0
69238-1251-06_RXNAVIMAGE10_FE50FF27_1.jpg,ROUND,WHITE,10,ROUND_WHITE,174,0,0,0,0,0,0,0,0,0,0,1,0
69238-1251-06_RXNAVIMAGE10_FE50FF27_2.jpg,ROUND,WHITE,10,ROUND_WHITE,174,0,0,0,0,0,0,0,0,0,0,1,0
13668-0103-05_RXNAVIMAGE10_0C3A0670_1.jpg,ROUND,ORANGE,10,ROUND_ORANGE,166,0,0,0,0,0,1,0,0,0,0,0,0
13668-0103-05_RXNAVIMAGE10_0C3A0670_2.jpg,ROUND,ORANGE,10,ROUND_ORANGE,166,0,0,0,0,0,1,0,0,0,0,0,0
51285-0538-02_RXNAVIMAGE10_9F304FB2_1.jpg,CAPSULE,"BLUE, YELLOW",1,"CAPSULE_BLUE, YELLOW",17,0,1,0,0,0,0,0,0,0,0,0,1
51285-0538-02_RXNAVIMAGE10_9F304FB2_2.jpg,CAPSULE,"BLUE, YELLOW",1,"CAPSULE_BLUE, YELLOW",17,0,1,0,0,0,0,0,0,0,0,0,1
00093-0813-01_RXNAVIMAGE10_D626EB47_1.jpg,CAPSULE,ORANGE,1,CAPSULE_ORANGE,44,0,0,0,0,0,1,0,0,0,0,0,0
00093-0813-01_RXNAVIMAGE10_D626EB47_2.jpg,CAPSULE,ORANGE,1,CAPSULE_ORANGE,44,0,0,0,0,0,1,0,0,0,0,0,0
00093-7514-56_RXNAVIMAGE10_3F381FB0_1.jpg,OVAL,WHITE,7,OVAL_WHITE,139,0,0,0,0,0,0,0,0,0,0,1,0
00093-7514-56_RXNAVIMAGE10_3F381FB0_2.jpg,OVAL,WHITE,7,OVAL_WHITE,139,0,0,0,0,0,0,0,0,0,0,1,0
00093-7172-01_RXNAVIMAGE10_6D05B6DD_1.jpg,OVAL,GRAY,7,OVAL_GRAY,127,0,0,0,1,0,0,0,0,0,0,0,0
00093-7172-01_RXNAVIMAGE10_6D05B6DD_2.jpg,OVAL,GRAY,7,OVAL_GRAY,127,0,0,0,1,0,0,0,0,0,0,0,0
00555-9032-70_RXNAVIMAGE10_522FA90D_1.jpg,ROUND,PINK,10,ROUND_PINK,168,0,0,0,0,0,0,1,0,0,0,0,0
00555-9032-70_RXNAVIMAGE10_522FA90D_2.jpg,ROUND,PINK,10,ROUND_PINK,168,0,0,0,0,0,0,1,0,0,0,0,0
68462-0138-01_RXNAVIMAGE10_BA085D72_1.jpg,OVAL,YELLOW,7,OVAL_YELLOW,145,0,0,0,0,0,0,0,0,0,0,0,1
68462-0138-01_RXNAVIMAGE10_BA085D72_2.jpg,OVAL,YELLOW,7,OVAL_YELLOW,145,0,0,0,0,0,0,0,0,0,0,0,1
65162-0627-11_RXNAVIMAGE10_5212A925_1.jpg,ROUND,WHITE,10,ROUND_WHITE,174,0,0,0,0,0,0,0,0,0,0,1,0
65162-0627-11_RXNAVIMAGE10_5212A925_2.jpg,ROUND,WHITE,10,ROUND_WHITE,174,0,0,0,0,0,0,0,0,0,0,1,0
59762-1530-01_RXNAVIMAGE10_6D45B6AD_1.jpg,OCTAGON,WHITE,6,OCTAGON_WHITE,121,0,0,0,0,0,0,0,0,0,0,1,0
59762-1530-01_RXNAVIMAGE10_6D45B6AD_2.jpg,OCTAGON,WHITE,6,OCTAGON_WHITE,121,0,0,0,0,0,0,0,0,0,0,1,0
00093-0892-01_RXNAVIMAGE10_6615B37D_1.jpg,OVAL,PINK,7,OVAL_PINK,133,0,0,0,0,0,0,1,0,0,0,0,0
00093-0892-01_RXNAVIMAGE10_6615B37D_2.jpg,OVAL,PINK,7,OVAL_PINK,133,0,0,0,0,0,0,1,0,0,0,0,0
00378-6726-01_RXNAVIMAGE10_6C473619_1.jpg,CAPSULE,"PURPLE, WHITE",1,"CAPSULE_PURPLE, WHITE",67,0,0,0,0,0,0,0,1,0,0,1,0
00378-6726-01_RXNAVIMAGE10_6C473619_2.jpg,CAPSULE,"PURPLE, WHITE",1,"CAPSULE_PURPLE, WHITE",67,0,0,0,0,0,0,0,1,0,0,1,0
68196-0159-14_RXNAVIMAGE10_8E38C726_1.jpg,ROUND,WHITE,10,ROUND_WHITE,174,0,0,0,0,0,0,0,0,0,0,1,0
68196-0159-14_RXNAVIMAGE10_8E38C726_2.jpg,ROUND,WHITE,10,ROUND_WHITE,174,0,0,0,0,0,0,0,0,0,0,1,0
49884-0779-01_RXNAVIMAGE10_09330488_1.jpg,OVAL,WHITE,7,OVAL_WHITE,139,0,0,0,0,0,0,0,0,0,0,1,0
49884-0779-01_RXNAVIMAGE10_09330488_2.jpg,OVAL,WHITE,7,OVAL_WHITE,139,0,0,0,0,0,0,0,0,0,0,1,0
50111-0563-01_RXNAVIMAGE10_6B243581_1.jpg,ROUND,YELLOW,10,ROUND_YELLOW,178,0,0,0,0,0,0,0,0,0,0,0,1
50111-0563-01_RXNAVIMAGE10_6B243581_2.jpg,ROUND,YELLOW,10,ROUND_YELLOW,178,0,0,0,0,0,0,0,0,0,0,0,1
00781-2822-13_RXNAVIMAGE10_F134F8F7_1.jpg,CAPSULE,"WHITE, GREEN",1,"CAPSULE_WHITE, GREEN",86,0,0,0,0,1,0,0,0,0,0,1,0
00781-2822-13_RXNAVIMAGE10_F134F8F7_2.jpg,CAPSULE,"WHITE, GREEN",1,"CAPSULE_WHITE, GREEN",86,0,0,0,0,1,0,0,0,0,0,1,0
00536-3990-01_RXNAVIMAGE10_AC33564A_1.jpg,ROUND,RED,10,ROUND_RED,172,0,0,0,0,0,0,0,0,1,0,0,0
00536-3990-01_RXNAVIMAGE10_AC33564A_2.jpg,ROUND,RED,10,ROUND_RED,172,0,0,0,0,0,0,0,0,1,0,0,0
51079-0957-20_RXNAVIMAGE10_15340AA0_1.jpg,ROUND,WHITE,10,ROUND_WHITE,174,0,0,0,0,0,0,0,0,0,0,1,0
51079-0957-20_RXNAVIMAGE10_15340AA0_2.jpg,ROUND,WHITE,10,ROUND_WHITE,174,0,0,0,0,0,0,0,0,0,0,1,0
23155-0105-01_RXNAVIMAGE10_F107788B_1.jpg,ROUND,WHITE,10,ROUND_WHITE,174,0,0,0,0,0,0,0,0,0,0,1,0
23155-0105-01_RXNAVIMAGE10_F107788B_2.jpg,ROUND,WHITE,10,ROUND_WHITE,174,0,0,0,0,0,0,0,0,0,0,1,0
59148-0010-13_RXNAVIMAGE10_A015501A_1.jpg,ROUND,WHITE,10,ROUND_WHITE,174,0,0,0,0,0,0,0,0,0,0,1,0
59148-0010-13_RXNAVIMAGE10_A015501A_2.jpg,ROUND,WHITE,10,ROUND_WHITE,174,0,0,0,0,0,0,0,0,0,0,1,0
61442-0103-01_RXNAVIMAGE10_BA39DD6E_1.jpg,ROUND,WHITE,10,ROUND_WHITE,174,0,0,0,0,0,0,0,0,0,0,1,0
61442-0103-01_RXNAVIMAGE10_BA39DD6E_2.jpg,ROUND,WHITE,10,ROUND_WHITE,174,0,0,0,0,0,0,0,0,0,0,1,0
00087-6060-05_RXNAVIMAGE10_4D07A6DD_1.jpg,ROUND,WHITE,10,ROUND_WHITE,174,0,0,0,0,0,0,0,0,0,0,1,0
00087-6060-05_RXNAVIMAGE10_4D07A6DD_2.jpg,ROUND,WHITE,10,ROUND_WHITE,174,0,0,0,0,0,0,0,0,0,0,1,0
67253-0902-10_RXNAVIMAGE10_AC15561A_1.jpg,OVAL,GREEN,7,OVAL_GREEN,129,0,0,0,0,1,0,0,0,0,0,0,0
67253-0902-10_RXNAVIMAGE10_AC15561A_2.jpg,OVAL,GREEN,7,OVAL_GREEN,129,0,0,0,0,1,0,0,0,0,0,0,0
60505-0170-09_RXNAVIMAGE10_85384292_1.jpg,ROUND,GREEN,10,ROUND_GREEN,164,0,0,0,0,1,0,0,0,0,0,0,0
60505-0170-09_RXNAVIMAGE10_85384292_2.jpg,ROUND,GREEN,10,ROUND_GREEN,164,0,0,0,0,1,0,0,0,0,0,0,0
00555-9012-58_RXNAVIMAGE10_7F2FBFBD_1.jpg,ROUND,ORANGE,10,ROUND_ORANGE,166,0,0,0,0,0,1,0,0,0,0,0,0
00555-9012-58_RXNAVIMAGE10_7F2FBFBD_2.jpg,ROUND,ORANGE,10,ROUND_ORANGE,166,0,0,0,0,0,1,0,0,0,0,0,0
53489-0118-02_RXNAVIMAGE10_FA34FD77_1.jpg,CAPSULE,"BLUE, WHITE",1,"CAPSULE_BLUE, WHITE",16,0,1,0,0,0,0,0,0,0,0,1,0
53489-0118-02_RXNAVIMAGE10_FA34FD77_2.jpg,CAPSULE,"BLUE, WHITE",1,"CAPSULE_BLUE, WHITE",16,0,1,0,0,0,0,0,0,0,0,1,0
00143-9580-30_RXNAVIMAGE10_49332499_1.jpg,OVAL,YELLOW,7,OVAL_YELLOW,145,0,0,0,0,0,0,0,0,0,0,0,1
00143-9580-30_RXNAVIMAGE10_49332499_2.jpg,OVAL,YELLOW,7,OVAL_YELLOW,145,0,0,0,0,0,0,0,0,0,0,0,1
00228-2666-11_RXNAVIMAGE10_DB34ED87_1.jpg,CAPSULE,"YELLOW, ORANGE",1,"CAPSULE_YELLOW, ORANGE",99,0,0,0,0,0,1,0,0,0,0,0,1
00228-2666-11_RXNAVIMAGE10_DB34ED87_2.jpg,CAPSULE,"YELLOW, ORANGE",1,"CAPSULE_YELLOW, ORANGE",99,0,0,0,0,0,1,0,0,0,0,0,1
00093-5767-56_RXNAVIMAGE10_4338A1D5_1.jpg,ROUND,WHITE,10,ROUND_WHITE,174,0,0,0,0,0,0,0,0,0,0,1,0
00093-5767-56_RXNAVIMAGE10_4338A1D5_2.jpg,ROUND,WHITE,10,ROUND_WHITE,174,0,0,0,0,0,0,0,0,0,0,1,0
00904-2725-60_RXNAVIMAGE10_AC32D666_1.jpg,OVAL,WHITE,7,OVAL_WHITE,139,0,0,0,0,0,0,0,0,0,0,1,0
00904-2725-60_RXNAVIMAGE10_AC32D666_2.jpg,OVAL,WHITE,7,OVAL_WHITE,139,0,0,0,0,0,0,0,0,0,0,1,0
00093-7223-98_RXNAVIMAGE10_882FC43E_1.jpg,OVAL,WHITE,7,OVAL_WHITE,139,0,0,0,0,0,0,0,0,0,0,1,0
00093-7223-98_RXNAVIMAGE10_882FC43E_2.jpg,OVAL,WHITE,7,OVAL_WHITE,139,0,0,0,0,0,0,0,0,0,0,1,0
00781-2051-01_RXNAVIMAGE10_9A0ECD66_1.jpg,CAPSULE,WHITE,1,CAPSULE_WHITE,81,0,0,0,0,0,0,0,0,0,0,1,0
00781-2051-01_RXNAVIMAGE10_9A0ECD66_2.jpg,CAPSULE,WHITE,1,CAPSULE_WHITE,81,0,0,0,0,0,0,0,0,0,0,1,0
00093-0318-01_RXNAVIMAGE10_462B2319_1.jpg,ROUND,ORANGE,10,ROUND_ORANGE,166,0,0,0,0,0,1,0,0,0,0,0,0
00093-0318-01_RXNAVIMAGE10_462B2319_2.jpg,ROUND,ORANGE,10,ROUND_ORANGE,166,0,0,0,0,0,1,0,0,0,0,0,0
00555-0766-02_RXNAVIMAGE10_78423C31_1.jpg,OVAL,ORANGE,7,OVAL_ORANGE,130,0,0,0,0,0,1,0,0,0,0,0,0
00555-0766-02_RXNAVIMAGE10_78423C31_2.jpg,OVAL,ORANGE,7,OVAL_ORANGE,130,0,0,0,0,0,1,0,0,0,0,0,0
00007-4893-20_RXNAVIMAGE10_D118E887_1.jpg,PENTAGON,PINK,8,PENTAGON_PINK,150,0,0,0,0,0,0,1,0,0,0,0,0
00007-4893-20_RXNAVIMAGE10_D118E887_2.jpg,PENTAGON,PINK,8,PENTAGON_PINK,150,0,0,0,0,0,0,1,0,0,0,0,0
51079-0077-20_RXNAVIMAGE10_233511E8_1.jpg,CAPSULE,"YELLOW, RED",1,"CAPSULE_YELLOW, RED",102,0,0,0,0,0,0,0,0,1,0,0,1
51079-0077-20_RXNAVIMAGE10_233511E8_2.jpg,CAPSULE,"YELLOW, RED",1,"CAPSULE_YELLOW, RED",102,0,0,0,0,0,0,0,0,1,0,0,1
00143-9582-30_RXNAVIMAGE10_FD347EE3_1.jpg,OVAL,GREEN,7,OVAL_GREEN,129,0,0,0,0,1,0,0,0,0,0,0,0
00143-9582-30_RXNAVIMAGE10_FD347EE3_2.jpg,OVAL,GREEN,7,OVAL_GREEN,129,0,0,0,0,1,0,0,0,0,0,0,0
16729-0020-15_RXNAVIMAGE10_093F84DC_1.jpg,ROUND,WHITE,10,ROUND_WHITE,174,0,0,0,0,0,0,0,0,0,0,1,0
16729-0020-15_RXNAVIMAGE10_093F84DC_2.jpg,ROUND,WHITE,10,ROUND_WHITE,174,0,0,0,0,0,0,0,0,0,0,1,0
00603-4212-21_RXNAVIMAGE10_234491C4_1.jpg,ROUND,WHITE,10,ROUND_WHITE,174,0,0,0,0,0,0,0,0,0,0,1,0
00603-4212-21_RXNAVIMAGE10_234491C4_2.jpg,ROUND,WHITE,10,ROUND_WHITE,174,0,0,0,0,0,0,0,0,0,0,1,0
00378-2077-01_RXNAVIMAGE10_4426A255_1.jpg,ROUND,BLUE,10,ROUND_BLUE,160,0,1,0,0,0,0,0,0,0,0,0,0
00378-2077-01_RXNAVIMAGE10_4426A255_2.jpg,ROUND,BLUE,10,ROUND_BLUE,160,0,1,0,0,0,0,0,0,0,0,0,0
51293-0802-01_RXNAVIMAGE10_814140FA_1.jpg,ROUND,BROWN,10,ROUND_BROWN,162,0,0,1,0,0,0,0,0,0,0,0,0
51293-0802-01_RXNAVIMAGE10_814140FA_2.jpg,ROUND,BROWN,10,ROUND_BROWN,162,0,0,1,0,0,0,0,0,0,0,0,0
65862-0697-90_RXNAVIMAGE10_F84CFC27_1.jpg,CAPSULE,ORANGE,1,CAPSULE_ORANGE,44,0,0,0,0,0,1,0,0,0,0,0,0
65862-0697-90_RXNAVIMAGE10_F84CFC27_2.jpg,CAPSULE,ORANGE,1,CAPSULE_ORANGE,44,0,0,0,0,0,1,0,0,0,0,0,0
00781-1883-10_RXNAVIMAGE10_FE4AFF17_1.jpg,ROUND,PINK,10,ROUND_PINK,168,0,0,0,0,0,0,1,0,0,0,0,0
00781-1883-10_RXNAVIMAGE10_FE4AFF17_2.jpg,ROUND,PINK,10,ROUND_PINK,168,0,0,0,0,0,0,1,0,0,0,0,0
00555-9018-58_RXNAVIMAGE10_2A369574_1.jpg,ROUND,BLUE,10,ROUND_BLUE,160,0,1,0,0,0,0,0,0,0,0,0,0
00555-9018-58_RXNAVIMAGE10_2A369574_2.jpg,ROUND,BLUE,10,ROUND_BLUE,160,0,1,0,0,0,0,0,0,0,0,0,0
66424-0020-01_RXNAVIMAGE10_1A038D6C_1.jpg,CAPSULE,"PINK, WHITE",1,"CAPSULE_PINK, WHITE",59,0,0,0,0,0,0,1,0,0,0,1,0
66424-0020-01_RXNAVIMAGE10_1A038D6C_2.jpg,CAPSULE,"PINK, WHITE",1,"CAPSULE_PINK, WHITE",59,0,0,0,0,0,0,1,0,0,0,1,0
00555-0702-84_RXNAVIMAGE10_58422C41_1.jpg,ROUND,PINK,10,ROUND_PINK,168,0,0,0,0,0,0,1,0,0,0,0,0
00555-0702-84_RXNAVIMAGE10_58422C41_2.jpg,ROUND,PINK,10,ROUND_PINK,168,0,0,0,0,0,0,1,0,0,0,0,0
24486-0604-90_RXNAVIMAGE10_DF1FEFFF_1.jpg,OVAL,"PURPLE, WHITE",7,"OVAL_PURPLE, WHITE",136,0,0,0,0,0,0,0,1,0,0,1,0
24486-0604-90_RXNAVIMAGE10_DF1FEFFF_2.jpg,OVAL,"PURPLE, WHITE",7,"OVAL_PURPLE, WHITE",136,0,0,0,0,0,0,0,1,0,0,1,0
00093-7383-01_RXNAVIMAGE10_56292B49_1.jpg,ROUND,ORANGE,10,ROUND_ORANGE,166,0,0,0,0,0,1,0,0,0,0,0,0
00093-7383-01_RXNAVIMAGE10_56292B49_2.jpg,ROUND,ORANGE,10,ROUND_ORANGE,166,0,0,0,0,0,1,0,0,0,0,0,0
68462-0208-01_RXNAVIMAGE10_7A1B3D59_1.jpg,ROUND,BROWN,10,ROUND_BROWN,162,0,0,1,0,0,0,0,0,0,0,0,0
68462-0208-01_RXNAVIMAGE10_7A1B3D59_2.jpg,ROUND,BROWN,10,ROUND_BROWN,162,0,0,1,0,0,0,0,0,0,0,0,0
00093-7037-56_RXNAVIMAGE10_7643BB4D_1.jpg,ROUND,YELLOW,10,ROUND_YELLOW,178,0,0,0,0,0,0,0,0,0,0,0,1
00093-7037-56_RXNAVIMAGE10_7643BB4D_2.jpg,ROUND,YELLOW,10,ROUND_YELLOW,178,0,0,0,0,0,0,0,0,0,0,0,1
62856-0243-30_RXNAVIMAGE10_BB39DD9E_1.jpg,ROUND,YELLOW,10,ROUND_YELLOW,178,0,0,0,0,0,0,0,0,0,0,0,1
62856-0243-30_RXNAVIMAGE10_BB39DD9E_2.jpg,ROUND,YELLOW,10,ROUND_YELLOW,178,0,0,0,0,0,0,0,0,0,0,0,1
00378-0028-01_RXNAVIMAGE10_A308D1E6_1.jpg,ROUND,YELLOW,10,ROUND_YELLOW,178,0,0,0,0,0,0,0,0,0,0,0,1
00378-0028-01_RXNAVIMAGE10_A308D1E6_2.jpg,ROUND,YELLOW,10,ROUND_YELLOW,178,0,0,0,0,0,0,0,0,0,0,0,1
00172-5032-60_RXNAVIMAGE10_002D0078_1.jpg,ROUND,PINK,10,ROUND_PINK,168,0,0,0,0,0,0,1,0,0,0,0,0
00172-5032-60_RXNAVIMAGE10_002D0078_2.jpg,ROUND,PINK,10,ROUND_PINK,168,0,0,0,0,0,0,1,0,0,0,0,0
31722-0829-30_RXNAVIMAGE10_714F38A9_1.jpg,ROUND,WHITE,10,ROUND_WHITE,174,0,0,0,0,0,0,0,0,0,0,1,0
31722-0829-30_RXNAVIMAGE10_714F38A9_2.jpg,ROUND,WHITE,10,ROUND_WHITE,174,0,0,0,0,0,0,0,0,0,0,1,0
00074-9642-90_RXNAVIMAGE10_4815A44D_1.jpg,CAPSULE,"RED, YELLOW",1,"CAPSULE_RED, YELLOW",75,0,0,0,0,0,0,0,0,1,0,0,1
00074-9642-90_RXNAVIMAGE10_4815A44D_2.jpg,CAPSULE,"RED, YELLOW",1,"CAPSULE_RED, YELLOW",75,0,0,0,0,0,0,0,0,1,0,0,1
00071-1012-68_RXNAVIMAGE10_C63BE31F_1.jpg,CAPSULE,WHITE,1,CAPSULE_WHITE,81,0,0,0,0,0,0,0,0,0,0,1,0
00071-1012-68_RXNAVIMAGE10_C63BE31F_2.jpg,CAPSULE,WHITE,1,CAPSULE_WHITE,81,0,0,0,0,0,0,0,0,0,0,1,0
00093-0928-06_RXNAVIMAGE10_6926B4E5_1.jpg,ROUND,GREEN,10,ROUND_GREEN,164,0,0,0,0,1,0,0,0,0,0,0,0
00093-0928-06_RXNAVIMAGE10_6926B4E5_2.jpg,ROUND,GREEN,10,ROUND_GREEN,164,0,0,0,0,1,0,0,0,0,0,0,0
75826-0114-10_RXNAVIMAGE10_4F50A7F5_1.jpg,ROUND,BROWN,10,ROUND_BROWN,162,0,0,1,0,0,0,0,0,0,0,0,0
75826-0114-10_RXNAVIMAGE10_4F50A7F5_2.jpg,ROUND,BROWN,10,ROUND_BROWN,162,0,0,1,0,0,0,0,0,0,0,0,0
00185-0047-09_RXNAVIMAGE10_8749C3BE_1.jpg,ROUND,WHITE,10,ROUND_WHITE,174,0,0,0,0,0,0,0,0,0,0,1,0
00185-0047-09_RXNAVIMAGE10_8749C3BE_2.jpg,ROUND,WHITE,10,ROUND_WHITE,174,0,0,0,0,0,0,0,0,0,0,1,0
00904-3854-61_RXNAVIMAGE10_13328984_1.jpg,ROUND,PINK,10,ROUND_PINK,168,0,0,0,0,0,0,1,0,0,0,0,0
00904-3854-61_RXNAVIMAGE10_13328984_2.jpg,ROUND,PINK,10,ROUND_PINK,168,0,0,0,0,0,0,1,0,0,0,0,0
64980-0196-01_RXNAVIMAGE10_C03FE00F_1.jpg,OVAL,RED,7,OVAL_RED,137,0,0,0,0,0,0,0,0,1,0,0,0
64980-0196-01_RXNAVIMAGE10_C03FE00F_2.jpg,OVAL,RED,7,OVAL_RED,137,0,0,0,0,0,0,0,0,1,0,0,0
16714-0682-01_RXNAVIMAGE10_684E3421_1.jpg,ROUND,PINK,10,ROUND_PINK,168,0,0,0,0,0,0,1,0,0,0,0,0
16714-0682-01_RXNAVIMAGE10_684E3421_2.jpg,ROUND,PINK,10,ROUND_PINK,168,0,0,0,0,0,0,1,0,0,0,0,0
00093-5116-01_RXNAVIMAGE10_B92D5C8A_1.jpg,OVAL,WHITE,7,OVAL_WHITE,139,0,0,0,0,0,0,0,0,0,0,1,0
00093-5116-01_RXNAVIMAGE10_B92D5C8A_2.jpg,OVAL,WHITE,7,OVAL_WHITE,139,0,0,0,0,0,0,0,0,0,0,1,0
00555-0788-02_RXNAVIMAGE10_D141E8FF_1.jpg,CAPSULE,ORANGE,1,CAPSULE_ORANGE,44,0,0,0,0,0,1,0,0,0,0,0,0
00555-0788-02_RXNAVIMAGE10_D141E8FF_2.jpg,CAPSULE,ORANGE,1,CAPSULE_ORANGE,44,0,0,0,0,0,1,0,0,0,0,0,0
00093-3167-53_RXNAVIMAGE10_F7267B83_1.jpg,CAPSULE,"RED, PINK",1,"CAPSULE_RED, PINK",72,0,0,0,0,0,0,1,0,1,0,0,0
00093-3167-53_RXNAVIMAGE10_F7267B83_2.jpg,CAPSULE,"RED, PINK",1,"CAPSULE_RED, PINK",72,0,0,0,0,0,0,1,0,1,0,0,0
00378-3121-01_RXNAVIMAGE10_C74B63CB_1.jpg,ROUND,WHITE,10,ROUND_WHITE,174,0,0,0,0,0,0,0,0,0,0,1,0
00378-3121-01_RXNAVIMAGE10_C74B63CB_2.jpg,ROUND,WHITE,10,ROUND_WHITE,174,0,0,0,0,0,0,0,0,0,0,1,0
00093-5360-01_RXNAVIMAGE10_F2127953_1.jpg,OVAL,WHITE,7,OVAL_WHITE,139,0,0,0,0,0,0,0,0,0,0,1,0
00093-5360-01_RXNAVIMAGE10_F2127953_2.jpg,OVAL,WHITE,7,OVAL_WHITE,139,0,0,0,0,0,0,0,0,0,0,1,0
65862-0154-30_RXNAVIMAGE10_B71C5BD2_1.jpg,OVAL,YELLOW,7,OVAL_YELLOW,145,0,0,0,0,0,0,0,0,0,0,0,1
65862-0154-30_RXNAVIMAGE10_B71C5BD2_2.jpg,OVAL,YELLOW,7,OVAL_YELLOW,145,0,0,0,0,0,0,0,0,0,0,0,1
00555-0874-02_RXNAVIMAGE10_8F2147DA_1.jpg,OVAL,BLUE,7,OVAL_BLUE,123,0,1,0,0,0,0,0,0,0,0,0,0
00555-0874-02_RXNAVIMAGE10_8F2147DA_2.jpg,OVAL,BLUE,7,OVAL_BLUE,123,0,1,0,0,0,0,0,0,0,0,0,0
00781-1452-01_RXNAVIMAGE10_D720EBF7_1.jpg,ROUND,WHITE,10,ROUND_WHITE,174,0,0,0,0,0,0,0,0,0,0,1,0
00781-1452-01_RXNAVIMAGE10_D720EBF7_2.jpg,ROUND,WHITE,10,ROUND_WHITE,174,0,0,0,0,0,0,0,0,0,0,1,0
31722-0209-30_RXNAVIMAGE10_670EB385_1.jpg,ROUND,WHITE,10,ROUND_WHITE,174,0,0,0,0,0,0,0,0,0,0,1,0
31722-0209-30_RXNAVIMAGE10_670EB385_2.jpg,ROUND,WHITE,10,ROUND_WHITE,174,0,0,0,0,0,0,0,0,0,0,1,0
00378-3632-01_RXNAVIMAGE10_4B242591_1.jpg,ROUND,WHITE,10,ROUND_WHITE,174,0,0,0,0,0,0,0,0,0,0,1,0
00378-3632-01_RXNAVIMAGE10_4B242591_2.jpg,ROUND,WHITE,10,ROUND_WHITE,174,0,0,0,0,0,0,0,0,0,0,1,0
00555-0787-02_RXNAVIMAGE10_B241D93E_1.jpg,CAPSULE,BLUE,1,CAPSULE_BLUE,7,0,1,0,0,0,0,0,0,0,0,0,0
00555-0787-02_RXNAVIMAGE10_B241D93E_2.jpg,CAPSULE,BLUE,1,CAPSULE_BLUE,7,0,1,0,0,0,0,0,0,0,0,0,0
63459-0701-60_RXNAVIMAGE10_602D3019_1.jpg,CAPSULE,"BLUE, RED",1,"CAPSULE_BLUE, RED",14,0,1,0,0,0,0,0,0,1,0,0,0
63459-0701-60_RXNAVIMAGE10_602D3019_2.jpg,CAPSULE,"BLUE, RED",1,"CAPSULE_BLUE, RED",14,0,1,0,0,0,0,0,0,1,0,0,0
43478-0903-88_RXNAVIMAGE10_EA0E7513_1.jpg,CAPSULE,"BLUE, TURQUOISE",1,"CAPSULE_BLUE, TURQUOISE",15,0,1,0,0,0,0,0,0,0,1,0,0
43478-0903-88_RXNAVIMAGE10_EA0E7513_2.jpg,CAPSULE,"BLUE, TURQUOISE",1,"CAPSULE_BLUE, TURQUOISE",15,0,1,0,0,0,0,0,0,0,1,0,0
00781-1439-01_RXNAVIMAGE10_4149A0AD_1.jpg,ROUND,ORANGE,10,ROUND_ORANGE,166,0,0,0,0,0,1,0,0,0,0,0,0
00781-1439-01_RXNAVIMAGE10_4149A0AD_2.jpg,ROUND,ORANGE,10,ROUND_ORANGE,166,0,0,0,0,0,1,0,0,0,0,0,0
31722-0830-30_RXNAVIMAGE10_B54DDABE_1.jpg,ROUND,PINK,10,ROUND_PINK,168,0,0,0,0,0,0,1,0,0,0,0,0
31722-0830-30_RXNAVIMAGE10_B54DDABE_2.jpg,ROUND,PINK,10,ROUND_PINK,168,0,0,0,0,0,0,1,0,0,0,0,0
00555-0833-02_RXNAVIMAGE10_1D128EB4_1.jpg,OVAL,ORANGE,7,OVAL_ORANGE,130,0,0,0,0,0,1,0,0,0,0,0,0
00555-0833-02_RXNAVIMAGE10_1D128EB4_2.jpg,OVAL,ORANGE,7,OVAL_ORANGE,130,0,0,0,0,0,1,0,0,0,0,0,0
00093-2057-55_RXNAVIMAGE10_E635F31F_1.jpg,ROUND,YELLOW,10,ROUND_YELLOW,178,0,0,0,0,0,0,0,0,0,0,0,1
00093-2057-55_RXNAVIMAGE10_E635F31F_2.jpg,ROUND,YELLOW,10,ROUND_YELLOW,178,0,0,0,0,0,0,0,0,0,0,0,1
47781-0268-30_RXNAVIMAGE10_03410198_1.jpg,OVAL,RED,7,OVAL_RED,137,0,0,0,0,0,0,0,0,1,0,0,0
47781-0268-30_RXNAVIMAGE10_03410198_2.jpg,OVAL,RED,7,OVAL_RED,137,0,0,0,0,0,0,0,0,1,0,0,0
65862-0329-04_RXNAVIMAGE10_4051A06D_1.jpg,OVAL,WHITE,7,OVAL_WHITE,139,0,0,0,0,0,0,0,0,0,0,1,0
65862-0329-04_RXNAVIMAGE10_4051A06D_2.jpg,OVAL,WHITE,7,OVAL_WHITE,139,0,0,0,0,0,0,0,0,0,0,1,0
60505-0247-01_RXNAVIMAGE10_9E384F52_1.jpg,OVAL,YELLOW,7,OVAL_YELLOW,145,0,0,0,0,0,0,0,0,0,0,0,1
60505-0247-01_RXNAVIMAGE10_9E384F52_2.jpg,OVAL,YELLOW,7,OVAL_YELLOW,145,0,0,0,0,0,0,0,0,0,0,0,1
00555-0658-02_RXNAVIMAGE10_FA41FD3F_1.jpg,CAPSULE,"RED, WHITE",1,"CAPSULE_RED, WHITE",74,0,0,0,0,0,0,0,0,1,0,1,0
00555-0658-02_RXNAVIMAGE10_FA41FD3F_2.jpg,CAPSULE,"RED, WHITE",1,"CAPSULE_RED, WHITE",74,0,0,0,0,0,0,0,0,1,0,1,0
59762-3328-01_RXNAVIMAGE10_6F34B785_1.jpg,CAPSULE,"BLUE, GREEN",1,"CAPSULE_BLUE, GREEN",11,0,1,0,0,1,0,0,0,0,0,0,0
59762-3328-01_RXNAVIMAGE10_6F34B785_2.jpg,CAPSULE,"BLUE, GREEN",1,"CAPSULE_BLUE, GREEN",11,0,1,0,0,1,0,0,0,0,0,0,0
00093-7202-98_RXNAVIMAGE10_093884C4_1.jpg,ROUND,GREEN,10,ROUND_GREEN,164,0,0,0,0,1,0,0,0,0,0,0,0
00093-7202-98_RXNAVIMAGE10_093884C4_2.jpg,ROUND,GREEN,10,ROUND_GREEN,164,0,0,0,0,1,0,0,0,0,0,0,0
65862-0618-90_RXNAVIMAGE10_B64EDB16_1.jpg,TRIANGLE,BROWN,15,TRIANGLE_BROWN,197,0,0,1,0,0,0,0,0,0,0,0,0
65862-0618-90_RXNAVIMAGE10_B64EDB16_2.jpg,TRIANGLE,BROWN,15,TRIANGLE_BROWN,197,0,0,1,0,0,0,0,0,0,0,0,0
59212-0425-10_RXNAVIMAGE10_AF4F57FA_1.jpg,SEMI-CIRCLE,WHITE,11,SEMI-CIRCLE_WHITE,181,0,0,0,0,0,0,0,0,0,0,1,0
59212-0425-10_RXNAVIMAGE10_AF4F57FA_2.jpg,SEMI-CIRCLE,WHITE,11,SEMI-CIRCLE_WHITE,181,0,0,0,0,0,0,0,0,0,0,1,0
16252-0573-50_RXNAVIMAGE10_EE387713_1.jpg,CAPSULE,"BLUE, WHITE",1,"CAPSULE_BLUE, WHITE",16,0,1,0,0,0,0,0,0,0,0,1,0
16252-0573-50_RXNAVIMAGE10_EE387713_2.jpg,CAPSULE,"BLUE, WHITE",1,"CAPSULE_BLUE, WHITE",16,0,1,0,0,0,0,0,0,0,0,1,0
00093-1053-98_RXNAVIMAGE10_19330C98_1.jpg,OVAL,BROWN,7,OVAL_BROWN,125,0,0,1,0,0,0,0,0,0,0,0,0
00093-1053-98_RXNAVIMAGE10_19330C98_2.jpg,OVAL,BROWN,7,OVAL_BROWN,125,0,0,1,0,0,0,0,0,0,0,0,0
00378-3422-01_RXNAVIMAGE10_6D4AB6E5_1.jpg,CAPSULE,"GRAY, BROWN",1,"CAPSULE_GRAY, BROWN",24,0,0,1,1,0,0,0,0,0,0,0,0
00378-3422-01_RXNAVIMAGE10_6D4AB6E5_2.jpg,CAPSULE,"GRAY, BROWN",1,"CAPSULE_GRAY, BROWN",24,0,0,1,1,0,0,0,0,0,0,0,0
00006-0717-31_RXNAVIMAGE10_0407824C_1.jpg,TEAR,YELLOW,13,TEAR_YELLOW,193,0,0,0,0,0,0,0,0,0,0,0,1
00006-0717-31_RXNAVIMAGE10_0407824C_2.jpg,TEAR,YELLOW,13,TEAR_YELLOW,193,0,0,0,0,0,0,0,0,0,0,0,1
00245-0086-11_RXNAVIMAGE10_724AB955_1.jpg,CAPSULE,BLUE,1,CAPSULE_BLUE,7,0,1,0,0,0,0,0,0,0,0,0,0
00245-0086-11_RXNAVIMAGE10_724AB955_2.jpg,CAPSULE,BLUE,1,CAPSULE_BLUE,7,0,1,0,0,0,0,0,0,0,0,0,0
00555-0887-02_RXNAVIMAGE10_18058C7C_1.jpg,OVAL,GREEN,7,OVAL_GREEN,129,0,0,0,0,1,0,0,0,0,0,0,0
00555-0887-02_RXNAVIMAGE10_18058C7C_2.jpg,OVAL,GREEN,7,OVAL_GREEN,129,0,0,0,0,1,0,0,0,0,0,0,0
65862-0603-30_RXNAVIMAGE10_3E3C1F40_1.jpg,OVAL,RED,7,OVAL_RED,137,0,0,0,0,0,0,0,0,1,0,0,0
65862-0603-30_RXNAVIMAGE10_3E3C1F40_2.jpg,OVAL,RED,7,OVAL_RED,137,0,0,0,0,0,0,0,0,1,0,0,0
00093-8343-05_RXNAVIMAGE10_5607AB5D_1.jpg,ROUND,ORANGE,10,ROUND_ORANGE,166,0,0,0,0,0,1,0,0,0,0,0,0
00093-8343-05_RXNAVIMAGE10_5607AB5D_2.jpg,ROUND,ORANGE,10,ROUND_ORANGE,166,0,0,0,0,0,1,0,0,0,0,0,0
00093-0220-56_RXNAVIMAGE10_37299BCC_1.jpg,ROUND,WHITE,10,ROUND_WHITE,174,0,0,0,0,0,0,0,0,0,0,1,0
00093-0220-56_RXNAVIMAGE10_37299BCC_2.jpg,ROUND,WHITE,10,ROUND_WHITE,174,0,0,0,0,0,0,0,0,0,0,1,0
67767-0141-30_RXNAVIMAGE10_80344042_1.jpg,ROUND,WHITE,10,ROUND_WHITE,174,0,0,0,0,0,0,0,0,0,0,1,0
67767-0141-30_RXNAVIMAGE10_80344042_2.jpg,ROUND,WHITE,10,ROUND_WHITE,174,0,0,0,0,0,0,0,0,0,0,1,0
60505-0253-03_RXNAVIMAGE10_DE46EF67_1.jpg,ROUND,PINK,10,ROUND_PINK,168,0,0,0,0,0,0,1,0,0,0,0,0
60505-0253-03_RXNAVIMAGE10_DE46EF67_2.jpg,ROUND,PINK,10,ROUND_PINK,168,0,0,0,0,0,0,1,0,0,0,0,0
00088-1090-47_RXNAVIMAGE10_D503EADF_1.jpg,OVAL,"WHITE, BROWN",7,"OVAL_WHITE, BROWN",141,0,0,1,0,0,0,0,0,0,0,1,0
00088-1090-47_RXNAVIMAGE10_D503EADF_2.jpg,OVAL,"WHITE, BROWN",7,"OVAL_WHITE, BROWN",141,0,0,1,0,0,0,0,0,0,0,1,0
66758-0110-01_RXNAVIMAGE10_39461CD0_1.jpg,ROUND,BLUE,10,ROUND_BLUE,160,0,1,0,0,0,0,0,0,0,0,0,0
66758-0110-01_RXNAVIMAGE10_39461CD0_2.jpg,ROUND,BLUE,10,ROUND_BLUE,160,0,1,0,0,0,0,0,0,0,0,0,0
00093-2065-06_RXNAVIMAGE10_8B27C5EE_1.jpg,SQUARE,WHITE,12,SQUARE_WHITE,185,0,0,0,0,0,0,0,0,0,0,1,0
00093-2065-06_RXNAVIMAGE10_8B27C5EE_2.jpg,SQUARE,WHITE,12,SQUARE_WHITE,185,0,0,0,0,0,0,0,0,0,0,1,0
00310-0755-90_RXNAVIMAGE10_891344FA_1.jpg,ROUND,YELLOW,10,ROUND_YELLOW,178,0,0,0,0,0,0,0,0,0,0,0,1
00310-0755-90_RXNAVIMAGE10_891344FA_2.jpg,ROUND,YELLOW,10,ROUND_YELLOW,178,0,0,0,0,0,0,0,0,0,0,0,1
00173-0642-55_RXNAVIMAGE10_C518E287_1.jpg,HEXAGON,ORANGE,5,HEXAGON_ORANGE,118,0,0,0,0,0,1,0,0,0,0,0,0
00173-0642-55_RXNAVIMAGE10_C518E287_2.jpg,HEXAGON,ORANGE,5,HEXAGON_ORANGE,118,0,0,0,0,0,1,0,0,0,0,0,0
00603-5165-32_RXNAVIMAGE10_2F1B97BC_1.jpg,ROUND,WHITE,10,ROUND_WHITE,174,0,0,0,0,0,0,0,0,0,0,1,0
00603-5165-32_RXNAVIMAGE10_2F1B97BC_2.jpg,ROUND,WHITE,10,ROUND_WHITE,174,0,0,0,0,0,0,0,0,0,0,1,0
00173-0644-60_RXNAVIMAGE10_B218D956_1.jpg,HEXAGON,BLUE,5,HEXAGON_BLUE,116,0,1,0,0,0,0,0,0,0,0,0,0
00173-0644-60_RXNAVIMAGE10_B218D956_2.jpg,HEXAGON,BLUE,5,HEXAGON_BLUE,116,0,1,0,0,0,0,0,0,0,0,0,0
66869-0147-30_RXNAVIMAGE10_B83BDC2E_1.jpg,CAPSULE,"WHITE, GREEN",1,"CAPSULE_WHITE, GREEN",86,0,0,0,0,1,0,0,0,0,0,1,0
66869-0147-30_RXNAVIMAGE10_B83BDC2E_2.jpg,CAPSULE,"WHITE, GREEN",1,"CAPSULE_WHITE, GREEN",86,0,0,0,0,1,0,0,0,0,0,1,0
00781-2353-31_RXNAVIMAGE10_B50EDAB6_1.jpg,CAPSULE,"GREEN, PINK",1,"CAPSULE_GREEN, PINK",39,0,0,0,0,1,0,1,0,0,0,0,0
00781-2353-31_RXNAVIMAGE10_B50EDAB6_2.jpg,CAPSULE,"GREEN, PINK",1,"CAPSULE_GREEN, PINK",39,0,0,0,0,1,0,1,0,0,0,0,0
00228-2667-11_RXNAVIMAGE10_2A349534_1.jpg,CAPSULE,"ORANGE, ORANGE",1,"CAPSULE_ORANGE, ORANGE",48,0,0,0,0,0,1,0,0,0,0,0,0
00228-2667-11_RXNAVIMAGE10_2A349534_2.jpg,CAPSULE,"ORANGE, ORANGE",1,"CAPSULE_ORANGE, ORANGE",48,0,0,0,0,0,1,0,0,0,0,0,0
00093-6451-56_RXNAVIMAGE10_54402A41_1.jpg,CAPSULE,TURQUOISE,1,CAPSULE_TURQUOISE,76,0,0,0,0,0,0,0,0,0,1,0,0
00093-6451-56_RXNAVIMAGE10_54402A41_2.jpg,CAPSULE,TURQUOISE,1,CAPSULE_TURQUOISE,76,0,0,0,0,0,0,0,0,0,1,0,0
59762-6722-01_RXNAVIMAGE10_DC3FEE1F_1.jpg,OVAL,WHITE,7,OVAL_WHITE,139,0,0,0,0,0,0,0,0,0,0,1,0
59762-6722-01_RXNAVIMAGE10_DC3FEE1F_2.jpg,OVAL,WHITE,7,OVAL_WHITE,139,0,0,0,0,0,0,0,0,0,0,1,0
59762-6733-01_RXNAVIMAGE10_BB3FDDCE_1.jpg,OVAL,BLUE,7,OVAL_BLUE,123,0,1,0,0,0,0,0,0,0,0,0,0
59762-6733-01_RXNAVIMAGE10_BB3FDDCE_2.jpg,OVAL,BLUE,7,OVAL_BLUE,123,0,1,0,0,0,0,0,0,0,0,0,0
00093-2158-01_RXNAVIMAGE10_5A2B2D69_1.jpg,ROUND,WHITE,10,ROUND_WHITE,174,0,0,0,0,0,0,0,0,0,0,1,0
00093-2158-01_RXNAVIMAGE10_5A2B2D69_2.jpg,ROUND,WHITE,10,ROUND_WHITE,174,0,0,0,0,0,0,0,0,0,0,1,0
57844-0117-01_RXNAVIMAGE10_5A4D2D49_1.jpg,OVAL,BLUE,7,OVAL_BLUE,123,0,1,0,0,0,0,0,0,0,0,0,0
57844-0117-01_RXNAVIMAGE10_5A4D2D49_2.jpg,OVAL,BLUE,7,OVAL_BLUE,123,0,1,0,0,0,0,0,0,0,0,0,0
00093-7156-56_RXNAVIMAGE10_DF27EF8F_1.jpg,OVAL,RED,7,OVAL_RED,137,0,0,0,0,0,0,0,0,1,0,0,0
00093-7156-56_RXNAVIMAGE10_DF27EF8F_2.jpg,OVAL,RED,7,OVAL_RED,137,0,0,0,0,0,0,0,0,1,0,0,0
51079-0865-20_RXNAVIMAGE10_1E338F7C_1.jpg,ROUND,WHITE,10,ROUND_WHITE,174,0,0,0,0,0,0,0,0,0,0,1,0
51079-0865-20_RXNAVIMAGE10_1E338F7C_2.jpg,ROUND,WHITE,10,ROUND_WHITE,174,0,0,0,0,0,0,0,0,0,0,1,0
68462-0188-01_RXNAVIMAGE10_BF08DF96_1.jpg,ROUND,ORANGE,10,ROUND_ORANGE,166,0,0,0,0,0,1,0,0,0,0,0,0
68462-0188-01_RXNAVIMAGE10_BF08DF96_2.jpg,ROUND,ORANGE,10,ROUND_ORANGE,166,0,0,0,0,0,1,0,0,0,0,0,0
16714-0685-02_RXNAVIMAGE10_944E4A12_1.jpg,OVAL,PINK,7,OVAL_PINK,133,0,0,0,0,0,0,1,0,0,0,0,0
16714-0685-02_RXNAVIMAGE10_944E4A12_2.jpg,OVAL,PINK,7,OVAL_PINK,133,0,0,0,0,0,0,1,0,0,0,0,0
00555-9025-42_RXNAVIMAGE10_F22F796B_1.jpg,ROUND,YELLOW,10,ROUND_YELLOW,178,0,0,0,0,0,0,0,0,0,0,0,1
00555-9025-42_RXNAVIMAGE10_F22F796B_2.jpg,ROUND,YELLOW,10,ROUND_YELLOW,178,0,0,0,0,0,0,0,0,0,0,0,1
68180-0352-06_RXNAVIMAGE10_EF3477C3_1.jpg,OVAL,BLUE,7,OVAL_BLUE,123,0,1,0,0,0,0,0,0,0,0,0,0
68180-0352-06_RXNAVIMAGE10_EF3477C3_2.jpg,OVAL,BLUE,7,OVAL_BLUE,123,0,1,0,0,0,0,0,0,0,0,0,0
00093-5275-01_RXNAVIMAGE10_E841F43F_1.jpg,ROUND,BLUE,10,ROUND_BLUE,160,0,1,0,0,0,0,0,0,0,0,0,0
00093-5275-01_RXNAVIMAGE10_E841F43F_2.jpg,ROUND,BLUE,10,ROUND_BLUE,160,0,1,0,0,0,0,0,0,0,0,0,0
65597-0107-30_RXNAVIMAGE10_1E130F28_1.jpg,OVAL,PINK,7,OVAL_PINK,133,0,0,0,0,0,0,1,0,0,0,0,0
65597-0107-30_RXNAVIMAGE10_1E130F28_2.jpg,OVAL,PINK,7,OVAL_PINK,133,0,0,0,0,0,0,1,0,0,0,0,0
16729-0042-01_RXNAVIMAGE10_4C1E2611_1.jpg,CAPSULE,WHITE,1,CAPSULE_WHITE,81,0,0,0,0,0,0,0,0,0,0,1,0
16729-0042-01_RXNAVIMAGE10_4C1E2611_2.jpg,CAPSULE,WHITE,1,CAPSULE_WHITE,81,0,0,0,0,0,0,0,0,0,0,1,0
00071-0418-24_RXNAVIMAGE10_72353979_1.jpg,ROUND,WHITE,10,ROUND_WHITE,174,0,0,0,0,0,0,0,0,0,0,1,0
00071-0418-24_RXNAVIMAGE10_72353979_2.jpg,ROUND,WHITE,10,ROUND_WHITE,174,0,0,0,0,0,0,0,0,0,0,1,0
57664-0377-18_RXNAVIMAGE10_4D12A685_1.jpg,OVAL,WHITE,7,OVAL_WHITE,139,0,0,0,0,0,0,0,0,0,0,1,0
57664-0377-18_RXNAVIMAGE10_4D12A685_2.jpg,OVAL,WHITE,7,OVAL_WHITE,139,0,0,0,0,0,0,0,0,0,0,1,0
65862-0029-01_RXNAVIMAGE10_E53E72C3_1.jpg,ROUND,WHITE,10,ROUND_WHITE,174,0,0,0,0,0,0,0,0,0,0,1,0
65862-0029-01_RXNAVIMAGE10_E53E72C3_2.jpg,ROUND,WHITE,10,ROUND_WHITE,174,0,0,0,0,0,0,0,0,0,0,1,0
65483-0702-10_RXNAVIMAGE10_F6387B33_1.jpg,CAPSULE,"GRAY, ORANGE",1,"CAPSULE_GRAY, ORANGE",26,0,0,0,1,0,1,0,0,0,0,0,0
65483-0702-10_RXNAVIMAGE10_F6387B33_2.jpg,CAPSULE,"GRAY, ORANGE",1,"CAPSULE_GRAY, ORANGE",26,0,0,0,1,0,1,0,0,0,0,0,0
51991-0748-10_RXNAVIMAGE10_274F93FC_1.jpg,CAPSULE,"GREEN, YELLOW",1,"CAPSULE_GREEN, YELLOW",43,0,0,0,0,1,0,0,0,0,0,0,1
51991-0748-10_RXNAVIMAGE10_274F93FC_2.jpg,CAPSULE,"GREEN, YELLOW",1,"CAPSULE_GREEN, YELLOW",43,0,0,0,0,1,0,0,0,0,0,0,1
68180-0361-09_RXNAVIMAGE10_E54072D3_1.jpg,OVAL,WHITE,7,OVAL_WHITE,139,0,0,0,0,0,0,0,0,0,0,1,0
68180-0361-09_RXNAVIMAGE10_E54072D3_2.jpg,OVAL,WHITE,7,OVAL_WHITE,139,0,0,0,0,0,0,0,0,0,0,1,0
53489-0700-07_RXNAVIMAGE10_734739D9_1.jpg,CAPSULE,WHITE,1,CAPSULE_WHITE,81,0,0,0,0,0,0,0,0,0,0,1,0
53489-0700-07_RXNAVIMAGE10_734739D9_2.jpg,CAPSULE,WHITE,1,CAPSULE_WHITE,81,0,0,0,0,0,0,0,0,0,0,1,0
63459-0215-30_RXNAVIMAGE10_D11C6893_1.jpg,OVAL,WHITE,7,OVAL_WHITE,139,0,0,0,0,0,0,0,0,0,0,1,0
63459-0215-30_RXNAVIMAGE10_D11C6893_2.jpg,OVAL,WHITE,7,OVAL_WHITE,139,0,0,0,0,0,0,0,0,0,0,1,0
49702-0207-18_RXNAVIMAGE10_6E193749_1.jpg,OVAL,PINK,7,OVAL_PINK,133,0,0,0,0,0,0,1,0,0,0,0,0
49702-0207-18_RXNAVIMAGE10_6E193749_2.jpg,OVAL,PINK,7,OVAL_PINK,133,0,0,0,0,0,0,1,0,0,0,0,0
00555-0572-35_RXNAVIMAGE10_1B2B8DCC_1.jpg,OVAL,YELLOW,7,OVAL_YELLOW,145,0,0,0,0,0,0,0,0,0,0,0,1
00555-0572-35_RXNAVIMAGE10_1B2B8DCC_2.jpg,OVAL,YELLOW,7,OVAL_YELLOW,145,0,0,0,0,0,0,0,0,0,0,0,1
16729-0184-17_RXNAVIMAGE10_473B23D9_1.jpg,ROUND,ORANGE,10,ROUND_ORANGE,166,0,0,0,0,0,1,0,0,0,0,0,0
16729-0184-17_RXNAVIMAGE10_473B23D9_2.jpg,ROUND,ORANGE,10,ROUND_ORANGE,166,0,0,0,0,0,1,0,0,0,0,0,0
00093-0852-53_RXNAVIMAGE10_2C241600_1.jpg,OVAL,WHITE,7,OVAL_WHITE,139,0,0,0,0,0,0,0,0,0,0,1,0
00093-0852-53_RXNAVIMAGE10_2C241600_2.jpg,OVAL,WHITE,7,OVAL_WHITE,139,0,0,0,0,0,0,0,0,0,0,1,0
00378-4021-01_RXNAVIMAGE10_934049C2_1.jpg,ROUND,WHITE,10,ROUND_WHITE,174,0,0,0,0,0,0,0,0,0,0,1,0
00378-4021-01_RXNAVIMAGE10_934049C2_2.jpg,ROUND,WHITE,10,ROUND_WHITE,174,0,0,0,0,0,0,0,0,0,0,1,0
00093-7254-01_RXNAVIMAGE10_310798FC_1.jpg,ROUND,PINK,10,ROUND_PINK,168,0,0,0,0,0,0,1,0,0,0,0,0
00093-7254-01_RXNAVIMAGE10_310798FC_2.jpg,ROUND,PINK,10,ROUND_PINK,168,0,0,0,0,0,0,1,0,0,0,0,0
00406-1170-03_RXNAVIMAGE10_AF08D7E6_1.jpg,OVAL,YELLOW,7,OVAL_YELLOW,145,0,0,0,0,0,0,0,0,0,0,0,1
00406-1170-03_RXNAVIMAGE10_AF08D7E6_2.jpg,OVAL,YELLOW,7,OVAL_YELLOW,145,0,0,0,0,0,0,0,0,0,0,0,1
00591-0348-10_RXNAVIMAGE10_4912A4D5_1.jpg,ROUND,YELLOW,10,ROUND_YELLOW,178,0,0,0,0,0,0,0,0,0,0,0,1
00591-0348-10_RXNAVIMAGE10_4912A4D5_2.jpg,ROUND,YELLOW,10,ROUND_YELLOW,178,0,0,0,0,0,0,0,0,0,0,0,1
43598-0220-28_RXNAVIMAGE10_7344B9B5_1.jpg,OVAL,WHITE,7,OVAL_WHITE,139,0,0,0,0,0,0,0,0,0,0,1,0
43598-0220-28_RXNAVIMAGE10_7344B9B5_2.jpg,OVAL,WHITE,7,OVAL_WHITE,139,0,0,0,0,0,0,0,0,0,0,1,0
49884-0725-01_RXNAVIMAGE10_4C3AA665_1.jpg,OVAL,WHITE,7,OVAL_WHITE,139,0,0,0,0,0,0,0,0,0,0,1,0
49884-0725-01_RXNAVIMAGE10_4C3AA665_2.jpg,OVAL,WHITE,7,OVAL_WHITE,139,0,0,0,0,0,0,0,0,0,0,1,0
00172-3759-60_RXNAVIMAGE10_702DB80D_1.jpg,TRIANGLE,WHITE,15,TRIANGLE_WHITE,202,0,0,0,0,0,0,0,0,0,0,1,0
00172-3759-60_RXNAVIMAGE10_702DB80D_2.jpg,TRIANGLE,WHITE,15,TRIANGLE_WHITE,202,0,0,0,0,0,0,0,0,0,0,1,0
00832-0302-00_RXNAVIMAGE10_C14F60FB_1.jpg,ROUND,BROWN,10,ROUND_BROWN,162,0,0,1,0,0,0,0,0,0,0,0,0
00832-0302-00_RXNAVIMAGE10_C14F60FB_2.jpg,ROUND,BROWN,10,ROUND_BROWN,162,0,0,1,0,0,0,0,0,0,0,0,0
50111-0309-01_RXNAVIMAGE10_8629434A_1.jpg,ROUND,WHITE,10,ROUND_WHITE,174,0,0,0,0,0,0,0,0,0,0,1,0
50111-0309-01_RXNAVIMAGE10_8629434A_2.jpg,ROUND,WHITE,10,ROUND_WHITE,174,0,0,0,0,0,0,0,0,0,0,1,0
60505-2649-07_RXNAVIMAGE10_80384052_1.jpg,CAPSULE,"WHITE, GREEN",1,"CAPSULE_WHITE, GREEN",86,0,0,0,0,1,0,0,0,0,0,1,0
60505-2649-07_RXNAVIMAGE10_80384052_2.jpg,CAPSULE,"WHITE, GREEN",1,"CAPSULE_WHITE, GREEN",86,0,0,0,0,1,0,0,0,0,0,1,0
57844-0691-98_RXNAVIMAGE10_88364442_1.jpg,ROUND,YELLOW,10,ROUND_YELLOW,178,0,0,0,0,0,0,0,0,0,0,0,1
57844-0691-98_RXNAVIMAGE10_88364442_2.jpg,ROUND,YELLOW,10,ROUND_YELLOW,178,0,0,0,0,0,0,0,0,0,0,0,1
65162-0727-10_RXNAVIMAGE10_33331988_1.jpg,OVAL,WHITE,7,OVAL_WHITE,139,0,0,0,0,0,0,0,0,0,0,1,0
65162-0727-10_RXNAVIMAGE10_33331988_2.jpg,OVAL,WHITE,7,OVAL_WHITE,139,0,0,0,0,0,0,0,0,0,0,1,0
00173-0527-00_RXNAVIMAGE10_B518DAA6_1.jpg,SQUARE,WHITE,12,SQUARE_WHITE,185,0,0,0,0,0,0,0,0,0,0,1,0
00173-0527-00_RXNAVIMAGE10_B518DAA6_2.jpg,SQUARE,WHITE,12,SQUARE_WHITE,185,0,0,0,0,0,0,0,0,0,0,1,0
00378-3855-77_RXNAVIMAGE10_FB1C7D93_1.jpg,ROUND,WHITE,10,ROUND_WHITE,174,0,0,0,0,0,0,0,0,0,0,1,0
00378-3855-77_RXNAVIMAGE10_FB1C7D93_2.jpg,ROUND,WHITE,10,ROUND_WHITE,174,0,0,0,0,0,0,0,0,0,0,1,0
13107-0031-34_RXNAVIMAGE10_821B411A_1.jpg,OVAL,YELLOW,7,OVAL_YELLOW,145,0,0,0,0,0,0,0,0,0,0,0,1
13107-0031-34_RXNAVIMAGE10_821B411A_2.jpg,OVAL,YELLOW,7,OVAL_YELLOW,145,0,0,0,0,0,0,0,0,0,0,0,1
51285-0367-01_RXNAVIMAGE10_50362851_1.jpg,OVAL,BLUE,7,OVAL_BLUE,123,0,1,0,0,0,0,0,0,0,0,0,0
51285-0367-01_RXNAVIMAGE10_50362851_2.jpg,OVAL,BLUE,7,OVAL_BLUE,123,0,1,0,0,0,0,0,0,0,0,0,0
43386-0160-06_RXNAVIMAGE10_1B4E8DA4_1.jpg,ROUND,WHITE,10,ROUND_WHITE,174,0,0,0,0,0,0,0,0,0,0,1,0
43386-0160-06_RXNAVIMAGE10_1B4E8DA4_2.jpg,ROUND,WHITE,10,ROUND_WHITE,174,0,0,0,0,0,0,0,0,0,0,1,0
00527-1311-01_RXNAVIMAGE10_2D2696B4_1.jpg,ROUND,WHITE,10,ROUND_WHITE,174,0,0,0,0,0,0,0,0,0,0,1,0
00527-1311-01_RXNAVIMAGE10_2D2696B4_2.jpg,ROUND,WHITE,10,ROUND_WHITE,174,0,0,0,0,0,0,0,0,0,0,1,0
60258-0850-01_RXNAVIMAGE10_DC156E1B_1.jpg,ROUND,WHITE,10,ROUND_WHITE,174,0,0,0,0,0,0,0,0,0,0,1,0
60258-0850-01_RXNAVIMAGE10_DC156E1B_2.jpg,ROUND,WHITE,10,ROUND_WHITE,174,0,0,0,0,0,0,0,0,0,0,1,0
54092-0191-12_RXNAVIMAGE10_281C9444_1.jpg,CAPSULE,BLUE,1,CAPSULE_BLUE,7,0,1,0,0,0,0,0,0,0,0,0,0
54092-0191-12_RXNAVIMAGE10_281C9444_2.jpg,CAPSULE,BLUE,1,CAPSULE_BLUE,7,0,1,0,0,0,0,0,0,0,0,0,0
00456-1120-30_RXNAVIMAGE10_123D0918_1.jpg,OVAL,ORANGE,7,OVAL_ORANGE,130,0,0,0,0,0,1,0,0,0,0,0,0
00456-1120-30_RXNAVIMAGE10_123D0918_2.jpg,OVAL,ORANGE,7,OVAL_ORANGE,130,0,0,0,0,0,1,0,0,0,0,0,0
68382-0096-05_RXNAVIMAGE10_F8407C03_1.jpg,OVAL,WHITE,7,OVAL_WHITE,139,0,0,0,0,0,0,0,0,0,0,1,0
68382-0096-05_RXNAVIMAGE10_F8407C03_2.jpg,OVAL,WHITE,7,OVAL_WHITE,139,0,0,0,0,0,0,0,0,0,0,1,0
00378-2005-93_RXNAVIMAGE10_3E469F54_1.jpg,ROUND,ORANGE,10,ROUND_ORANGE,166,0,0,0,0,0,1,0,0,0,0,0,0
00378-2005-93_RXNAVIMAGE10_3E469F54_2.jpg,ROUND,ORANGE,10,ROUND_ORANGE,166,0,0,0,0,0,1,0,0,0,0,0,0
00078-0599-20_RXNAVIMAGE10_6E3DB77D_1.jpg,ROUND,WHITE,10,ROUND_WHITE,174,0,0,0,0,0,0,0,0,0,0,1,0
00078-0599-20_RXNAVIMAGE10_6E3DB77D_2.jpg,ROUND,WHITE,10,ROUND_WHITE,174,0,0,0,0,0,0,0,0,0,0,1,0
16714-0388-01_RXNAVIMAGE10_884D442A_1.jpg,CAPSULE,"RED, WHITE",1,"CAPSULE_RED, WHITE",74,0,0,0,0,0,0,0,0,1,0,1,0
16714-0388-01_RXNAVIMAGE10_884D442A_2.jpg,CAPSULE,"RED, WHITE",1,"CAPSULE_RED, WHITE",74,0,0,0,0,0,0,0,0,1,0,1,0
16714-0101-05_RXNAVIMAGE10_9449CA7E_1.jpg,OVAL,WHITE,7,OVAL_WHITE,139,0,0,0,0,0,0,0,0,0,0,1,0
16714-0101-05_RXNAVIMAGE10_9449CA7E_2.jpg,OVAL,WHITE,7,OVAL_WHITE,139,0,0,0,0,0,0,0,0,0,0,1,0
68682-0101-50_RXNAVIMAGE10_7A4B3D29_1.jpg,OVAL,WHITE,7,OVAL_WHITE,139,0,0,0,0,0,0,0,0,0,0,1,0
68682-0101-50_RXNAVIMAGE10_7A4B3D29_2.jpg,OVAL,WHITE,7,OVAL_WHITE,139,0,0,0,0,0,0,0,0,0,0,1,0
99207-0465-30_RXNAVIMAGE10_88164432_1.jpg,OVAL,PINK,7,OVAL_PINK,133,0,0,0,0,0,0,1,0,0,0,0,0
99207-0465-30_RXNAVIMAGE10_88164432_2.jpg,OVAL,PINK,7,OVAL_PINK,133,0,0,0,0,0,0,1,0,0,0,0,0
00024-5800-90_RXNAVIMAGE10_4112A085_1.jpg,OVAL,WHITE,7,OVAL_WHITE,139,0,0,0,0,0,0,0,0,0,0,1,0
00024-5800-90_RXNAVIMAGE10_4112A085_2.jpg,OVAL,WHITE,7,OVAL_WHITE,139,0,0,0,0,0,0,0,0,0,0,1,0
53489-0469-01_RXNAVIMAGE10_E92374FB_1.jpg,OVAL,WHITE,7,OVAL_WHITE,139,0,0,0,0,0,0,0,0,0,0,1,0
53489-0469-01_RXNAVIMAGE10_E92374FB_2.jpg,OVAL,WHITE,7,OVAL_WHITE,139,0,0,0,0,0,0,0,0,0,0,1,0
00555-0286-02_RXNAVIMAGE10_F92B7CEB_1.jpg,ROUND,WHITE,10,ROUND_WHITE,174,0,0,0,0,0,0,0,0,0,0,1,0
00555-0286-02_RXNAVIMAGE10_F92B7CEB_2.jpg,ROUND,WHITE,10,ROUND_WHITE,174,0,0,0,0,0,0,0,0,0,0,1,0
00093-0132-01_RXNAVIMAGE10_15298A8C_1.jpg,OVAL,WHITE,7,OVAL_WHITE,139,0,0,0,0,0,0,0,0,0,0,1,0
00093-0132-01_RXNAVIMAGE10_15298A8C_2.jpg,OVAL,WHITE,7,OVAL_WHITE,139,0,0,0,0,0,0,0,0,0,0,1,0
00781-1393-01_RXNAVIMAGE10_7E07BF0D_1.jpg,ROUND,PINK,10,ROUND_PINK,168,0,0,0,0,0,0,1,0,0,0,0,0
00781-1393-01_RXNAVIMAGE10_7E07BF0D_2.jpg,ROUND,PINK,10,ROUND_PINK,168,0,0,0,0,0,0,1,0,0,0,0,0
00093-7220-06_RXNAVIMAGE10_692934D9_1.jpg,OVAL,PINK,7,OVAL_PINK,133,0,0,0,0,0,0,1,0,0,0,0,0
00093-7220-06_RXNAVIMAGE10_692934D9_2.jpg,OVAL,PINK,7,OVAL_PINK,133,0,0,0,0,0,0,1,0,0,0,0,0
55111-0587-01_RXNAVIMAGE10_FB3AFD97_1.jpg,CAPSULE,"ORANGE, WHITE",1,"CAPSULE_ORANGE, WHITE",50,0,0,0,0,0,1,0,0,0,0,1,0
55111-0587-01_RXNAVIMAGE10_FB3AFD97_2.jpg,CAPSULE,"ORANGE, WHITE",1,"CAPSULE_ORANGE, WHITE",50,0,0,0,0,0,1,0,0,0,0,1,0
00591-0241-10_RXNAVIMAGE10_8D1B468A_1.jpg,ROUND,WHITE,10,ROUND_WHITE,174,0,0,0,0,0,0,0,0,0,0,1,0
00591-0241-10_RXNAVIMAGE10_8D1B468A_2.jpg,ROUND,WHITE,10,ROUND_WHITE,174,0,0,0,0,0,0,0,0,0,0,1,0
00378-0218-01_RXNAVIMAGE10_BF205FB2_1.jpg,ROUND,WHITE,10,ROUND_WHITE,174,0,0,0,0,0,0,0,0,0,0,1,0
00378-0218-01_RXNAVIMAGE10_BF205FB2_2.jpg,ROUND,WHITE,10,ROUND_WHITE,174,0,0,0,0,0,0,0,0,0,0,1,0
62756-0368-88_RXNAVIMAGE10_28469444_1.jpg,OVAL,PINK,7,OVAL_PINK,133,0,0,0,0,0,0,1,0,0,0,0,0
62756-0368-88_RXNAVIMAGE10_28469444_2.jpg,OVAL,PINK,7,OVAL_PINK,133,0,0,0,0,0,0,1,0,0,0,0,0
00378-3131-01_RXNAVIMAGE10_8C464612_1.jpg,ROUND,WHITE,10,ROUND_WHITE,174,0,0,0,0,0,0,0,0,0,0,1,0
00378-3131-01_RXNAVIMAGE10_8C464612_2.jpg,ROUND,WHITE,10,ROUND_WHITE,174,0,0,0,0,0,0,0,0,0,0,1,0
00378-9290-91_RXNAVIMAGE10_240E9224_1.jpg,ROUND,WHITE,10,ROUND_WHITE,174,0,0,0,0,0,0,0,0,0,0,1,0
00378-9290-91_RXNAVIMAGE10_240E9224_2.jpg,ROUND,WHITE,10,ROUND_WHITE,174,0,0,0,0,0,0,0,0,0,0,1,0
00093-4029-01_RXNAVIMAGE10_FF34FF87_1.jpg,CAPSULE,GREEN,1,CAPSULE_GREEN,32,0,0,0,0,1,0,0,0,0,0,0,0
00093-4029-01_RXNAVIMAGE10_FF34FF87_2.jpg,CAPSULE,GREEN,1,CAPSULE_GREEN,32,0,0,0,0,1,0,0,0,0,0,0,0
13668-0079-30_RXNAVIMAGE10_1B3C8D84_1.jpg,OVAL,PINK,7,OVAL_PINK,133,0,0,0,0,0,0,1,0,0,0,0,0
13668-0079-30_RXNAVIMAGE10_1B3C8D84_2.jpg,OVAL,PINK,7,OVAL_PINK,133,0,0,0,0,0,0,1,0,0,0,0,0
00591-0398-60_RXNAVIMAGE10_043A8234_1.jpg,ROUND,WHITE,10,ROUND_WHITE,174,0,0,0,0,0,0,0,0,0,0,1,0
00591-0398-60_RXNAVIMAGE10_043A8234_2.jpg,ROUND,WHITE,10,ROUND_WHITE,174,0,0,0,0,0,0,0,0,0,0,1,0
00603-3740-21_RXNAVIMAGE10_59242C81_1.jpg,ROUND,WHITE,10,ROUND_WHITE,174,0,0,0,0,0,0,0,0,0,0,1,0
00603-3740-21_RXNAVIMAGE10_59242C81_2.jpg,ROUND,WHITE,10,ROUND_WHITE,174,0,0,0,0,0,0,0,0,0,0,1,0
00228-2577-50_RXNAVIMAGE10_650532A9_1.jpg,CAPSULE,"GREEN, TURQUOISE",1,"CAPSULE_GREEN, TURQUOISE",41,0,0,0,0,1,0,0,0,0,1,0,0
00228-2577-50_RXNAVIMAGE10_650532A9_2.jpg,CAPSULE,"GREEN, TURQUOISE",1,"CAPSULE_GREEN, TURQUOISE",41,0,0,0,0,1,0,0,0,0,1,0,0
00603-2957-21_RXNAVIMAGE10_46232309_1.jpg,OVAL,BROWN,7,OVAL_BROWN,125,0,0,1,0,0,0,0,0,0,0,0,0
00603-2957-21_RXNAVIMAGE10_46232309_2.jpg,OVAL,BROWN,7,OVAL_BROWN,125,0,0,1,0,0,0,0,0,0,0,0,0
13668-0134-01_RXNAVIMAGE10_78403C41_1.jpg,ROUND,BROWN,10,ROUND_BROWN,162,0,0,1,0,0,0,0,0,0,0,0,0
13668-0134-01_RXNAVIMAGE10_78403C41_2.jpg,ROUND,BROWN,10,ROUND_BROWN,162,0,0,1,0,0,0,0,0,0,0,0,0
00486-1125-01_RXNAVIMAGE10_514DA8AD_1.jpg,OVAL,WHITE,7,OVAL_WHITE,139,0,0,0,0,0,0,0,0,0,0,1,0
00486-1125-01_RXNAVIMAGE10_514DA8AD_2.jpg,OVAL,WHITE,7,OVAL_WHITE,139,0,0,0,0,0,0,0,0,0,0,1,0
00555-9045-58_RXNAVIMAGE10_AB3555FA_1.jpg,ROUND,ORANGE,10,ROUND_ORANGE,166,0,0,0,0,0,1,0,0,0,0,0,0
00555-9045-58_RXNAVIMAGE10_AB3555FA_2.jpg,ROUND,ORANGE,10,ROUND_ORANGE,166,0,0,0,0,0,1,0,0,0,0,0,0
52544-0064-41_RXNAVIMAGE10_C74AE3E7_1.jpg,ROUND,GREEN,10,ROUND_GREEN,164,0,0,0,0,1,0,0,0,0,0,0,0
52544-0064-41_RXNAVIMAGE10_C74AE3E7_2.jpg,ROUND,GREEN,10,ROUND_GREEN,164,0,0,0,0,1,0,0,0,0,0,0,0
00904-6457-60_RXNAVIMAGE10_1C500E60_1.jpg,OVAL,ORANGE,7,OVAL_ORANGE,130,0,0,0,0,0,1,0,0,0,0,0,0
00904-6457-60_RXNAVIMAGE10_1C500E60_2.jpg,OVAL,ORANGE,7,OVAL_ORANGE,130,0,0,0,0,0,1,0,0,0,0,0,0
00056-0172-70_RXNAVIMAGE10_A213515A_1.jpg,ROUND,ORANGE,10,ROUND_ORANGE,166,0,0,0,0,0,1,0,0,0,0,0,0
00056-0172-70_RXNAVIMAGE10_A213515A_2.jpg,ROUND,ORANGE,10,ROUND_ORANGE,166,0,0,0,0,0,1,0,0,0,0,0,0
00378-4775-01_RXNAVIMAGE10_7D39BEAD_1.jpg,OVAL,WHITE,7,OVAL_WHITE,139,0,0,0,0,0,0,0,0,0,0,1,0
00378-4775-01_RXNAVIMAGE10_7D39BEAD_2.jpg,OVAL,WHITE,7,OVAL_WHITE,139,0,0,0,0,0,0,0,0,0,0,1,0
00603-2959-21_RXNAVIMAGE10_843F422A_1.jpg,OVAL,PINK,7,OVAL_PINK,133,0,0,0,0,0,0,1,0,0,0,0,0
00603-2959-21_RXNAVIMAGE10_843F422A_2.jpg,OVAL,PINK,7,OVAL_PINK,133,0,0,0,0,0,0,1,0,0,0,0,0
00172-5034-60_RXNAVIMAGE10_052D0288_1.jpg,ROUND,YELLOW,10,ROUND_YELLOW,178,0,0,0,0,0,0,0,0,0,0,0,1
00172-5034-60_RXNAVIMAGE10_052D0288_2.jpg,ROUND,YELLOW,10,ROUND_YELLOW,178,0,0,0,0,0,0,0,0,0,0,0,1
65162-0763-10_RXNAVIMAGE10_D23E6963_1.jpg,OVAL,GREEN,7,OVAL_GREEN,129,0,0,0,0,1,0,0,0,0,0,0,0
65162-0763-10_RXNAVIMAGE10_D23E6963_2.jpg,OVAL,GREEN,7,OVAL_GREEN,129,0,0,0,0,1,0,0,0,0,0,0,0
00228-2752-11_RXNAVIMAGE10_E520F2B7_1.jpg,OVAL,YELLOW,7,OVAL_YELLOW,145,0,0,0,0,0,0,0,0,0,0,0,1
00228-2752-11_RXNAVIMAGE10_E520F2B7_2.jpg,OVAL,YELLOW,7,OVAL_YELLOW,145,0,0,0,0,0,0,0,0,0,0,0,1
65597-0105-30_RXNAVIMAGE10_18130C28_1.jpg,ROUND,YELLOW,10,ROUND_YELLOW,178,0,0,0,0,0,0,0,0,0,0,0,1
65597-0105-30_RXNAVIMAGE10_18130C28_2.jpg,ROUND,YELLOW,10,ROUND_YELLOW,178,0,0,0,0,0,0,0,0,0,0,0,1
68462-0137-01_RXNAVIMAGE10_B2085922_1.jpg,OVAL,YELLOW,7,OVAL_YELLOW,145,0,0,0,0,0,0,0,0,0,0,0,1
68462-0137-01_RXNAVIMAGE10_B2085922_2.jpg,OVAL,YELLOW,7,OVAL_YELLOW,145,0,0,0,0,0,0,0,0,0,0,0,1
00781-5188-01_RXNAVIMAGE10_D020E837_1.jpg,OVAL,PURPLE,7,OVAL_PURPLE,135,0,0,0,0,0,0,0,1,0,0,0,0
00781-5188-01_RXNAVIMAGE10_D020E837_2.jpg,OVAL,PURPLE,7,OVAL_PURPLE,135,0,0,0,0,0,0,0,1,0,0,0,0
00093-8121-01_RXNAVIMAGE10_7F363FC1_1.jpg,OVAL,WHITE,7,OVAL_WHITE,139,0,0,0,0,0,0,0,0,0,0,1,0
00093-8121-01_RXNAVIMAGE10_7F363FC1_2.jpg,OVAL,WHITE,7,OVAL_WHITE,139,0,0,0,0,0,0,0,0,0,0,1,0
50458-0251-00_RXNAVIMAGE10_D245696B_1.jpg,ROUND,WHITE,10,ROUND_WHITE,174,0,0,0,0,0,0,0,0,0,0,1,0
50458-0251-00_RXNAVIMAGE10_D245696B_2.jpg,ROUND,WHITE,10,ROUND_WHITE,174,0,0,0,0,0,0,0,0,0,0,1,0
65597-0701-18_RXNAVIMAGE10_AD1DD6FE_1.jpg,OVAL,WHITE,7,OVAL_WHITE,139,0,0,0,0,0,0,0,0,0,0,1,0
65597-0701-18_RXNAVIMAGE10_AD1DD6FE_2.jpg,OVAL,WHITE,7,OVAL_WHITE,139,0,0,0,0,0,0,0,0,0,0,1,0
51285-0409-02_RXNAVIMAGE10_093584AC_1.jpg,OVAL,TURQUOISE,7,OVAL_TURQUOISE,138,0,0,0,0,0,0,0,0,0,1,0,0
51285-0409-02_RXNAVIMAGE10_093584AC_2.jpg,OVAL,TURQUOISE,7,OVAL_TURQUOISE,138,0,0,0,0,0,0,0,0,0,1,0,0
62037-0675-01_RXNAVIMAGE10_733339C9_1.jpg,ROUND,WHITE,10,ROUND_WHITE,174,0,0,0,0,0,0,0,0,0,0,1,0
62037-0675-01_RXNAVIMAGE10_733339C9_2.jpg,ROUND,WHITE,10,ROUND_WHITE,174,0,0,0,0,0,0,0,0,0,0,1,0
00378-6044-28_RXNAVIMAGE10_35419AFC_1.jpg,ROUND,WHITE,10,ROUND_WHITE,174,0,0,0,0,0,0,0,0,0,0,1,0
00378-6044-28_RXNAVIMAGE10_35419AFC_2.jpg,ROUND,WHITE,10,ROUND_WHITE,174,0,0,0,0,0,0,0,0,0,0,1,0
23155-0004-01_RXNAVIMAGE10_643B3249_1.jpg,ROUND,PINK,10,ROUND_PINK,168,0,0,0,0,0,0,1,0,0,0,0,0
23155-0004-01_RXNAVIMAGE10_643B3249_2.jpg,ROUND,PINK,10,ROUND_PINK,168,0,0,0,0,0,0,1,0,0,0,0,0
68682-0528-01_RXNAVIMAGE10_943A4A22_1.jpg,OVAL,WHITE,7,OVAL_WHITE,139,0,0,0,0,0,0,0,0,0,0,1,0
68682-0528-01_RXNAVIMAGE10_943A4A22_2.jpg,OVAL,WHITE,7,OVAL_WHITE,139,0,0,0,0,0,0,0,0,0,0,1,0
00781-5017-01_RXNAVIMAGE10_AD0556AA_1.jpg,ROUND,WHITE,10,ROUND_WHITE,174,0,0,0,0,0,0,0,0,0,0,1,0
00781-5017-01_RXNAVIMAGE10_AD0556AA_2.jpg,ROUND,WHITE,10,ROUND_WHITE,174,0,0,0,0,0,0,0,0,0,0,1,0
00173-0565-04_RXNAVIMAGE10_461DA30D_1.jpg,OVAL,BLUE,7,OVAL_BLUE,123,0,1,0,0,0,0,0,0,0,0,0,0
00173-0565-04_RXNAVIMAGE10_461DA30D_2.jpg,OVAL,BLUE,7,OVAL_BLUE,123,0,1,0,0,0,0,0,0,0,0,0,0
00085-1317-01_RXNAVIMAGE10_D307E9CF_1.jpg,OVAL,BLUE,7,OVAL_BLUE,123,0,1,0,0,0,0,0,0,0,0,0,0
00085-1317-01_RXNAVIMAGE10_D307E9CF_2.jpg,OVAL,BLUE,7,OVAL_BLUE,123,0,1,0,0,0,0,0,0,0,0,0,0
51285-0424-10_RXNAVIMAGE10_562F2B09_1.jpg,OVAL,WHITE,7,OVAL_WHITE,139,0,0,0,0,0,0,0,0,0,0,1,0
51285-0424-10_RXNAVIMAGE10_562F2B09_2.jpg,OVAL,WHITE,7,OVAL_WHITE,139,0,0,0,0,0,0,0,0,0,0,1,0
45963-0142-30_RXNAVIMAGE10_CB48E587_1.jpg,OVAL,WHITE,7,OVAL_WHITE,139,0,0,0,0,0,0,0,0,0,0,1,0
45963-0142-30_RXNAVIMAGE10_CB48E587_2.jpg,OVAL,WHITE,7,OVAL_WHITE,139,0,0,0,0,0,0,0,0,0,0,1,0
51285-0084-98_RXNAVIMAGE10_FB367DA3_1.jpg,ROUND,BROWN,10,ROUND_BROWN,162,0,0,1,0,0,0,0,0,0,0,0,0
51285-0084-98_RXNAVIMAGE10_FB367DA3_2.jpg,ROUND,BROWN,10,ROUND_BROWN,162,0,0,1,0,0,0,0,0,0,0,0,0
00093-3171-01_RXNAVIMAGE10_10268814_1.jpg,CAPSULE,"RED, BLUE",1,"CAPSULE_RED, BLUE",70,0,1,0,0,0,0,0,0,1,0,0,0
00093-3171-01_RXNAVIMAGE10_10268814_2.jpg,CAPSULE,"RED, BLUE",1,"CAPSULE_RED, BLUE",70,0,1,0,0,0,0,0,0,1,0,0,0
62175-0129-37_RXNAVIMAGE10_79083CD1_1.jpg,OVAL,WHITE,7,OVAL_WHITE,139,0,0,0,0,0,0,0,0,0,0,1,0
62175-0129-37_RXNAVIMAGE10_79083CD1_2.jpg,OVAL,WHITE,7,OVAL_WHITE,139,0,0,0,0,0,0,0,0,0,0,1,0
59762-2858-01_RXNAVIMAGE10_00200070_1.jpg,ROUND,WHITE,10,ROUND_WHITE,174,0,0,0,0,0,0,0,0,0,0,1,0
59762-2858-01_RXNAVIMAGE10_00200070_2.jpg,ROUND,WHITE,10,ROUND_WHITE,174,0,0,0,0,0,0,0,0,0,0,1,0
31722-0544-01_RXNAVIMAGE10_BC3BDE6E_1.jpg,CAPSULE,WHITE,1,CAPSULE_WHITE,81,0,0,0,0,0,0,0,0,0,0,1,0
31722-0544-01_RXNAVIMAGE10_BC3BDE6E_2.jpg,CAPSULE,WHITE,1,CAPSULE_WHITE,81,0,0,0,0,0,0,0,0,0,0,1,0
53489-0387-01_RXNAVIMAGE10_3E451F28_1.jpg,ROUND,WHITE,10,ROUND_WHITE,174,0,0,0,0,0,0,0,0,0,0,1,0
53489-0387-01_RXNAVIMAGE10_3E451F28_2.jpg,ROUND,WHITE,10,ROUND_WHITE,174,0,0,0,0,0,0,0,0,0,0,1,0
00093-5290-56_RXNAVIMAGE10_21281080_1.jpg,OVAL,WHITE,7,OVAL_WHITE,139,0,0,0,0,0,0,0,0,0,0,1,0
00093-5290-56_RXNAVIMAGE10_21281080_2.jpg,OVAL,WHITE,7,OVAL_WHITE,139,0,0,0,0,0,0,0,0,0,0,1,0
00172-3649-60_RXNAVIMAGE10_A126D0D6_1.jpg,ROUND,WHITE,10,ROUND_WHITE,174,0,0,0,0,0,0,0,0,0,0,1,0
00172-3649-60_RXNAVIMAGE10_A126D0D6_2.jpg,ROUND,WHITE,10,ROUND_WHITE,174,0,0,0,0,0,0,0,0,0,0,1,0
00049-4900-30_RXNAVIMAGE10_283D940C_1.jpg,OVAL,BLUE,7,OVAL_BLUE,123,0,1,0,0,0,0,0,0,0,0,0,0
00049-4900-30_RXNAVIMAGE10_283D940C_2.jpg,OVAL,BLUE,7,OVAL_BLUE,123,0,1,0,0,0,0,0,0,0,0,0,0
55111-0606-01_RXNAVIMAGE10_C94164FB_1.jpg,OVAL,YELLOW,7,OVAL_YELLOW,145,0,0,0,0,0,0,0,0,0,0,0,1
55111-0606-01_RXNAVIMAGE10_C94164FB_2.jpg,OVAL,YELLOW,7,OVAL_YELLOW,145,0,0,0,0,0,0,0,0,0,0,0,1
00078-0176-15_RXNAVIMAGE10_B80EDC36_1.jpg,CAPSULE,"BROWN, WHITE",1,"CAPSULE_BROWN, WHITE",20,0,0,1,0,0,0,0,0,0,0,1,0
00078-0176-15_RXNAVIMAGE10_B80EDC36_2.jpg,CAPSULE,"BROWN, WHITE",1,"CAPSULE_BROWN, WHITE",20,0,0,1,0,0,0,0,0,0,0,1,0
00527-0586-10_RXNAVIMAGE10_6E053729_1.jpg,CAPSULE,BLUE,1,CAPSULE_BLUE,7,0,1,0,0,0,0,0,0,0,0,0,0
00527-0586-10_RXNAVIMAGE10_6E053729_2.jpg,CAPSULE,BLUE,1,CAPSULE_BLUE,7,0,1,0,0,0,0,0,0,0,0,0,0
00093-3123-01_RXNAVIMAGE10_EB26F597_1.jpg,CAPSULE,"GREEN, GREEN",1,"CAPSULE_GREEN, GREEN",37,0,0,0,0,1,0,0,0,0,0,0,0
00093-3123-01_RXNAVIMAGE10_EB26F597_2.jpg,CAPSULE,"GREEN, GREEN",1,"CAPSULE_GREEN, GREEN",37,0,0,0,0,1,0,0,0,0,0,0,0
00046-1103-81_RXNAVIMAGE10_B43E5A32_1.jpg,OVAL,WHITE,7,OVAL_WHITE,139,0,0,0,0,0,0,0,0,0,0,1,0
00046-1103-81_RXNAVIMAGE10_B43E5A32_2.jpg,OVAL,WHITE,7,OVAL_WHITE,139,0,0,0,0,0,0,0,0,0,0,1,0
00406-0366-01_RXNAVIMAGE10_B315D9BE_1.jpg,OVAL,WHITE,7,OVAL_WHITE,139,0,0,0,0,0,0,0,0,0,0,1,0
00406-0366-01_RXNAVIMAGE10_B315D9BE_2.jpg,OVAL,WHITE,7,OVAL_WHITE,139,0,0,0,0,0,0,0,0,0,0,1,0
00093-5768-56_RXNAVIMAGE10_7A1C3D41_1.jpg,ROUND,WHITE,10,ROUND_WHITE,174,0,0,0,0,0,0,0,0,0,0,1,0
00093-5768-56_RXNAVIMAGE10_7A1C3D41_2.jpg,ROUND,WHITE,10,ROUND_WHITE,174,0,0,0,0,0,0,0,0,0,0,1,0
00078-0386-66_RXNAVIMAGE10_A116D0A6_1.jpg,OVAL,ORANGE,7,OVAL_ORANGE,130,0,0,0,0,0,1,0,0,0,0,0,0
00078-0386-66_RXNAVIMAGE10_A116D0A6_2.jpg,OVAL,ORANGE,7,OVAL_ORANGE,130,0,0,0,0,0,1,0,0,0,0,0,0
00378-6201-01_RXNAVIMAGE10_9312C996_1.jpg,CAPSULE,"RED, WHITE",1,"CAPSULE_RED, WHITE",74,0,0,0,0,0,0,0,0,1,0,1,0
00378-6201-01_RXNAVIMAGE10_9312C996_2.jpg,CAPSULE,"RED, WHITE",1,"CAPSULE_RED, WHITE",74,0,0,0,0,0,0,0,0,1,0,1,0
00781-5182-01_RXNAVIMAGE10_C820E477_1.jpg,OVAL,BLUE,7,OVAL_BLUE,123,0,1,0,0,0,0,0,0,0,0,0,0
00781-5182-01_RXNAVIMAGE10_C820E477_2.jpg,OVAL,BLUE,7,OVAL_BLUE,123,0,1,0,0,0,0,0,0,0,0,0,0
69097-0125-03_RXNAVIMAGE10_2F5097D4_1.jpg,OVAL,PINK,7,OVAL_PINK,133,0,0,0,0,0,0,1,0,0,0,0,0
69097-0125-03_RXNAVIMAGE10_2F5097D4_2.jpg,OVAL,PINK,7,OVAL_PINK,133,0,0,0,0,0,0,1,0,0,0,0,0
00093-2048-56_RXNAVIMAGE10_632B3189_1.jpg,ROUND,WHITE,10,ROUND_WHITE,174,0,0,0,0,0,0,0,0,0,0,1,0
00093-2048-56_RXNAVIMAGE10_632B3189_2.jpg,ROUND,WHITE,10,ROUND_WHITE,174,0,0,0,0,0,0,0,0,0,0,1,0
00781-5184-01_RXNAVIMAGE10_6E21B76D_1.jpg,OVAL,YELLOW,7,OVAL_YELLOW,145,0,0,0,0,0,0,0,0,0,0,0,1
00781-5184-01_RXNAVIMAGE10_6E21B76D_2.jpg,OVAL,YELLOW,7,OVAL_YELLOW,145,0,0,0,0,0,0,0,0,0,0,0,1
00093-5161-01_RXNAVIMAGE10_6342B1C5_1.jpg,ROUND,WHITE,10,ROUND_WHITE,174,0,0,0,0,0,0,0,0,0,0,1,0
00093-5161-01_RXNAVIMAGE10_6342B1C5_2.jpg,ROUND,WHITE,10,ROUND_WHITE,174,0,0,0,0,0,0,0,0,0,0,1,0
00378-4881-01_RXNAVIMAGE10_F5127AA3_1.jpg,ROUND,YELLOW,10,ROUND_YELLOW,178,0,0,0,0,0,0,0,0,0,0,0,1
00378-4881-01_RXNAVIMAGE10_F5127AA3_2.jpg,ROUND,YELLOW,10,ROUND_YELLOW,178,0,0,0,0,0,0,0,0,0,0,0,1
50458-0191-00_RXNAVIMAGE10_FB457DAB_1.jpg,ROUND,BLUE,10,ROUND_BLUE,160,0,1,0,0,0,0,0,0,0,0,0,0
50458-0191-00_RXNAVIMAGE10_FB457DAB_2.jpg,ROUND,BLUE,10,ROUND_BLUE,160,0,1,0,0,0,0,0,0,0,0,0,0
00002-4463-30_RXNAVIMAGE10_B5155ACA_1.jpg,TEAR,YELLOW,13,TEAR_YELLOW,193,0,0,0,0,0,0,0,0,0,0,0,1
00002-4463-30_RXNAVIMAGE10_B5155ACA_2.jpg,TEAR,YELLOW,13,TEAR_YELLOW,193,0,0,0,0,0,0,0,0,0,0,0,1
00555-0997-02_RXNAVIMAGE10_B107D88E_1.jpg,OVAL,YELLOW,7,OVAL_YELLOW,145,0,0,0,0,0,0,0,0,0,0,0,1
00555-0997-02_RXNAVIMAGE10_B107D88E_2.jpg,OVAL,YELLOW,7,OVAL_YELLOW,145,0,0,0,0,0,0,0,0,0,0,0,1
00781-2020-05_RXNAVIMAGE10_D812EC47_1.jpg,CAPSULE,YELLOW,1,CAPSULE_YELLOW,94,0,0,0,0,0,0,0,0,0,0,0,1
00781-2020-05_RXNAVIMAGE10_D812EC47_2.jpg,CAPSULE,YELLOW,1,CAPSULE_YELLOW,94,0,0,0,0,0,0,0,0,0,0,0,1
00228-2497-10_RXNAVIMAGE10_910848D2_1.jpg,OVAL,YELLOW,7,OVAL_YELLOW,145,0,0,0,0,0,0,0,0,0,0,0,1
00228-2497-10_RXNAVIMAGE10_910848D2_2.jpg,OVAL,YELLOW,7,OVAL_YELLOW,145,0,0,0,0,0,0,0,0,0,0,0,1
00781-1486-01_RXNAVIMAGE10_16240B50_1.jpg,ROUND,PINK,10,ROUND_PINK,168,0,0,0,0,0,0,1,0,0,0,0,0
00781-1486-01_RXNAVIMAGE10_16240B50_2.jpg,ROUND,PINK,10,ROUND_PINK,168,0,0,0,0,0,0,1,0,0,0,0,0
00049-3960-60_RXNAVIMAGE10_3F159F9C_1.jpg,CAPSULE,"BLUE, WHITE",1,"CAPSULE_BLUE, WHITE",16,0,1,0,0,0,0,0,0,0,0,1,0
00049-3960-60_RXNAVIMAGE10_3F159F9C_2.jpg,CAPSULE,"BLUE, WHITE",1,"CAPSULE_BLUE, WHITE",16,0,1,0,0,0,0,0,0,0,0,1,0
00173-0783-62_RXNAVIMAGE10_4A192579_1.jpg,OVAL,YELLOW,7,OVAL_YELLOW,145,0,0,0,0,0,0,0,0,0,0,0,1
00173-0783-62_RXNAVIMAGE10_4A192579_2.jpg,OVAL,YELLOW,7,OVAL_YELLOW,145,0,0,0,0,0,0,0,0,0,0,0,1
00093-8161-01_RXNAVIMAGE10_95364AD2_1.jpg,ROUND,ORANGE,10,ROUND_ORANGE,166,0,0,0,0,0,1,0,0,0,0,0,0
00093-8161-01_RXNAVIMAGE10_95364AD2_2.jpg,ROUND,ORANGE,10,ROUND_ORANGE,166,0,0,0,0,0,1,0,0,0,0,0,0
00078-0423-15_RXNAVIMAGE10_9D3B4ECA_1.jpg,OVAL,YELLOW,7,OVAL_YELLOW,145,0,0,0,0,0,0,0,0,0,0,0,1
00078-0423-15_RXNAVIMAGE10_9D3B4ECA_2.jpg,OVAL,YELLOW,7,OVAL_YELLOW,145,0,0,0,0,0,0,0,0,0,0,0,1
00832-0038-00_RXNAVIMAGE10_BB22DDA6_1.jpg,ROUND,WHITE,10,ROUND_WHITE,174,0,0,0,0,0,0,0,0,0,0,1,0
00832-0038-00_RXNAVIMAGE10_BB22DDA6_2.jpg,ROUND,WHITE,10,ROUND_WHITE,174,0,0,0,0,0,0,0,0,0,0,1,0
00781-1962-60_RXNAVIMAGE10_00050068_1.jpg,OVAL,WHITE,7,OVAL_WHITE,139,0,0,0,0,0,0,0,0,0,0,1,0
00781-1962-60_RXNAVIMAGE10_00050068_2.jpg,OVAL,WHITE,7,OVAL_WHITE,139,0,0,0,0,0,0,0,0,0,0,1,0
13913-0004-19_RXNAVIMAGE10_E23B717B_1.jpg,OVAL,WHITE,7,OVAL_WHITE,139,0,0,0,0,0,0,0,0,0,0,1,0
13913-0004-19_RXNAVIMAGE10_E23B717B_2.jpg,OVAL,WHITE,7,OVAL_WHITE,139,0,0,0,0,0,0,0,0,0,0,1,0
76439-0123-10_RXNAVIMAGE10_6A3DB50D_1.jpg,OVAL,PINK,7,OVAL_PINK,133,0,0,0,0,0,0,1,0,0,0,0,0
76439-0123-10_RXNAVIMAGE10_6A3DB50D_2.jpg,OVAL,PINK,7,OVAL_PINK,133,0,0,0,0,0,0,1,0,0,0,0,0
60505-0083-04_RXNAVIMAGE10_9B46CDA6_1.jpg,OVAL,WHITE,7,OVAL_WHITE,139,0,0,0,0,0,0,0,0,0,0,1,0
60505-0083-04_RXNAVIMAGE10_9B46CDA6_2.jpg,OVAL,WHITE,7,OVAL_WHITE,139,0,0,0,0,0,0,0,0,0,0,1,0
51285-0162-88_RXNAVIMAGE10_F2367923_1.jpg,ROUND,WHITE,10,ROUND_WHITE,174,0,0,0,0,0,0,0,0,0,0,1,0
51285-0162-88_RXNAVIMAGE10_F2367923_2.jpg,ROUND,WHITE,10,ROUND_WHITE,174,0,0,0,0,0,0,0,0,0,0,1,0
68382-0142-16_RXNAVIMAGE10_310898B4_1.jpg,OVAL,WHITE,7,OVAL_WHITE,139,0,0,0,0,0,0,0,0,0,0,1,0
68382-0142-16_RXNAVIMAGE10_310898B4_2.jpg,OVAL,WHITE,7,OVAL_WHITE,139,0,0,0,0,0,0,0,0,0,0,1,0
00093-7442-56_RXNAVIMAGE10_30271848_1.jpg,CAPSULE,"WHITE, PINK",1,"CAPSULE_WHITE, PINK",88,0,0,0,0,0,0,1,0,0,0,1,0
00093-7442-56_RXNAVIMAGE10_30271848_2.jpg,CAPSULE,"WHITE, PINK",1,"CAPSULE_WHITE, PINK",88,0,0,0,0,0,0,1,0,0,0,1,0
51285-0083-70_RXNAVIMAGE10_2E2F970C_1.jpg,ROUND,PINK,10,ROUND_PINK,168,0,0,0,0,0,0,1,0,0,0,0,0
51285-0083-70_RXNAVIMAGE10_2E2F970C_2.jpg,ROUND,PINK,10,ROUND_PINK,168,0,0,0,0,0,0,1,0,0,0,0,0
53489-0108-01_RXNAVIMAGE10_1A040D00_1.jpg,ROUND,ORANGE,10,ROUND_ORANGE,166,0,0,0,0,0,1,0,0,0,0,0,0
53489-0108-01_RXNAVIMAGE10_1A040D00_2.jpg,ROUND,ORANGE,10,ROUND_ORANGE,166,0,0,0,0,0,1,0,0,0,0,0,0
49702-0216-18_RXNAVIMAGE10_71193899_1.jpg,OVAL,BLUE,7,OVAL_BLUE,123,0,1,0,0,0,0,0,0,0,0,0,0
49702-0216-18_RXNAVIMAGE10_71193899_2.jpg,OVAL,BLUE,7,OVAL_BLUE,123,0,1,0,0,0,0,0,0,0,0,0,0
00093-0832-10_RXNAVIMAGE10_BB155DCA_1.jpg,ROUND,YELLOW,10,ROUND_YELLOW,178,0,0,0,0,0,0,0,0,0,0,0,1
00093-0832-10_RXNAVIMAGE10_BB155DCA_2.jpg,ROUND,YELLOW,10,ROUND_YELLOW,178,0,0,0,0,0,0,0,0,0,0,0,1
00904-5870-61_RXNAVIMAGE10_F532FA97_1.jpg,OVAL,WHITE,7,OVAL_WHITE,139,0,0,0,0,0,0,0,0,0,0,1,0
00904-5870-61_RXNAVIMAGE10_F532FA97_2.jpg,OVAL,WHITE,7,OVAL_WHITE,139,0,0,0,0,0,0,0,0,0,0,1,0
00054-4297-25_RXNAVIMAGE10_B0325802_1.jpg,ROUND,WHITE,10,ROUND_WHITE,174,0,0,0,0,0,0,0,0,0,0,1,0
00054-4297-25_RXNAVIMAGE10_B0325802_2.jpg,ROUND,WHITE,10,ROUND_WHITE,174,0,0,0,0,0,0,0,0,0,0,1,0
67767-0142-05_RXNAVIMAGE10_C13A60A3_1.jpg,OVAL,WHITE,7,OVAL_WHITE,139,0,0,0,0,0,0,0,0,0,0,1,0
67767-0142-05_RXNAVIMAGE10_C13A60A3_2.jpg,OVAL,WHITE,7,OVAL_WHITE,139,0,0,0,0,0,0,0,0,0,0,1,0
60505-2581-00_RXNAVIMAGE10_003A8024_1.jpg,OVAL,WHITE,7,OVAL_WHITE,139,0,0,0,0,0,0,0,0,0,0,1,0
60505-2581-00_RXNAVIMAGE10_003A8024_2.jpg,OVAL,WHITE,7,OVAL_WHITE,139,0,0,0,0,0,0,0,0,0,0,1,0
50111-0324-01_RXNAVIMAGE10_A62F535A_1.jpg,ROUND,WHITE,10,ROUND_WHITE,174,0,0,0,0,0,0,0,0,0,0,1,0
50111-0324-01_RXNAVIMAGE10_A62F535A_2.jpg,ROUND,WHITE,10,ROUND_WHITE,174,0,0,0,0,0,0,0,0,0,0,1,0
64376-0655-01_RXNAVIMAGE10_7240B905_1.jpg,ROUND,WHITE,10,ROUND_WHITE,174,0,0,0,0,0,0,0,0,0,0,1,0
64376-0655-01_RXNAVIMAGE10_7240B905_2.jpg,ROUND,WHITE,10,ROUND_WHITE,174,0,0,0,0,0,0,0,0,0,0,1,0
00781-2355-10_RXNAVIMAGE10_5C052E29_1.jpg,CAPSULE,"PINK, BLACK",1,"CAPSULE_PINK, BLACK",53,1,0,0,0,0,0,1,0,0,0,0,0
00781-2355-10_RXNAVIMAGE10_5C052E29_2.jpg,CAPSULE,"PINK, BLACK",1,"CAPSULE_PINK, BLACK",53,1,0,0,0,0,0,1,0,0,0,0,0
00093-4030-01_RXNAVIMAGE10_20271038_1.jpg,CAPSULE,GREEN,1,CAPSULE_GREEN,32,0,0,0,0,1,0,0,0,0,0,0,0
00093-4030-01_RXNAVIMAGE10_20271038_2.jpg,CAPSULE,GREEN,1,CAPSULE_GREEN,32,0,0,0,0,1,0,0,0,0,0,0,0
16714-0041-12_RXNAVIMAGE10_23441180_1.jpg,ROUND,WHITE,10,ROUND_WHITE,174,0,0,0,0,0,0,0,0,0,0,1,0
16714-0041-12_RXNAVIMAGE10_23441180_2.jpg,ROUND,WHITE,10,ROUND_WHITE,174,0,0,0,0,0,0,0,0,0,0,1,0
68220-0085-90_RXNAVIMAGE10_2D1316D8_1.jpg,OVAL,ORANGE,7,OVAL_ORANGE,130,0,0,0,0,0,1,0,0,0,0,0,0
68220-0085-90_RXNAVIMAGE10_2D1316D8_2.jpg,OVAL,ORANGE,7,OVAL_ORANGE,130,0,0,0,0,0,1,0,0,0,0,0,0
00527-1347-10_RXNAVIMAGE10_430821D1_1.jpg,ROUND,BROWN,10,ROUND_BROWN,162,0,0,1,0,0,0,0,0,0,0,0,0
00527-1347-10_RXNAVIMAGE10_430821D1_2.jpg,ROUND,BROWN,10,ROUND_BROWN,162,0,0,1,0,0,0,0,0,0,0,0,0
31722-0228-01_RXNAVIMAGE10_8C4D466A_1.jpg,CAPSULE,BROWN,1,CAPSULE_BROWN,18,0,0,1,0,0,0,0,0,0,0,0,0
31722-0228-01_RXNAVIMAGE10_8C4D466A_2.jpg,CAPSULE,BROWN,1,CAPSULE_BROWN,18,0,0,1,0,0,0,0,0,0,0,0,0
55111-0197-30_RXNAVIMAGE10_D7236B9B_1.jpg,ROUND,BROWN,10,ROUND_BROWN,162,0,0,1,0,0,0,0,0,0,0,0,0
55111-0197-30_RXNAVIMAGE10_D7236B9B_2.jpg,ROUND,BROWN,10,ROUND_BROWN,162,0,0,1,0,0,0,0,0,0,0,0,0
64980-0112-01_RXNAVIMAGE10_DC236E0B_1.jpg,OVAL,WHITE,7,OVAL_WHITE,139,0,0,0,0,0,0,0,0,0,0,1,0
64980-0112-01_RXNAVIMAGE10_DC236E0B_2.jpg,OVAL,WHITE,7,OVAL_WHITE,139,0,0,0,0,0,0,0,0,0,0,1,0
62584-0976-01_RXNAVIMAGE10_4A352569_1.jpg,CAPSULE,GREEN,1,CAPSULE_GREEN,32,0,0,0,0,1,0,0,0,0,0,0,0
62584-0976-01_RXNAVIMAGE10_4A352569_2.jpg,CAPSULE,GREEN,1,CAPSULE_GREEN,32,0,0,0,0,1,0,0,0,0,0,0,0
00074-4552-90_RXNAVIMAGE10_68433479_1.jpg,ROUND,WHITE,10,ROUND_WHITE,174,0,0,0,0,0,0,0,0,0,0,1,0
00074-4552-90_RXNAVIMAGE10_68433479_2.jpg,ROUND,WHITE,10,ROUND_WHITE,174,0,0,0,0,0,0,0,0,0,0,1,0
50844-0329-07_RXNAVIMAGE10_AA35D51E_1.jpg,OVAL,PINK,7,OVAL_PINK,133,0,0,0,0,0,0,1,0,0,0,0,0
50844-0329-07_RXNAVIMAGE10_AA35D51E_2.jpg,OVAL,PINK,7,OVAL_PINK,133,0,0,0,0,0,0,1,0,0,0,0,0
00093-2046-56_RXNAVIMAGE10_EE29773B_1.jpg,ROUND,WHITE,10,ROUND_WHITE,174,0,0,0,0,0,0,0,0,0,0,1,0
00093-2046-56_RXNAVIMAGE10_EE29773B_2.jpg,ROUND,WHITE,10,ROUND_WHITE,174,0,0,0,0,0,0,0,0,0,0,1,0
31722-0731-90_RXNAVIMAGE10_9C4FCE1E_1.jpg,OVAL,WHITE,7,OVAL_WHITE,139,0,0,0,0,0,0,0,0,0,0,1,0
31722-0731-90_RXNAVIMAGE10_9C4FCE1E_2.jpg,OVAL,WHITE,7,OVAL_WHITE,139,0,0,0,0,0,0,0,0,0,0,1,0
49884-0514-10_RXNAVIMAGE10_6B403581_1.jpg,ROUND,YELLOW,10,ROUND_YELLOW,178,0,0,0,0,0,0,0,0,0,0,0,1
49884-0514-10_RXNAVIMAGE10_6B403581_2.jpg,ROUND,YELLOW,10,ROUND_YELLOW,178,0,0,0,0,0,0,0,0,0,0,0,1
51079-0795-20_RXNAVIMAGE10_66333339_1.jpg,OVAL,WHITE,7,OVAL_WHITE,139,0,0,0,0,0,0,0,0,0,0,1,0
51079-0795-20_RXNAVIMAGE10_66333339_2.jpg,OVAL,WHITE,7,OVAL_WHITE,139,0,0,0,0,0,0,0,0,0,0,1,0
51079-0438-20_RXNAVIMAGE10_60353079_1.jpg,CAPSULE,YELLOW,1,CAPSULE_YELLOW,94,0,0,0,0,0,0,0,0,0,0,0,1
51079-0438-20_RXNAVIMAGE10_60353079_2.jpg,CAPSULE,YELLOW,1,CAPSULE_YELLOW,94,0,0,0,0,0,0,0,0,0,0,0,1
00145-3817-03_RXNAVIMAGE10_DA196D7B_1.jpg,CAPSULE,YELLOW,1,CAPSULE_YELLOW,94,0,0,0,0,0,0,0,0,0,0,0,1
00145-3817-03_RXNAVIMAGE10_DA196D7B_2.jpg,CAPSULE,YELLOW,1,CAPSULE_YELLOW,94,0,0,0,0,0,0,0,0,0,0,0,1
51285-0410-02_RXNAVIMAGE10_0435826C_1.jpg,OVAL,YELLOW,7,OVAL_YELLOW,145,0,0,0,0,0,0,0,0,0,0,0,1
51285-0410-02_RXNAVIMAGE10_0435826C_2.jpg,OVAL,YELLOW,7,OVAL_YELLOW,145,0,0,0,0,0,0,0,0,0,0,0,1
00093-5851-01_RXNAVIMAGE10_812BC09E_1.jpg,ROUND,WHITE,10,ROUND_WHITE,174,0,0,0,0,0,0,0,0,0,0,1,0
00093-5851-01_RXNAVIMAGE10_812BC09E_2.jpg,ROUND,WHITE,10,ROUND_WHITE,174,0,0,0,0,0,0,0,0,0,0,1,0
68462-0563-01_RXNAVIMAGE10_BF39DFDE_1.jpg,ROUND,PINK,10,ROUND_PINK,168,0,0,0,0,0,0,1,0,0,0,0,0
68462-0563-01_RXNAVIMAGE10_BF39DFDE_2.jpg,ROUND,PINK,10,ROUND_PINK,168,0,0,0,0,0,0,1,0,0,0,0,0
55111-0157-30_RXNAVIMAGE10_D70E6BE3_1.jpg,CAPSULE,"YELLOW, PURPLE",1,"CAPSULE_YELLOW, PURPLE",101,0,0,0,0,0,0,0,1,0,0,0,1
55111-0157-30_RXNAVIMAGE10_D70E6BE3_2.jpg,CAPSULE,"YELLOW, PURPLE",1,"CAPSULE_YELLOW, PURPLE",101,0,0,0,0,0,0,0,1,0,0,0,1
64764-0677-30_RXNAVIMAGE10_2C1D964C_1.jpg,TEAR,GREEN,13,TEAR_GREEN,189,0,0,0,0,1,0,0,0,0,0,0,0
64764-0677-30_RXNAVIMAGE10_2C1D964C_2.jpg,TEAR,GREEN,13,TEAR_GREEN,189,0,0,0,0,1,0,0,0,0,0,0,0
45802-0721-62_RXNAVIMAGE10_D239692B_1.jpg,ROUND,"WHITE, YELLOW",10,"ROUND_WHITE, YELLOW",177,0,0,0,0,0,0,0,0,0,0,1,1
45802-0721-62_RXNAVIMAGE10_D239692B_2.jpg,ROUND,"WHITE, YELLOW",10,"ROUND_WHITE, YELLOW",177,0,0,0,0,0,0,0,0,0,0,1,1
50111-0916-01_RXNAVIMAGE10_131D89EC_1.jpg,ROUND,WHITE,10,ROUND_WHITE,174,0,0,0,0,0,0,0,0,0,0,1,0
50111-0916-01_RXNAVIMAGE10_131D89EC_2.jpg,ROUND,WHITE,10,ROUND_WHITE,174,0,0,0,0,0,0,0,0,0,0,1,0
00093-0148-01_RXNAVIMAGE10_4629A34D_1.jpg,OVAL,ORANGE,7,OVAL_ORANGE,130,0,0,0,0,0,1,0,0,0,0,0,0
00093-0148-01_RXNAVIMAGE10_4629A34D_2.jpg,OVAL,ORANGE,7,OVAL_ORANGE,130,0,0,0,0,0,1,0,0,0,0,0,0
00781-5220-10_RXNAVIMAGE10_08460410_1.jpg,ROUND,WHITE,10,ROUND_WHITE,174,0,0,0,0,0,0,0,0,0,0,1,0
00781-5220-10_RXNAVIMAGE10_08460410_2.jpg,ROUND,WHITE,10,ROUND_WHITE,174,0,0,0,0,0,0,0,0,0,0,1,0
00378-0752-01_RXNAVIMAGE10_D432EA77_1.jpg,ROUND,TURQUOISE,10,ROUND_TURQUOISE,173,0,0,0,0,0,0,0,0,0,1,0,0
00378-0752-01_RXNAVIMAGE10_D432EA77_2.jpg,ROUND,TURQUOISE,10,ROUND_TURQUOISE,173,0,0,0,0,0,0,0,0,0,1,0,0
69097-0421-07_RXNAVIMAGE10_954D4ABA_1.jpg,CAPSULE,WHITE,1,CAPSULE_WHITE,81,0,0,0,0,0,0,0,0,0,0,1,0
69097-0421-07_RXNAVIMAGE10_954D4ABA_2.jpg,CAPSULE,WHITE,1,CAPSULE_WHITE,81,0,0,0,0,0,0,0,0,0,0,1,0
00378-0353-01_RXNAVIMAGE10_74453A29_1.jpg,ROUND,WHITE,10,ROUND_WHITE,174,0,0,0,0,0,0,0,0,0,0,1,0
00378-0353-01_RXNAVIMAGE10_74453A29_2.jpg,ROUND,WHITE,10,ROUND_WHITE,174,0,0,0,0,0,0,0,0,0,0,1,0
62037-0640-30_RXNAVIMAGE10_19268CC4_1.jpg,CAPSULE,GREEN,1,CAPSULE_GREEN,32,0,0,0,0,1,0,0,0,0,0,0,0
62037-0640-30_RXNAVIMAGE10_19268CC4_2.jpg,CAPSULE,GREEN,1,CAPSULE_GREEN,32,0,0,0,0,1,0,0,0,0,0,0,0
00093-3122-98_RXNAVIMAGE10_0A160530_1.jpg,ROUND,WHITE,10,ROUND_WHITE,174,0,0,0,0,0,0,0,0,0,0,1,0
00093-3122-98_RXNAVIMAGE10_0A160530_2.jpg,ROUND,WHITE,10,ROUND_WHITE,174,0,0,0,0,0,0,0,0,0,0,1,0
43547-0362-11_RXNAVIMAGE10_A750D3D6_1.jpg,ROUND,WHITE,10,ROUND_WHITE,174,0,0,0,0,0,0,0,0,0,0,1,0
43547-0362-11_RXNAVIMAGE10_A750D3D6_2.jpg,ROUND,WHITE,10,ROUND_WHITE,174,0,0,0,0,0,0,0,0,0,0,1,0
00006-0227-61_RXNAVIMAGE10_A11DD0FE_1.jpg,OVAL,PINK,7,OVAL_PINK,133,0,0,0,0,0,0,1,0,0,0,0,0
00006-0227-61_RXNAVIMAGE10_A11DD0FE_2.jpg,OVAL,PINK,7,OVAL_PINK,133,0,0,0,0,0,0,1,0,0,0,0,0
65580-0643-71_RXNAVIMAGE10_394B1CB8_1.jpg,ROUND,PINK,10,ROUND_PINK,168,0,0,0,0,0,0,1,0,0,0,0,0
65580-0643-71_RXNAVIMAGE10_394B1CB8_2.jpg,ROUND,PINK,10,ROUND_PINK,168,0,0,0,0,0,0,1,0,0,0,0,0
00527-1409-01_RXNAVIMAGE10_090904B8_1.jpg,OVAL,GREEN,7,OVAL_GREEN,129,0,0,0,0,1,0,0,0,0,0,0,0
00527-1409-01_RXNAVIMAGE10_090904B8_2.jpg,OVAL,GREEN,7,OVAL_GREEN,129,0,0,0,0,1,0,0,0,0,0,0,0
59762-5024-01_RXNAVIMAGE10_4D26A6A5_1.jpg,OVAL,WHITE,7,OVAL_WHITE,139,0,0,0,0,0,0,0,0,0,0,1,0
59762-5024-01_RXNAVIMAGE10_4D26A6A5_2.jpg,OVAL,WHITE,7,OVAL_WHITE,139,0,0,0,0,0,0,0,0,0,0,1,0
10370-0101-50_RXNAVIMAGE10_A03FD01E_1.jpg,ROUND,WHITE,10,ROUND_WHITE,174,0,0,0,0,0,0,0,0,0,0,1,0
10370-0101-50_RXNAVIMAGE10_A03FD01E_2.jpg,ROUND,WHITE,10,ROUND_WHITE,174,0,0,0,0,0,0,0,0,0,0,1,0
43547-0338-10_RXNAVIMAGE10_EC39F65F_1.jpg,ROUND,BLUE,10,ROUND_BLUE,160,0,1,0,0,0,0,0,0,0,0,0,0
43547-0338-10_RXNAVIMAGE10_EC39F65F_2.jpg,ROUND,BLUE,10,ROUND_BLUE,160,0,1,0,0,0,0,0,0,0,0,0,0
00093-0054-01_RXNAVIMAGE10_7226B965_1.jpg,ROUND,WHITE,10,ROUND_WHITE,174,0,0,0,0,0,0,0,0,0,0,1,0
00093-0054-01_RXNAVIMAGE10_7226B965_2.jpg,ROUND,WHITE,10,ROUND_WHITE,174,0,0,0,0,0,0,0,0,0,0,1,0
55111-0321-01_RXNAVIMAGE10_35079AAC_1.jpg,OVAL,GREEN,7,OVAL_GREEN,129,0,0,0,0,1,0,0,0,0,0,0,0
55111-0321-01_RXNAVIMAGE10_35079AAC_2.jpg,OVAL,GREEN,7,OVAL_GREEN,129,0,0,0,0,1,0,0,0,0,0,0,0
24486-0601-10_RXNAVIMAGE10_FE077F4B_1.jpg,ROUND,GREEN,10,ROUND_GREEN,164,0,0,0,0,1,0,0,0,0,0,0,0
24486-0601-10_RXNAVIMAGE10_FE077F4B_2.jpg,ROUND,GREEN,10,ROUND_GREEN,164,0,0,0,0,1,0,0,0,0,0,0,0
00603-6348-02_RXNAVIMAGE10_13430988_1.jpg,OVAL,PINK,7,OVAL_PINK,133,0,0,0,0,0,0,1,0,0,0,0,0
00603-6348-02_RXNAVIMAGE10_13430988_2.jpg,OVAL,PINK,7,OVAL_PINK,133,0,0,0,0,0,0,1,0,0,0,0,0
00378-2721-91_RXNAVIMAGE10_2507929C_1.jpg,ROUND,BLUE,10,ROUND_BLUE,160,0,1,0,0,0,0,0,0,0,0,0,0
00378-2721-91_RXNAVIMAGE10_2507929C_2.jpg,ROUND,BLUE,10,ROUND_BLUE,160,0,1,0,0,0,0,0,0,0,0,0,0
00378-1452-05_RXNAVIMAGE10_5F23AFDD_1.jpg,ROUND,WHITE,10,ROUND_WHITE,174,0,0,0,0,0,0,0,0,0,0,1,0
00378-1452-05_RXNAVIMAGE10_5F23AFDD_2.jpg,ROUND,WHITE,10,ROUND_WHITE,174,0,0,0,0,0,0,0,0,0,0,1,0
00555-9064-58_RXNAVIMAGE10_08368464_1.jpg,ROUND,YELLOW,10,ROUND_YELLOW,178,0,0,0,0,0,0,0,0,0,0,0,1
00555-9064-58_RXNAVIMAGE10_08368464_2.jpg,ROUND,YELLOW,10,ROUND_YELLOW,178,0,0,0,0,0,0,0,0,0,0,0,1
00093-0221-06_RXNAVIMAGE10_9F294FDA_1.jpg,ROUND,YELLOW,10,ROUND_YELLOW,178,0,0,0,0,0,0,0,0,0,0,0,1
00093-0221-06_RXNAVIMAGE10_9F294FDA_2.jpg,ROUND,YELLOW,10,ROUND_YELLOW,178,0,0,0,0,0,0,0,0,0,0,0,1
00074-3040-11_RXNAVIMAGE10_DB1D6DFB_1.jpg,OVAL,WHITE,7,OVAL_WHITE,139,0,0,0,0,0,0,0,0,0,0,1,0
00074-3040-11_RXNAVIMAGE10_DB1D6DFB_2.jpg,OVAL,WHITE,7,OVAL_WHITE,139,0,0,0,0,0,0,0,0,0,0,1,0
62037-0697-30_RXNAVIMAGE10_6E473769_1.jpg,CAPSULE,"BLUE, WHITE",1,"CAPSULE_BLUE, WHITE",16,0,1,0,0,0,0,0,0,0,0,1,0
62037-0697-30_RXNAVIMAGE10_6E473769_2.jpg,CAPSULE,"BLUE, WHITE",1,"CAPSULE_BLUE, WHITE",16,0,1,0,0,0,0,0,0,0,0,1,0
00071-0417-24_RXNAVIMAGE10_7B353DC9_1.jpg,ROUND,WHITE,10,ROUND_WHITE,174,0,0,0,0,0,0,0,0,0,0,1,0
00071-0417-24_RXNAVIMAGE10_7B353DC9_2.jpg,ROUND,WHITE,10,ROUND_WHITE,174,0,0,0,0,0,0,0,0,0,0,1,0
68462-0502-01_RXNAVIMAGE10_B14ED8A6_1.jpg,OVAL,YELLOW,7,OVAL_YELLOW,145,0,0,0,0,0,0,0,0,0,0,0,1
68462-0502-01_RXNAVIMAGE10_B14ED8A6_2.jpg,OVAL,YELLOW,7,OVAL_YELLOW,145,0,0,0,0,0,0,0,0,0,0,0,1
43547-0274-10_RXNAVIMAGE10_5A3D2D49_1.jpg,ROUND,BLUE,10,ROUND_BLUE,160,0,1,0,0,0,0,0,0,0,0,0,0
43547-0274-10_RXNAVIMAGE10_5A3D2D49_2.jpg,ROUND,BLUE,10,ROUND_BLUE,160,0,1,0,0,0,0,0,0,0,0,0,0
00093-5293-01_RXNAVIMAGE10_46422341_1.jpg,CAPSULE,WHITE,1,CAPSULE_WHITE,81,0,0,0,0,0,0,0,0,0,0,1,0
00093-5293-01_RXNAVIMAGE10_46422341_2.jpg,CAPSULE,WHITE,1,CAPSULE_WHITE,81,0,0,0,0,0,0,0,0,0,0,1,0
49884-0576-11_RXNAVIMAGE10_BA3F5D3A_1.jpg,OVAL,WHITE,7,OVAL_WHITE,139,0,0,0,0,0,0,0,0,0,0,1,0
49884-0576-11_RXNAVIMAGE10_BA3F5D3A_2.jpg,OVAL,WHITE,7,OVAL_WHITE,139,0,0,0,0,0,0,0,0,0,0,1,0
00378-7100-77_RXNAVIMAGE10_D43EEA07_1.jpg,ROUND,YELLOW,10,ROUND_YELLOW,178,0,0,0,0,0,0,0,0,0,0,0,1
00378-7100-77_RXNAVIMAGE10_D43EEA07_2.jpg,ROUND,YELLOW,10,ROUND_YELLOW,178,0,0,0,0,0,0,0,0,0,0,0,1
00182-0679-89_RXNAVIMAGE10_41352089_1.jpg,CAPSULE,"BLACK, YELLOW",1,"CAPSULE_BLACK, YELLOW",6,1,0,0,0,0,0,0,0,0,0,0,1
00182-0679-89_RXNAVIMAGE10_41352089_2.jpg,CAPSULE,"BLACK, YELLOW",1,"CAPSULE_BLACK, YELLOW",6,1,0,0,0,0,0,0,0,0,0,0,1
00527-1790-01_RXNAVIMAGE10_5B3B2DC9_1.jpg,ROUND,PINK,10,ROUND_PINK,168,0,0,0,0,0,0,1,0,0,0,0,0
00527-1790-01_RXNAVIMAGE10_5B3B2DC9_2.jpg,ROUND,PINK,10,ROUND_PINK,168,0,0,0,0,0,0,1,0,0,0,0,0
00527-1346-10_RXNAVIMAGE10_47082381_1.jpg,ROUND,PINK,10,ROUND_PINK,168,0,0,0,0,0,0,1,0,0,0,0,0
00527-1346-10_RXNAVIMAGE10_47082381_2.jpg,ROUND,PINK,10,ROUND_PINK,168,0,0,0,0,0,0,1,0,0,0,0,0
68180-0598-01_RXNAVIMAGE10_783FBC6D_1.jpg,CAPSULE,"WHITE, YELLOW",1,"CAPSULE_WHITE, YELLOW",93,0,0,0,0,0,0,0,0,0,0,1,1
68180-0598-01_RXNAVIMAGE10_783FBC6D_2.jpg,CAPSULE,"WHITE, YELLOW",1,"CAPSULE_WHITE, YELLOW",93,0,0,0,0,0,0,0,0,0,0,1,1
51079-0876-20_RXNAVIMAGE10_14350A38_1.jpg,CAPSULE,BLUE,1,CAPSULE_BLUE,7,0,1,0,0,0,0,0,0,0,0,0,0
51079-0876-20_RXNAVIMAGE10_14350A38_2.jpg,CAPSULE,BLUE,1,CAPSULE_BLUE,7,0,1,0,0,0,0,0,0,0,0,0,0
47335-0580-81_RXNAVIMAGE10_7212B945_1.jpg,ROUND,YELLOW,10,ROUND_YELLOW,178,0,0,0,0,0,0,0,0,0,0,0,1
47335-0580-81_RXNAVIMAGE10_7212B945_2.jpg,ROUND,YELLOW,10,ROUND_YELLOW,178,0,0,0,0,0,0,0,0,0,0,0,1
16714-0357-01_RXNAVIMAGE10_D949ECFF_1.jpg,OVAL,WHITE,7,OVAL_WHITE,139,0,0,0,0,0,0,0,0,0,0,1,0
16714-0357-01_RXNAVIMAGE10_D949ECFF_2.jpg,OVAL,WHITE,7,OVAL_WHITE,139,0,0,0,0,0,0,0,0,0,0,1,0
60505-2850-01_RXNAVIMAGE10_30441840_1.jpg,ROUND,YELLOW,10,ROUND_YELLOW,178,0,0,0,0,0,0,0,0,0,0,0,1
60505-2850-01_RXNAVIMAGE10_30441840_2.jpg,ROUND,YELLOW,10,ROUND_YELLOW,178,0,0,0,0,0,0,0,0,0,0,0,1
00093-3171-01_RXNAVIMAGE10_E626F327_1.jpg,CAPSULE,"RED, BLUE",1,"CAPSULE_RED, BLUE",70,0,1,0,0,0,0,0,0,1,0,0,0
00093-3171-01_RXNAVIMAGE10_E626F327_2.jpg,CAPSULE,"RED, BLUE",1,"CAPSULE_RED, BLUE",70,0,1,0,0,0,0,0,0,1,0,0,0
64679-0928-01_RXNAVIMAGE10_92344972_1.jpg,ROUND,WHITE,10,ROUND_WHITE,174,0,0,0,0,0,0,0,0,0,0,1,0
64679-0928-01_RXNAVIMAGE10_92344972_2.jpg,ROUND,WHITE,10,ROUND_WHITE,174,0,0,0,0,0,0,0,0,0,0,1,0
59779-0525-22_RXNAVIMAGE10_F738FBD7_1.jpg,ROUND,WHITE,10,ROUND_WHITE,174,0,0,0,0,0,0,0,0,0,0,1,0
59779-0525-22_RXNAVIMAGE10_F738FBD7_2.jpg,ROUND,WHITE,10,ROUND_WHITE,174,0,0,0,0,0,0,0,0,0,0,1,0
00378-4595-77_RXNAVIMAGE10_1E450F38_1.jpg,ROUND,WHITE,10,ROUND_WHITE,174,0,0,0,0,0,0,0,0,0,0,1,0
00378-4595-77_RXNAVIMAGE10_1E450F38_2.jpg,ROUND,WHITE,10,ROUND_WHITE,174,0,0,0,0,0,0,0,0,0,0,1,0
00007-4640-13_RXNAVIMAGE10_ED18F697_1.jpg,ROUND,ORANGE,10,ROUND_ORANGE,166,0,0,0,0,0,1,0,0,0,0,0,0
00007-4640-13_RXNAVIMAGE10_ED18F697_2.jpg,ROUND,ORANGE,10,ROUND_ORANGE,166,0,0,0,0,0,1,0,0,0,0,0,0
00228-2900-11_RXNAVIMAGE10_5507AA9D_1.jpg,ROUND,WHITE,10,ROUND_WHITE,174,0,0,0,0,0,0,0,0,0,0,1,0
00228-2900-11_RXNAVIMAGE10_5507AA9D_2.jpg,ROUND,WHITE,10,ROUND_WHITE,174,0,0,0,0,0,0,0,0,0,0,1,0
49884-0412-01_RXNAVIMAGE10_36479B5C_1.jpg,OVAL,WHITE,7,OVAL_WHITE,139,0,0,0,0,0,0,0,0,0,0,1,0
49884-0412-01_RXNAVIMAGE10_36479B5C_2.jpg,OVAL,WHITE,7,OVAL_WHITE,139,0,0,0,0,0,0,0,0,0,0,1,0
00378-6709-93_RXNAVIMAGE10_424B2109_1.jpg,ROUND,BROWN,10,ROUND_BROWN,162,0,0,1,0,0,0,0,0,0,0,0,0
00378-6709-93_RXNAVIMAGE10_424B2109_2.jpg,ROUND,BROWN,10,ROUND_BROWN,162,0,0,1,0,0,0,0,0,0,0,0,0
50458-0550-01_RXNAVIMAGE10_343E1A40_1.jpg,OVAL,WHITE,7,OVAL_WHITE,139,0,0,0,0,0,0,0,0,0,0,1,0
50458-0550-01_RXNAVIMAGE10_343E1A40_2.jpg,OVAL,WHITE,7,OVAL_WHITE,139,0,0,0,0,0,0,0,0,0,0,1,0
50419-0106-10_RXNAVIMAGE10_10190868_1.jpg,OVAL,BLUE,7,OVAL_BLUE,123,0,1,0,0,0,0,0,0,0,0,0,0
50419-0106-10_RXNAVIMAGE10_10190868_2.jpg,OVAL,BLUE,7,OVAL_BLUE,123,0,1,0,0,0,0,0,0,0,0,0,0
00093-0026-01_RXNAVIMAGE10_5D29AEBD_1.jpg,OVAL,YELLOW,7,OVAL_YELLOW,145,0,0,0,0,0,0,0,0,0,0,0,1
00093-0026-01_RXNAVIMAGE10_5D29AEBD_2.jpg,OVAL,YELLOW,7,OVAL_YELLOW,145,0,0,0,0,0,0,0,0,0,0,0,1
62756-0711-86_RXNAVIMAGE10_850EC286_1.jpg,ROUND,YELLOW,10,ROUND_YELLOW,178,0,0,0,0,0,0,0,0,0,0,0,1
62756-0711-86_RXNAVIMAGE10_850EC286_2.jpg,ROUND,YELLOW,10,ROUND_YELLOW,178,0,0,0,0,0,0,0,0,0,0,0,1
67253-0181-10_RXNAVIMAGE10_0F200790_1.jpg,CAPSULE,"GRAY, BLUE",1,"CAPSULE_GRAY, BLUE",23,0,1,0,1,0,0,0,0,0,0,0,0
67253-0181-10_RXNAVIMAGE10_0F200790_2.jpg,CAPSULE,"GRAY, BLUE",1,"CAPSULE_GRAY, BLUE",23,0,1,0,1,0,0,0,0,0,0,0,0
65862-0118-01_RXNAVIMAGE10_D146E8A7_1.jpg,ROUND,PINK,10,ROUND_PINK,168,0,0,0,0,0,0,1,0,0,0,0,0
65862-0118-01_RXNAVIMAGE10_D146E8A7_2.jpg,ROUND,PINK,10,ROUND_PINK,168,0,0,0,0,0,0,1,0,0,0,0,0
00143-3126-01_RXNAVIMAGE10_AF34D7F6_1.jpg,CAPSULE,BLUE,1,CAPSULE_BLUE,7,0,1,0,0,0,0,0,0,0,0,0,0
00143-3126-01_RXNAVIMAGE10_AF34D7F6_2.jpg,CAPSULE,BLUE,1,CAPSULE_BLUE,7,0,1,0,0,0,0,0,0,0,0,0,0
55111-0399-90_RXNAVIMAGE10_B23BD95E_1.jpg,CAPSULE,"PINK, BLACK",1,"CAPSULE_PINK, BLACK",53,1,0,0,0,0,0,1,0,0,0,0,0
55111-0399-90_RXNAVIMAGE10_B23BD95E_2.jpg,CAPSULE,"PINK, BLACK",1,"CAPSULE_PINK, BLACK",53,1,0,0,0,0,0,1,0,0,0,0,0
00378-6233-01_RXNAVIMAGE10_47242381_1.jpg,ROUND,WHITE,10,ROUND_WHITE,174,0,0,0,0,0,0,0,0,0,0,1,0
00378-6233-01_RXNAVIMAGE10_47242381_2.jpg,ROUND,WHITE,10,ROUND_WHITE,174,0,0,0,0,0,0,0,0,0,0,1,0
13668-0014-05_RXNAVIMAGE10_2E081750_1.jpg,OVAL,BLUE,7,OVAL_BLUE,123,0,1,0,0,0,0,0,0,0,0,0,0
13668-0014-05_RXNAVIMAGE10_2E081750_2.jpg,OVAL,BLUE,7,OVAL_BLUE,123,0,1,0,0,0,0,0,0,0,0,0,0
00093-7436-01_RXNAVIMAGE10_8D3046B2_1.jpg,CAPSULE,ORANGE,1,CAPSULE_ORANGE,44,0,0,0,0,0,1,0,0,0,0,0,0
00093-7436-01_RXNAVIMAGE10_8D3046B2_2.jpg,CAPSULE,ORANGE,1,CAPSULE_ORANGE,44,0,0,0,0,0,1,0,0,0,0,0,0
49884-0946-01_RXNAVIMAGE10_3033987C_1.jpg,OVAL,ORANGE,7,OVAL_ORANGE,130,0,0,0,0,0,1,0,0,0,0,0,0
49884-0946-01_RXNAVIMAGE10_3033987C_2.jpg,OVAL,ORANGE,7,OVAL_ORANGE,130,0,0,0,0,0,1,0,0,0,0,0,0
00078-0359-34_RXNAVIMAGE10_EC15765B_1.jpg,TEAR,ORANGE,13,TEAR_ORANGE,190,0,0,0,0,0,1,0,0,0,0,0,0
00078-0359-34_RXNAVIMAGE10_EC15765B_2.jpg,TEAR,ORANGE,13,TEAR_ORANGE,190,0,0,0,0,0,1,0,0,0,0,0,0
62175-0487-37_RXNAVIMAGE10_9012C846_1.jpg,CAPSULE,"PURPLE, PINK",1,"CAPSULE_PURPLE, PINK",64,0,0,0,0,0,0,1,1,0,0,0,0
62175-0487-37_RXNAVIMAGE10_9012C846_2.jpg,CAPSULE,"PURPLE, PINK",1,"CAPSULE_PURPLE, PINK",64,0,0,0,0,0,0,1,1,0,0,0,0
50844-0175-10_RXNAVIMAGE10_5135A8AD_1.jpg,OVAL,WHITE,7,OVAL_WHITE,139,0,0,0,0,0,0,0,0,0,0,1,0
50844-0175-10_RXNAVIMAGE10_5135A8AD_2.jpg,OVAL,WHITE,7,OVAL_WHITE,139,0,0,0,0,0,0,0,0,0,0,1,0
23155-0002-01_RXNAVIMAGE10_784FBC4D_1.jpg,ROUND,PINK,10,ROUND_PINK,168,0,0,0,0,0,0,1,0,0,0,0,0
23155-0002-01_RXNAVIMAGE10_784FBC4D_2.jpg,ROUND,PINK,10,ROUND_PINK,168,0,0,0,0,0,0,1,0,0,0,0,0
16729-0034-10_RXNAVIMAGE10_A140D0A6_1.jpg,ROUND,YELLOW,10,ROUND_YELLOW,178,0,0,0,0,0,0,0,0,0,0,0,1
16729-0034-10_RXNAVIMAGE10_A140D0A6_2.jpg,ROUND,YELLOW,10,ROUND_YELLOW,178,0,0,0,0,0,0,0,0,0,0,0,1
00054-4130-25_RXNAVIMAGE10_890544AA_1.jpg,ROUND,BLUE,10,ROUND_BLUE,160,0,1,0,0,0,0,0,0,0,0,0,0
00054-4130-25_RXNAVIMAGE10_890544AA_2.jpg,ROUND,BLUE,10,ROUND_BLUE,160,0,1,0,0,0,0,0,0,0,0,0,0
65862-0619-90_RXNAVIMAGE10_964B4B0A_1.jpg,ROUND,BROWN,10,ROUND_BROWN,162,0,0,1,0,0,0,0,0,0,0,0,0
65862-0619-90_RXNAVIMAGE10_964B4B0A_2.jpg,ROUND,BROWN,10,ROUND_BROWN,162,0,0,1,0,0,0,0,0,0,0,0,0
59746-0173-10_RXNAVIMAGE10_D14EE897_1.jpg,ROUND,WHITE,10,ROUND_WHITE,174,0,0,0,0,0,0,0,0,0,0,1,0
59746-0173-10_RXNAVIMAGE10_D14EE897_2.jpg,ROUND,WHITE,10,ROUND_WHITE,174,0,0,0,0,0,0,0,0,0,0,1,0
00173-0713-25_RXNAVIMAGE10_2019905C_1.jpg,ROUND,WHITE,10,ROUND_WHITE,174,0,0,0,0,0,0,0,0,0,0,1,0
00173-0713-25_RXNAVIMAGE10_2019905C_2.jpg,ROUND,WHITE,10,ROUND_WHITE,174,0,0,0,0,0,0,0,0,0,0,1,0
49884-0020-01_RXNAVIMAGE10_F2467943_1.jpg,ROUND,WHITE,10,ROUND_WHITE,174,0,0,0,0,0,0,0,0,0,0,1,0
49884-0020-01_RXNAVIMAGE10_F2467943_2.jpg,ROUND,WHITE,10,ROUND_WHITE,174,0,0,0,0,0,0,0,0,0,0,1,0
60505-1325-01_RXNAVIMAGE10_124E8954_1.jpg,ROUND,BLUE,10,ROUND_BLUE,160,0,1,0,0,0,0,0,0,0,0,0,0
60505-1325-01_RXNAVIMAGE10_124E8954_2.jpg,ROUND,BLUE,10,ROUND_BLUE,160,0,1,0,0,0,0,0,0,0,0,0,0
00555-0590-01_RXNAVIMAGE10_0E2F871C_1.jpg,CAPSULE,"RED, WHITE",1,"CAPSULE_RED, WHITE",74,0,0,0,0,0,0,0,0,1,0,1,0
00555-0590-01_RXNAVIMAGE10_0E2F871C_2.jpg,CAPSULE,"RED, WHITE",1,"CAPSULE_RED, WHITE",74,0,0,0,0,0,0,0,0,1,0,1,0
59762-0049-01_RXNAVIMAGE10_6A4B3549_1.jpg,OVAL,WHITE,7,OVAL_WHITE,139,0,0,0,0,0,0,0,0,0,0,1,0
59762-0049-01_RXNAVIMAGE10_6A4B3549_2.jpg,OVAL,WHITE,7,OVAL_WHITE,139,0,0,0,0,0,0,0,0,0,0,1,0
59762-0810-01_RXNAVIMAGE10_A346D1F6_1.jpg,ROUND,BLUE,10,ROUND_BLUE,160,0,1,0,0,0,0,0,0,0,0,0,0
59762-0810-01_RXNAVIMAGE10_A346D1F6_2.jpg,ROUND,BLUE,10,ROUND_BLUE,160,0,1,0,0,0,0,0,0,0,0,0,0
50419-0405-01_RXNAVIMAGE10_C11960EB_1.jpg,ROUND,WHITE,10,ROUND_WHITE,174,0,0,0,0,0,0,0,0,0,0,1,0
50419-0405-01_RXNAVIMAGE10_C11960EB_2.jpg,ROUND,WHITE,10,ROUND_WHITE,174,0,0,0,0,0,0,0,0,0,0,1,0
00078-0358-34_RXNAVIMAGE10_EA15750B_1.jpg,TEAR,RED,13,TEAR_RED,191,0,0,0,0,0,0,0,0,1,0,0,0
00078-0358-34_RXNAVIMAGE10_EA15750B_2.jpg,TEAR,RED,13,TEAR_RED,191,0,0,0,0,0,0,0,0,1,0,0,0
51991-0738-01_RXNAVIMAGE10_951B4ADA_1.jpg,ROUND,WHITE,10,ROUND_WHITE,174,0,0,0,0,0,0,0,0,0,0,1,0
51991-0738-01_RXNAVIMAGE10_951B4ADA_2.jpg,ROUND,WHITE,10,ROUND_WHITE,174,0,0,0,0,0,0,0,0,0,0,1,0
00093-7300-01_RXNAVIMAGE10_BE365F12_1.jpg,CAPSULE,"GRAY, WHITE",1,"CAPSULE_GRAY, WHITE",30,0,0,0,1,0,0,0,0,0,0,1,0
00093-7300-01_RXNAVIMAGE10_BE365F12_2.jpg,CAPSULE,"GRAY, WHITE",1,"CAPSULE_GRAY, WHITE",30,0,0,0,1,0,0,0,0,0,0,1,0
31722-0213-05_RXNAVIMAGE10_6012B075_1.jpg,OVAL,BLUE,7,OVAL_BLUE,123,0,1,0,0,0,0,0,0,0,0,0,0
31722-0213-05_RXNAVIMAGE10_6012B075_2.jpg,OVAL,BLUE,7,OVAL_BLUE,123,0,1,0,0,0,0,0,0,0,0,0,0
00182-1093-01_RXNAVIMAGE10_4F35A78D_1.jpg,ROUND,BROWN,10,ROUND_BROWN,162,0,0,1,0,0,0,0,0,0,0,0,0
00182-1093-01_RXNAVIMAGE10_4F35A78D_2.jpg,ROUND,BROWN,10,ROUND_BROWN,162,0,0,1,0,0,0,0,0,0,0,0,0
53489-0647-01_RXNAVIMAGE10_2815945C_1.jpg,ROUND,WHITE,10,ROUND_WHITE,174,0,0,0,0,0,0,0,0,0,0,1,0
53489-0647-01_RXNAVIMAGE10_2815945C_2.jpg,ROUND,WHITE,10,ROUND_WHITE,174,0,0,0,0,0,0,0,0,0,0,1,0
00143-1475-01_RXNAVIMAGE10_B7205BF2_1.jpg,ROUND,WHITE,10,ROUND_WHITE,174,0,0,0,0,0,0,0,0,0,0,1,0
00143-1475-01_RXNAVIMAGE10_B7205BF2_2.jpg,ROUND,WHITE,10,ROUND_WHITE,174,0,0,0,0,0,0,0,0,0,0,1,0
00781-1619-66_RXNAVIMAGE10_1C340E00_1.jpg,ROUND,"PINK, BROWN",10,"ROUND_PINK, BROWN",169,0,0,1,0,0,0,1,0,0,0,0,0
00781-1619-66_RXNAVIMAGE10_1C340E00_2.jpg,ROUND,"PINK, BROWN",10,"ROUND_PINK, BROWN",169,0,0,1,0,0,0,1,0,0,0,0,0
00591-3775-19_RXNAVIMAGE10_581B2C79_1.jpg,OVAL,WHITE,7,OVAL_WHITE,139,0,0,0,0,0,0,0,0,0,0,1,0
00591-3775-19_RXNAVIMAGE10_581B2C79_2.jpg,OVAL,WHITE,7,OVAL_WHITE,139,0,0,0,0,0,0,0,0,0,0,1,0
00093-5741-65_RXNAVIMAGE10_654732B9_1.jpg,OVAL,YELLOW,7,OVAL_YELLOW,145,0,0,0,0,0,0,0,0,0,0,0,1
00093-5741-65_RXNAVIMAGE10_654732B9_2.jpg,OVAL,YELLOW,7,OVAL_YELLOW,145,0,0,0,0,0,0,0,0,0,0,0,1
00173-0777-02_RXNAVIMAGE10_B5195ABA_1.jpg,ROUND,WHITE,10,ROUND_WHITE,174,0,0,0,0,0,0,0,0,0,0,1,0
00173-0777-02_RXNAVIMAGE10_B5195ABA_2.jpg,ROUND,WHITE,10,ROUND_WHITE,174,0,0,0,0,0,0,0,0,0,0,1,0
16714-0297-02_RXNAVIMAGE10_6F44B7A5_1.jpg,OVAL,WHITE,7,OVAL_WHITE,139,0,0,0,0,0,0,0,0,0,0,1,0
16714-0297-02_RXNAVIMAGE10_6F44B7A5_2.jpg,OVAL,WHITE,7,OVAL_WHITE,139,0,0,0,0,0,0,0,0,0,0,1,0
00093-7222-98_RXNAVIMAGE10_4F3027F1_1.jpg,RECTANGLE,WHITE,9,RECTANGLE_WHITE,159,0,0,0,0,0,0,0,0,0,0,1,0
00093-7222-98_RXNAVIMAGE10_4F3027F1_2.jpg,RECTANGLE,WHITE,9,RECTANGLE_WHITE,159,0,0,0,0,0,0,0,0,0,0,1,0
00093-7178-01_RXNAVIMAGE10_D329E9CF_1.jpg,OVAL,PINK,7,OVAL_PINK,133,0,0,0,0,0,0,1,0,0,0,0,0
00093-7178-01_RXNAVIMAGE10_D329E9CF_2.jpg,OVAL,PINK,7,OVAL_PINK,133,0,0,0,0,0,0,1,0,0,0,0,0
00069-1540-68_RXNAVIMAGE10_BB1C5DE2_1.jpg,ROUND,WHITE,10,ROUND_WHITE,174,0,0,0,0,0,0,0,0,0,0,1,0
00069-1540-68_RXNAVIMAGE10_BB1C5DE2_2.jpg,ROUND,WHITE,10,ROUND_WHITE,174,0,0,0,0,0,0,0,0,0,0,1,0
68382-0078-16_RXNAVIMAGE10_C54062E3_1.jpg,CAPSULE,"YELLOW, BLUE",1,"CAPSULE_YELLOW, BLUE",96,0,1,0,0,0,0,0,0,0,0,0,1
68382-0078-16_RXNAVIMAGE10_C54062E3_2.jpg,CAPSULE,"YELLOW, BLUE",1,"CAPSULE_YELLOW, BLUE",96,0,1,0,0,0,0,0,0,0,0,0,1
00093-0050-01_RXNAVIMAGE10_CA426543_1.jpg,ROUND,WHITE,10,ROUND_WHITE,174,0,0,0,0,0,0,0,0,0,0,1,0
00093-0050-01_RXNAVIMAGE10_CA426543_2.jpg,ROUND,WHITE,10,ROUND_WHITE,174,0,0,0,0,0,0,0,0,0,0,1,0
62584-0975-90_RXNAVIMAGE10_D134E8A7_1.jpg,CAPSULE,"BLUE, GREEN",1,"CAPSULE_BLUE, GREEN",11,0,1,0,0,1,0,0,0,0,0,0,0
62584-0975-90_RXNAVIMAGE10_D134E8A7_2.jpg,CAPSULE,"BLUE, GREEN",1,"CAPSULE_BLUE, GREEN",11,0,1,0,0,1,0,0,0,0,0,0,0
53489-0141-05_RXNAVIMAGE10_BA0E5D12_1.jpg,ROUND,WHITE,10,ROUND_WHITE,174,0,0,0,0,0,0,0,0,0,0,1,0
53489-0141-05_RXNAVIMAGE10_BA0E5D12_2.jpg,ROUND,WHITE,10,ROUND_WHITE,174,0,0,0,0,0,0,0,0,0,0,1,0
60505-0248-01_RXNAVIMAGE10_99384CE2_1.jpg,OVAL,PINK,7,OVAL_PINK,133,0,0,0,0,0,0,1,0,0,0,0,0
60505-0248-01_RXNAVIMAGE10_99384CE2_2.jpg,OVAL,PINK,7,OVAL_PINK,133,0,0,0,0,0,0,1,0,0,0,0,0
62175-0302-46_RXNAVIMAGE10_C63EE317_1.jpg,ROUND,BLUE,10,ROUND_BLUE,160,0,1,0,0,0,0,0,0,0,0,0,0
62175-0302-46_RXNAVIMAGE10_C63EE317_2.jpg,ROUND,BLUE,10,ROUND_BLUE,160,0,1,0,0,0,0,0,0,0,0,0,0
00378-4250-01_RXNAVIMAGE10_E90574AB_1.jpg,CAPSULE,YELLOW,1,CAPSULE_YELLOW,94,0,0,0,0,0,0,0,0,0,0,0,1
00378-4250-01_RXNAVIMAGE10_E90574AB_2.jpg,CAPSULE,YELLOW,1,CAPSULE_YELLOW,94,0,0,0,0,0,0,0,0,0,0,0,1
00093-7290-56_RXNAVIMAGE10_A73953CA_1.jpg,OVAL,WHITE,7,OVAL_WHITE,139,0,0,0,0,0,0,0,0,0,0,1,0
00093-7290-56_RXNAVIMAGE10_A73953CA_2.jpg,OVAL,WHITE,7,OVAL_WHITE,139,0,0,0,0,0,0,0,0,0,0,1,0
00009-0055-01_RXNAVIMAGE10_CA1DE53F_1.jpg,OVAL,ORANGE,7,OVAL_ORANGE,130,0,0,0,0,0,1,0,0,0,0,0,0
00009-0055-01_RXNAVIMAGE10_CA1DE53F_2.jpg,OVAL,ORANGE,7,OVAL_ORANGE,130,0,0,0,0,0,1,0,0,0,0,0,0
49884-0113-02_RXNAVIMAGE10_674933B9_1.jpg,CAPSULE,WHITE,1,CAPSULE_WHITE,81,0,0,0,0,0,0,0,0,0,0,1,0
49884-0113-02_RXNAVIMAGE10_674933B9_2.jpg,CAPSULE,WHITE,1,CAPSULE_WHITE,81,0,0,0,0,0,0,0,0,0,0,1,0
65162-0506-06_RXNAVIMAGE10_3F3B9FCC_1.jpg,CAPSULE,"WHITE, TURQUOISE",1,"CAPSULE_WHITE, TURQUOISE",91,0,0,0,0,0,0,0,0,0,1,1,0
65162-0506-06_RXNAVIMAGE10_3F3B9FCC_2.jpg,CAPSULE,"WHITE, TURQUOISE",1,"CAPSULE_WHITE, TURQUOISE",91,0,0,0,0,0,0,0,0,0,1,1,0
00093-1718-01_RXNAVIMAGE10_5C472E69_1.jpg,OVAL,TURQUOISE,7,OVAL_TURQUOISE,138,0,0,0,0,0,0,0,0,0,1,0,0
00093-1718-01_RXNAVIMAGE10_5C472E69_2.jpg,OVAL,TURQUOISE,7,OVAL_TURQUOISE,138,0,0,0,0,0,0,0,0,0,1,0,0
00054-0019-25_RXNAVIMAGE10_253412B0_1.jpg,ROUND,WHITE,10,ROUND_WHITE,174,0,0,0,0,0,0,0,0,0,0,1,0
00054-0019-25_RXNAVIMAGE10_253412B0_2.jpg,ROUND,WHITE,10,ROUND_WHITE,174,0,0,0,0,0,0,0,0,0,0,1,0
00378-1819-01_RXNAVIMAGE10_3F239FBC_1.jpg,OVAL,PINK,7,OVAL_PINK,133,0,0,0,0,0,0,1,0,0,0,0,0
00378-1819-01_RXNAVIMAGE10_3F239FBC_2.jpg,OVAL,PINK,7,OVAL_PINK,133,0,0,0,0,0,0,1,0,0,0,0,0
62756-0511-83_RXNAVIMAGE10_BD445EF2_1.jpg,ROUND,YELLOW,10,ROUND_YELLOW,178,0,0,0,0,0,0,0,0,0,0,0,1
62756-0511-83_RXNAVIMAGE10_BD445EF2_2.jpg,ROUND,YELLOW,10,ROUND_YELLOW,178,0,0,0,0,0,0,0,0,0,0,0,1
10370-0117-10_RXNAVIMAGE10_851DC2BE_1.jpg,ROUND,YELLOW,10,ROUND_YELLOW,178,0,0,0,0,0,0,0,0,0,0,0,1
10370-0117-10_RXNAVIMAGE10_851DC2BE_2.jpg,ROUND,YELLOW,10,ROUND_YELLOW,178,0,0,0,0,0,0,0,0,0,0,0,1
51079-0930-20_RXNAVIMAGE10_FD32FEE7_1.jpg,ROUND,WHITE,10,ROUND_WHITE,174,0,0,0,0,0,0,0,0,0,0,1,0
51079-0930-20_RXNAVIMAGE10_FD32FEE7_2.jpg,ROUND,WHITE,10,ROUND_WHITE,174,0,0,0,0,0,0,0,0,0,0,1,0
13668-0095-90_RXNAVIMAGE10_D145E8EF_1.jpg,ROUND,WHITE,10,ROUND_WHITE,174,0,0,0,0,0,0,0,0,0,0,1,0
13668-0095-90_RXNAVIMAGE10_D145E8EF_2.jpg,ROUND,WHITE,10,ROUND_WHITE,174,0,0,0,0,0,0,0,0,0,0,1,0
00093-4404-01_RXNAVIMAGE10_372D1BD8_1.jpg,ROUND,YELLOW,10,ROUND_YELLOW,178,0,0,0,0,0,0,0,0,0,0,0,1
00093-4404-01_RXNAVIMAGE10_372D1BD8_2.jpg,ROUND,YELLOW,10,ROUND_YELLOW,178,0,0,0,0,0,0,0,0,0,0,0,1
00591-2882-01_RXNAVIMAGE10_BD1FDEEE_1.jpg,CAPSULE,"GRAY, YELLOW",1,"CAPSULE_GRAY, YELLOW",31,0,0,0,1,0,0,0,0,0,0,0,1
00591-2882-01_RXNAVIMAGE10_BD1FDEEE_2.jpg,CAPSULE,"GRAY, YELLOW",1,"CAPSULE_GRAY, YELLOW",31,0,0,0,1,0,0,0,0,0,0,0,1
00093-7113-06_RXNAVIMAGE10_E029F05F_1.jpg,OVAL,ORANGE,7,OVAL_ORANGE,130,0,0,0,0,0,1,0,0,0,0,0,0
00093-7113-06_RXNAVIMAGE10_E029F05F_2.jpg,OVAL,ORANGE,7,OVAL_ORANGE,130,0,0,0,0,0,1,0,0,0,0,0,0
51285-0407-02_RXNAVIMAGE10_0E35871C_1.jpg,OVAL,PINK,7,OVAL_PINK,133,0,0,0,0,0,0,1,0,0,0,0,0
51285-0407-02_RXNAVIMAGE10_0E35871C_2.jpg,OVAL,PINK,7,OVAL_PINK,133,0,0,0,0,0,0,1,0,0,0,0,0
00145-0090-25_RXNAVIMAGE10_DA196D4B_1.jpg,CAPSULE,"BROWN, WHITE",1,"CAPSULE_BROWN, WHITE",20,0,0,1,0,0,0,0,0,0,0,1,0
00145-0090-25_RXNAVIMAGE10_DA196D4B_2.jpg,CAPSULE,"BROWN, WHITE",1,"CAPSULE_BROWN, WHITE",20,0,0,1,0,0,0,0,0,0,0,1,0
60505-0016-06_RXNAVIMAGE10_7A383D51_1.jpg,CAPSULE,"BROWN, WHITE",1,"CAPSULE_BROWN, WHITE",20,0,0,1,0,0,0,0,0,0,0,1,0
60505-0016-06_RXNAVIMAGE10_7A383D51_2.jpg,CAPSULE,"BROWN, WHITE",1,"CAPSULE_BROWN, WHITE",20,0,0,1,0,0,0,0,0,0,0,1,0
43199-0037-01_RXNAVIMAGE10_4C44A635_1.jpg,ROUND,ORANGE,10,ROUND_ORANGE,166,0,0,0,0,0,1,0,0,0,0,0,0
43199-0037-01_RXNAVIMAGE10_4C44A635_2.jpg,ROUND,ORANGE,10,ROUND_ORANGE,166,0,0,0,0,0,1,0,0,0,0,0,0
68180-0758-01_RXNAVIMAGE10_483DA45D_1.jpg,CAPSULE,BROWN,1,CAPSULE_BROWN,18,0,0,1,0,0,0,0,0,0,0,0,0
68180-0758-01_RXNAVIMAGE10_483DA45D_2.jpg,CAPSULE,BROWN,1,CAPSULE_BROWN,18,0,0,1,0,0,0,0,0,0,0,0,0
50419-0409-01_RXNAVIMAGE10_A91954BA_1.jpg,ROUND,RED,10,ROUND_RED,172,0,0,0,0,0,0,0,0,1,0,0,0
50419-0409-01_RXNAVIMAGE10_A91954BA_2.jpg,ROUND,RED,10,ROUND_RED,172,0,0,0,0,0,0,0,0,1,0,0,0
43547-0361-11_RXNAVIMAGE10_CF5167FB_1.jpg,ROUND,WHITE,10,ROUND_WHITE,174,0,0,0,0,0,0,0,0,0,0,1,0
43547-0361-11_RXNAVIMAGE10_CF5167FB_2.jpg,ROUND,WHITE,10,ROUND_WHITE,174,0,0,0,0,0,0,0,0,0,0,1,0
00093-5126-01_RXNAVIMAGE10_382D9C7C_1.jpg,TRIANGLE,PINK,15,TRIANGLE_PINK,199,0,0,0,0,0,0,1,0,0,0,0,0
00093-5126-01_RXNAVIMAGE10_382D9C7C_2.jpg,TRIANGLE,PINK,15,TRIANGLE_PINK,199,0,0,0,0,0,0,1,0,0,0,0,0
31722-0279-10_RXNAVIMAGE10_8B0EC586_1.jpg,ROUND,YELLOW,10,ROUND_YELLOW,178,0,0,0,0,0,0,0,0,0,0,0,1
31722-0279-10_RXNAVIMAGE10_8B0EC586_2.jpg,ROUND,YELLOW,10,ROUND_YELLOW,178,0,0,0,0,0,0,0,0,0,0,0,1
00378-4745-01_RXNAVIMAGE10_8239C11E_1.jpg,OVAL,WHITE,7,OVAL_WHITE,139,0,0,0,0,0,0,0,0,0,0,1,0
00378-4745-01_RXNAVIMAGE10_8239C11E_2.jpg,OVAL,WHITE,7,OVAL_WHITE,139,0,0,0,0,0,0,0,0,0,0,1,0
49938-0102-01_RXNAVIMAGE10_CC4B663B_1.jpg,ROUND,WHITE,10,ROUND_WHITE,174,0,0,0,0,0,0,0,0,0,0,1,0
49938-0102-01_RXNAVIMAGE10_CC4B663B_2.jpg,ROUND,WHITE,10,ROUND_WHITE,174,0,0,0,0,0,0,0,0,0,0,1,0
50844-0529-02_RXNAVIMAGE10_B935DC9E_1.jpg,OVAL,WHITE,7,OVAL_WHITE,139,0,0,0,0,0,0,0,0,0,0,1,0
50844-0529-02_RXNAVIMAGE10_B935DC9E_2.jpg,OVAL,WHITE,7,OVAL_WHITE,139,0,0,0,0,0,0,0,0,0,0,1,0
65162-0321-09_RXNAVIMAGE10_6B4DB59D_1.jpg,ROUND,ORANGE,10,ROUND_ORANGE,166,0,0,0,0,0,1,0,0,0,0,0,0
65162-0321-09_RXNAVIMAGE10_6B4DB59D_2.jpg,ROUND,ORANGE,10,ROUND_ORANGE,166,0,0,0,0,0,1,0,0,0,0,0,0
00603-6342-16_RXNAVIMAGE10_A847547A_1.jpg,OVAL,YELLOW,7,OVAL_YELLOW,145,0,0,0,0,0,0,0,0,0,0,0,1
00603-6342-16_RXNAVIMAGE10_A847547A_2.jpg,OVAL,YELLOW,7,OVAL_YELLOW,145,0,0,0,0,0,0,0,0,0,0,0,1
00591-5557-05_RXNAVIMAGE10_034B0188_1.jpg,ROUND,YELLOW,10,ROUND_YELLOW,178,0,0,0,0,0,0,0,0,0,0,0,1
00591-5557-05_RXNAVIMAGE10_034B0188_2.jpg,ROUND,YELLOW,10,ROUND_YELLOW,178,0,0,0,0,0,0,0,0,0,0,0,1
00078-0521-15_RXNAVIMAGE10_E51D72AB_1.jpg,OVAL,WHITE,7,OVAL_WHITE,139,0,0,0,0,0,0,0,0,0,0,1,0
00078-0521-15_RXNAVIMAGE10_E51D72AB_2.jpg,OVAL,WHITE,7,OVAL_WHITE,139,0,0,0,0,0,0,0,0,0,0,1,0
00228-2128-10_RXNAVIMAGE10_F6337B3B_1.jpg,ROUND,ORANGE,10,ROUND_ORANGE,166,0,0,0,0,0,1,0,0,0,0,0,0
00228-2128-10_RXNAVIMAGE10_F6337B3B_2.jpg,ROUND,ORANGE,10,ROUND_ORANGE,166,0,0,0,0,0,1,0,0,0,0,0,0
00527-1352-01_RXNAVIMAGE10_670833D1_1.jpg,ROUND,GREEN,10,ROUND_GREEN,164,0,0,0,0,1,0,0,0,0,0,0,0
00527-1352-01_RXNAVIMAGE10_670833D1_2.jpg,ROUND,GREEN,10,ROUND_GREEN,164,0,0,0,0,1,0,0,0,0,0,0,0
68462-0303-29_RXNAVIMAGE10_5745AB9D_1.jpg,ROUND,YELLOW,10,ROUND_YELLOW,178,0,0,0,0,0,0,0,0,0,0,0,1
68462-0303-29_RXNAVIMAGE10_5745AB9D_2.jpg,ROUND,YELLOW,10,ROUND_YELLOW,178,0,0,0,0,0,0,0,0,0,0,0,1
60505-3075-03_RXNAVIMAGE10_4F48A7A5_1.jpg,RECTANGLE,GREEN,9,RECTANGLE_GREEN,157,0,0,0,0,1,0,0,0,0,0,0,0
60505-3075-03_RXNAVIMAGE10_4F48A7A5_2.jpg,RECTANGLE,GREEN,9,RECTANGLE_GREEN,157,0,0,0,0,1,0,0,0,0,0,0,0
60505-3113-03_RXNAVIMAGE10_5246A975_1.jpg,ROUND,WHITE,10,ROUND_WHITE,174,0,0,0,0,0,0,0,0,0,0,1,0
60505-3113-03_RXNAVIMAGE10_5246A975_2.jpg,ROUND,WHITE,10,ROUND_WHITE,174,0,0,0,0,0,0,0,0,0,0,1,0
00093-0320-01_RXNAVIMAGE10_702B3819_1.jpg,OVAL,ORANGE,7,OVAL_ORANGE,130,0,0,0,0,0,1,0,0,0,0,0,0
00093-0320-01_RXNAVIMAGE10_702B3819_2.jpg,OVAL,ORANGE,7,OVAL_ORANGE,130,0,0,0,0,0,1,0,0,0,0,0,0
68462-0195-90_RXNAVIMAGE10_000E0010_1.jpg,ROUND,YELLOW,10,ROUND_YELLOW,178,0,0,0,0,0,0,0,0,0,0,0,1
68462-0195-90_RXNAVIMAGE10_000E0010_2.jpg,ROUND,YELLOW,10,ROUND_YELLOW,178,0,0,0,0,0,0,0,0,0,0,0,1
00185-0128-01_RXNAVIMAGE10_443A2231_1.jpg,ROUND,GREEN,10,ROUND_GREEN,164,0,0,0,0,1,0,0,0,0,0,0,0
00185-0128-01_RXNAVIMAGE10_443A2231_2.jpg,ROUND,GREEN,10,ROUND_GREEN,164,0,0,0,0,1,0,0,0,0,0,0,0
00173-0791-01_RXNAVIMAGE10_4C192639_1.jpg,CAPSULE,"GRAY, WHITE",1,"CAPSULE_GRAY, WHITE",30,0,0,0,1,0,0,0,0,0,0,1,0
00173-0791-01_RXNAVIMAGE10_4C192639_2.jpg,CAPSULE,"GRAY, WHITE",1,"CAPSULE_GRAY, WHITE",30,0,0,0,1,0,0,0,0,0,0,1,0
24090-0491-84_RXNAVIMAGE10_02510168_1.jpg,ROUND,BROWN,10,ROUND_BROWN,162,0,0,1,0,0,0,0,0,0,0,0,0
24090-0491-84_RXNAVIMAGE10_02510168_2.jpg,ROUND,BROWN,10,ROUND_BROWN,162,0,0,1,0,0,0,0,0,0,0,0,0
00603-5336-21_RXNAVIMAGE10_0E0E0760_1.jpg,ROUND,WHITE,10,ROUND_WHITE,174,0,0,0,0,0,0,0,0,0,0,1,0
00603-5336-21_RXNAVIMAGE10_0E0E0760_2.jpg,ROUND,WHITE,10,ROUND_WHITE,174,0,0,0,0,0,0,0,0,0,0,1,0
23155-0006-01_RXNAVIMAGE10_5E0EAF35_1.jpg,ROUND,YELLOW,10,ROUND_YELLOW,178,0,0,0,0,0,0,0,0,0,0,0,1
23155-0006-01_RXNAVIMAGE10_5E0EAF35_2.jpg,ROUND,YELLOW,10,ROUND_YELLOW,178,0,0,0,0,0,0,0,0,0,0,0,1
00555-0873-02_RXNAVIMAGE10_BA305D62_1.jpg,ROUND,WHITE,10,ROUND_WHITE,174,0,0,0,0,0,0,0,0,0,0,1,0
00555-0873-02_RXNAVIMAGE10_BA305D62_2.jpg,ROUND,WHITE,10,ROUND_WHITE,174,0,0,0,0,0,0,0,0,0,0,1,0
31722-0520-10_RXNAVIMAGE10_9007C80E_1.jpg,ROUND,ORANGE,10,ROUND_ORANGE,166,0,0,0,0,0,1,0,0,0,0,0,0
31722-0520-10_RXNAVIMAGE10_9007C80E_2.jpg,ROUND,ORANGE,10,ROUND_ORANGE,166,0,0,0,0,0,1,0,0,0,0,0,0
00781-5385-31_RXNAVIMAGE10_EA3CF537_1.jpg,OVAL,GRAY,7,OVAL_GRAY,127,0,0,0,1,0,0,0,0,0,0,0,0
00781-5385-31_RXNAVIMAGE10_EA3CF537_2.jpg,OVAL,GRAY,7,OVAL_GRAY,127,0,0,0,1,0,0,0,0,0,0,0,0
00378-6895-01_RXNAVIMAGE10_7F4D3FA9_1.jpg,CAPSULE,PURPLE,1,CAPSULE_PURPLE,61,0,0,0,0,0,0,0,1,0,0,0,0
00378-6895-01_RXNAVIMAGE10_7F4D3FA9_2.jpg,CAPSULE,PURPLE,1,CAPSULE_PURPLE,61,0,0,0,0,0,0,0,1,0,0,0,0
63304-0192-30_RXNAVIMAGE10_9544CA96_1.jpg,DIAMOND,BROWN,2,DIAMOND_BROWN,106,0,0,1,0,0,0,0,0,0,0,0,0
63304-0192-30_RXNAVIMAGE10_9544CA96_2.jpg,DIAMOND,BROWN,2,DIAMOND_BROWN,106,0,0,1,0,0,0,0,0,0,0,0,0
00093-0135-01_RXNAVIMAGE10_39281CE0_1.jpg,OVAL,WHITE,7,OVAL_WHITE,139,0,0,0,0,0,0,0,0,0,0,1,0
00093-0135-01_RXNAVIMAGE10_39281CE0_2.jpg,OVAL,WHITE,7,OVAL_WHITE,139,0,0,0,0,0,0,0,0,0,0,1,0
31722-0573-30_RXNAVIMAGE10_914D48AA_1.jpg,CAPSULE,TURQUOISE,1,CAPSULE_TURQUOISE,76,0,0,0,0,0,0,0,0,0,1,0,0
31722-0573-30_RXNAVIMAGE10_914D48AA_2.jpg,CAPSULE,TURQUOISE,1,CAPSULE_TURQUOISE,76,0,0,0,0,0,0,0,0,0,1,0,0
00093-7157-06_RXNAVIMAGE10_4D2BA68D_1.jpg,OVAL,YELLOW,7,OVAL_YELLOW,145,0,0,0,0,0,0,0,0,0,0,0,1
00093-7157-06_RXNAVIMAGE10_4D2BA68D_2.jpg,OVAL,YELLOW,7,OVAL_YELLOW,145,0,0,0,0,0,0,0,0,0,0,0,1
00093-5125-01_RXNAVIMAGE10_342D9A0C_1.jpg,TRIANGLE,YELLOW,15,TRIANGLE_YELLOW,203,0,0,0,0,0,0,0,0,0,0,0,1
00093-5125-01_RXNAVIMAGE10_342D9A0C_2.jpg,TRIANGLE,YELLOW,15,TRIANGLE_YELLOW,203,0,0,0,0,0,0,0,0,0,0,0,1
50844-0157-12_RXNAVIMAGE10_7935BCED_1.jpg,ROUND,WHITE,10,ROUND_WHITE,174,0,0,0,0,0,0,0,0,0,0,1,0
50844-0157-12_RXNAVIMAGE10_7935BCED_2.jpg,ROUND,WHITE,10,ROUND_WHITE,174,0,0,0,0,0,0,0,0,0,0,1,0
00591-0783-01_RXNAVIMAGE10_DF156FCB_1.jpg,ROUND,WHITE,10,ROUND_WHITE,174,0,0,0,0,0,0,0,0,0,0,1,0
00591-0783-01_RXNAVIMAGE10_DF156FCB_2.jpg,ROUND,WHITE,10,ROUND_WHITE,174,0,0,0,0,0,0,0,0,0,0,1,0
10370-0510-10_RXNAVIMAGE10_36059B4C_1.jpg,OVAL,WHITE,7,OVAL_WHITE,139,0,0,0,0,0,0,0,0,0,0,1,0
10370-0510-10_RXNAVIMAGE10_36059B4C_2.jpg,OVAL,WHITE,7,OVAL_WHITE,139,0,0,0,0,0,0,0,0,0,0,1,0
00093-0811-01_RXNAVIMAGE10_20231018_1.jpg,CAPSULE,"WHITE, ORANGE",1,"CAPSULE_WHITE, ORANGE",87,0,0,0,0,0,1,0,0,0,0,1,0
00093-0811-01_RXNAVIMAGE10_20231018_2.jpg,CAPSULE,"WHITE, ORANGE",1,"CAPSULE_WHITE, ORANGE",87,0,0,0,0,0,1,0,0,0,0,1,0
00093-0350-01_RXNAVIMAGE10_12428914_1.jpg,ROUND,WHITE,10,ROUND_WHITE,174,0,0,0,0,0,0,0,0,0,0,1,0
00093-0350-01_RXNAVIMAGE10_12428914_2.jpg,ROUND,WHITE,10,ROUND_WHITE,174,0,0,0,0,0,0,0,0,0,0,1,0
31722-0730-90_RXNAVIMAGE10_A14FD08E_1.jpg,OVAL,WHITE,7,OVAL_WHITE,139,0,0,0,0,0,0,0,0,0,0,1,0
31722-0730-90_RXNAVIMAGE10_A14FD08E_2.jpg,OVAL,WHITE,7,OVAL_WHITE,139,0,0,0,0,0,0,0,0,0,0,1,0
23155-0051-01_RXNAVIMAGE10_5E3C2F01_1.jpg,ROUND,BROWN,10,ROUND_BROWN,162,0,0,1,0,0,0,0,0,0,0,0,0
23155-0051-01_RXNAVIMAGE10_5E3C2F01_2.jpg,ROUND,BROWN,10,ROUND_BROWN,162,0,0,1,0,0,0,0,0,0,0,0,0
64376-0131-01_RXNAVIMAGE10_C140E097_1.jpg,OVAL,YELLOW,7,OVAL_YELLOW,145,0,0,0,0,0,0,0,0,0,0,0,1
64376-0131-01_RXNAVIMAGE10_C140E097_2.jpg,OVAL,YELLOW,7,OVAL_YELLOW,145,0,0,0,0,0,0,0,0,0,0,0,1
60505-3674-03_RXNAVIMAGE10_DC086E23_1.jpg,ROUND,PINK,10,ROUND_PINK,168,0,0,0,0,0,0,1,0,0,0,0,0
60505-3674-03_RXNAVIMAGE10_DC086E23_2.jpg,ROUND,PINK,10,ROUND_PINK,168,0,0,0,0,0,0,1,0,0,0,0,0
67253-0741-50_RXNAVIMAGE10_7915BCDD_1.jpg,OVAL,WHITE,7,OVAL_WHITE,139,0,0,0,0,0,0,0,0,0,0,1,0
67253-0741-50_RXNAVIMAGE10_7915BCDD_2.jpg,OVAL,WHITE,7,OVAL_WHITE,139,0,0,0,0,0,0,0,0,0,0,1,0
68180-0467-01_RXNAVIMAGE10_3A089D34_1.jpg,OVAL,GREEN,7,OVAL_GREEN,129,0,0,0,0,1,0,0,0,0,0,0,0
68180-0467-01_RXNAVIMAGE10_3A089D34_2.jpg,OVAL,GREEN,7,OVAL_GREEN,129,0,0,0,0,1,0,0,0,0,0,0,0
00093-7351-56_RXNAVIMAGE10_692D3499_1.jpg,CAPSULE,"GRAY, PINK",1,"CAPSULE_GRAY, PINK",27,0,0,0,1,0,0,1,0,0,0,0,0
00093-7351-56_RXNAVIMAGE10_692D3499_2.jpg,CAPSULE,"GRAY, PINK",1,"CAPSULE_GRAY, PINK",27,0,0,0,1,0,0,1,0,0,0,0,0
16252-0615-30_RXNAVIMAGE10_72513949_1.jpg,ROUND,YELLOW,10,ROUND_YELLOW,178,0,0,0,0,0,0,0,0,0,0,0,1
16252-0615-30_RXNAVIMAGE10_72513949_2.jpg,ROUND,YELLOW,10,ROUND_YELLOW,178,0,0,0,0,0,0,0,0,0,0,0,1
61958-1001-01_RXNAVIMAGE10_E31C7193_1.jpg,OVAL,ORANGE,7,OVAL_ORANGE,130,0,0,0,0,0,1,0,0,0,0,0,0
61958-1001-01_RXNAVIMAGE10_E31C7193_2.jpg,OVAL,ORANGE,7,OVAL_ORANGE,130,0,0,0,0,0,1,0,0,0,0,0,0
00093-4741-01_RXNAVIMAGE10_F42D7A5B_1.jpg,OVAL,PINK,7,OVAL_PINK,133,0,0,0,0,0,0,1,0,0,0,0,0
00093-4741-01_RXNAVIMAGE10_F42D7A5B_2.jpg,OVAL,PINK,7,OVAL_PINK,133,0,0,0,0,0,0,1,0,0,0,0,0
63044-0622-01_RXNAVIMAGE10_7D3CBEA5_1.jpg,OVAL,BLACK,7,OVAL_BLACK,122,1,0,0,0,0,0,0,0,0,0,0,0
63044-0622-01_RXNAVIMAGE10_7D3CBEA5_2.jpg,OVAL,BLACK,7,OVAL_BLACK,122,1,0,0,0,0,0,0,0,0,0,0,0
50111-0334-01_RXNAVIMAGE10_0E300720_1.jpg,OVAL,WHITE,7,OVAL_WHITE,139,0,0,0,0,0,0,0,0,0,0,1,0
50111-0334-01_RXNAVIMAGE10_0E300720_2.jpg,OVAL,WHITE,7,OVAL_WHITE,139,0,0,0,0,0,0,0,0,0,0,1,0
00056-0173-70_RXNAVIMAGE10_A613530A_1.jpg,ROUND,YELLOW,10,ROUND_YELLOW,178,0,0,0,0,0,0,0,0,0,0,0,1
00056-0173-70_RXNAVIMAGE10_A613530A_2.jpg,ROUND,YELLOW,10,ROUND_YELLOW,178,0,0,0,0,0,0,0,0,0,0,0,1
51660-0526-05_RXNAVIMAGE10_BF16DFA6_1.jpg,ROUND,WHITE,10,ROUND_WHITE,174,0,0,0,0,0,0,0,0,0,0,1,0
51660-0526-05_RXNAVIMAGE10_BF16DFA6_2.jpg,ROUND,WHITE,10,ROUND_WHITE,174,0,0,0,0,0,0,0,0,0,0,1,0
63459-0416-30_RXNAVIMAGE10_8F2D47EA_1.jpg,OVAL,BLUE,7,OVAL_BLUE,123,0,1,0,0,0,0,0,0,0,0,0,0
63459-0416-30_RXNAVIMAGE10_8F2D47EA_2.jpg,OVAL,BLUE,7,OVAL_BLUE,123,0,1,0,0,0,0,0,0,0,0,0,0
00093-4443-01_RXNAVIMAGE10_9E2D4F0A_1.jpg,OVAL,WHITE,7,OVAL_WHITE,139,0,0,0,0,0,0,0,0,0,0,1,0
00093-4443-01_RXNAVIMAGE10_9E2D4F0A_2.jpg,OVAL,WHITE,7,OVAL_WHITE,139,0,0,0,0,0,0,0,0,0,0,1,0
00074-9296-90_RXNAVIMAGE10_A51D52FA_1.jpg,ROUND,PURPLE,10,ROUND_PURPLE,171,0,0,0,0,0,0,0,1,0,0,0,0
00074-9296-90_RXNAVIMAGE10_A51D52FA_2.jpg,ROUND,PURPLE,10,ROUND_PURPLE,171,0,0,0,0,0,0,0,1,0,0,0,0
64380-0742-08_RXNAVIMAGE10_B74FDB9E_1.jpg,RECTANGLE,WHITE,9,RECTANGLE_WHITE,159,0,0,0,0,0,0,0,0,0,0,1,0
64380-0742-08_RXNAVIMAGE10_B74FDB9E_2.jpg,RECTANGLE,WHITE,9,RECTANGLE_WHITE,159,0,0,0,0,0,0,0,0,0,0,1,0
00093-2929-01_RXNAVIMAGE10_E52972BB_1.jpg,ROUND,WHITE,10,ROUND_WHITE,174,0,0,0,0,0,0,0,0,0,0,1,0
00093-2929-01_RXNAVIMAGE10_E52972BB_2.jpg,ROUND,WHITE,10,ROUND_WHITE,174,0,0,0,0,0,0,0,0,0,0,1,0
00555-0607-02_RXNAVIMAGE10_3F2F1F98_1.jpg,ROUND,WHITE,10,ROUND_WHITE,174,0,0,0,0,0,0,0,0,0,0,1,0
00555-0607-02_RXNAVIMAGE10_3F2F1F98_2.jpg,ROUND,WHITE,10,ROUND_WHITE,174,0,0,0,0,0,0,0,0,0,0,1,0
00310-0134-11_RXNAVIMAGE10_8F3D47EA_1.jpg,ROUND,YELLOW,10,ROUND_YELLOW,178,0,0,0,0,0,0,0,0,0,0,0,1
00310-0134-11_RXNAVIMAGE10_8F3D47EA_2.jpg,ROUND,YELLOW,10,ROUND_YELLOW,178,0,0,0,0,0,0,0,0,0,0,0,1
00093-3011-01_RXNAVIMAGE10_202D1008_1.jpg,ROUND,YELLOW,10,ROUND_YELLOW,178,0,0,0,0,0,0,0,0,0,0,0,1
00093-3011-01_RXNAVIMAGE10_202D1008_2.jpg,ROUND,YELLOW,10,ROUND_YELLOW,178,0,0,0,0,0,0,0,0,0,0,0,1
00185-0118-01_RXNAVIMAGE10_F33279F3_1.jpg,ROUND,WHITE,10,ROUND_WHITE,174,0,0,0,0,0,0,0,0,0,0,1,0
00185-0118-01_RXNAVIMAGE10_F33279F3_2.jpg,ROUND,WHITE,10,ROUND_WHITE,174,0,0,0,0,0,0,0,0,0,0,1,0
00032-3016-28_RXNAVIMAGE10_0F3E8794_1.jpg,CAPSULE,"BLUE, BROWN",1,"CAPSULE_BLUE, BROWN",9,0,1,1,0,0,0,0,0,0,0,0,0
00032-3016-28_RXNAVIMAGE10_0F3E8794_2.jpg,CAPSULE,"BLUE, BROWN",1,"CAPSULE_BLUE, BROWN",9,0,1,1,0,0,0,0,0,0,0,0,0
00378-3030-01_RXNAVIMAGE10_093984BC_1.jpg,OVAL,WHITE,7,OVAL_WHITE,139,0,0,0,0,0,0,0,0,0,0,1,0
00378-3030-01_RXNAVIMAGE10_093984BC_2.jpg,OVAL,WHITE,7,OVAL_WHITE,139,0,0,0,0,0,0,0,0,0,0,1,0
23155-0117-01_RXNAVIMAGE10_2C461610_1.jpg,OVAL,PINK,7,OVAL_PINK,133,0,0,0,0,0,0,1,0,0,0,0,0
23155-0117-01_RXNAVIMAGE10_2C461610_2.jpg,OVAL,PINK,7,OVAL_PINK,133,0,0,0,0,0,0,1,0,0,0,0,0
00093-0739-98_RXNAVIMAGE10_16158B5C_1.jpg,ROUND,YELLOW,10,ROUND_YELLOW,178,0,0,0,0,0,0,0,0,0,0,0,1
00093-0739-98_RXNAVIMAGE10_16158B5C_2.jpg,ROUND,YELLOW,10,ROUND_YELLOW,178,0,0,0,0,0,0,0,0,0,0,0,1
00591-2229-10_RXNAVIMAGE10_01090098_1.jpg,ROUND,WHITE,10,ROUND_WHITE,174,0,0,0,0,0,0,0,0,0,0,1,0
00591-2229-10_RXNAVIMAGE10_01090098_2.jpg,ROUND,WHITE,10,ROUND_WHITE,174,0,0,0,0,0,0,0,0,0,0,1,0
16714-0331-01_RXNAVIMAGE10_39449CD4_1.jpg,TRIANGLE,YELLOW,15,TRIANGLE_YELLOW,203,0,0,0,0,0,0,0,0,0,0,0,1
16714-0331-01_RXNAVIMAGE10_39449CD4_2.jpg,TRIANGLE,YELLOW,15,TRIANGLE_YELLOW,203,0,0,0,0,0,0,0,0,0,0,0,1
33342-0061-07_RXNAVIMAGE10_134909E8_1.jpg,ROUND,RED,10,ROUND_RED,172,0,0,0,0,0,0,0,0,1,0,0,0
33342-0061-07_RXNAVIMAGE10_134909E8_2.jpg,ROUND,RED,10,ROUND_RED,172,0,0,0,0,0,0,0,0,1,0,0,0
51285-0061-01_RXNAVIMAGE10_A73BD3BE_1.jpg,FREEFORM,WHITE,4,FREEFORM_WHITE,115,0,0,0,0,0,0,0,0,0,0,1,0
51285-0061-01_RXNAVIMAGE10_A73BD3BE_2.jpg,FREEFORM,WHITE,4,FREEFORM_WHITE,115,0,0,0,0,0,0,0,0,0,0,1,0
51285-0091-58_RXNAVIMAGE10_8B2DC58E_1.jpg,ROUND,ORANGE,10,ROUND_ORANGE,166,0,0,0,0,0,1,0,0,0,0,0,0
51285-0091-58_RXNAVIMAGE10_8B2DC58E_2.jpg,ROUND,ORANGE,10,ROUND_ORANGE,166,0,0,0,0,0,1,0,0,0,0,0,0
69097-0814-12_RXNAVIMAGE10_334F99FC_1.jpg,CAPSULE,YELLOW,1,CAPSULE_YELLOW,94,0,0,0,0,0,0,0,0,0,0,0,1
69097-0814-12_RXNAVIMAGE10_334F99FC_2.jpg,CAPSULE,YELLOW,1,CAPSULE_YELLOW,94,0,0,0,0,0,0,0,0,0,0,0,1
00456-2220-30_RXNAVIMAGE10_6B4A3581_1.jpg,CAPSULE,"YELLOW, WHITE",1,"CAPSULE_YELLOW, WHITE",103,0,0,0,0,0,0,0,0,0,0,1,1
00456-2220-30_RXNAVIMAGE10_6B4A3581_2.jpg,CAPSULE,"YELLOW, WHITE",1,"CAPSULE_YELLOW, WHITE",103,0,0,0,0,0,0,0,0,0,0,1,1
00008-0836-22_RXNAVIMAGE10_2D15969C_1.jpg,CAPSULE,RED,1,CAPSULE_RED,69,0,0,0,0,0,0,0,0,1,0,0,0
00008-0836-22_RXNAVIMAGE10_2D15969C_2.jpg,CAPSULE,RED,1,CAPSULE_RED,69,0,0,0,0,0,0,0,0,1,0,0,0
00555-0382-02_RXNAVIMAGE10_22421140_1.jpg,ROUND,WHITE,10,ROUND_WHITE,174,0,0,0,0,0,0,0,0,0,0,1,0
00555-0382-02_RXNAVIMAGE10_22421140_2.jpg,ROUND,WHITE,10,ROUND_WHITE,174,0,0,0,0,0,0,0,0,0,0,1,0
67877-0419-20_RXNAVIMAGE10_48512419_1.jpg,OVAL,WHITE,7,OVAL_WHITE,139,0,0,0,0,0,0,0,0,0,0,1,0
67877-0419-20_RXNAVIMAGE10_48512419_2.jpg,OVAL,WHITE,7,OVAL_WHITE,139,0,0,0,0,0,0,0,0,0,0,1,0
16714-0405-01_RXNAVIMAGE10_115008C0_1.jpg,ROUND,YELLOW,10,ROUND_YELLOW,178,0,0,0,0,0,0,0,0,0,0,0,1
16714-0405-01_RXNAVIMAGE10_115008C0_2.jpg,ROUND,YELLOW,10,ROUND_YELLOW,178,0,0,0,0,0,0,0,0,0,0,0,1
57844-0151-01_RXNAVIMAGE10_9A354D2A_1.jpg,OVAL,WHITE,7,OVAL_WHITE,139,0,0,0,0,0,0,0,0,0,0,1,0
57844-0151-01_RXNAVIMAGE10_9A354D2A_2.jpg,OVAL,WHITE,7,OVAL_WHITE,139,0,0,0,0,0,0,0,0,0,0,1,0
00093-2060-98_RXNAVIMAGE10_072983CC_1.jpg,OVAL,WHITE,7,OVAL_WHITE,139,0,0,0,0,0,0,0,0,0,0,1,0
00093-2060-98_RXNAVIMAGE10_072983CC_2.jpg,OVAL,WHITE,7,OVAL_WHITE,139,0,0,0,0,0,0,0,0,0,0,1,0
00378-0473-01_RXNAVIMAGE10_3C059E7C_1.jpg,OVAL,WHITE,7,OVAL_WHITE,139,0,0,0,0,0,0,0,0,0,0,1,0
00378-0473-01_RXNAVIMAGE10_3C059E7C_2.jpg,OVAL,WHITE,7,OVAL_WHITE,139,0,0,0,0,0,0,0,0,0,0,1,0
49884-0827-10_RXNAVIMAGE10_CB5065C3_1.jpg,ROUND,WHITE,10,ROUND_WHITE,174,0,0,0,0,0,0,0,0,0,0,1,0
49884-0827-10_RXNAVIMAGE10_CB5065C3_2.jpg,ROUND,WHITE,10,ROUND_WHITE,174,0,0,0,0,0,0,0,0,0,0,1,0
00603-5060-21_RXNAVIMAGE10_F24E7963_1.jpg,ROUND,GRAY,10,ROUND_GRAY,163,0,0,0,1,0,0,0,0,0,0,0,0
00603-5060-21_RXNAVIMAGE10_F24E7963_2.jpg,ROUND,GRAY,10,ROUND_GRAY,163,0,0,0,1,0,0,0,0,0,0,0,0
63304-0539-10_RXNAVIMAGE10_DB396DAB_1.jpg,ROUND,WHITE,10,ROUND_WHITE,174,0,0,0,0,0,0,0,0,0,0,1,0
63304-0539-10_RXNAVIMAGE10_DB396DAB_2.jpg,ROUND,WHITE,10,ROUND_WHITE,174,0,0,0,0,0,0,0,0,0,0,1,0
00245-0070-11_RXNAVIMAGE10_234691D4_1.jpg,ROUND,YELLOW,10,ROUND_YELLOW,178,0,0,0,0,0,0,0,0,0,0,0,1
00245-0070-11_RXNAVIMAGE10_234691D4_2.jpg,ROUND,YELLOW,10,ROUND_YELLOW,178,0,0,0,0,0,0,0,0,0,0,0,1
47335-0894-81_RXNAVIMAGE10_7F1DBFBD_1.jpg,ROUND,PINK,10,ROUND_PINK,168,0,0,0,0,0,0,1,0,0,0,0,0
47335-0894-81_RXNAVIMAGE10_7F1DBFBD_2.jpg,ROUND,PINK,10,ROUND_PINK,168,0,0,0,0,0,0,1,0,0,0,0,0
12496-1283-02_RXNAVIMAGE10_281D940C_1.jpg,HEXAGON,ORANGE,5,HEXAGON_ORANGE,118,0,0,0,0,0,1,0,0,0,0,0,0
12496-1283-02_RXNAVIMAGE10_281D940C_2.jpg,HEXAGON,ORANGE,5,HEXAGON_ORANGE,118,0,0,0,0,0,1,0,0,0,0,0,0
45802-0425-78_RXNAVIMAGE10_473F23C9_1.jpg,ROUND,ORANGE,10,ROUND_ORANGE,166,0,0,0,0,0,1,0,0,0,0,0,0
45802-0425-78_RXNAVIMAGE10_473F23C9_2.jpg,ROUND,ORANGE,10,ROUND_ORANGE,166,0,0,0,0,0,1,0,0,0,0,0,0
00456-0461-01_RXNAVIMAGE10_7A44BD15_1.jpg,ROUND,BROWN,10,ROUND_BROWN,162,0,0,1,0,0,0,0,0,0,0,0,0
00456-0461-01_RXNAVIMAGE10_7A44BD15_2.jpg,ROUND,BROWN,10,ROUND_BROWN,162,0,0,1,0,0,0,0,0,0,0,0,0
00093-3147-01_RXNAVIMAGE10_C51962CB_1.jpg,CAPSULE,RED,1,CAPSULE_RED,69,0,0,0,0,0,0,0,0,1,0,0,0
00093-3147-01_RXNAVIMAGE10_C51962CB_2.jpg,CAPSULE,RED,1,CAPSULE_RED,69,0,0,0,0,0,0,0,0,1,0,0,0
24486-0603-10_RXNAVIMAGE10_0D07869C_1.jpg,ROUND,GREEN,10,ROUND_GREEN,164,0,0,0,0,1,0,0,0,0,0,0,0
24486-0603-10_RXNAVIMAGE10_0D07869C_2.jpg,ROUND,GREEN,10,ROUND_GREEN,164,0,0,0,0,1,0,0,0,0,0,0,0
51285-0079-97_RXNAVIMAGE10_EE2F775B_1.jpg,ROUND,YELLOW,10,ROUND_YELLOW,178,0,0,0,0,0,0,0,0,0,0,0,1
51285-0079-97_RXNAVIMAGE10_EE2F775B_2.jpg,ROUND,YELLOW,10,ROUND_YELLOW,178,0,0,0,0,0,0,0,0,0,0,0,1
49348-0023-12_RXNAVIMAGE10_B803DC3E_1.jpg,ROUND,WHITE,10,ROUND_WHITE,174,0,0,0,0,0,0,0,0,0,0,1,0
49348-0023-12_RXNAVIMAGE10_B803DC3E_2.jpg,ROUND,WHITE,10,ROUND_WHITE,174,0,0,0,0,0,0,0,0,0,0,1,0
00186-1088-05_RXNAVIMAGE10_A61C5302_1.jpg,OVAL,WHITE,7,OVAL_WHITE,139,0,0,0,0,0,0,0,0,0,0,1,0
00186-1088-05_RXNAVIMAGE10_A61C5302_2.jpg,OVAL,WHITE,7,OVAL_WHITE,139,0,0,0,0,0,0,0,0,0,0,1,0
16252-0506-50_RXNAVIMAGE10_3D061E80_1.jpg,ROUND,PINK,10,ROUND_PINK,168,0,0,0,0,0,0,1,0,0,0,0,0
16252-0506-50_RXNAVIMAGE10_3D061E80_2.jpg,ROUND,PINK,10,ROUND_PINK,168,0,0,0,0,0,0,1,0,0,0,0,0
00008-1222-30_RXNAVIMAGE10_563EAB05_1.jpg,SQUARE,ORANGE,12,SQUARE_ORANGE,183,0,0,0,0,0,1,0,0,0,0,0,0
00008-1222-30_RXNAVIMAGE10_563EAB05_2.jpg,SQUARE,ORANGE,12,SQUARE_ORANGE,183,0,0,0,0,0,1,0,0,0,0,0,0
67877-0197-05_RXNAVIMAGE10_914948BA_1.jpg,ROUND,WHITE,10,ROUND_WHITE,174,0,0,0,0,0,0,0,0,0,0,1,0
67877-0197-05_RXNAVIMAGE10_914948BA_2.jpg,ROUND,WHITE,10,ROUND_WHITE,174,0,0,0,0,0,0,0,0,0,0,1,0
68180-0313-01_RXNAVIMAGE10_18078C0C_1.jpg,ROUND,BROWN,10,ROUND_BROWN,162,0,0,1,0,0,0,0,0,0,0,0,0
68180-0313-01_RXNAVIMAGE10_18078C0C_2.jpg,ROUND,BROWN,10,ROUND_BROWN,162,0,0,1,0,0,0,0,0,0,0,0,0
51285-0125-70_RXNAVIMAGE10_DB42EDF7_1.jpg,ROUND,BROWN,10,ROUND_BROWN,162,0,0,1,0,0,0,0,0,0,0,0,0
51285-0125-70_RXNAVIMAGE10_DB42EDF7_2.jpg,ROUND,BROWN,10,ROUND_BROWN,162,0,0,1,0,0,0,0,0,0,0,0,0
00591-3210-60_RXNAVIMAGE10_341C9A14_1.jpg,CAPSULE,BROWN,1,CAPSULE_BROWN,18,0,0,1,0,0,0,0,0,0,0,0,0
00591-3210-60_RXNAVIMAGE10_341C9A14_2.jpg,CAPSULE,BROWN,1,CAPSULE_BROWN,18,0,0,1,0,0,0,0,0,0,0,0,0
65862-0700-60_RXNAVIMAGE10_F44F7A7B_1.jpg,OVAL,WHITE,7,OVAL_WHITE,139,0,0,0,0,0,0,0,0,0,0,1,0
65862-0700-60_RXNAVIMAGE10_F44F7A7B_2.jpg,OVAL,WHITE,7,OVAL_WHITE,139,0,0,0,0,0,0,0,0,0,0,1,0
00378-4140-01_RXNAVIMAGE10_D84F6C3B_1.jpg,ROUND,WHITE,10,ROUND_WHITE,174,0,0,0,0,0,0,0,0,0,0,1,0
00378-4140-01_RXNAVIMAGE10_D84F6C3B_2.jpg,ROUND,WHITE,10,ROUND_WHITE,174,0,0,0,0,0,0,0,0,0,0,1,0
00115-2011-01_RXNAVIMAGE10_D7516B8B_1.jpg,ROUND,WHITE,10,ROUND_WHITE,174,0,0,0,0,0,0,0,0,0,0,1,0
00115-2011-01_RXNAVIMAGE10_D7516B8B_2.jpg,ROUND,WHITE,10,ROUND_WHITE,174,0,0,0,0,0,0,0,0,0,0,1,0
00603-5686-28_RXNAVIMAGE10_060E8324_1.jpg,OVAL,PINK,7,OVAL_PINK,133,0,0,0,0,0,0,1,0,0,0,0,0
00603-5686-28_RXNAVIMAGE10_060E8324_2.jpg,OVAL,PINK,7,OVAL_PINK,133,0,0,0,0,0,0,1,0,0,0,0,0
62756-0552-88_RXNAVIMAGE10_9D3C4EB2_1.jpg,OVAL,YELLOW,7,OVAL_YELLOW,145,0,0,0,0,0,0,0,0,0,0,0,1
62756-0552-88_RXNAVIMAGE10_9D3C4EB2_2.jpg,OVAL,YELLOW,7,OVAL_YELLOW,145,0,0,0,0,0,0,0,0,0,0,0,1
00173-0759-60_RXNAVIMAGE10_F5197ACB_1.jpg,ROUND,"ORANGE, WHITE",10,"ROUND_ORANGE, WHITE",167,0,0,0,0,0,1,0,0,0,0,1,0
00173-0759-60_RXNAVIMAGE10_F5197ACB_2.jpg,ROUND,"ORANGE, WHITE",10,"ROUND_ORANGE, WHITE",167,0,0,0,0,0,1,0,0,0,0,1,0
23155-0113-01_RXNAVIMAGE10_AD4756EA_1.jpg,ROUND,PINK,10,ROUND_PINK,168,0,0,0,0,0,0,1,0,0,0,0,0
23155-0113-01_RXNAVIMAGE10_AD4756EA_2.jpg,ROUND,PINK,10,ROUND_PINK,168,0,0,0,0,0,0,1,0,0,0,0,0
64720-0202-10_RXNAVIMAGE10_150E8AD4_1.jpg,ROUND,YELLOW,10,ROUND_YELLOW,178,0,0,0,0,0,0,0,0,0,0,0,1
64720-0202-10_RXNAVIMAGE10_150E8AD4_2.jpg,ROUND,YELLOW,10,ROUND_YELLOW,178,0,0,0,0,0,0,0,0,0,0,0,1
17772-0123-01_RXNAVIMAGE10_BF3CDFD6_1.jpg,OVAL,RED,7,OVAL_RED,137,0,0,0,0,0,0,0,0,1,0,0,0
17772-0123-01_RXNAVIMAGE10_BF3CDFD6_2.jpg,OVAL,RED,7,OVAL_RED,137,0,0,0,0,0,0,0,0,1,0,0,0
68968-3500-01_RXNAVIMAGE10_581E2C71_1.jpg,OVAL,ORANGE,7,OVAL_ORANGE,130,0,0,0,0,0,1,0,0,0,0,0,0
68968-3500-01_RXNAVIMAGE10_581E2C71_2.jpg,OVAL,ORANGE,7,OVAL_ORANGE,130,0,0,0,0,0,1,0,0,0,0,0,0
16714-0417-02_RXNAVIMAGE10_2B4515F8_1.jpg,ROUND,WHITE,10,ROUND_WHITE,174,0,0,0,0,0,0,0,0,0,0,1,0
16714-0417-02_RXNAVIMAGE10_2B4515F8_2.jpg,ROUND,WHITE,10,ROUND_WHITE,174,0,0,0,0,0,0,0,0,0,0,1,0
00781-5443-01_RXNAVIMAGE10_E53872C3_1.jpg,ROUND,BROWN,10,ROUND_BROWN,162,0,0,1,0,0,0,0,0,0,0,0,0
00781-5443-01_RXNAVIMAGE10_E53872C3_2.jpg,ROUND,BROWN,10,ROUND_BROWN,162,0,0,1,0,0,0,0,0,0,0,0,0
69315-0136-10_RXNAVIMAGE10_994F4CBA_1.jpg,ROUND,WHITE,10,ROUND_WHITE,174,0,0,0,0,0,0,0,0,0,0,1,0
69315-0136-10_RXNAVIMAGE10_994F4CBA_2.jpg,ROUND,WHITE,10,ROUND_WHITE,174,0,0,0,0,0,0,0,0,0,0,1,0
00378-0088-01_RXNAVIMAGE10_9E464F12_1.jpg,OVAL,PURPLE,7,OVAL_PURPLE,135,0,0,0,0,0,0,0,1,0,0,0,0
00378-0088-01_RXNAVIMAGE10_9E464F12_2.jpg,OVAL,PURPLE,7,OVAL_PURPLE,135,0,0,0,0,0,0,0,1,0,0,0,0
00143-1172-01_RXNAVIMAGE10_3239995C_1.jpg,ROUND,WHITE,10,ROUND_WHITE,174,0,0,0,0,0,0,0,0,0,0,1,0
00143-1172-01_RXNAVIMAGE10_3239995C_2.jpg,ROUND,WHITE,10,ROUND_WHITE,174,0,0,0,0,0,0,0,0,0,0,1,0
60505-0101-01_RXNAVIMAGE10_7B46BDB5_1.jpg,OVAL,WHITE,7,OVAL_WHITE,139,0,0,0,0,0,0,0,0,0,0,1,0
60505-0101-01_RXNAVIMAGE10_7B46BDB5_2.jpg,OVAL,WHITE,7,OVAL_WHITE,139,0,0,0,0,0,0,0,0,0,0,1,0
51991-0467-01_RXNAVIMAGE10_E13270F3_1.jpg,ROUND,ORANGE,10,ROUND_ORANGE,166,0,0,0,0,0,1,0,0,0,0,0,0
51991-0467-01_RXNAVIMAGE10_E13270F3_2.jpg,ROUND,ORANGE,10,ROUND_ORANGE,166,0,0,0,0,0,1,0,0,0,0,0,0
59762-3718-04_RXNAVIMAGE10_0B1D859C_1.jpg,OVAL,BLUE,7,OVAL_BLUE,123,0,1,0,0,0,0,0,0,0,0,0,0
59762-3718-04_RXNAVIMAGE10_0B1D859C_2.jpg,OVAL,BLUE,7,OVAL_BLUE,123,0,1,0,0,0,0,0,0,0,0,0,0
60505-3673-03_RXNAVIMAGE10_E2087123_1.jpg,ROUND,YELLOW,10,ROUND_YELLOW,178,0,0,0,0,0,0,0,0,0,0,0,1
60505-3673-03_RXNAVIMAGE10_E2087123_2.jpg,ROUND,YELLOW,10,ROUND_YELLOW,178,0,0,0,0,0,0,0,0,0,0,0,1
00591-0845-10_RXNAVIMAGE10_4207A16D_1.jpg,ROUND,WHITE,10,ROUND_WHITE,174,0,0,0,0,0,0,0,0,0,0,1,0
00591-0845-10_RXNAVIMAGE10_4207A16D_2.jpg,ROUND,WHITE,10,ROUND_WHITE,174,0,0,0,0,0,0,0,0,0,0,1,0
51224-0206-30_RXNAVIMAGE10_484DA45D_1.jpg,ROUND,YELLOW,10,ROUND_YELLOW,178,0,0,0,0,0,0,0,0,0,0,0,1
51224-0206-30_RXNAVIMAGE10_484DA45D_2.jpg,ROUND,YELLOW,10,ROUND_YELLOW,178,0,0,0,0,0,0,0,0,0,0,0,1
00185-0122-01_RXNAVIMAGE10_E10E7093_1.jpg,CAPSULE,"BLACK, WHITE",1,"CAPSULE_BLACK, WHITE",5,1,0,0,0,0,0,0,0,0,0,1,0
00185-0122-01_RXNAVIMAGE10_E10E7093_2.jpg,CAPSULE,"BLACK, WHITE",1,"CAPSULE_BLACK, WHITE",5,1,0,0,0,0,0,0,0,0,0,1,0
00185-0048-01_RXNAVIMAGE10_94234A0A_1.jpg,ROUND,RED,10,ROUND_RED,172,0,0,0,0,0,0,0,0,1,0,0,0
00185-0048-01_RXNAVIMAGE10_94234A0A_2.jpg,ROUND,RED,10,ROUND_RED,172,0,0,0,0,0,0,0,0,1,0,0,0
00378-5510-93_RXNAVIMAGE10_DE44EF57_1.jpg,ROUND,YELLOW,10,ROUND_YELLOW,178,0,0,0,0,0,0,0,0,0,0,0,1
00378-5510-93_RXNAVIMAGE10_DE44EF57_2.jpg,ROUND,YELLOW,10,ROUND_YELLOW,178,0,0,0,0,0,0,0,0,0,0,0,1
00603-2948-32_RXNAVIMAGE10_C11560CB_1.jpg,ROUND,YELLOW,10,ROUND_YELLOW,178,0,0,0,0,0,0,0,0,0,0,0,1
00603-2948-32_RXNAVIMAGE10_C11560CB_2.jpg,ROUND,YELLOW,10,ROUND_YELLOW,178,0,0,0,0,0,0,0,0,0,0,0,1
00378-4187-93_RXNAVIMAGE10_D4326A03_1.jpg,ROUND,GREEN,10,ROUND_GREEN,164,0,0,0,0,1,0,0,0,0,0,0,0
00378-4187-93_RXNAVIMAGE10_D4326A03_2.jpg,ROUND,GREEN,10,ROUND_GREEN,164,0,0,0,0,1,0,0,0,0,0,0,0
00781-2148-01_RXNAVIMAGE10_6240B125_1.jpg,CAPSULE,WHITE,1,CAPSULE_WHITE,81,0,0,0,0,0,0,0,0,0,0,1,0
00781-2148-01_RXNAVIMAGE10_6240B125_2.jpg,CAPSULE,WHITE,1,CAPSULE_WHITE,81,0,0,0,0,0,0,0,0,0,0,1,0
51991-0772-05_RXNAVIMAGE10_AE3BD74E_1.jpg,CAPSULE,"BLACK, PINK",1,"CAPSULE_BLACK, PINK",2,1,0,0,0,0,0,1,0,0,0,0,0
51991-0772-05_RXNAVIMAGE10_AE3BD74E_2.jpg,CAPSULE,"BLACK, PINK",1,"CAPSULE_BLACK, PINK",2,1,0,0,0,0,0,1,0,0,0,0,0
00591-2640-01_RXNAVIMAGE10_3F3D9FAC_1.jpg,CAPSULE,BLUE,1,CAPSULE_BLUE,7,0,1,0,0,0,0,0,0,0,0,0,0
00591-2640-01_RXNAVIMAGE10_3F3D9FAC_2.jpg,CAPSULE,BLUE,1,CAPSULE_BLUE,7,0,1,0,0,0,0,0,0,0,0,0,0
68001-0206-00_RXNAVIMAGE10_DA46ED27_1.jpg,ROUND,WHITE,10,ROUND_WHITE,174,0,0,0,0,0,0,0,0,0,0,1,0
68001-0206-00_RXNAVIMAGE10_DA46ED27_2.jpg,ROUND,WHITE,10,ROUND_WHITE,174,0,0,0,0,0,0,0,0,0,0,1,0
51672-4002-02_RXNAVIMAGE10_A24D517A_1.jpg,CAPSULE,WHITE,1,CAPSULE_WHITE,81,0,0,0,0,0,0,0,0,0,0,1,0
51672-4002-02_RXNAVIMAGE10_A24D517A_2.jpg,CAPSULE,WHITE,1,CAPSULE_WHITE,81,0,0,0,0,0,0,0,0,0,0,1,0
00078-0598-20_RXNAVIMAGE10_E13AF0A7_1.jpg,ROUND,WHITE,10,ROUND_WHITE,174,0,0,0,0,0,0,0,0,0,0,1,0
00078-0598-20_RXNAVIMAGE10_E13AF0A7_2.jpg,ROUND,WHITE,10,ROUND_WHITE,174,0,0,0,0,0,0,0,0,0,0,1,0
13668-0102-10_RXNAVIMAGE10_AD3F56AA_1.jpg,ROUND,WHITE,10,ROUND_WHITE,174,0,0,0,0,0,0,0,0,0,0,1,0
13668-0102-10_RXNAVIMAGE10_AD3F56AA_2.jpg,ROUND,WHITE,10,ROUND_WHITE,174,0,0,0,0,0,0,0,0,0,0,1,0
16714-0315-01_RXNAVIMAGE10_144D0A68_1.jpg,ROUND,ORANGE,10,ROUND_ORANGE,166,0,0,0,0,0,1,0,0,0,0,0,0
16714-0315-01_RXNAVIMAGE10_144D0A68_2.jpg,ROUND,ORANGE,10,ROUND_ORANGE,166,0,0,0,0,0,1,0,0,0,0,0,0
00555-9020-58_RXNAVIMAGE10_5036A865_1.jpg,ROUND,WHITE,10,ROUND_WHITE,174,0,0,0,0,0,0,0,0,0,0,1,0
00555-9020-58_RXNAVIMAGE10_5036A865_2.jpg,ROUND,WHITE,10,ROUND_WHITE,174,0,0,0,0,0,0,0,0,0,0,1,0
29300-0126-01_RXNAVIMAGE10_26131378_1.jpg,ROUND,PINK,10,ROUND_PINK,168,0,0,0,0,0,0,1,0,0,0,0,0
29300-0126-01_RXNAVIMAGE10_26131378_2.jpg,ROUND,PINK,10,ROUND_PINK,168,0,0,0,0,0,0,1,0,0,0,0,0
23155-0104-10_RXNAVIMAGE10_743C3A71_1.jpg,OVAL,WHITE,7,OVAL_WHITE,139,0,0,0,0,0,0,0,0,0,0,1,0
23155-0104-10_RXNAVIMAGE10_743C3A71_2.jpg,OVAL,WHITE,7,OVAL_WHITE,139,0,0,0,0,0,0,0,0,0,0,1,0
59762-0542-02_RXNAVIMAGE10_523B2979_1.jpg,ROUND,WHITE,10,ROUND_WHITE,174,0,0,0,0,0,0,0,0,0,0,1,0
59762-0542-02_RXNAVIMAGE10_523B2979_2.jpg,ROUND,WHITE,10,ROUND_WHITE,174,0,0,0,0,0,0,0,0,0,0,1,0
00781-2810-01_RXNAVIMAGE10_44392279_1.jpg,CAPSULE,WHITE,1,CAPSULE_WHITE,81,0,0,0,0,0,0,0,0,0,0,1,0
00781-2810-01_RXNAVIMAGE10_44392279_2.jpg,CAPSULE,WHITE,1,CAPSULE_WHITE,81,0,0,0,0,0,0,0,0,0,0,1,0
16729-0175-01_RXNAVIMAGE10_933FC98E_1.jpg,ROUND,BROWN,10,ROUND_BROWN,162,0,0,1,0,0,0,0,0,0,0,0,0
16729-0175-01_RXNAVIMAGE10_933FC98E_2.jpg,ROUND,BROWN,10,ROUND_BROWN,162,0,0,1,0,0,0,0,0,0,0,0,0
00603-5338-32_RXNAVIMAGE10_6912B495_1.jpg,ROUND,WHITE,10,ROUND_WHITE,174,0,0,0,0,0,0,0,0,0,0,1,0
00603-5338-32_RXNAVIMAGE10_6912B495_2.jpg,ROUND,WHITE,10,ROUND_WHITE,174,0,0,0,0,0,0,0,0,0,0,1,0
00378-1133-01_RXNAVIMAGE10_58492C39_1.jpg,ROUND,BLUE,10,ROUND_BLUE,160,0,1,0,0,0,0,0,0,0,0,0,0
00378-1133-01_RXNAVIMAGE10_58492C39_2.jpg,ROUND,BLUE,10,ROUND_BLUE,160,0,1,0,0,0,0,0,0,0,0,0,0
43547-0347-50_RXNAVIMAGE10_4D5126E9_1.jpg,OVAL,BROWN,7,OVAL_BROWN,125,0,0,1,0,0,0,0,0,0,0,0,0
43547-0347-50_RXNAVIMAGE10_4D5126E9_2.jpg,OVAL,BROWN,7,OVAL_BROWN,125,0,0,1,0,0,0,0,0,0,0,0,0
00555-0886-02_RXNAVIMAGE10_4D2F2689_1.jpg,OVAL,PURPLE,7,OVAL_PURPLE,135,0,0,0,0,0,0,0,1,0,0,0,0
00555-0886-02_RXNAVIMAGE10_4D2F2689_2.jpg,OVAL,PURPLE,7,OVAL_PURPLE,135,0,0,0,0,0,0,0,1,0,0,0,0
16714-0405-01_RXNAVIMAGE10_16500B30_1.jpg,ROUND,BROWN,10,ROUND_BROWN,162,0,0,1,0,0,0,0,0,0,0,0,0
16714-0405-01_RXNAVIMAGE10_16500B30_2.jpg,ROUND,BROWN,10,ROUND_BROWN,162,0,0,1,0,0,0,0,0,0,0,0,0
00046-1101-81_RXNAVIMAGE10_4546A2B5_1.jpg,OVAL,BLUE,7,OVAL_BLUE,123,0,1,0,0,0,0,0,0,0,0,0,0
00046-1101-81_RXNAVIMAGE10_4546A2B5_2.jpg,OVAL,BLUE,7,OVAL_BLUE,123,0,1,0,0,0,0,0,0,0,0,0,0
00378-0277-01_RXNAVIMAGE10_74133A79_1.jpg,ROUND,WHITE,10,ROUND_WHITE,174,0,0,0,0,0,0,0,0,0,0,1,0
00378-0277-01_RXNAVIMAGE10_74133A79_2.jpg,ROUND,WHITE,10,ROUND_WHITE,174,0,0,0,0,0,0,0,0,0,0,1,0
68180-0222-01_RXNAVIMAGE10_503C2841_1.jpg,OVAL,ORANGE,7,OVAL_ORANGE,130,0,0,0,0,0,1,0,0,0,0,0,0
68180-0222-01_RXNAVIMAGE10_503C2841_2.jpg,OVAL,ORANGE,7,OVAL_ORANGE,130,0,0,0,0,0,1,0,0,0,0,0,0
68180-0113-16_RXNAVIMAGE10_37081BA0_1.jpg,OVAL,YELLOW,7,OVAL_YELLOW,145,0,0,0,0,0,0,0,0,0,0,0,1
68180-0113-16_RXNAVIMAGE10_37081BA0_2.jpg,OVAL,YELLOW,7,OVAL_YELLOW,145,0,0,0,0,0,0,0,0,0,0,0,1
13310-0153-07_RXNAVIMAGE10_E70E7393_1.jpg,CAPSULE,WHITE,1,CAPSULE_WHITE,81,0,0,0,0,0,0,0,0,0,0,1,0
13310-0153-07_RXNAVIMAGE10_E70E7393_2.jpg,CAPSULE,WHITE,1,CAPSULE_WHITE,81,0,0,0,0,0,0,0,0,0,0,1,0
57844-0324-01_RXNAVIMAGE10_DB366DE3_1.jpg,CAPSULE,ORANGE,1,CAPSULE_ORANGE,44,0,0,0,0,0,1,0,0,0,0,0,0
57844-0324-01_RXNAVIMAGE10_DB366DE3_2.jpg,CAPSULE,ORANGE,1,CAPSULE_ORANGE,44,0,0,0,0,0,1,0,0,0,0,0,0
55111-0398-30_RXNAVIMAGE10_B80EDC06_1.jpg,CAPSULE,"PINK, GREEN",1,"CAPSULE_PINK, GREEN",55,0,0,0,0,1,0,1,0,0,0,0,0
55111-0398-30_RXNAVIMAGE10_B80EDC06_2.jpg,CAPSULE,"PINK, GREEN",1,"CAPSULE_PINK, GREEN",55,0,0,0,0,1,0,1,0,0,0,0,0
00093-2063-01_RXNAVIMAGE10_6F38B795_1.jpg,ROUND,ORANGE,10,ROUND_ORANGE,166,0,0,0,0,0,1,0,0,0,0,0,0
00093-2063-01_RXNAVIMAGE10_6F38B795_2.jpg,ROUND,ORANGE,10,ROUND_ORANGE,166,0,0,0,0,0,1,0,0,0,0,0,0
49884-0455-11_RXNAVIMAGE10_D80E6C13_1.jpg,CAPSULE,"BLUE, WHITE",1,"CAPSULE_BLUE, WHITE",16,0,1,0,0,0,0,0,0,0,0,1,0
49884-0455-11_RXNAVIMAGE10_D80E6C13_2.jpg,CAPSULE,"BLUE, WHITE",1,"CAPSULE_BLUE, WHITE",16,0,1,0,0,0,0,0,0,0,0,1,0
00056-0510-30_RXNAVIMAGE10_B11D58FA_1.jpg,OVAL,YELLOW,7,OVAL_YELLOW,145,0,0,0,0,0,0,0,0,0,0,0,1
00056-0510-30_RXNAVIMAGE10_B11D58FA_2.jpg,OVAL,YELLOW,7,OVAL_YELLOW,145,0,0,0,0,0,0,0,0,0,0,0,1
51079-0685-20_RXNAVIMAGE10_25329284_1.jpg,ROUND,WHITE,10,ROUND_WHITE,174,0,0,0,0,0,0,0,0,0,0,1,0
51079-0685-20_RXNAVIMAGE10_25329284_2.jpg,ROUND,WHITE,10,ROUND_WHITE,174,0,0,0,0,0,0,0,0,0,0,1,0
51285-0084-98_RXNAVIMAGE10_F6367B33_1.jpg,ROUND,PINK,10,ROUND_PINK,168,0,0,0,0,0,0,1,0,0,0,0,0
51285-0084-98_RXNAVIMAGE10_F6367B33_2.jpg,ROUND,PINK,10,ROUND_PINK,168,0,0,0,0,0,0,1,0,0,0,0,0
00555-1022-01_RXNAVIMAGE10_CC2B666B_1.jpg,CAPSULE,BROWN,1,CAPSULE_BROWN,18,0,0,1,0,0,0,0,0,0,0,0,0
00555-1022-01_RXNAVIMAGE10_CC2B666B_2.jpg,CAPSULE,BROWN,1,CAPSULE_BROWN,18,0,0,1,0,0,0,0,0,0,0,0,0
60793-0116-01_RXNAVIMAGE10_0039806C_1.jpg,ROUND,WHITE,10,ROUND_WHITE,174,0,0,0,0,0,0,0,0,0,0,1,0
60793-0116-01_RXNAVIMAGE10_0039806C_2.jpg,ROUND,WHITE,10,ROUND_WHITE,174,0,0,0,0,0,0,0,0,0,0,1,0
66213-0425-10_RXNAVIMAGE10_16398B7C_1.jpg,SEMI-CIRCLE,WHITE,11,SEMI-CIRCLE_WHITE,181,0,0,0,0,0,0,0,0,0,0,1,0
66213-0425-10_RXNAVIMAGE10_16398B7C_2.jpg,SEMI-CIRCLE,WHITE,11,SEMI-CIRCLE_WHITE,181,0,0,0,0,0,0,0,0,0,0,1,0
51079-0937-20_RXNAVIMAGE10_1E350F18_1.jpg,CAPSULE,"BLACK, PURPLE",1,"CAPSULE_BLACK, PURPLE",3,1,0,0,0,0,0,0,1,0,0,0,0
51079-0937-20_RXNAVIMAGE10_1E350F18_2.jpg,CAPSULE,"BLACK, PURPLE",1,"CAPSULE_BLACK, PURPLE",3,1,0,0,0,0,0,0,1,0,0,0,0
60505-3251-06_RXNAVIMAGE10_E34AF197_1.jpg,DIAMOND,WHITE,2,DIAMOND_WHITE,110,0,0,0,0,0,0,0,0,0,0,1,0
60505-3251-06_RXNAVIMAGE10_E34AF197_2.jpg,DIAMOND,WHITE,2,DIAMOND_WHITE,110,0,0,0,0,0,0,0,0,0,0,1,0
00228-2855-11_RXNAVIMAGE10_0B4085F4_1.jpg,OVAL,YELLOW,7,OVAL_YELLOW,145,0,0,0,0,0,0,0,0,0,0,0,1
00228-2855-11_RXNAVIMAGE10_0B4085F4_2.jpg,OVAL,YELLOW,7,OVAL_YELLOW,145,0,0,0,0,0,0,0,0,0,0,0,1
63459-0546-28_RXNAVIMAGE10_A2425102_1.jpg,ROUND,WHITE,10,ROUND_WHITE,174,0,0,0,0,0,0,0,0,0,0,1,0
63459-0546-28_RXNAVIMAGE10_A2425102_2.jpg,ROUND,WHITE,10,ROUND_WHITE,174,0,0,0,0,0,0,0,0,0,0,1,0
00781-1718-01_RXNAVIMAGE10_7D04BEF5_1.jpg,ROUND,ORANGE,10,ROUND_ORANGE,166,0,0,0,0,0,1,0,0,0,0,0,0
00781-1718-01_RXNAVIMAGE10_7D04BEF5_2.jpg,ROUND,ORANGE,10,ROUND_ORANGE,166,0,0,0,0,0,1,0,0,0,0,0,0
62756-0183-88_RXNAVIMAGE10_8B50C5C6_1.jpg,OVAL,YELLOW,7,OVAL_YELLOW,145,0,0,0,0,0,0,0,0,0,0,0,1
62756-0183-88_RXNAVIMAGE10_8B50C5C6_2.jpg,OVAL,YELLOW,7,OVAL_YELLOW,145,0,0,0,0,0,0,0,0,0,0,0,1
00378-1140-01_RXNAVIMAGE10_B8235C0A_1.jpg,OVAL,WHITE,7,OVAL_WHITE,139,0,0,0,0,0,0,0,0,0,0,1,0
00378-1140-01_RXNAVIMAGE10_B8235C0A_2.jpg,OVAL,WHITE,7,OVAL_WHITE,139,0,0,0,0,0,0,0,0,0,0,1,0
00006-0461-06_RXNAVIMAGE10_4439A22D_1.jpg,CAPSULE,WHITE,1,CAPSULE_WHITE,81,0,0,0,0,0,0,0,0,0,0,1,0
00006-0461-06_RXNAVIMAGE10_4439A22D_2.jpg,CAPSULE,WHITE,1,CAPSULE_WHITE,81,0,0,0,0,0,0,0,0,0,0,1,0
00591-3248-30_RXNAVIMAGE10_441DA24D_1.jpg,OVAL,BLUE,7,OVAL_BLUE,123,0,1,0,0,0,0,0,0,0,0,0,0
00591-3248-30_RXNAVIMAGE10_441DA24D_2.jpg,OVAL,BLUE,7,OVAL_BLUE,123,0,1,0,0,0,0,0,0,0,0,0,0
00093-7457-01_RXNAVIMAGE10_30361860_1.jpg,OVAL,PINK,7,OVAL_PINK,133,0,0,0,0,0,0,1,0,0,0,0,0
00093-7457-01_RXNAVIMAGE10_30361860_2.jpg,OVAL,PINK,7,OVAL_PINK,133,0,0,0,0,0,0,1,0,0,0,0,0
64679-0936-03_RXNAVIMAGE10_7E05BF4D_1.jpg,RECTANGLE,BROWN,9,RECTANGLE_BROWN,156,0,0,1,0,0,0,0,0,0,0,0,0
64679-0936-03_RXNAVIMAGE10_7E05BF4D_2.jpg,RECTANGLE,BROWN,9,RECTANGLE_BROWN,156,0,0,1,0,0,0,0,0,0,0,0,0
68382-0114-05_RXNAVIMAGE10_C13F609B_1.jpg,ROUND,WHITE,10,ROUND_WHITE,174,0,0,0,0,0,0,0,0,0,0,1,0
68382-0114-05_RXNAVIMAGE10_C13F609B_2.jpg,ROUND,WHITE,10,ROUND_WHITE,174,0,0,0,0,0,0,0,0,0,0,1,0
69097-0223-16_RXNAVIMAGE10_4A51A51D_1.jpg,OVAL,WHITE,7,OVAL_WHITE,139,0,0,0,0,0,0,0,0,0,0,1,0
69097-0223-16_RXNAVIMAGE10_4A51A51D_2.jpg,OVAL,WHITE,7,OVAL_WHITE,139,0,0,0,0,0,0,0,0,0,0,1,0
00093-7425-56_RXNAVIMAGE10_D727EBFF_1.jpg,SQUARE,PINK,12,SQUARE_PINK,184,0,0,0,0,0,0,1,0,0,0,0,0
00093-7425-56_RXNAVIMAGE10_D727EBFF_2.jpg,SQUARE,PINK,12,SQUARE_PINK,184,0,0,0,0,0,0,1,0,0,0,0,0
68462-0293-05_RXNAVIMAGE10_F03CF837_1.jpg,OVAL,BROWN,7,OVAL_BROWN,125,0,0,1,0,0,0,0,0,0,0,0,0
68462-0293-05_RXNAVIMAGE10_F03CF837_2.jpg,OVAL,BROWN,7,OVAL_BROWN,125,0,0,1,0,0,0,0,0,0,0,0,0
65862-0050-30_RXNAVIMAGE10_012180AC_1.jpg,ROUND,YELLOW,10,ROUND_YELLOW,178,0,0,0,0,0,0,0,0,0,0,0,1
65862-0050-30_RXNAVIMAGE10_012180AC_2.jpg,ROUND,YELLOW,10,ROUND_YELLOW,178,0,0,0,0,0,0,0,0,0,0,0,1
00093-5060-01_RXNAVIMAGE10_28381470_1.jpg,ROUND,WHITE,10,ROUND_WHITE,174,0,0,0,0,0,0,0,0,0,0,1,0
00093-5060-01_RXNAVIMAGE10_28381470_2.jpg,ROUND,WHITE,10,ROUND_WHITE,174,0,0,0,0,0,0,0,0,0,0,1,0
60505-0015-06_RXNAVIMAGE10_75383AB1_1.jpg,CAPSULE,"ORANGE, WHITE",1,"CAPSULE_ORANGE, WHITE",50,0,0,0,0,0,1,0,0,0,0,1,0
60505-0015-06_RXNAVIMAGE10_75383AB1_2.jpg,CAPSULE,"ORANGE, WHITE",1,"CAPSULE_ORANGE, WHITE",50,0,0,0,0,0,1,0,0,0,0,1,0
52544-0694-19_RXNAVIMAGE10_F215795B_1.jpg,OVAL,WHITE,7,OVAL_WHITE,139,0,0,0,0,0,0,0,0,0,0,1,0
52544-0694-19_RXNAVIMAGE10_F215795B_2.jpg,OVAL,WHITE,7,OVAL_WHITE,139,0,0,0,0,0,0,0,0,0,0,1,0
00603-6148-21_RXNAVIMAGE10_5126A8E5_1.jpg,ROUND,WHITE,10,ROUND_WHITE,174,0,0,0,0,0,0,0,0,0,0,1,0
00603-6148-21_RXNAVIMAGE10_5126A8E5_2.jpg,ROUND,WHITE,10,ROUND_WHITE,174,0,0,0,0,0,0,0,0,0,0,1,0
50111-0915-01_RXNAVIMAGE10_CB35E59F_1.jpg,ROUND,WHITE,10,ROUND_WHITE,174,0,0,0,0,0,0,0,0,0,0,1,0
50111-0915-01_RXNAVIMAGE10_CB35E59F_2.jpg,ROUND,WHITE,10,ROUND_WHITE,174,0,0,0,0,0,0,0,0,0,0,1,0
00093-0319-01_RXNAVIMAGE10_792B3CF9_1.jpg,ROUND,ORANGE,10,ROUND_ORANGE,166,0,0,0,0,0,1,0,0,0,0,0,0
00093-0319-01_RXNAVIMAGE10_792B3CF9_2.jpg,ROUND,ORANGE,10,ROUND_ORANGE,166,0,0,0,0,0,1,0,0,0,0,0,0
67253-0391-50_RXNAVIMAGE10_81404092_1.jpg,ROUND,ORANGE,10,ROUND_ORANGE,166,0,0,0,0,0,1,0,0,0,0,0,0
67253-0391-50_RXNAVIMAGE10_81404092_2.jpg,ROUND,ORANGE,10,ROUND_ORANGE,166,0,0,0,0,0,1,0,0,0,0,0,0
13668-0010-01_RXNAVIMAGE10_97344B82_1.jpg,OVAL,BROWN,7,OVAL_BROWN,125,0,0,1,0,0,0,0,0,0,0,0,0
13668-0010-01_RXNAVIMAGE10_97344B82_2.jpg,OVAL,BROWN,7,OVAL_BROWN,125,0,0,1,0,0,0,0,0,0,0,0,0
60505-3247-03_RXNAVIMAGE10_374F1B98_1.jpg,OVAL,WHITE,7,OVAL_WHITE,139,0,0,0,0,0,0,0,0,0,0,1,0
60505-3247-03_RXNAVIMAGE10_374F1B98_2.jpg,OVAL,WHITE,7,OVAL_WHITE,139,0,0,0,0,0,0,0,0,0,0,1,0
51525-5901-01_RXNAVIMAGE10_62133179_1.jpg,ROUND,WHITE,10,ROUND_WHITE,174,0,0,0,0,0,0,0,0,0,0,1,0
51525-5901-01_RXNAVIMAGE10_62133179_2.jpg,ROUND,WHITE,10,ROUND_WHITE,174,0,0,0,0,0,0,0,0,0,0,1,0
62756-0142-02_RXNAVIMAGE10_E93C74C3_1.jpg,OVAL,WHITE,7,OVAL_WHITE,139,0,0,0,0,0,0,0,0,0,0,1,0
62756-0142-02_RXNAVIMAGE10_E93C74C3_2.jpg,OVAL,WHITE,7,OVAL_WHITE,139,0,0,0,0,0,0,0,0,0,0,1,0
67767-0151-01_RXNAVIMAGE10_30341820_1.jpg,ROUND,YELLOW,10,ROUND_YELLOW,178,0,0,0,0,0,0,0,0,0,0,0,1
67767-0151-01_RXNAVIMAGE10_30341820_2.jpg,ROUND,YELLOW,10,ROUND_YELLOW,178,0,0,0,0,0,0,0,0,0,0,0,1
66993-0408-32_RXNAVIMAGE10_4839A46D_1.jpg,CAPSULE,"GRAY, GREEN",1,"CAPSULE_GRAY, GREEN",25,0,0,0,1,1,0,0,0,0,0,0,0
66993-0408-32_RXNAVIMAGE10_4839A46D_2.jpg,CAPSULE,"GRAY, GREEN",1,"CAPSULE_GRAY, GREEN",25,0,0,0,1,1,0,0,0,0,0,0,0
53451-0101-01_RXNAVIMAGE10_E73B73EB_1.jpg,OVAL,WHITE,7,OVAL_WHITE,139,0,0,0,0,0,0,0,0,0,0,1,0
53451-0101-01_RXNAVIMAGE10_E73B73EB_2.jpg,OVAL,WHITE,7,OVAL_WHITE,139,0,0,0,0,0,0,0,0,0,0,1,0
57664-0133-88_RXNAVIMAGE10_F93FFCBF_1.jpg,OVAL,YELLOW,7,OVAL_YELLOW,145,0,0,0,0,0,0,0,0,0,0,0,1
57664-0133-88_RXNAVIMAGE10_F93FFCBF_2.jpg,OVAL,YELLOW,7,OVAL_YELLOW,145,0,0,0,0,0,0,0,0,0,0,0,1
16729-0079-01_RXNAVIMAGE10_A93FD49E_1.jpg,OVAL,BROWN,7,OVAL_BROWN,125,0,0,1,0,0,0,0,0,0,0,0,0
16729-0079-01_RXNAVIMAGE10_A93FD49E_2.jpg,OVAL,BROWN,7,OVAL_BROWN,125,0,0,1,0,0,0,0,0,0,0,0,0
59762-1301-01_RXNAVIMAGE10_292114A8_1.jpg,ROUND,PINK,10,ROUND_PINK,168,0,0,0,0,0,0,1,0,0,0,0,0
59762-1301-01_RXNAVIMAGE10_292114A8_2.jpg,ROUND,PINK,10,ROUND_PINK,168,0,0,0,0,0,0,1,0,0,0,0,0
00093-7371-01_RXNAVIMAGE10_CE19671B_1.jpg,CAPSULE,"ORANGE, WHITE",1,"CAPSULE_ORANGE, WHITE",50,0,0,0,0,0,1,0,0,0,0,1,0
00093-7371-01_RXNAVIMAGE10_CE19671B_2.jpg,CAPSULE,"ORANGE, WHITE",1,"CAPSULE_ORANGE, WHITE",50,0,0,0,0,0,1,0,0,0,0,1,0
51672-4042-02_RXNAVIMAGE10_D6156B1B_1.jpg,ROUND,PURPLE,10,ROUND_PURPLE,171,0,0,0,0,0,0,0,1,0,0,0,0
51672-4042-02_RXNAVIMAGE10_D6156B1B_2.jpg,ROUND,PURPLE,10,ROUND_PURPLE,171,0,0,0,0,0,0,0,1,0,0,0,0
65862-0157-30_RXNAVIMAGE10_473423C1_1.jpg,OVAL,PINK,7,OVAL_PINK,133,0,0,0,0,0,0,1,0,0,0,0,0
65862-0157-30_RXNAVIMAGE10_473423C1_2.jpg,OVAL,PINK,7,OVAL_PINK,133,0,0,0,0,0,0,1,0,0,0,0,0
60505-3114-03_RXNAVIMAGE10_15410AC8_1.jpg,OVAL,BLUE,7,OVAL_BLUE,123,0,1,0,0,0,0,0,0,0,0,0,0
60505-3114-03_RXNAVIMAGE10_15410AC8_2.jpg,OVAL,BLUE,7,OVAL_BLUE,123,0,1,0,0,0,0,0,0,0,0,0,0
68382-0143-16_RXNAVIMAGE10_34089A34_1.jpg,OVAL,WHITE,7,OVAL_WHITE,139,0,0,0,0,0,0,0,0,0,0,1,0
68382-0143-16_RXNAVIMAGE10_34089A34_2.jpg,OVAL,WHITE,7,OVAL_WHITE,139,0,0,0,0,0,0,0,0,0,0,1,0
60505-3140-03_RXNAVIMAGE10_1E410F18_1.jpg,OVAL,PINK,7,OVAL_PINK,133,0,0,0,0,0,0,1,0,0,0,0,0
60505-3140-03_RXNAVIMAGE10_1E410F18_2.jpg,OVAL,PINK,7,OVAL_PINK,133,0,0,0,0,0,0,1,0,0,0,0,0
00172-2908-60_RXNAVIMAGE10_F7237BEB_1.jpg,ROUND,WHITE,10,ROUND_WHITE,174,0,0,0,0,0,0,0,0,0,0,1,0
00172-2908-60_RXNAVIMAGE10_F7237BEB_2.jpg,ROUND,WHITE,10,ROUND_WHITE,174,0,0,0,0,0,0,0,0,0,0,1,0
00093-5328-62_RXNAVIMAGE10_F642FB77_1.jpg,ROUND,BROWN,10,ROUND_BROWN,162,0,0,1,0,0,0,0,0,0,0,0,0
00093-5328-62_RXNAVIMAGE10_F642FB77_2.jpg,ROUND,BROWN,10,ROUND_BROWN,162,0,0,1,0,0,0,0,0,0,0,0,0
51672-4001-02_RXNAVIMAGE10_75493AA9_1.jpg,CAPSULE,GREEN,1,CAPSULE_GREEN,32,0,0,0,0,1,0,0,0,0,0,0,0
51672-4001-02_RXNAVIMAGE10_75493AA9_2.jpg,CAPSULE,GREEN,1,CAPSULE_GREEN,32,0,0,0,0,1,0,0,0,0,0,0,0
50474-0598-66_RXNAVIMAGE10_FB15FDEF_1.jpg,OVAL,WHITE,7,OVAL_WHITE,139,0,0,0,0,0,0,0,0,0,0,1,0
50474-0598-66_RXNAVIMAGE10_FB15FDEF_2.jpg,OVAL,WHITE,7,OVAL_WHITE,139,0,0,0,0,0,0,0,0,0,0,1,0
13668-0037-05_RXNAVIMAGE10_8051400A_1.jpg,OVAL,WHITE,7,OVAL_WHITE,139,0,0,0,0,0,0,0,0,0,0,1,0
13668-0037-05_RXNAVIMAGE10_8051400A_2.jpg,OVAL,WHITE,7,OVAL_WHITE,139,0,0,0,0,0,0,0,0,0,0,1,0
00054-4550-25_RXNAVIMAGE10_F408FA07_1.jpg,ROUND,YELLOW,10,ROUND_YELLOW,178,0,0,0,0,0,0,0,0,0,0,0,1
00054-4550-25_RXNAVIMAGE10_F408FA07_2.jpg,ROUND,YELLOW,10,ROUND_YELLOW,178,0,0,0,0,0,0,0,0,0,0,0,1
00245-0041-11_RXNAVIMAGE10_9623CB0E_1.jpg,ROUND,YELLOW,10,ROUND_YELLOW,178,0,0,0,0,0,0,0,0,0,0,0,1
00245-0041-11_RXNAVIMAGE10_9623CB0E_2.jpg,ROUND,YELLOW,10,ROUND_YELLOW,178,0,0,0,0,0,0,0,0,0,0,0,1
00378-1458-01_RXNAVIMAGE10_01328084_1.jpg,ROUND,BLUE,10,ROUND_BLUE,160,0,1,0,0,0,0,0,0,0,0,0,0
00378-1458-01_RXNAVIMAGE10_01328084_2.jpg,ROUND,BLUE,10,ROUND_BLUE,160,0,1,0,0,0,0,0,0,0,0,0,0
61442-0322-05_RXNAVIMAGE10_DB446D93_1.jpg,ROUND,ORANGE,10,ROUND_ORANGE,166,0,0,0,0,0,1,0,0,0,0,0,0
61442-0322-05_RXNAVIMAGE10_DB446D93_2.jpg,ROUND,ORANGE,10,ROUND_ORANGE,166,0,0,0,0,0,1,0,0,0,0,0,0
00087-6071-11_RXNAVIMAGE10_E4467253_1.jpg,OVAL,WHITE,7,OVAL_WHITE,139,0,0,0,0,0,0,0,0,0,0,1,0
00087-6071-11_RXNAVIMAGE10_E4467253_2.jpg,OVAL,WHITE,7,OVAL_WHITE,139,0,0,0,0,0,0,0,0,0,0,1,0
00002-3251-30_RXNAVIMAGE10_451E2281_1.jpg,CAPSULE,BROWN,1,CAPSULE_BROWN,18,0,0,1,0,0,0,0,0,0,0,0,0
00002-3251-30_RXNAVIMAGE10_451E2281_2.jpg,CAPSULE,BROWN,1,CAPSULE_BROWN,18,0,0,1,0,0,0,0,0,0,0,0,0
69387-0119-01_RXNAVIMAGE10_124F0938_1.jpg,OVAL,YELLOW,7,OVAL_YELLOW,145,0,0,0,0,0,0,0,0,0,0,0,1
69387-0119-01_RXNAVIMAGE10_124F0938_2.jpg,OVAL,YELLOW,7,OVAL_YELLOW,145,0,0,0,0,0,0,0,0,0,0,0,1
13668-0159-30_RXNAVIMAGE10_754E3AE1_1.jpg,OVAL,"WHITE, YELLOW",7,"OVAL_WHITE, YELLOW",144,0,0,0,0,0,0,0,0,0,0,1,1
13668-0159-30_RXNAVIMAGE10_754E3AE1_2.jpg,OVAL,"WHITE, YELLOW",7,"OVAL_WHITE, YELLOW",144,0,0,0,0,0,0,0,0,0,0,1,1
00049-4910-30_RXNAVIMAGE10_881DC46E_1.jpg,OVAL,YELLOW,7,OVAL_YELLOW,145,0,0,0,0,0,0,0,0,0,0,0,1
00049-4910-30_RXNAVIMAGE10_881DC46E_2.jpg,OVAL,YELLOW,7,OVAL_YELLOW,145,0,0,0,0,0,0,0,0,0,0,0,1
51991-0746-90_RXNAVIMAGE10_7151B8CD_1.jpg,CAPSULE,YELLOW,1,CAPSULE_YELLOW,94,0,0,0,0,0,0,0,0,0,0,0,1
51991-0746-90_RXNAVIMAGE10_7151B8CD_2.jpg,CAPSULE,YELLOW,1,CAPSULE_YELLOW,94,0,0,0,0,0,0,0,0,0,0,0,1
00172-5728-60_RXNAVIMAGE10_9E27CF4E_1.jpg,ROUND,BROWN,10,ROUND_BROWN,162,0,0,1,0,0,0,0,0,0,0,0,0
00172-5728-60_RXNAVIMAGE10_9E27CF4E_2.jpg,ROUND,BROWN,10,ROUND_BROWN,162,0,0,1,0,0,0,0,0,0,0,0,0
00093-5503-56_RXNAVIMAGE10_A8365432_1.jpg,CAPSULE,BROWN,1,CAPSULE_BROWN,18,0,0,1,0,0,0,0,0,0,0,0,0
00093-5503-56_RXNAVIMAGE10_A8365432_2.jpg,CAPSULE,BROWN,1,CAPSULE_BROWN,18,0,0,1,0,0,0,0,0,0,0,0,0
53489-0511-01_RXNAVIMAGE10_50242801_1.jpg,ROUND,WHITE,10,ROUND_WHITE,174,0,0,0,0,0,0,0,0,0,0,1,0
53489-0511-01_RXNAVIMAGE10_50242801_2.jpg,ROUND,WHITE,10,ROUND_WHITE,174,0,0,0,0,0,0,0,0,0,0,1,0
00310-0281-60_RXNAVIMAGE10_091C84E4_1.jpg,OVAL,WHITE,7,OVAL_WHITE,139,0,0,0,0,0,0,0,0,0,0,1,0
00310-0281-60_RXNAVIMAGE10_091C84E4_2.jpg,OVAL,WHITE,7,OVAL_WHITE,139,0,0,0,0,0,0,0,0,0,0,1,0
62756-0798-13_RXNAVIMAGE10_AF39D7CE_1.jpg,OVAL,PINK,7,OVAL_PINK,133,0,0,0,0,0,0,1,0,0,0,0,0
62756-0798-13_RXNAVIMAGE10_AF39D7CE_2.jpg,OVAL,PINK,7,OVAL_PINK,133,0,0,0,0,0,0,1,0,0,0,0,0
00228-2801-11_RXNAVIMAGE10_544A2A41_1.jpg,ROUND,WHITE,10,ROUND_WHITE,174,0,0,0,0,0,0,0,0,0,0,1,0
00228-2801-11_RXNAVIMAGE10_544A2A41_2.jpg,ROUND,WHITE,10,ROUND_WHITE,174,0,0,0,0,0,0,0,0,0,0,1,0
00378-7004-93_RXNAVIMAGE10_B932DCF6_1.jpg,ROUND,BLUE,10,ROUND_BLUE,160,0,1,0,0,0,0,0,0,0,0,0,0
00378-7004-93_RXNAVIMAGE10_B932DCF6_2.jpg,ROUND,BLUE,10,ROUND_BLUE,160,0,1,0,0,0,0,0,0,0,0,0,0
16714-0681-02_RXNAVIMAGE10_DE4EEF57_1.jpg,ROUND,YELLOW,10,ROUND_YELLOW,178,0,0,0,0,0,0,0,0,0,0,0,1
16714-0681-02_RXNAVIMAGE10_DE4EEF57_2.jpg,ROUND,YELLOW,10,ROUND_YELLOW,178,0,0,0,0,0,0,0,0,0,0,0,1
50419-0409-01_RXNAVIMAGE10_B219590A_1.jpg,ROUND,WHITE,10,ROUND_WHITE,174,0,0,0,0,0,0,0,0,0,0,1,0
50419-0409-01_RXNAVIMAGE10_B219590A_2.jpg,ROUND,WHITE,10,ROUND_WHITE,174,0,0,0,0,0,0,0,0,0,0,1,0
51079-0145-20_RXNAVIMAGE10_11340890_1.jpg,ROUND,WHITE,10,ROUND_WHITE,174,0,0,0,0,0,0,0,0,0,0,1,0
51079-0145-20_RXNAVIMAGE10_11340890_2.jpg,ROUND,WHITE,10,ROUND_WHITE,174,0,0,0,0,0,0,0,0,0,0,1,0
00093-5049-06_RXNAVIMAGE10_A22D511A_1.jpg,OVAL,WHITE,7,OVAL_WHITE,139,0,0,0,0,0,0,0,0,0,0,1,0
00093-5049-06_RXNAVIMAGE10_A22D511A_2.jpg,OVAL,WHITE,7,OVAL_WHITE,139,0,0,0,0,0,0,0,0,0,0,1,0
50458-0925-50_RXNAVIMAGE10_741B3A59_1.jpg,OVAL,ORANGE,7,OVAL_ORANGE,130,0,0,0,0,0,1,0,0,0,0,0,0
50458-0925-50_RXNAVIMAGE10_741B3A59_2.jpg,OVAL,ORANGE,7,OVAL_ORANGE,130,0,0,0,0,0,1,0,0,0,0,0,0
65162-0347-58_RXNAVIMAGE10_435021B1_1.jpg,ROUND,BROWN,10,ROUND_BROWN,162,0,0,1,0,0,0,0,0,0,0,0,0
65162-0347-58_RXNAVIMAGE10_435021B1_2.jpg,ROUND,BROWN,10,ROUND_BROWN,162,0,0,1,0,0,0,0,0,0,0,0,0
13668-0136-05_RXNAVIMAGE10_02470138_1.jpg,ROUND,WHITE,10,ROUND_WHITE,174,0,0,0,0,0,0,0,0,0,0,1,0
13668-0136-05_RXNAVIMAGE10_02470138_2.jpg,ROUND,WHITE,10,ROUND_WHITE,174,0,0,0,0,0,0,0,0,0,0,1,0
50220-0001-01_RXNAVIMAGE10_6005B07D_1.jpg,OVAL,TURQUOISE,7,OVAL_TURQUOISE,138,0,0,0,0,0,0,0,0,0,1,0,0
50220-0001-01_RXNAVIMAGE10_6005B07D_2.jpg,OVAL,TURQUOISE,7,OVAL_TURQUOISE,138,0,0,0,0,0,0,0,0,0,1,0,0
60505-0222-01_RXNAVIMAGE10_FA33FD2F_1.jpg,OVAL,WHITE,7,OVAL_WHITE,139,0,0,0,0,0,0,0,0,0,0,1,0
60505-0222-01_RXNAVIMAGE10_FA33FD2F_2.jpg,OVAL,WHITE,7,OVAL_WHITE,139,0,0,0,0,0,0,0,0,0,0,1,0
60505-3121-03_RXNAVIMAGE10_7F493F89_1.jpg,CAPSULE,"WHITE, GREEN",1,"CAPSULE_WHITE, GREEN",86,0,0,0,0,1,0,0,0,0,0,1,0
60505-3121-03_RXNAVIMAGE10_7F493F89_2.jpg,CAPSULE,"WHITE, GREEN",1,"CAPSULE_WHITE, GREEN",86,0,0,0,0,1,0,0,0,0,0,1,0
51079-0942-05_RXNAVIMAGE10_CF33E7CF_1.jpg,OVAL,WHITE,7,OVAL_WHITE,139,0,0,0,0,0,0,0,0,0,0,1,0
51079-0942-05_RXNAVIMAGE10_CF33E7CF_2.jpg,OVAL,WHITE,7,OVAL_WHITE,139,0,0,0,0,0,0,0,0,0,0,1,0
51079-0997-20_RXNAVIMAGE10_37351BA8_1.jpg,CAPSULE,"WHITE, ORANGE",1,"CAPSULE_WHITE, ORANGE",87,0,0,0,0,0,1,0,0,0,0,1,0
51079-0997-20_RXNAVIMAGE10_37351BA8_2.jpg,CAPSULE,"WHITE, ORANGE",1,"CAPSULE_WHITE, ORANGE",87,0,0,0,0,0,1,0,0,0,0,1,0
55111-0256-60_RXNAVIMAGE10_074D03D8_1.jpg,CAPSULE,"PURPLE, PINK",1,"CAPSULE_PURPLE, PINK",64,0,0,0,0,0,0,1,1,0,0,0,0
55111-0256-60_RXNAVIMAGE10_074D03D8_2.jpg,CAPSULE,"PURPLE, PINK",1,"CAPSULE_PURPLE, PINK",64,0,0,0,0,0,0,1,1,0,0,0,0
60505-2671-09_RXNAVIMAGE10_AB1DD5AE_1.jpg,OVAL,WHITE,7,OVAL_WHITE,139,0,0,0,0,0,0,0,0,0,0,1,0
60505-2671-09_RXNAVIMAGE10_AB1DD5AE_2.jpg,OVAL,WHITE,7,OVAL_WHITE,139,0,0,0,0,0,0,0,0,0,0,1,0
00143-1445-10_RXNAVIMAGE10_211B90FC_1.jpg,ROUND,WHITE,10,ROUND_WHITE,174,0,0,0,0,0,0,0,0,0,0,1,0
00143-1445-10_RXNAVIMAGE10_211B90FC_2.jpg,ROUND,WHITE,10,ROUND_WHITE,174,0,0,0,0,0,0,0,0,0,0,1,0
59762-0104-01_RXNAVIMAGE10_F83EFC07_1.jpg,OVAL,YELLOW,7,OVAL_YELLOW,145,0,0,0,0,0,0,0,0,0,0,0,1
59762-0104-01_RXNAVIMAGE10_F83EFC07_2.jpg,OVAL,YELLOW,7,OVAL_YELLOW,145,0,0,0,0,0,0,0,0,0,0,0,1
17772-0101-01_RXNAVIMAGE10_AB5055A2_1.jpg,CAPSULE,"GREEN, YELLOW",1,"CAPSULE_GREEN, YELLOW",43,0,0,0,0,1,0,0,0,0,0,0,1
17772-0101-01_RXNAVIMAGE10_AB5055A2_2.jpg,CAPSULE,"GREEN, YELLOW",1,"CAPSULE_GREEN, YELLOW",43,0,0,0,0,1,0,0,0,0,0,0,1
00603-5689-20_RXNAVIMAGE10_FD0E7ED3_1.jpg,OVAL,YELLOW,7,OVAL_YELLOW,145,0,0,0,0,0,0,0,0,0,0,0,1
00603-5689-20_RXNAVIMAGE10_FD0E7ED3_2.jpg,OVAL,YELLOW,7,OVAL_YELLOW,145,0,0,0,0,0,0,0,0,0,0,0,1
64125-0138-01_RXNAVIMAGE10_A03DD03E_1.jpg,ROUND,WHITE,10,ROUND_WHITE,174,0,0,0,0,0,0,0,0,0,0,1,0
64125-0138-01_RXNAVIMAGE10_A03DD03E_2.jpg,ROUND,WHITE,10,ROUND_WHITE,174,0,0,0,0,0,0,0,0,0,0,1,0
00378-2042-01_RXNAVIMAGE10_5A4E2D31_1.jpg,ROUND,WHITE,10,ROUND_WHITE,174,0,0,0,0,0,0,0,0,0,0,1,0
00378-2042-01_RXNAVIMAGE10_5A4E2D31_2.jpg,ROUND,WHITE,10,ROUND_WHITE,174,0,0,0,0,0,0,0,0,0,0,1,0
00574-0251-01_RXNAVIMAGE10_C215E10F_1.jpg,OVAL,WHITE,7,OVAL_WHITE,139,0,0,0,0,0,0,0,0,0,0,1,0
00574-0251-01_RXNAVIMAGE10_C215E10F_2.jpg,OVAL,WHITE,7,OVAL_WHITE,139,0,0,0,0,0,0,0,0,0,0,1,0
00093-3127-01_RXNAVIMAGE10_C12DE08F_1.jpg,CAPSULE,"BLUE, RED",1,"CAPSULE_BLUE, RED",14,0,1,0,0,0,0,0,0,1,0,0,0
00093-3127-01_RXNAVIMAGE10_C12DE08F_2.jpg,CAPSULE,"BLUE, RED",1,"CAPSULE_BLUE, RED",14,0,1,0,0,0,0,0,0,1,0,0,0
65162-0896-09_RXNAVIMAGE10_3251991C_1.jpg,RECTANGLE,GREEN,9,RECTANGLE_GREEN,157,0,0,0,0,1,0,0,0,0,0,0,0
65162-0896-09_RXNAVIMAGE10_3251991C_2.jpg,RECTANGLE,GREEN,9,RECTANGLE_GREEN,157,0,0,0,0,1,0,0,0,0,0,0,0
00591-0780-05_RXNAVIMAGE10_B71D5BFA_1.jpg,OVAL,BLUE,7,OVAL_BLUE,123,0,1,0,0,0,0,0,0,0,0,0,0
00591-0780-05_RXNAVIMAGE10_B71D5BFA_2.jpg,OVAL,BLUE,7,OVAL_BLUE,123,0,1,0,0,0,0,0,0,0,0,0,0
00603-3443-28_RXNAVIMAGE10_0215810C_1.jpg,OVAL,PINK,7,OVAL_PINK,133,0,0,0,0,0,0,1,0,0,0,0,0
00603-3443-28_RXNAVIMAGE10_0215810C_2.jpg,OVAL,PINK,7,OVAL_PINK,133,0,0,0,0,0,0,1,0,0,0,0,0
00781-5656-15_RXNAVIMAGE10_E34B71AB_1.jpg,ROUND,ORANGE,10,ROUND_ORANGE,166,0,0,0,0,0,1,0,0,0,0,0,0
00781-5656-15_RXNAVIMAGE10_E34B71AB_2.jpg,ROUND,ORANGE,10,ROUND_ORANGE,166,0,0,0,0,0,1,0,0,0,0,0,0
76439-0136-11_RXNAVIMAGE10_3247994C_1.jpg,OVAL,WHITE,7,OVAL_WHITE,139,0,0,0,0,0,0,0,0,0,0,1,0
76439-0136-11_RXNAVIMAGE10_3247994C_2.jpg,OVAL,WHITE,7,OVAL_WHITE,139,0,0,0,0,0,0,0,0,0,0,1,0
00143-9130-05_RXNAVIMAGE10_2207914C_1.jpg,OVAL,WHITE,7,OVAL_WHITE,139,0,0,0,0,0,0,0,0,0,0,1,0
00143-9130-05_RXNAVIMAGE10_2207914C_2.jpg,OVAL,WHITE,7,OVAL_WHITE,139,0,0,0,0,0,0,0,0,0,0,1,0
49702-0204-13_RXNAVIMAGE10_7E193F29_1.jpg,DIAMOND,GRAY,2,DIAMOND_GRAY,107,0,0,0,1,0,0,0,0,0,0,0,0
49702-0204-13_RXNAVIMAGE10_7E193F29_2.jpg,DIAMOND,GRAY,2,DIAMOND_GRAY,107,0,0,0,1,0,0,0,0,0,0,0,0
52544-0940-28_RXNAVIMAGE10_B63ADB46_1.jpg,ROUND,GREEN,10,ROUND_GREEN,164,0,0,0,0,1,0,0,0,0,0,0,0
52544-0940-28_RXNAVIMAGE10_B63ADB46_2.jpg,ROUND,GREEN,10,ROUND_GREEN,164,0,0,0,0,1,0,0,0,0,0,0,0
00173-0933-08_RXNAVIMAGE10_2E1D970C_1.jpg,OVAL,BLUE,7,OVAL_BLUE,123,0,1,0,0,0,0,0,0,0,0,0,0
00173-0933-08_RXNAVIMAGE10_2E1D970C_2.jpg,OVAL,BLUE,7,OVAL_BLUE,123,0,1,0,0,0,0,0,0,0,0,0,0
00093-5289-56_RXNAVIMAGE10_9927CCDE_1.jpg,ROUND,WHITE,10,ROUND_WHITE,174,0,0,0,0,0,0,0,0,0,0,1,0
00093-5289-56_RXNAVIMAGE10_9927CCDE_2.jpg,ROUND,WHITE,10,ROUND_WHITE,174,0,0,0,0,0,0,0,0,0,0,1,0
00781-2112-01_RXNAVIMAGE10_8634C356_1.jpg,CAPSULE,TURQUOISE,1,CAPSULE_TURQUOISE,76,0,0,0,0,0,0,0,0,0,1,0,0
00781-2112-01_RXNAVIMAGE10_8634C356_2.jpg,CAPSULE,TURQUOISE,1,CAPSULE_TURQUOISE,76,0,0,0,0,0,0,0,0,0,1,0,0
51672-4003-02_RXNAVIMAGE10_75493AD9_1.jpg,CAPSULE,"GREEN, WHITE",1,"CAPSULE_GREEN, WHITE",42,0,0,0,0,1,0,0,0,0,0,1,0
51672-4003-02_RXNAVIMAGE10_75493AD9_2.jpg,CAPSULE,"GREEN, WHITE",1,"CAPSULE_GREEN, WHITE",42,0,0,0,0,1,0,0,0,0,0,1,0
69452-0128-20_RXNAVIMAGE10_174F8BEC_1.jpg,OVAL,PINK,7,OVAL_PINK,133,0,0,0,0,0,0,1,0,0,0,0,0
69452-0128-20_RXNAVIMAGE10_174F8BEC_2.jpg,OVAL,PINK,7,OVAL_PINK,133,0,0,0,0,0,0,1,0,0,0,0,0
00093-1719-01_RXNAVIMAGE10_14438A2C_1.jpg,OVAL,YELLOW,7,OVAL_YELLOW,145,0,0,0,0,0,0,0,0,0,0,0,1
00093-1719-01_RXNAVIMAGE10_14438A2C_2.jpg,OVAL,YELLOW,7,OVAL_YELLOW,145,0,0,0,0,0,0,0,0,0,0,0,1
00591-2170-19_RXNAVIMAGE10_C443620B_1.jpg,OVAL,GRAY,7,OVAL_GRAY,127,0,0,0,1,0,0,0,0,0,0,0,0
00591-2170-19_RXNAVIMAGE10_C443620B_2.jpg,OVAL,GRAY,7,OVAL_GRAY,127,0,0,0,1,0,0,0,0,0,0,0,0
00555-9034-58_RXNAVIMAGE10_0E130778_1.jpg,ROUND,WHITE,10,ROUND_WHITE,174,0,0,0,0,0,0,0,0,0,0,1,0
00555-9034-58_RXNAVIMAGE10_0E130778_2.jpg,ROUND,WHITE,10,ROUND_WHITE,174,0,0,0,0,0,0,0,0,0,0,1,0
45802-0132-75_RXNAVIMAGE10_004E8024_1.jpg,OVAL,WHITE,7,OVAL_WHITE,139,0,0,0,0,0,0,0,0,0,0,1,0
45802-0132-75_RXNAVIMAGE10_004E8024_2.jpg,OVAL,WHITE,7,OVAL_WHITE,139,0,0,0,0,0,0,0,0,0,0,1,0
59630-0575-60_RXNAVIMAGE10_9707CB9E_1.jpg,ROUND,WHITE,10,ROUND_WHITE,174,0,0,0,0,0,0,0,0,0,0,1,0
59630-0575-60_RXNAVIMAGE10_9707CB9E_2.jpg,ROUND,WHITE,10,ROUND_WHITE,174,0,0,0,0,0,0,0,0,0,0,1,0
00054-0140-25_RXNAVIMAGE10_623AB175_1.jpg,ROUND,WHITE,10,ROUND_WHITE,174,0,0,0,0,0,0,0,0,0,0,1,0
00054-0140-25_RXNAVIMAGE10_623AB175_2.jpg,ROUND,WHITE,10,ROUND_WHITE,174,0,0,0,0,0,0,0,0,0,0,1,0
55111-0159-01_RXNAVIMAGE10_DA0E6D63_1.jpg,CAPSULE,"YELLOW, PURPLE",1,"CAPSULE_YELLOW, PURPLE",101,0,0,0,0,0,0,0,1,0,0,0,1
55111-0159-01_RXNAVIMAGE10_DA0E6D63_2.jpg,CAPSULE,"YELLOW, PURPLE",1,"CAPSULE_YELLOW, PURPLE",101,0,0,0,0,0,0,0,1,0,0,0,1
00093-5298-01_RXNAVIMAGE10_F7427BC3_1.jpg,CAPSULE,"WHITE, BROWN",1,"CAPSULE_WHITE, BROWN",84,0,0,1,0,0,0,0,0,0,0,1,0
00093-5298-01_RXNAVIMAGE10_F7427BC3_2.jpg,CAPSULE,"WHITE, BROWN",1,"CAPSULE_WHITE, BROWN",84,0,0,1,0,0,0,0,0,0,0,1,0
00228-2588-03_RXNAVIMAGE10_04350258_1.jpg,CAPSULE,GRAY,1,CAPSULE_GRAY,22,0,0,0,1,0,0,0,0,0,0,0,0
00228-2588-03_RXNAVIMAGE10_04350258_2.jpg,CAPSULE,GRAY,1,CAPSULE_GRAY,22,0,0,0,1,0,0,0,0,0,0,0,0
62037-0598-05_RXNAVIMAGE10_1B158DCC_1.jpg,CAPSULE,"YELLOW, ORANGE",1,"CAPSULE_YELLOW, ORANGE",99,0,0,0,0,0,1,0,0,0,0,0,1
62037-0598-05_RXNAVIMAGE10_1B158DCC_2.jpg,CAPSULE,"YELLOW, ORANGE",1,"CAPSULE_YELLOW, ORANGE",99,0,0,0,0,0,1,0,0,0,0,0,1
16252-0569-60_RXNAVIMAGE10_A70ED396_1.jpg,CAPSULE,WHITE,1,CAPSULE_WHITE,81,0,0,0,0,0,0,0,0,0,0,1,0
16252-0569-60_RXNAVIMAGE10_A70ED396_2.jpg,CAPSULE,WHITE,1,CAPSULE_WHITE,81,0,0,0,0,0,0,0,0,0,0,1,0
54092-0172-12_RXNAVIMAGE10_BD38DEC6_1.jpg,CAPSULE,"GRAY, GREEN",1,"CAPSULE_GRAY, GREEN",25,0,0,0,1,1,0,0,0,0,0,0,0
54092-0172-12_RXNAVIMAGE10_BD38DEC6_2.jpg,CAPSULE,"GRAY, GREEN",1,"CAPSULE_GRAY, GREEN",25,0,0,0,1,1,0,0,0,0,0,0,0
00603-2407-21_RXNAVIMAGE10_E023707B_1.jpg,OVAL,WHITE,7,OVAL_WHITE,139,0,0,0,0,0,0,0,0,0,0,1,0
00603-2407-21_RXNAVIMAGE10_E023707B_2.jpg,OVAL,WHITE,7,OVAL_WHITE,139,0,0,0,0,0,0,0,0,0,0,1,0
00781-5187-01_RXNAVIMAGE10_34239A1C_1.jpg,OVAL,BLUE,7,OVAL_BLUE,123,0,1,0,0,0,0,0,0,0,0,0,0
00781-5187-01_RXNAVIMAGE10_34239A1C_2.jpg,OVAL,BLUE,7,OVAL_BLUE,123,0,1,0,0,0,0,0,0,0,0,0,0
00904-7809-60_RXNAVIMAGE10_D9346C83_1.jpg,ROUND,WHITE,10,ROUND_WHITE,174,0,0,0,0,0,0,0,0,0,0,1,0
00904-7809-60_RXNAVIMAGE10_D9346C83_2.jpg,ROUND,WHITE,10,ROUND_WHITE,174,0,0,0,0,0,0,0,0,0,0,1,0
00074-6214-13_RXNAVIMAGE10_831341FA_1.jpg,OVAL,ORANGE,7,OVAL_ORANGE,130,0,0,0,0,0,1,0,0,0,0,0,0
00074-6214-13_RXNAVIMAGE10_831341FA_2.jpg,OVAL,ORANGE,7,OVAL_ORANGE,130,0,0,0,0,0,1,0,0,0,0,0,0
00093-3098-29_RXNAVIMAGE10_D6436B3B_1.jpg,ROUND,ORANGE,10,ROUND_ORANGE,166,0,0,0,0,0,1,0,0,0,0,0,0
00093-3098-29_RXNAVIMAGE10_D6436B3B_2.jpg,ROUND,ORANGE,10,ROUND_ORANGE,166,0,0,0,0,0,1,0,0,0,0,0,0
00071-1016-68_RXNAVIMAGE10_5A15AD7D_1.jpg,CAPSULE,WHITE,1,CAPSULE_WHITE,81,0,0,0,0,0,0,0,0,0,0,1,0
00071-1016-68_RXNAVIMAGE10_5A15AD7D_2.jpg,CAPSULE,WHITE,1,CAPSULE_WHITE,81,0,0,0,0,0,0,0,0,0,0,1,0
00378-0310-01_RXNAVIMAGE10_4121A08D_1.jpg,ROUND,ORANGE,10,ROUND_ORANGE,166,0,0,0,0,0,1,0,0,0,0,0,0
00378-0310-01_RXNAVIMAGE10_4121A08D_2.jpg,ROUND,ORANGE,10,ROUND_ORANGE,166,0,0,0,0,0,1,0,0,0,0,0,0
23155-0228-01_RXNAVIMAGE10_7039B81D_1.jpg,OVAL,WHITE,7,OVAL_WHITE,139,0,0,0,0,0,0,0,0,0,0,1,0
23155-0228-01_RXNAVIMAGE10_7039B81D_2.jpg,OVAL,WHITE,7,OVAL_WHITE,139,0,0,0,0,0,0,0,0,0,0,1,0
68462-0102-30_RXNAVIMAGE10_C53B62DB_1.jpg,TRAPEZOID,PINK,14,TRAPEZOID_PINK,194,0,0,0,0,0,0,1,0,0,0,0,0
68462-0102-30_RXNAVIMAGE10_C53B62DB_2.jpg,TRAPEZOID,PINK,14,TRAPEZOID_PINK,194,0,0,0,0,0,0,1,0,0,0,0,0
51079-0436-20_RXNAVIMAGE10_19350CA8_1.jpg,CAPSULE,WHITE,1,CAPSULE_WHITE,81,0,0,0,0,0,0,0,0,0,0,1,0
51079-0436-20_RXNAVIMAGE10_19350CA8_2.jpg,CAPSULE,WHITE,1,CAPSULE_WHITE,81,0,0,0,0,0,0,0,0,0,0,1,0
00603-5803-25_RXNAVIMAGE10_550EAA85_1.jpg,OVAL,YELLOW,7,OVAL_YELLOW,145,0,0,0,0,0,0,0,0,0,0,0,1
00603-5803-25_RXNAVIMAGE10_550EAA85_2.jpg,OVAL,YELLOW,7,OVAL_YELLOW,145,0,0,0,0,0,0,0,0,0,0,0,1
00228-2851-11_RXNAVIMAGE10_113E08A0_1.jpg,OVAL,ORANGE,7,OVAL_ORANGE,130,0,0,0,0,0,1,0,0,0,0,0,0
00228-2851-11_RXNAVIMAGE10_113E08A0_2.jpg,OVAL,ORANGE,7,OVAL_ORANGE,130,0,0,0,0,0,1,0,0,0,0,0,0
00093-5964-01_RXNAVIMAGE10_D743EBAF_1.jpg,OVAL,WHITE,7,OVAL_WHITE,139,0,0,0,0,0,0,0,0,0,0,1,0
00093-5964-01_RXNAVIMAGE10_D743EBAF_2.jpg,OVAL,WHITE,7,OVAL_WHITE,139,0,0,0,0,0,0,0,0,0,0,1,0
31722-0726-30_RXNAVIMAGE10_2D4E96D4_1.jpg,SQUARE,BROWN,12,SQUARE_BROWN,182,0,0,1,0,0,0,0,0,0,0,0,0
31722-0726-30_RXNAVIMAGE10_2D4E96D4_2.jpg,SQUARE,BROWN,12,SQUARE_BROWN,182,0,0,1,0,0,0,0,0,0,0,0,0
51991-0703-90_RXNAVIMAGE10_F11FF8FF_1.jpg,CAPSULE,"ORANGE, GRAY",1,"CAPSULE_ORANGE, GRAY",47,0,0,0,1,0,1,0,0,0,0,0,0
51991-0703-90_RXNAVIMAGE10_F11FF8FF_2.jpg,CAPSULE,"ORANGE, GRAY",1,"CAPSULE_ORANGE, GRAY",47,0,0,0,1,0,1,0,0,0,0,0,0
00884-0773-04_RXNAVIMAGE10_A715D3BE_1.jpg,OVAL,WHITE,7,OVAL_WHITE,139,0,0,0,0,0,0,0,0,0,0,1,0
00884-0773-04_RXNAVIMAGE10_A715D3BE_2.jpg,OVAL,WHITE,7,OVAL_WHITE,139,0,0,0,0,0,0,0,0,0,0,1,0
16714-0612-06_RXNAVIMAGE10_864E4352_1.jpg,OVAL,BLUE,7,OVAL_BLUE,123,0,1,0,0,0,0,0,0,0,0,0,0
16714-0612-06_RXNAVIMAGE10_864E4352_2.jpg,OVAL,BLUE,7,OVAL_BLUE,123,0,1,0,0,0,0,0,0,0,0,0,0
00603-5683-20_RXNAVIMAGE10_090E84D4_1.jpg,OVAL,YELLOW,7,OVAL_YELLOW,145,0,0,0,0,0,0,0,0,0,0,0,1
00603-5683-20_RXNAVIMAGE10_090E84D4_2.jpg,OVAL,YELLOW,7,OVAL_YELLOW,145,0,0,0,0,0,0,0,0,0,0,0,1
47781-0275-09_RXNAVIMAGE10_7D083E81_1.jpg,OVAL,YELLOW,7,OVAL_YELLOW,145,0,0,0,0,0,0,0,0,0,0,0,1
47781-0275-09_RXNAVIMAGE10_7D083E81_2.jpg,OVAL,YELLOW,7,OVAL_YELLOW,145,0,0,0,0,0,0,0,0,0,0,0,1
00093-2274-34_RXNAVIMAGE10_022D814C_1.jpg,OVAL,WHITE,7,OVAL_WHITE,139,0,0,0,0,0,0,0,0,0,0,1,0
00093-2274-34_RXNAVIMAGE10_022D814C_2.jpg,OVAL,WHITE,7,OVAL_WHITE,139,0,0,0,0,0,0,0,0,0,0,1,0
52544-0959-28_RXNAVIMAGE10_D73AEBC7_1.jpg,ROUND,GREEN,10,ROUND_GREEN,164,0,0,0,0,1,0,0,0,0,0,0,0
52544-0959-28_RXNAVIMAGE10_D73AEBC7_2.jpg,ROUND,GREEN,10,ROUND_GREEN,164,0,0,0,0,1,0,0,0,0,0,0,0
00186-5020-31_RXNAVIMAGE10_C71B63CB_1.jpg,CAPSULE,PURPLE,1,CAPSULE_PURPLE,61,0,0,0,0,0,0,0,1,0,0,0,0
00186-5020-31_RXNAVIMAGE10_C71B63CB_2.jpg,CAPSULE,PURPLE,1,CAPSULE_PURPLE,61,0,0,0,0,0,0,0,1,0,0,0,0
63304-0165-30_RXNAVIMAGE10_B633DB0E_1.jpg,OVAL,WHITE,7,OVAL_WHITE,139,0,0,0,0,0,0,0,0,0,0,1,0
63304-0165-30_RXNAVIMAGE10_B633DB0E_2.jpg,OVAL,WHITE,7,OVAL_WHITE,139,0,0,0,0,0,0,0,0,0,0,1,0
65162-0442-10_RXNAVIMAGE10_7350B9C5_1.jpg,OVAL,YELLOW,7,OVAL_YELLOW,145,0,0,0,0,0,0,0,0,0,0,0,1
65162-0442-10_RXNAVIMAGE10_7350B9C5_2.jpg,OVAL,YELLOW,7,OVAL_YELLOW,145,0,0,0,0,0,0,0,0,0,0,0,1
29300-0113-05_RXNAVIMAGE10_B4465A52_1.jpg,TRIANGLE,WHITE,15,TRIANGLE_WHITE,202,0,0,0,0,0,0,0,0,0,0,1,0
29300-0113-05_RXNAVIMAGE10_B4465A52_2.jpg,TRIANGLE,WHITE,15,TRIANGLE_WHITE,202,0,0,0,0,0,0,0,0,0,0,1,0
50844-0375-02_RXNAVIMAGE10_9F35CFAE_1.jpg,OVAL,GREEN,7,OVAL_GREEN,129,0,0,0,0,1,0,0,0,0,0,0,0
50844-0375-02_RXNAVIMAGE10_9F35CFAE_2.jpg,OVAL,GREEN,7,OVAL_GREEN,129,0,0,0,0,1,0,0,0,0,0,0,0
00093-2270-34_RXNAVIMAGE10_E12D70FB_1.jpg,OVAL,PINK,7,OVAL_PINK,133,0,0,0,0,0,0,1,0,0,0,0,0
00093-2270-34_RXNAVIMAGE10_E12D70FB_2.jpg,OVAL,PINK,7,OVAL_PINK,133,0,0,0,0,0,0,1,0,0,0,0,0
00574-0181-90_RXNAVIMAGE10_B6505B12_1.jpg,CAPSULE,WHITE,1,CAPSULE_WHITE,81,0,0,0,0,0,0,0,0,0,0,1,0
00574-0181-90_RXNAVIMAGE10_B6505B12_2.jpg,CAPSULE,WHITE,1,CAPSULE_WHITE,81,0,0,0,0,0,0,0,0,0,0,1,0
31722-0700-90_RXNAVIMAGE10_174E0BA0_1.jpg,OVAL,WHITE,7,OVAL_WHITE,139,0,0,0,0,0,0,0,0,0,0,1,0
31722-0700-90_RXNAVIMAGE10_174E0BA0_2.jpg,OVAL,WHITE,7,OVAL_WHITE,139,0,0,0,0,0,0,0,0,0,0,1,0
00378-2146-01_RXNAVIMAGE10_5832AC65_1.jpg,ROUND,WHITE,10,ROUND_WHITE,174,0,0,0,0,0,0,0,0,0,0,1,0
00378-2146-01_RXNAVIMAGE10_5832AC65_2.jpg,ROUND,WHITE,10,ROUND_WHITE,174,0,0,0,0,0,0,0,0,0,0,1,0
00093-9774-01_RXNAVIMAGE10_F922FC97_1.jpg,OVAL,WHITE,7,OVAL_WHITE,139,0,0,0,0,0,0,0,0,0,0,1,0
00093-9774-01_RXNAVIMAGE10_F922FC97_2.jpg,OVAL,WHITE,7,OVAL_WHITE,139,0,0,0,0,0,0,0,0,0,0,1,0
00173-0178-55_RXNAVIMAGE10_AF18D7A6_1.jpg,ROUND,RED,10,ROUND_RED,172,0,0,0,0,0,0,0,0,1,0,0,0
00173-0178-55_RXNAVIMAGE10_AF18D7A6_2.jpg,ROUND,RED,10,ROUND_RED,172,0,0,0,0,0,0,0,0,1,0,0,0
00591-2319-19_RXNAVIMAGE10_9950CC86_1.jpg,OVAL,YELLOW,7,OVAL_YELLOW,145,0,0,0,0,0,0,0,0,0,0,0,1
00591-2319-19_RXNAVIMAGE10_9950CC86_2.jpg,OVAL,YELLOW,7,OVAL_YELLOW,145,0,0,0,0,0,0,0,0,0,0,0,1
31722-0268-90_RXNAVIMAGE10_C447622B_1.jpg,ROUND,BROWN,10,ROUND_BROWN,162,0,0,1,0,0,0,0,0,0,0,0,0
31722-0268-90_RXNAVIMAGE10_C447622B_2.jpg,ROUND,BROWN,10,ROUND_BROWN,162,0,0,1,0,0,0,0,0,0,0,0,0
00603-7608-01_RXNAVIMAGE10_594A2C81_1.jpg,ROUND,GREEN,10,ROUND_GREEN,164,0,0,0,0,1,0,0,0,0,0,0,0
00603-7608-01_RXNAVIMAGE10_594A2C81_2.jpg,ROUND,GREEN,10,ROUND_GREEN,164,0,0,0,0,1,0,0,0,0,0,0,0
60793-0859-01_RXNAVIMAGE10_00088024_1.jpg,OVAL,TURQUOISE,7,OVAL_TURQUOISE,138,0,0,0,0,0,0,0,0,0,1,0,0
60793-0859-01_RXNAVIMAGE10_00088024_2.jpg,OVAL,TURQUOISE,7,OVAL_TURQUOISE,138,0,0,0,0,0,0,0,0,0,1,0,0
00093-5506-56_RXNAVIMAGE10_1E270F18_1.jpg,CAPSULE,YELLOW,1,CAPSULE_YELLOW,94,0,0,0,0,0,0,0,0,0,0,0,1
00093-5506-56_RXNAVIMAGE10_1E270F18_2.jpg,CAPSULE,YELLOW,1,CAPSULE_YELLOW,94,0,0,0,0,0,0,0,0,0,0,0,1
63304-0589-30_RXNAVIMAGE10_F53A7A83_1.jpg,OVAL,WHITE,7,OVAL_WHITE,139,0,0,0,0,0,0,0,0,0,0,1,0
63304-0589-30_RXNAVIMAGE10_F53A7A83_2.jpg,OVAL,WHITE,7,OVAL_WHITE,139,0,0,0,0,0,0,0,0,0,0,1,0
13925-0504-30_RXNAVIMAGE10_E64FF36F_1.jpg,ROUND,WHITE,10,ROUND_WHITE,174,0,0,0,0,0,0,0,0,0,0,1,0
13925-0504-30_RXNAVIMAGE10_E64FF36F_2.jpg,ROUND,WHITE,10,ROUND_WHITE,174,0,0,0,0,0,0,0,0,0,0,1,0
68462-0126-05_RXNAVIMAGE10_2807947C_1.jpg,OVAL,WHITE,7,OVAL_WHITE,139,0,0,0,0,0,0,0,0,0,0,1,0
68462-0126-05_RXNAVIMAGE10_2807947C_2.jpg,OVAL,WHITE,7,OVAL_WHITE,139,0,0,0,0,0,0,0,0,0,0,1,0
50419-0115-06_RXNAVIMAGE10_56192B19_1.jpg,OVAL,WHITE,7,OVAL_WHITE,139,0,0,0,0,0,0,0,0,0,0,1,0
50419-0115-06_RXNAVIMAGE10_56192B19_2.jpg,OVAL,WHITE,7,OVAL_WHITE,139,0,0,0,0,0,0,0,0,0,0,1,0
00597-0044-37_RXNAVIMAGE10_D116E8D7_1.jpg,OVAL,"WHITE, ORANGE",7,"OVAL_WHITE, ORANGE",142,0,0,0,0,0,1,0,0,0,0,1,0
00597-0044-37_RXNAVIMAGE10_D116E8D7_2.jpg,OVAL,"WHITE, ORANGE",7,"OVAL_WHITE, ORANGE",142,0,0,0,0,0,1,0,0,0,0,1,0
00093-7387-56_RXNAVIMAGE10_70383871_1.jpg,OVAL,PINK,7,OVAL_PINK,133,0,0,0,0,0,0,1,0,0,0,0,0
00093-7387-56_RXNAVIMAGE10_70383871_2.jpg,OVAL,PINK,7,OVAL_PINK,133,0,0,0,0,0,0,1,0,0,0,0,0
51285-0047-02_RXNAVIMAGE10_6438B255_1.jpg,ROUND,YELLOW,10,ROUND_YELLOW,178,0,0,0,0,0,0,0,0,0,0,0,1
51285-0047-02_RXNAVIMAGE10_6438B255_2.jpg,ROUND,YELLOW,10,ROUND_YELLOW,178,0,0,0,0,0,0,0,0,0,0,0,1
64679-0907-04_RXNAVIMAGE10_16330B78_1.jpg,OVAL,WHITE,7,OVAL_WHITE,139,0,0,0,0,0,0,0,0,0,0,1,0
64679-0907-04_RXNAVIMAGE10_16330B78_2.jpg,OVAL,WHITE,7,OVAL_WHITE,139,0,0,0,0,0,0,0,0,0,0,1,0
27437-0201-08_RXNAVIMAGE10_B51D5AAA_1.jpg,OVAL,WHITE,7,OVAL_WHITE,139,0,0,0,0,0,0,0,0,0,0,1,0
27437-0201-08_RXNAVIMAGE10_B51D5AAA_2.jpg,OVAL,WHITE,7,OVAL_WHITE,139,0,0,0,0,0,0,0,0,0,0,1,0
00115-4233-01_RXNAVIMAGE10_923E4952_1.jpg,ROUND,GREEN,10,ROUND_GREEN,164,0,0,0,0,1,0,0,0,0,0,0,0
00115-4233-01_RXNAVIMAGE10_923E4952_2.jpg,ROUND,GREEN,10,ROUND_GREEN,164,0,0,0,0,1,0,0,0,0,0,0,0
65862-0287-01_RXNAVIMAGE10_B7455BBA_1.jpg,OVAL,WHITE,7,OVAL_WHITE,139,0,0,0,0,0,0,0,0,0,0,1,0
65862-0287-01_RXNAVIMAGE10_B7455BBA_2.jpg,OVAL,WHITE,7,OVAL_WHITE,139,0,0,0,0,0,0,0,0,0,0,1,0
00173-0755-00_RXNAVIMAGE10_BC15DE0E_1.jpg,ROUND,"GREEN, WHITE",10,"ROUND_GREEN, WHITE",165,0,0,0,0,1,0,0,0,0,0,1,0
00173-0755-00_RXNAVIMAGE10_BC15DE0E_2.jpg,ROUND,"GREEN, WHITE",10,"ROUND_GREEN, WHITE",165,0,0,0,0,1,0,0,0,0,0,1,0
31722-0532-01_RXNAVIMAGE10_4047A06D_1.jpg,OVAL,WHITE,7,OVAL_WHITE,139,0,0,0,0,0,0,0,0,0,0,1,0
31722-0532-01_RXNAVIMAGE10_4047A06D_2.jpg,OVAL,WHITE,7,OVAL_WHITE,139,0,0,0,0,0,0,0,0,0,0,1,0
68382-0106-01_RXNAVIMAGE10_32489964_1.jpg,CAPSULE,"BLUE, WHITE",1,"CAPSULE_BLUE, WHITE",16,0,1,0,0,0,0,0,0,0,0,1,0
68382-0106-01_RXNAVIMAGE10_32489964_2.jpg,CAPSULE,"BLUE, WHITE",1,"CAPSULE_BLUE, WHITE",16,0,1,0,0,0,0,0,0,0,0,1,0
51285-0063-90_RXNAVIMAGE10_6F2D3799_1.jpg,ROUND,ORANGE,10,ROUND_ORANGE,166,0,0,0,0,0,1,0,0,0,0,0,0
51285-0063-90_RXNAVIMAGE10_6F2D3799_2.jpg,ROUND,ORANGE,10,ROUND_ORANGE,166,0,0,0,0,0,1,0,0,0,0,0,0
62175-0271-37_RXNAVIMAGE10_CD0866A3_1.jpg,ROUND,WHITE,10,ROUND_WHITE,174,0,0,0,0,0,0,0,0,0,0,1,0
62175-0271-37_RXNAVIMAGE10_CD0866A3_2.jpg,ROUND,WHITE,10,ROUND_WHITE,174,0,0,0,0,0,0,0,0,0,0,1,0
16729-0147-17_RXNAVIMAGE10_D14768EB_1.jpg,ROUND,YELLOW,10,ROUND_YELLOW,178,0,0,0,0,0,0,0,0,0,0,0,1
16729-0147-17_RXNAVIMAGE10_D14768EB_2.jpg,ROUND,YELLOW,10,ROUND_YELLOW,178,0,0,0,0,0,0,0,0,0,0,0,1
51285-0120-58_RXNAVIMAGE10_6843B45D_1.jpg,ROUND,GREEN,10,ROUND_GREEN,164,0,0,0,0,1,0,0,0,0,0,0,0
51285-0120-58_RXNAVIMAGE10_6843B45D_2.jpg,ROUND,GREEN,10,ROUND_GREEN,164,0,0,0,0,1,0,0,0,0,0,0,0
31722-0267-90_RXNAVIMAGE10_EA507553_1.jpg,ROUND,BROWN,10,ROUND_BROWN,162,0,0,1,0,0,0,0,0,0,0,0,0
31722-0267-90_RXNAVIMAGE10_EA507553_2.jpg,ROUND,BROWN,10,ROUND_BROWN,162,0,0,1,0,0,0,0,0,0,0,0,0
68382-0136-10_RXNAVIMAGE10_2B0895B4_1.jpg,OVAL,WHITE,7,OVAL_WHITE,139,0,0,0,0,0,0,0,0,0,0,1,0
68382-0136-10_RXNAVIMAGE10_2B0895B4_2.jpg,OVAL,WHITE,7,OVAL_WHITE,139,0,0,0,0,0,0,0,0,0,0,1,0
00781-2785-31_RXNAVIMAGE10_7551BADD_1.jpg,CAPSULE,BROWN,1,CAPSULE_BROWN,18,0,0,1,0,0,0,0,0,0,0,0,0
00781-2785-31_RXNAVIMAGE10_7551BADD_2.jpg,CAPSULE,BROWN,1,CAPSULE_BROWN,18,0,0,1,0,0,0,0,0,0,0,0,0
00378-0214-01_RXNAVIMAGE10_7A07BD5D_1.jpg,ROUND,ORANGE,10,ROUND_ORANGE,166,0,0,0,0,0,1,0,0,0,0,0,0
00378-0214-01_RXNAVIMAGE10_7A07BD5D_2.jpg,ROUND,ORANGE,10,ROUND_ORANGE,166,0,0,0,0,0,1,0,0,0,0,0,0
51248-0151-03_RXNAVIMAGE10_5A1DAD5D_1.jpg,ROUND,WHITE,10,ROUND_WHITE,174,0,0,0,0,0,0,0,0,0,0,1,0
51248-0151-03_RXNAVIMAGE10_5A1DAD5D_2.jpg,ROUND,WHITE,10,ROUND_WHITE,174,0,0,0,0,0,0,0,0,0,0,1,0
59762-5020-01_RXNAVIMAGE10_8D33C6FE_1.jpg,TRIANGLE,BROWN,15,TRIANGLE_BROWN,197,0,0,1,0,0,0,0,0,0,0,0,0
59762-5020-01_RXNAVIMAGE10_8D33C6FE_2.jpg,TRIANGLE,BROWN,15,TRIANGLE_BROWN,197,0,0,1,0,0,0,0,0,0,0,0,0
29300-0124-10_RXNAVIMAGE10_E845F45F_1.jpg,ROUND,YELLOW,10,ROUND_YELLOW,178,0,0,0,0,0,0,0,0,0,0,0,1
29300-0124-10_RXNAVIMAGE10_E845F45F_2.jpg,ROUND,YELLOW,10,ROUND_YELLOW,178,0,0,0,0,0,0,0,0,0,0,0,1
00185-0205-01_RXNAVIMAGE10_F950FCE7_1.jpg,ROUND,WHITE,10,ROUND_WHITE,174,0,0,0,0,0,0,0,0,0,0,1,0
00185-0205-01_RXNAVIMAGE10_F950FCE7_2.jpg,ROUND,WHITE,10,ROUND_WHITE,174,0,0,0,0,0,0,0,0,0,0,1,0
00093-3196-53_RXNAVIMAGE10_C52DE2FF_1.jpg,CAPSULE,"RED, WHITE",1,"CAPSULE_RED, WHITE",74,0,0,0,0,0,0,0,0,1,0,1,0
00093-3196-53_RXNAVIMAGE10_C52DE2FF_2.jpg,CAPSULE,"RED, WHITE",1,"CAPSULE_RED, WHITE",74,0,0,0,0,0,0,0,0,1,0,1,0
60505-0146-00_RXNAVIMAGE10_46292339_1.jpg,CAPSULE,"PINK, PINK",1,"CAPSULE_PINK, PINK",57,0,0,0,0,0,0,1,0,0,0,0,0
60505-0146-00_RXNAVIMAGE10_46292339_2.jpg,CAPSULE,"PINK, PINK",1,"CAPSULE_PINK, PINK",57,0,0,0,0,0,0,1,0,0,0,0,0
50111-0852-01_RXNAVIMAGE10_7B303DB1_1.jpg,OVAL,WHITE,7,OVAL_WHITE,139,0,0,0,0,0,0,0,0,0,0,1,0
50111-0852-01_RXNAVIMAGE10_7B303DB1_2.jpg,OVAL,WHITE,7,OVAL_WHITE,139,0,0,0,0,0,0,0,0,0,0,1,0
00555-9032-70_RXNAVIMAGE10_5F2FAFCD_1.jpg,ROUND,BROWN,10,ROUND_BROWN,162,0,0,1,0,0,0,0,0,0,0,0,0
00555-9032-70_RXNAVIMAGE10_5F2FAFCD_2.jpg,ROUND,BROWN,10,ROUND_BROWN,162,0,0,1,0,0,0,0,0,0,0,0,0
65162-0753-10_RXNAVIMAGE10_7A3A3D61_1.jpg,ROUND,WHITE,10,ROUND_WHITE,174,0,0,0,0,0,0,0,0,0,0,1,0
65162-0753-10_RXNAVIMAGE10_7A3A3D61_2.jpg,ROUND,WHITE,10,ROUND_WHITE,174,0,0,0,0,0,0,0,0,0,0,1,0
51079-0812-20_RXNAVIMAGE10_8332C1C6_1.jpg,ROUND,YELLOW,10,ROUND_YELLOW,178,0,0,0,0,0,0,0,0,0,0,0,1
51079-0812-20_RXNAVIMAGE10_8332C1C6_2.jpg,ROUND,YELLOW,10,ROUND_YELLOW,178,0,0,0,0,0,0,0,0,0,0,0,1
16714-0501-02_RXNAVIMAGE10_7E4E3F31_1.jpg,ROUND,PINK,10,ROUND_PINK,168,0,0,0,0,0,0,1,0,0,0,0,0
16714-0501-02_RXNAVIMAGE10_7E4E3F31_2.jpg,ROUND,PINK,10,ROUND_PINK,168,0,0,0,0,0,0,1,0,0,0,0,0
29300-0114-05_RXNAVIMAGE10_553E2A91_1.jpg,TRIANGLE,BLUE,15,TRIANGLE_BLUE,196,0,1,0,0,0,0,0,0,0,0,0,0
29300-0114-05_RXNAVIMAGE10_553E2A91_2.jpg,TRIANGLE,BLUE,15,TRIANGLE_BLUE,196,0,1,0,0,0,0,0,0,0,0,0,0
68180-0114-16_RXNAVIMAGE10_35081AE0_1.jpg,OVAL,ORANGE,7,OVAL_ORANGE,130,0,0,0,0,0,1,0,0,0,0,0,0
68180-0114-16_RXNAVIMAGE10_35081AE0_2.jpg,OVAL,ORANGE,7,OVAL_ORANGE,130,0,0,0,0,0,1,0,0,0,0,0,0
29300-0138-01_RXNAVIMAGE10_4B4025B1_1.jpg,OVAL,ORANGE,7,OVAL_ORANGE,130,0,0,0,0,0,1,0,0,0,0,0,0
29300-0138-01_RXNAVIMAGE10_4B4025B1_2.jpg,OVAL,ORANGE,7,OVAL_ORANGE,130,0,0,0,0,0,1,0,0,0,0,0,0
00008-0606-01_RXNAVIMAGE10_BF085FE2_1.jpg,OVAL,YELLOW,7,OVAL_YELLOW,145,0,0,0,0,0,0,0,0,0,0,0,1
00008-0606-01_RXNAVIMAGE10_BF085FE2_2.jpg,OVAL,YELLOW,7,OVAL_YELLOW,145,0,0,0,0,0,0,0,0,0,0,0,1
00093-4069-01_RXNAVIMAGE10_E126F0B7_1.jpg,CAPSULE,BLUE,1,CAPSULE_BLUE,7,0,1,0,0,0,0,0,0,0,0,0,0
00093-4069-01_RXNAVIMAGE10_E126F0B7_2.jpg,CAPSULE,BLUE,1,CAPSULE_BLUE,7,0,1,0,0,0,0,0,0,0,0,0,0
45802-0315-75_RXNAVIMAGE10_243B921C_1.jpg,OVAL,WHITE,7,OVAL_WHITE,139,0,0,0,0,0,0,0,0,0,0,1,0
45802-0315-75_RXNAVIMAGE10_243B921C_2.jpg,OVAL,WHITE,7,OVAL_WHITE,139,0,0,0,0,0,0,0,0,0,0,1,0
64679-0946-01_RXNAVIMAGE10_092004F0_1.jpg,CAPSULE,"WHITE, GRAY",1,"CAPSULE_WHITE, GRAY",85,0,0,0,1,0,0,0,0,0,0,1,0
64679-0946-01_RXNAVIMAGE10_092004F0_2.jpg,CAPSULE,"WHITE, GRAY",1,"CAPSULE_WHITE, GRAY",85,0,0,0,1,0,0,0,0,0,0,1,0
50111-0397-01_RXNAVIMAGE10_30269804_1.jpg,ROUND,ORANGE,10,ROUND_ORANGE,166,0,0,0,0,0,1,0,0,0,0,0,0
50111-0397-01_RXNAVIMAGE10_30269804_2.jpg,ROUND,ORANGE,10,ROUND_ORANGE,166,0,0,0,0,0,1,0,0,0,0,0,0
00093-7296-01_RXNAVIMAGE10_F727FBEF_1.jpg,OVAL,WHITE,7,OVAL_WHITE,139,0,0,0,0,0,0,0,0,0,0,1,0
00093-7296-01_RXNAVIMAGE10_F727FBEF_2.jpg,OVAL,WHITE,7,OVAL_WHITE,139,0,0,0,0,0,0,0,0,0,0,1,0
00378-6380-01_RXNAVIMAGE10_F44CFA17_1.jpg,CAPSULE,"TURQUOISE, GREEN",1,"CAPSULE_TURQUOISE, GREEN",78,0,0,0,0,1,0,0,0,0,1,0,0
00378-6380-01_RXNAVIMAGE10_F44CFA17_2.jpg,CAPSULE,"TURQUOISE, GREEN",1,"CAPSULE_TURQUOISE, GREEN",78,0,0,0,0,1,0,0,0,0,1,0,0
33342-0035-10_RXNAVIMAGE10_BF45DFBE_1.jpg,ROUND,WHITE,10,ROUND_WHITE,174,0,0,0,0,0,0,0,0,0,0,1,0
33342-0035-10_RXNAVIMAGE10_BF45DFBE_2.jpg,ROUND,WHITE,10,ROUND_WHITE,174,0,0,0,0,0,0,0,0,0,0,1,0
23155-0246-01_RXNAVIMAGE10_093D04C8_1.jpg,DOUBLE CIRCLE,ORANGE,3,DOUBLE CIRCLE_ORANGE,112,0,0,0,0,0,1,0,0,0,0,0,0
23155-0246-01_RXNAVIMAGE10_093D04C8_2.jpg,DOUBLE CIRCLE,ORANGE,3,DOUBLE CIRCLE_ORANGE,112,0,0,0,0,0,1,0,0,0,0,0,0
00054-0018-29_RXNAVIMAGE10_A841544A_1.jpg,ROUND,WHITE,10,ROUND_WHITE,174,0,0,0,0,0,0,0,0,0,0,1,0
00054-0018-29_RXNAVIMAGE10_A841544A_2.jpg,ROUND,WHITE,10,ROUND_WHITE,174,0,0,0,0,0,0,0,0,0,0,1,0
00172-3760-60_RXNAVIMAGE10_C22D610B_1.jpg,PENTAGON,WHITE,8,PENTAGON_WHITE,153,0,0,0,0,0,0,0,0,0,0,1,0
00172-3760-60_RXNAVIMAGE10_C22D610B_2.jpg,PENTAGON,WHITE,8,PENTAGON_WHITE,153,0,0,0,0,0,0,0,0,0,0,1,0
55111-0180-15_RXNAVIMAGE10_D31D69AB_1.jpg,OVAL,WHITE,7,OVAL_WHITE,139,0,0,0,0,0,0,0,0,0,0,1,0
55111-0180-15_RXNAVIMAGE10_D31D69AB_2.jpg,OVAL,WHITE,7,OVAL_WHITE,139,0,0,0,0,0,0,0,0,0,0,1,0
00904-1057-61_RXNAVIMAGE10_293294F4_1.jpg,ROUND,WHITE,10,ROUND_WHITE,174,0,0,0,0,0,0,0,0,0,0,1,0
00904-1057-61_RXNAVIMAGE10_293294F4_2.jpg,ROUND,WHITE,10,ROUND_WHITE,174,0,0,0,0,0,0,0,0,0,0,1,0
59746-0113-06_RXNAVIMAGE10_BB475DAA_1.jpg,ROUND,YELLOW,10,ROUND_YELLOW,178,0,0,0,0,0,0,0,0,0,0,0,1
59746-0113-06_RXNAVIMAGE10_BB475DAA_2.jpg,ROUND,YELLOW,10,ROUND_YELLOW,178,0,0,0,0,0,0,0,0,0,0,0,1
00054-8740-25_RXNAVIMAGE10_08328414_1.jpg,ROUND,WHITE,10,ROUND_WHITE,174,0,0,0,0,0,0,0,0,0,0,1,0
00054-8740-25_RXNAVIMAGE10_08328414_2.jpg,ROUND,WHITE,10,ROUND_WHITE,174,0,0,0,0,0,0,0,0,0,0,1,0
00527-1383-01_RXNAVIMAGE10_904D487A_1.jpg,CAPSULE,TURQUOISE,1,CAPSULE_TURQUOISE,76,0,0,0,0,0,0,0,0,0,1,0,0
00527-1383-01_RXNAVIMAGE10_904D487A_2.jpg,CAPSULE,TURQUOISE,1,CAPSULE_TURQUOISE,76,0,0,0,0,0,0,0,0,0,1,0,0
53489-0177-01_RXNAVIMAGE10_DB03EDDF_1.jpg,ROUND,WHITE,10,ROUND_WHITE,174,0,0,0,0,0,0,0,0,0,0,1,0
53489-0177-01_RXNAVIMAGE10_DB03EDDF_2.jpg,ROUND,WHITE,10,ROUND_WHITE,174,0,0,0,0,0,0,0,0,0,0,1,0
61958-0701-01_RXNAVIMAGE10_4A1DA54D_1.jpg,OVAL,BLUE,7,OVAL_BLUE,123,0,1,0,0,0,0,0,0,0,0,0,0
61958-0701-01_RXNAVIMAGE10_4A1DA54D_2.jpg,OVAL,BLUE,7,OVAL_BLUE,123,0,1,0,0,0,0,0,0,0,0,0,0
13668-0088-30_RXNAVIMAGE10_BF1C5F92_1.jpg,ROUND,YELLOW,10,ROUND_YELLOW,178,0,0,0,0,0,0,0,0,0,0,0,1
13668-0088-30_RXNAVIMAGE10_BF1C5F92_2.jpg,ROUND,YELLOW,10,ROUND_YELLOW,178,0,0,0,0,0,0,0,0,0,0,0,1
00093-5787-56_RXNAVIMAGE10_BA43DD0E_1.jpg,ROUND,PINK,10,ROUND_PINK,168,0,0,0,0,0,0,1,0,0,0,0,0
00093-5787-56_RXNAVIMAGE10_BA43DD0E_2.jpg,ROUND,PINK,10,ROUND_PINK,168,0,0,0,0,0,0,1,0,0,0,0,0
00093-0294-01_RXNAVIMAGE10_D8356C7B_1.jpg,ROUND,BLUE,10,ROUND_BLUE,160,0,1,0,0,0,0,0,0,0,0,0,0
00093-0294-01_RXNAVIMAGE10_D8356C7B_2.jpg,ROUND,BLUE,10,ROUND_BLUE,160,0,1,0,0,0,0,0,0,0,0,0,0
50844-0428-08_RXNAVIMAGE10_D738EBE7_1.jpg,OVAL,RED,7,OVAL_RED,137,0,0,0,0,0,0,0,0,1,0,0,0
50844-0428-08_RXNAVIMAGE10_D738EBE7_2.jpg,OVAL,RED,7,OVAL_RED,137,0,0,0,0,0,0,0,0,1,0,0,0
64679-0937-03_RXNAVIMAGE10_A405D26E_1.jpg,RECTANGLE,WHITE,9,RECTANGLE_WHITE,159,0,0,0,0,0,0,0,0,0,0,1,0
64679-0937-03_RXNAVIMAGE10_A405D26E_2.jpg,RECTANGLE,WHITE,9,RECTANGLE_WHITE,159,0,0,0,0,0,0,0,0,0,0,1,0
55111-0268-30_RXNAVIMAGE10_C422E227_1.jpg,OVAL,BROWN,7,OVAL_BROWN,125,0,0,1,0,0,0,0,0,0,0,0,0
55111-0268-30_RXNAVIMAGE10_C422E227_2.jpg,OVAL,BROWN,7,OVAL_BROWN,125,0,0,1,0,0,0,0,0,0,0,0,0
68180-0223-01_RXNAVIMAGE10_6D3F3689_1.jpg,OVAL,ORANGE,7,OVAL_ORANGE,130,0,0,0,0,0,1,0,0,0,0,0,0
68180-0223-01_RXNAVIMAGE10_6D3F3689_2.jpg,OVAL,ORANGE,7,OVAL_ORANGE,130,0,0,0,0,0,1,0,0,0,0,0,0
57237-0029-01_RXNAVIMAGE10_0451820C_1.jpg,OVAL,PINK,7,OVAL_PINK,133,0,0,0,0,0,0,1,0,0,0,0,0
57237-0029-01_RXNAVIMAGE10_0451820C_2.jpg,OVAL,PINK,7,OVAL_PINK,133,0,0,0,0,0,0,1,0,0,0,0,0
00093-0174-56_RXNAVIMAGE10_96294B5A_1.jpg,ROUND,YELLOW,10,ROUND_YELLOW,178,0,0,0,0,0,0,0,0,0,0,0,1
00093-0174-56_RXNAVIMAGE10_96294B5A_2.jpg,ROUND,YELLOW,10,ROUND_YELLOW,178,0,0,0,0,0,0,0,0,0,0,0,1
51285-0444-02_RXNAVIMAGE10_34359A0C_1.jpg,ROUND,BLUE,10,ROUND_BLUE,160,0,1,0,0,0,0,0,0,0,0,0,0
51285-0444-02_RXNAVIMAGE10_34359A0C_2.jpg,ROUND,BLUE,10,ROUND_BLUE,160,0,1,0,0,0,0,0,0,0,0,0,0
68774-0400-01_RXNAVIMAGE10_D803EC2F_1.jpg,ROUND,GREEN,10,ROUND_GREEN,164,0,0,0,0,1,0,0,0,0,0,0,0
68774-0400-01_RXNAVIMAGE10_D803EC2F_2.jpg,ROUND,GREEN,10,ROUND_GREEN,164,0,0,0,0,1,0,0,0,0,0,0,0
60505-3562-09_RXNAVIMAGE10_A33A51D2_1.jpg,SQUARE,ORANGE,12,SQUARE_ORANGE,183,0,0,0,0,0,1,0,0,0,0,0,0
60505-3562-09_RXNAVIMAGE10_A33A51D2_2.jpg,SQUARE,ORANGE,12,SQUARE_ORANGE,183,0,0,0,0,0,1,0,0,0,0,0,0
00555-0617-62_RXNAVIMAGE10_F40DFA1F_1.jpg,ROUND,WHITE,10,ROUND_WHITE,174,0,0,0,0,0,0,0,0,0,0,1,0
00555-0617-62_RXNAVIMAGE10_F40DFA1F_2.jpg,ROUND,WHITE,10,ROUND_WHITE,174,0,0,0,0,0,0,0,0,0,0,1,0
13668-0132-01_RXNAVIMAGE10_113F0898_1.jpg,ROUND,GREEN,10,ROUND_GREEN,164,0,0,0,0,1,0,0,0,0,0,0,0
13668-0132-01_RXNAVIMAGE10_113F0898_2.jpg,ROUND,GREEN,10,ROUND_GREEN,164,0,0,0,0,1,0,0,0,0,0,0,0
00093-3147-01_RXNAVIMAGE10_24231258_1.jpg,CAPSULE,ORANGE,1,CAPSULE_ORANGE,44,0,0,0,0,0,1,0,0,0,0,0,0
00093-3147-01_RXNAVIMAGE10_24231258_2.jpg,CAPSULE,ORANGE,1,CAPSULE_ORANGE,44,0,0,0,0,0,1,0,0,0,0,0,0
00781-5191-01_RXNAVIMAGE10_CD20E6B7_1.jpg,OVAL,TURQUOISE,7,OVAL_TURQUOISE,138,0,0,0,0,0,0,0,0,0,1,0,0
00781-5191-01_RXNAVIMAGE10_CD20E6B7_2.jpg,OVAL,TURQUOISE,7,OVAL_TURQUOISE,138,0,0,0,0,0,0,0,0,0,1,0,0
00555-0252-02_RXNAVIMAGE10_162B8B5C_1.jpg,ROUND,WHITE,10,ROUND_WHITE,174,0,0,0,0,0,0,0,0,0,0,1,0
00555-0252-02_RXNAVIMAGE10_162B8B5C_2.jpg,ROUND,WHITE,10,ROUND_WHITE,174,0,0,0,0,0,0,0,0,0,0,1,0
60505-0183-00_RXNAVIMAGE10_A2325142_1.jpg,ROUND,WHITE,10,ROUND_WHITE,174,0,0,0,0,0,0,0,0,0,0,1,0
60505-0183-00_RXNAVIMAGE10_A2325142_2.jpg,ROUND,WHITE,10,ROUND_WHITE,174,0,0,0,0,0,0,0,0,0,0,1,0
00555-1021-01_RXNAVIMAGE10_D52B6AEB_1.jpg,CAPSULE,PINK,1,CAPSULE_PINK,52,0,0,0,0,0,0,1,0,0,0,0,0
00555-1021-01_RXNAVIMAGE10_D52B6AEB_2.jpg,CAPSULE,PINK,1,CAPSULE_PINK,52,0,0,0,0,0,0,1,0,0,0,0,0
00025-1525-31_RXNAVIMAGE10_5B39ADFD_1.jpg,CAPSULE,"WHITE, YELLOW",1,"CAPSULE_WHITE, YELLOW",93,0,0,0,0,0,0,0,0,0,0,1,1
00025-1525-31_RXNAVIMAGE10_5B39ADFD_2.jpg,CAPSULE,"WHITE, YELLOW",1,"CAPSULE_WHITE, YELLOW",93,0,0,0,0,0,0,0,0,0,0,1,1
00555-0859-02_RXNAVIMAGE10_512F2899_1.jpg,ROUND,WHITE,10,ROUND_WHITE,174,0,0,0,0,0,0,0,0,0,0,1,0
00555-0859-02_RXNAVIMAGE10_512F2899_2.jpg,ROUND,WHITE,10,ROUND_WHITE,174,0,0,0,0,0,0,0,0,0,0,1,0
00527-1330-10_RXNAVIMAGE10_874443C2_1.jpg,ROUND,WHITE,10,ROUND_WHITE,174,0,0,0,0,0,0,0,0,0,0,1,0
00527-1330-10_RXNAVIMAGE10_874443C2_2.jpg,ROUND,WHITE,10,ROUND_WHITE,174,0,0,0,0,0,0,0,0,0,0,1,0
00078-0568-45_RXNAVIMAGE10_6C443641_1.jpg,ROUND,YELLOW,10,ROUND_YELLOW,178,0,0,0,0,0,0,0,0,0,0,0,1
00078-0568-45_RXNAVIMAGE10_6C443641_2.jpg,ROUND,YELLOW,10,ROUND_YELLOW,178,0,0,0,0,0,0,0,0,0,0,0,1
00093-0109-01_RXNAVIMAGE10_8B1945EA_1.jpg,ROUND,WHITE,10,ROUND_WHITE,174,0,0,0,0,0,0,0,0,0,0,1,0
00093-0109-01_RXNAVIMAGE10_8B1945EA_2.jpg,ROUND,WHITE,10,ROUND_WHITE,174,0,0,0,0,0,0,0,0,0,0,1,0
49884-0405-01_RXNAVIMAGE10_1F330FF8_1.jpg,ROUND,WHITE,10,ROUND_WHITE,174,0,0,0,0,0,0,0,0,0,0,1,0
49884-0405-01_RXNAVIMAGE10_1F330FF8_2.jpg,ROUND,WHITE,10,ROUND_WHITE,174,0,0,0,0,0,0,0,0,0,0,1,0
00149-0752-15_RXNAVIMAGE10_CF12E7C7_1.jpg,OVAL,BROWN,7,OVAL_BROWN,125,0,0,1,0,0,0,0,0,0,0,0,0
00149-0752-15_RXNAVIMAGE10_CF12E7C7_2.jpg,OVAL,BROWN,7,OVAL_BROWN,125,0,0,1,0,0,0,0,0,0,0,0,0
00378-8220-77_RXNAVIMAGE10_55342AB1_1.jpg,RECTANGLE,WHITE,9,RECTANGLE_WHITE,159,0,0,0,0,0,0,0,0,0,0,1,0
00378-8220-77_RXNAVIMAGE10_55342AB1_2.jpg,RECTANGLE,WHITE,9,RECTANGLE_WHITE,159,0,0,0,0,0,0,0,0,0,0,1,0
68382-0052-01_RXNAVIMAGE10_3B129D84_1.jpg,OVAL,PINK,7,OVAL_PINK,133,0,0,0,0,0,0,1,0,0,0,0,0
68382-0052-01_RXNAVIMAGE10_3B129D84_2.jpg,OVAL,PINK,7,OVAL_PINK,133,0,0,0,0,0,0,1,0,0,0,0,0
54092-0476-12_RXNAVIMAGE10_271613A0_1.jpg,OVAL,RED,7,OVAL_RED,137,0,0,0,0,0,0,0,0,1,0,0,0
54092-0476-12_RXNAVIMAGE10_271613A0_2.jpg,OVAL,RED,7,OVAL_RED,137,0,0,0,0,0,0,0,0,1,0,0,0
00074-7068-19_RXNAVIMAGE10_A31D51AA_1.jpg,ROUND,BROWN,10,ROUND_BROWN,162,0,0,1,0,0,0,0,0,0,0,0,0
00074-7068-19_RXNAVIMAGE10_A31D51AA_2.jpg,ROUND,BROWN,10,ROUND_BROWN,162,0,0,1,0,0,0,0,0,0,0,0,0
00469-2601-90_RXNAVIMAGE10_B94E5CA2_1.jpg,OVAL,BROWN,7,OVAL_BROWN,125,0,0,1,0,0,0,0,0,0,0,0,0
00469-2601-90_RXNAVIMAGE10_B94E5CA2_2.jpg,OVAL,BROWN,7,OVAL_BROWN,125,0,0,1,0,0,0,0,0,0,0,0,0
00093-0135-01_RXNAVIMAGE10_D32169FB_1.jpg,OVAL,WHITE,7,OVAL_WHITE,139,0,0,0,0,0,0,0,0,0,0,1,0
00093-0135-01_RXNAVIMAGE10_D32169FB_2.jpg,OVAL,WHITE,7,OVAL_WHITE,139,0,0,0,0,0,0,0,0,0,0,1,0
00185-0613-01_RXNAVIMAGE10_F634FB07_1.jpg,CAPSULE,"GREEN, GREEN",1,"CAPSULE_GREEN, GREEN",37,0,0,0,0,1,0,0,0,0,0,0,0
00185-0613-01_RXNAVIMAGE10_F634FB07_2.jpg,CAPSULE,"GREEN, GREEN",1,"CAPSULE_GREEN, GREEN",37,0,0,0,0,1,0,0,0,0,0,0,0
57664-0396-88_RXNAVIMAGE10_CF4D679B_1.jpg,PENTAGON,PINK,8,PENTAGON_PINK,150,0,0,0,0,0,0,1,0,0,0,0,0
57664-0396-88_RXNAVIMAGE10_CF4D679B_2.jpg,PENTAGON,PINK,8,PENTAGON_PINK,150,0,0,0,0,0,0,1,0,0,0,0,0
52544-0249-41_RXNAVIMAGE10_AC4AD666_1.jpg,ROUND,WHITE,10,ROUND_WHITE,174,0,0,0,0,0,0,0,0,0,0,1,0
52544-0249-41_RXNAVIMAGE10_AC4AD666_2.jpg,ROUND,WHITE,10,ROUND_WHITE,174,0,0,0,0,0,0,0,0,0,0,1,0
51672-4035-01_RXNAVIMAGE10_DA266D43_1.jpg,OVAL,WHITE,7,OVAL_WHITE,139,0,0,0,0,0,0,0,0,0,0,1,0
51672-4035-01_RXNAVIMAGE10_DA266D43_2.jpg,OVAL,WHITE,7,OVAL_WHITE,139,0,0,0,0,0,0,0,0,0,0,1,0
59148-0006-13_RXNAVIMAGE10_97154BCA_1.jpg,RECTANGLE,GREEN,9,RECTANGLE_GREEN,157,0,0,0,0,1,0,0,0,0,0,0,0
59148-0006-13_RXNAVIMAGE10_97154BCA_2.jpg,RECTANGLE,GREEN,9,RECTANGLE_GREEN,157,0,0,0,0,1,0,0,0,0,0,0,0
33342-0094-07_RXNAVIMAGE10_964ACB56_1.jpg,ROUND,WHITE,10,ROUND_WHITE,174,0,0,0,0,0,0,0,0,0,0,1,0
33342-0094-07_RXNAVIMAGE10_964ACB56_2.jpg,ROUND,WHITE,10,ROUND_WHITE,174,0,0,0,0,0,0,0,0,0,0,1,0
50458-0579-30_RXNAVIMAGE10_8F1DC7FE_1.jpg,TRIANGLE,RED,15,TRIANGLE_RED,201,0,0,0,0,0,0,0,0,1,0,0,0
50458-0579-30_RXNAVIMAGE10_8F1DC7FE_2.jpg,TRIANGLE,RED,15,TRIANGLE_RED,201,0,0,0,0,0,0,0,0,1,0,0,0
68462-0361-01_RXNAVIMAGE10_D222E917_1.jpg,ROUND,WHITE,10,ROUND_WHITE,174,0,0,0,0,0,0,0,0,0,0,1,0
68462-0361-01_RXNAVIMAGE10_D222E917_2.jpg,ROUND,WHITE,10,ROUND_WHITE,174,0,0,0,0,0,0,0,0,0,0,1,0
00555-0954-02_RXNAVIMAGE10_CD41E6BF_1.jpg,CAPSULE,BROWN,1,CAPSULE_BROWN,18,0,0,1,0,0,0,0,0,0,0,0,0
00555-0954-02_RXNAVIMAGE10_CD41E6BF_2.jpg,CAPSULE,BROWN,1,CAPSULE_BROWN,18,0,0,1,0,0,0,0,0,0,0,0,0
63304-0845-01_RXNAVIMAGE10_FB08FD97_1.jpg,OVAL,WHITE,7,OVAL_WHITE,139,0,0,0,0,0,0,0,0,0,0,1,0
63304-0845-01_RXNAVIMAGE10_FB08FD97_2.jpg,OVAL,WHITE,7,OVAL_WHITE,139,0,0,0,0,0,0,0,0,0,0,1,0
00591-0345-01_RXNAVIMAGE10_3F4F1FB8_1.jpg,ROUND,WHITE,10,ROUND_WHITE,174,0,0,0,0,0,0,0,0,0,0,1,0
00591-0345-01_RXNAVIMAGE10_3F4F1FB8_2.jpg,ROUND,WHITE,10,ROUND_WHITE,174,0,0,0,0,0,0,0,0,0,0,1,0
00591-3776-19_RXNAVIMAGE10_511B28B9_1.jpg,OVAL,WHITE,7,OVAL_WHITE,139,0,0,0,0,0,0,0,0,0,0,1,0
00591-3776-19_RXNAVIMAGE10_511B28B9_2.jpg,OVAL,WHITE,7,OVAL_WHITE,139,0,0,0,0,0,0,0,0,0,0,1,0
00093-7207-56_RXNAVIMAGE10_E62FF37F_1.jpg,ROUND,RED,10,ROUND_RED,172,0,0,0,0,0,0,0,0,1,0,0,0
00093-7207-56_RXNAVIMAGE10_E62FF37F_2.jpg,ROUND,RED,10,ROUND_RED,172,0,0,0,0,0,0,0,0,1,0,0,0
00115-4222-01_RXNAVIMAGE10_ED45F6CF_1.jpg,ROUND,ORANGE,10,ROUND_ORANGE,166,0,0,0,0,0,1,0,0,0,0,0,0
00115-4222-01_RXNAVIMAGE10_ED45F6CF_2.jpg,ROUND,ORANGE,10,ROUND_ORANGE,166,0,0,0,0,0,1,0,0,0,0,0,0
00093-5260-18_RXNAVIMAGE10_10440850_1.jpg,ROUND,WHITE,10,ROUND_WHITE,174,0,0,0,0,0,0,0,0,0,0,1,0
00093-5260-18_RXNAVIMAGE10_10440850_2.jpg,ROUND,WHITE,10,ROUND_WHITE,174,0,0,0,0,0,0,0,0,0,0,1,0
00173-0790-01_RXNAVIMAGE10_D7196BFB_1.jpg,CAPSULE,"GRAY, WHITE",1,"CAPSULE_GRAY, WHITE",30,0,0,0,1,0,0,0,0,0,0,1,0
00173-0790-01_RXNAVIMAGE10_D7196BFB_2.jpg,CAPSULE,"GRAY, WHITE",1,"CAPSULE_GRAY, WHITE",30,0,0,0,1,0,0,0,0,0,0,1,0
68180-0315-06_RXNAVIMAGE10_28081450_1.jpg,CAPSULE,"YELLOW, ORANGE",1,"CAPSULE_YELLOW, ORANGE",99,0,0,0,0,0,1,0,0,0,0,0,1
68180-0315-06_RXNAVIMAGE10_28081450_2.jpg,CAPSULE,"YELLOW, ORANGE",1,"CAPSULE_YELLOW, ORANGE",99,0,0,0,0,0,1,0,0,0,0,0,1
31722-0820-30_RXNAVIMAGE10_014F80DC_1.jpg,RECTANGLE,BLUE,9,RECTANGLE_BLUE,155,0,1,0,0,0,0,0,0,0,0,0,0
31722-0820-30_RXNAVIMAGE10_014F80DC_2.jpg,RECTANGLE,BLUE,9,RECTANGLE_BLUE,155,0,1,0,0,0,0,0,0,0,0,0,0
00172-2407-80_RXNAVIMAGE10_A60ED366_1.jpg,CAPSULE,"BLACK, YELLOW",1,"CAPSULE_BLACK, YELLOW",6,1,0,0,0,0,0,0,0,0,0,0,1
00172-2407-80_RXNAVIMAGE10_A60ED366_2.jpg,CAPSULE,"BLACK, YELLOW",1,"CAPSULE_BLACK, YELLOW",6,1,0,0,0,0,0,0,0,0,0,0,1
23155-0010-01_RXNAVIMAGE10_9E4D4F6A_1.jpg,CAPSULE,"WHITE, PINK",1,"CAPSULE_WHITE, PINK",88,0,0,0,0,0,0,1,0,0,0,1,0
23155-0010-01_RXNAVIMAGE10_9E4D4F6A_2.jpg,CAPSULE,"WHITE, PINK",1,"CAPSULE_WHITE, PINK",88,0,0,0,0,0,0,1,0,0,0,1,0
00555-9045-58_RXNAVIMAGE10_B035586A_1.jpg,ROUND,GREEN,10,ROUND_GREEN,164,0,0,0,0,1,0,0,0,0,0,0,0
00555-9045-58_RXNAVIMAGE10_B035586A_2.jpg,ROUND,GREEN,10,ROUND_GREEN,164,0,0,0,0,1,0,0,0,0,0,0,0
00093-3125-01_RXNAVIMAGE10_DD26EEA7_1.jpg,CAPSULE,"GREEN, GREEN",1,"CAPSULE_GREEN, GREEN",37,0,0,0,0,1,0,0,0,0,0,0,0
00093-3125-01_RXNAVIMAGE10_DD26EEA7_2.jpg,CAPSULE,"GREEN, GREEN",1,"CAPSULE_GREEN, GREEN",37,0,0,0,0,1,0,0,0,0,0,0,0
00093-7434-98_RXNAVIMAGE10_DD436E9B_1.jpg,OVAL,BROWN,7,OVAL_BROWN,125,0,0,1,0,0,0,0,0,0,0,0,0
00093-7434-98_RXNAVIMAGE10_DD436E9B_2.jpg,OVAL,BROWN,7,OVAL_BROWN,125,0,0,1,0,0,0,0,0,0,0,0,0
60505-0095-00_RXNAVIMAGE10_4A492549_1.jpg,OVAL,WHITE,7,OVAL_WHITE,139,0,0,0,0,0,0,0,0,0,0,1,0
60505-0095-00_RXNAVIMAGE10_4A492549_2.jpg,OVAL,WHITE,7,OVAL_WHITE,139,0,0,0,0,0,0,0,0,0,0,1,0
16729-0006-17_RXNAVIMAGE10_5812AC25_1.jpg,OVAL,RED,7,OVAL_RED,137,0,0,0,0,0,0,0,0,1,0,0,0
16729-0006-17_RXNAVIMAGE10_5812AC25_2.jpg,OVAL,RED,7,OVAL_RED,137,0,0,0,0,0,0,0,0,1,0,0,0
52544-0966-91_RXNAVIMAGE10_1E4B0F08_1.jpg,ROUND,ORANGE,10,ROUND_ORANGE,166,0,0,0,0,0,1,0,0,0,0,0,0
52544-0966-91_RXNAVIMAGE10_1E4B0F08_2.jpg,ROUND,ORANGE,10,ROUND_ORANGE,166,0,0,0,0,0,1,0,0,0,0,0,0
00172-3761-60_RXNAVIMAGE10_0E2D0708_1.jpg,ROUND,WHITE,10,ROUND_WHITE,174,0,0,0,0,0,0,0,0,0,0,1,0
00172-3761-60_RXNAVIMAGE10_0E2D0708_2.jpg,ROUND,WHITE,10,ROUND_WHITE,174,0,0,0,0,0,0,0,0,0,0,1,0
16729-0023-10_RXNAVIMAGE10_82464162_1.jpg,ROUND,WHITE,10,ROUND_WHITE,174,0,0,0,0,0,0,0,0,0,0,1,0
16729-0023-10_RXNAVIMAGE10_82464162_2.jpg,ROUND,WHITE,10,ROUND_WHITE,174,0,0,0,0,0,0,0,0,0,0,1,0
68180-0774-06_RXNAVIMAGE10_794F3CF9_1.jpg,OVAL,BROWN,7,OVAL_BROWN,125,0,0,1,0,0,0,0,0,0,0,0,0
68180-0774-06_RXNAVIMAGE10_794F3CF9_2.jpg,OVAL,BROWN,7,OVAL_BROWN,125,0,0,1,0,0,0,0,0,0,0,0,0
60505-2580-09_RXNAVIMAGE10_9B1DCDFE_1.jpg,OVAL,WHITE,7,OVAL_WHITE,139,0,0,0,0,0,0,0,0,0,0,1,0
60505-2580-09_RXNAVIMAGE10_9B1DCDFE_2.jpg,OVAL,WHITE,7,OVAL_WHITE,139,0,0,0,0,0,0,0,0,0,0,1,0
00186-0016-54_RXNAVIMAGE10_F812FC37_1.jpg,ROUND,PINK,10,ROUND_PINK,168,0,0,0,0,0,0,1,0,0,0,0,0
00186-0016-54_RXNAVIMAGE10_F812FC37_2.jpg,ROUND,PINK,10,ROUND_PINK,168,0,0,0,0,0,0,1,0,0,0,0,0
68382-0079-01_RXNAVIMAGE10_EA4D751B_1.jpg,OVAL,GREEN,7,OVAL_GREEN,129,0,0,0,0,1,0,0,0,0,0,0,0
68382-0079-01_RXNAVIMAGE10_EA4D751B_2.jpg,OVAL,GREEN,7,OVAL_GREEN,129,0,0,0,0,1,0,0,0,0,0,0,0
68382-0140-05_RXNAVIMAGE10_C250E157_1.jpg,ROUND,WHITE,10,ROUND_WHITE,174,0,0,0,0,0,0,0,0,0,0,1,0
68382-0140-05_RXNAVIMAGE10_C250E157_2.jpg,ROUND,WHITE,10,ROUND_WHITE,174,0,0,0,0,0,0,0,0,0,0,1,0
68462-0292-01_RXNAVIMAGE10_4C3F2609_1.jpg,OVAL,BROWN,7,OVAL_BROWN,125,0,0,1,0,0,0,0,0,0,0,0,0
68462-0292-01_RXNAVIMAGE10_4C3F2609_2.jpg,OVAL,BROWN,7,OVAL_BROWN,125,0,0,1,0,0,0,0,0,0,0,0,0
16714-0683-03_RXNAVIMAGE10_634E31B1_1.jpg,ROUND,PINK,10,ROUND_PINK,168,0,0,0,0,0,0,1,0,0,0,0,0
16714-0683-03_RXNAVIMAGE10_634E31B1_2.jpg,ROUND,PINK,10,ROUND_PINK,168,0,0,0,0,0,0,1,0,0,0,0,0
50844-0600-01_RXNAVIMAGE10_CF38E7F7_1.jpg,ROUND,YELLOW,10,ROUND_YELLOW,178,0,0,0,0,0,0,0,0,0,0,0,1
50844-0600-01_RXNAVIMAGE10_CF38E7F7_2.jpg,ROUND,YELLOW,10,ROUND_YELLOW,178,0,0,0,0,0,0,0,0,0,0,0,1
00172-5413-46_RXNAVIMAGE10_5E2DAF0D_1.jpg,OVAL,PINK,7,OVAL_PINK,133,0,0,0,0,0,0,1,0,0,0,0,0
00172-5413-46_RXNAVIMAGE10_5E2DAF0D_2.jpg,OVAL,PINK,7,OVAL_PINK,133,0,0,0,0,0,0,1,0,0,0,0,0
52544-0848-28_RXNAVIMAGE10_0F4987BC_1.jpg,ROUND,WHITE,10,ROUND_WHITE,174,0,0,0,0,0,0,0,0,0,0,1,0
52544-0848-28_RXNAVIMAGE10_0F4987BC_2.jpg,ROUND,WHITE,10,ROUND_WHITE,174,0,0,0,0,0,0,0,0,0,0,1,0
60258-0161-01_RXNAVIMAGE10_950ECAC6_1.jpg,ROUND,YELLOW,10,ROUND_YELLOW,178,0,0,0,0,0,0,0,0,0,0,0,1
60258-0161-01_RXNAVIMAGE10_950ECAC6_2.jpg,ROUND,YELLOW,10,ROUND_YELLOW,178,0,0,0,0,0,0,0,0,0,0,0,1
60505-0169-09_RXNAVIMAGE10_8A38C516_1.jpg,ROUND,YELLOW,10,ROUND_YELLOW,178,0,0,0,0,0,0,0,0,0,0,0,1
60505-0169-09_RXNAVIMAGE10_8A38C516_2.jpg,ROUND,YELLOW,10,ROUND_YELLOW,178,0,0,0,0,0,0,0,0,0,0,0,1
29300-0125-10_RXNAVIMAGE10_5808AC65_1.jpg,OVAL,YELLOW,7,OVAL_YELLOW,145,0,0,0,0,0,0,0,0,0,0,0,1
29300-0125-10_RXNAVIMAGE10_5808AC65_2.jpg,OVAL,YELLOW,7,OVAL_YELLOW,145,0,0,0,0,0,0,0,0,0,0,0,1
68382-0003-01_RXNAVIMAGE10_011300E8_1.jpg,ROUND,YELLOW,10,ROUND_YELLOW,178,0,0,0,0,0,0,0,0,0,0,0,1
68382-0003-01_RXNAVIMAGE10_011300E8_2.jpg,ROUND,YELLOW,10,ROUND_YELLOW,178,0,0,0,0,0,0,0,0,0,0,0,1
00555-0715-58_RXNAVIMAGE10_FB2F7DEB_1.jpg,ROUND,PINK,10,ROUND_PINK,168,0,0,0,0,0,0,1,0,0,0,0,0
00555-0715-58_RXNAVIMAGE10_FB2F7DEB_2.jpg,ROUND,PINK,10,ROUND_PINK,168,0,0,0,0,0,0,1,0,0,0,0,0
62037-0999-10_RXNAVIMAGE10_C71D63AB_1.jpg,OVAL,WHITE,7,OVAL_WHITE,139,0,0,0,0,0,0,0,0,0,0,1,0
62037-0999-10_RXNAVIMAGE10_C71D63AB_2.jpg,OVAL,WHITE,7,OVAL_WHITE,139,0,0,0,0,0,0,0,0,0,0,1,0
00172-5729-60_RXNAVIMAGE10_092804E0_1.jpg,ROUND,BROWN,10,ROUND_BROWN,162,0,0,1,0,0,0,0,0,0,0,0,0
00172-5729-60_RXNAVIMAGE10_092804E0_2.jpg,ROUND,BROWN,10,ROUND_BROWN,162,0,0,1,0,0,0,0,0,0,0,0,0
00093-4338-01_RXNAVIMAGE10_BC2DDE7E_1.jpg,CAPSULE,"WHITE, RED",1,"CAPSULE_WHITE, RED",90,0,0,0,0,0,0,0,0,1,0,1,0
00093-4338-01_RXNAVIMAGE10_BC2DDE7E_2.jpg,CAPSULE,"WHITE, RED",1,"CAPSULE_WHITE, RED",90,0,0,0,0,0,0,0,0,1,0,1,0
50419-0409-01_RXNAVIMAGE10_AC19560A_1.jpg,ROUND,YELLOW,10,ROUND_YELLOW,178,0,0,0,0,0,0,0,0,0,0,0,1
50419-0409-01_RXNAVIMAGE10_AC19560A_2.jpg,ROUND,YELLOW,10,ROUND_YELLOW,178,0,0,0,0,0,0,0,0,0,0,0,1
00093-2049-56_RXNAVIMAGE10_4B38A5F5_1.jpg,CAPSULE,BLUE,1,CAPSULE_BLUE,7,0,1,0,0,0,0,0,0,0,0,0,0
00093-2049-56_RXNAVIMAGE10_4B38A5F5_2.jpg,CAPSULE,BLUE,1,CAPSULE_BLUE,7,0,1,0,0,0,0,0,0,0,0,0,0
16729-0173-01_RXNAVIMAGE10_115188CC_1.jpg,ROUND,BROWN,10,ROUND_BROWN,162,0,0,1,0,0,0,0,0,0,0,0,0
16729-0173-01_RXNAVIMAGE10_115188CC_2.jpg,ROUND,BROWN,10,ROUND_BROWN,162,0,0,1,0,0,0,0,0,0,0,0,0
59148-0640-23_RXNAVIMAGE10_C239614B_1.jpg,ROUND,PINK,10,ROUND_PINK,168,0,0,0,0,0,0,1,0,0,0,0,0
59148-0640-23_RXNAVIMAGE10_C239614B_2.jpg,ROUND,PINK,10,ROUND_PINK,168,0,0,0,0,0,0,1,0,0,0,0,0
65862-0185-01_RXNAVIMAGE10_5A442D11_1.jpg,CAPSULE,"BLUE, GREEN",1,"CAPSULE_BLUE, GREEN",11,0,1,0,0,1,0,0,0,0,0,0,0
65862-0185-01_RXNAVIMAGE10_5A442D11_2.jpg,CAPSULE,"BLUE, GREEN",1,"CAPSULE_BLUE, GREEN",11,0,1,0,0,1,0,0,0,0,0,0,0
61748-0018-60_RXNAVIMAGE10_7C3CBE75_1.jpg,CAPSULE,RED,1,CAPSULE_RED,69,0,0,0,0,0,0,0,0,1,0,0,0
61748-0018-60_RXNAVIMAGE10_7C3CBE75_2.jpg,CAPSULE,RED,1,CAPSULE_RED,69,0,0,0,0,0,0,0,0,1,0,0,0
68180-0502-01_RXNAVIMAGE10_F623FB3F_1.jpg,OVAL,YELLOW,7,OVAL_YELLOW,145,0,0,0,0,0,0,0,0,0,0,0,1
68180-0502-01_RXNAVIMAGE10_F623FB3F_2.jpg,OVAL,YELLOW,7,OVAL_YELLOW,145,0,0,0,0,0,0,0,0,0,0,0,1
64380-0737-06_RXNAVIMAGE10_2F4F978C_1.jpg,OVAL,GREEN,7,OVAL_GREEN,129,0,0,0,0,1,0,0,0,0,0,0,0
64380-0737-06_RXNAVIMAGE10_2F4F978C_2.jpg,OVAL,GREEN,7,OVAL_GREEN,129,0,0,0,0,1,0,0,0,0,0,0,0
00591-0385-01_RXNAVIMAGE10_B615DB0E_1.jpg,OVAL,WHITE,7,OVAL_WHITE,139,0,0,0,0,0,0,0,0,0,0,1,0
00591-0385-01_RXNAVIMAGE10_B615DB0E_2.jpg,OVAL,WHITE,7,OVAL_WHITE,139,0,0,0,0,0,0,0,0,0,0,1,0
50580-0496-60_RXNAVIMAGE10_FF03FFBF_1.jpg,ROUND,WHITE,10,ROUND_WHITE,174,0,0,0,0,0,0,0,0,0,0,1,0
50580-0496-60_RXNAVIMAGE10_FF03FFBF_2.jpg,ROUND,WHITE,10,ROUND_WHITE,174,0,0,0,0,0,0,0,0,0,0,1,0
50474-0400-01_RXNAVIMAGE10_FB1D7DEB_1.jpg,CAPSULE,"PINK, WHITE",1,"CAPSULE_PINK, WHITE",59,0,0,0,0,0,0,1,0,0,0,1,0
50474-0400-01_RXNAVIMAGE10_FB1D7DEB_2.jpg,CAPSULE,"PINK, WHITE",1,"CAPSULE_PINK, WHITE",59,0,0,0,0,0,0,1,0,0,0,1,0
47335-0614-81_RXNAVIMAGE10_9B3F4DAA_1.jpg,OVAL,PINK,7,OVAL_PINK,133,0,0,0,0,0,0,1,0,0,0,0,0
47335-0614-81_RXNAVIMAGE10_9B3F4DAA_2.jpg,OVAL,PINK,7,OVAL_PINK,133,0,0,0,0,0,0,1,0,0,0,0,0
60793-0136-05_RXNAVIMAGE10_C31D61FB_1.jpg,OVAL,PINK,7,OVAL_PINK,133,0,0,0,0,0,0,1,0,0,0,0,0
60793-0136-05_RXNAVIMAGE10_C31D61FB_2.jpg,OVAL,PINK,7,OVAL_PINK,133,0,0,0,0,0,0,1,0,0,0,0,0
00093-7385-98_RXNAVIMAGE10_9005C87E_1.jpg,CAPSULE,BROWN,1,CAPSULE_BROWN,18,0,0,1,0,0,0,0,0,0,0,0,0
00093-7385-98_RXNAVIMAGE10_9005C87E_2.jpg,CAPSULE,BROWN,1,CAPSULE_BROWN,18,0,0,1,0,0,0,0,0,0,0,0,0
55111-0207-81_RXNAVIMAGE10_D616EB47_1.jpg,OVAL,WHITE,7,OVAL_WHITE,139,0,0,0,0,0,0,0,0,0,0,1,0
55111-0207-81_RXNAVIMAGE10_D616EB47_2.jpg,OVAL,WHITE,7,OVAL_WHITE,139,0,0,0,0,0,0,0,0,0,0,1,0
13668-0281-60_RXNAVIMAGE10_B650DB26_1.jpg,OVAL,WHITE,7,OVAL_WHITE,139,0,0,0,0,0,0,0,0,0,0,1,0
13668-0281-60_RXNAVIMAGE10_B650DB26_2.jpg,OVAL,WHITE,7,OVAL_WHITE,139,0,0,0,0,0,0,0,0,0,0,1,0
65162-0643-10_RXNAVIMAGE10_BF46DFA6_1.jpg,OVAL,WHITE,7,OVAL_WHITE,139,0,0,0,0,0,0,0,0,0,0,1,0
65162-0643-10_RXNAVIMAGE10_BF46DFA6_2.jpg,OVAL,WHITE,7,OVAL_WHITE,139,0,0,0,0,0,0,0,0,0,0,1,0
50419-0119-06_RXNAVIMAGE10_59192CC9_1.jpg,OVAL,WHITE,7,OVAL_WHITE,139,0,0,0,0,0,0,0,0,0,0,1,0
50419-0119-06_RXNAVIMAGE10_59192CC9_2.jpg,OVAL,WHITE,7,OVAL_WHITE,139,0,0,0,0,0,0,0,0,0,0,1,0
31722-0212-05_RXNAVIMAGE10_7E3D3F19_1.jpg,OVAL,GREEN,7,OVAL_GREEN,129,0,0,0,0,1,0,0,0,0,0,0,0
31722-0212-05_RXNAVIMAGE10_7E3D3F19_2.jpg,OVAL,GREEN,7,OVAL_GREEN,129,0,0,0,0,1,0,0,0,0,0,0,0
43199-0011-01_RXNAVIMAGE10_C815E40F_1.jpg,ROUND,WHITE,10,ROUND_WHITE,174,0,0,0,0,0,0,0,0,0,0,1,0
43199-0011-01_RXNAVIMAGE10_C815E40F_2.jpg,ROUND,WHITE,10,ROUND_WHITE,174,0,0,0,0,0,0,0,0,0,0,1,0
00555-9051-67_RXNAVIMAGE10_5436AA75_1.jpg,ROUND,BROWN,10,ROUND_BROWN,162,0,0,1,0,0,0,0,0,0,0,0,0
00555-9051-67_RXNAVIMAGE10_5436AA75_2.jpg,ROUND,BROWN,10,ROUND_BROWN,162,0,0,1,0,0,0,0,0,0,0,0,0
68462-0139-01_RXNAVIMAGE10_B8085C22_1.jpg,OVAL,YELLOW,7,OVAL_YELLOW,145,0,0,0,0,0,0,0,0,0,0,0,1
68462-0139-01_RXNAVIMAGE10_B8085C22_2.jpg,OVAL,YELLOW,7,OVAL_YELLOW,145,0,0,0,0,0,0,0,0,0,0,0,1
00555-9051-67_RXNAVIMAGE10_6236B165_1.jpg,ROUND,WHITE,10,ROUND_WHITE,174,0,0,0,0,0,0,0,0,0,0,1,0
00555-9051-67_RXNAVIMAGE10_6236B165_2.jpg,ROUND,WHITE,10,ROUND_WHITE,174,0,0,0,0,0,0,0,0,0,0,1,0
68462-0127-05_RXNAVIMAGE10_2B0795CC_1.jpg,OVAL,WHITE,7,OVAL_WHITE,139,0,0,0,0,0,0,0,0,0,0,1,0
68462-0127-05_RXNAVIMAGE10_2B0795CC_2.jpg,OVAL,WHITE,7,OVAL_WHITE,139,0,0,0,0,0,0,0,0,0,0,1,0
00173-0387-00_RXNAVIMAGE10_8018C066_1.jpg,OVAL,WHITE,7,OVAL_WHITE,139,0,0,0,0,0,0,0,0,0,0,1,0
00173-0387-00_RXNAVIMAGE10_8018C066_2.jpg,OVAL,WHITE,7,OVAL_WHITE,139,0,0,0,0,0,0,0,0,0,0,1,0
00378-3634-01_RXNAVIMAGE10_5F32AFC5_1.jpg,ROUND,WHITE,10,ROUND_WHITE,174,0,0,0,0,0,0,0,0,0,0,1,0
00378-3634-01_RXNAVIMAGE10_5F32AFC5_2.jpg,ROUND,WHITE,10,ROUND_WHITE,174,0,0,0,0,0,0,0,0,0,0,1,0
00185-0053-01_RXNAVIMAGE10_9D234E8A_1.jpg,ROUND,ORANGE,10,ROUND_ORANGE,166,0,0,0,0,0,1,0,0,0,0,0,0
00185-0053-01_RXNAVIMAGE10_9D234E8A_2.jpg,ROUND,ORANGE,10,ROUND_ORANGE,166,0,0,0,0,0,1,0,0,0,0,0,0
55111-0259-60_RXNAVIMAGE10_813CC0E6_1.jpg,CAPSULE,"BLUE, PINK",1,"CAPSULE_BLUE, PINK",13,0,1,0,0,0,0,1,0,0,0,0,0
55111-0259-60_RXNAVIMAGE10_813CC0E6_2.jpg,CAPSULE,"BLUE, PINK",1,"CAPSULE_BLUE, PINK",13,0,1,0,0,0,0,1,0,0,0,0,0
16729-0139-16_RXNAVIMAGE10_F03B786B_1.jpg,ROUND,WHITE,10,ROUND_WHITE,174,0,0,0,0,0,0,0,0,0,0,1,0
16729-0139-16_RXNAVIMAGE10_F03B786B_2.jpg,ROUND,WHITE,10,ROUND_WHITE,174,0,0,0,0,0,0,0,0,0,0,1,0
00378-7003-93_RXNAVIMAGE10_74243A01_1.jpg,ROUND,BLUE,10,ROUND_BLUE,160,0,1,0,0,0,0,0,0,0,0,0,0
00378-7003-93_RXNAVIMAGE10_74243A01_2.jpg,ROUND,BLUE,10,ROUND_BLUE,160,0,1,0,0,0,0,0,0,0,0,0,0
00378-1560-10_RXNAVIMAGE10_5B412DD9_1.jpg,CAPSULE,"PURPLE, WHITE",1,"CAPSULE_PURPLE, WHITE",67,0,0,0,0,0,0,0,1,0,0,1,0
00378-1560-10_RXNAVIMAGE10_5B412DD9_2.jpg,CAPSULE,"PURPLE, WHITE",1,"CAPSULE_PURPLE, WHITE",67,0,0,0,0,0,0,0,1,0,0,1,0
00069-4220-30_RXNAVIMAGE10_411DA09D_1.jpg,DIAMOND,BLUE,2,DIAMOND_BLUE,105,0,1,0,0,0,0,0,0,0,0,0,0
00069-4220-30_RXNAVIMAGE10_411DA09D_2.jpg,DIAMOND,BLUE,2,DIAMOND_BLUE,105,0,1,0,0,0,0,0,0,0,0,0,0
65862-0012-30_RXNAVIMAGE10_052182EC_1.jpg,OVAL,BLUE,7,OVAL_BLUE,123,0,1,0,0,0,0,0,0,0,0,0,0
65862-0012-30_RXNAVIMAGE10_052182EC_2.jpg,OVAL,BLUE,7,OVAL_BLUE,123,0,1,0,0,0,0,0,0,0,0,0,0
13668-0190-30_RXNAVIMAGE10_A751D39E_1.jpg,CAPSULE,BLUE,1,CAPSULE_BLUE,7,0,1,0,0,0,0,0,0,0,0,0,0
13668-0190-30_RXNAVIMAGE10_A751D39E_2.jpg,CAPSULE,BLUE,1,CAPSULE_BLUE,7,0,1,0,0,0,0,0,0,0,0,0,0
44946-1008-03_RXNAVIMAGE10_894AC496_1.jpg,ROUND,WHITE,10,ROUND_WHITE,174,0,0,0,0,0,0,0,0,0,0,1,0
44946-1008-03_RXNAVIMAGE10_894AC496_2.jpg,ROUND,WHITE,10,ROUND_WHITE,174,0,0,0,0,0,0,0,0,0,0,1,0
13107-0001-30_RXNAVIMAGE10_3F411FF8_1.jpg,OVAL,WHITE,7,OVAL_WHITE,139,0,0,0,0,0,0,0,0,0,0,1,0
13107-0001-30_RXNAVIMAGE10_3F411FF8_2.jpg,OVAL,WHITE,7,OVAL_WHITE,139,0,0,0,0,0,0,0,0,0,0,1,0
00555-0588-01_RXNAVIMAGE10_77303BA1_1.jpg,CAPSULE,"GREEN, WHITE",1,"CAPSULE_GREEN, WHITE",42,0,0,0,0,1,0,0,0,0,0,1,0
00555-0588-01_RXNAVIMAGE10_77303BA1_2.jpg,CAPSULE,"GREEN, WHITE",1,"CAPSULE_GREEN, WHITE",42,0,0,0,0,1,0,0,0,0,0,1,0
00378-0351-01_RXNAVIMAGE10_6E07B75D_1.jpg,ROUND,ORANGE,10,ROUND_ORANGE,166,0,0,0,0,0,1,0,0,0,0,0,0
00378-0351-01_RXNAVIMAGE10_6E07B75D_2.jpg,ROUND,ORANGE,10,ROUND_ORANGE,166,0,0,0,0,0,1,0,0,0,0,0,0
68462-0304-50_RXNAVIMAGE10_8D3E46E2_1.jpg,OVAL,WHITE,7,OVAL_WHITE,139,0,0,0,0,0,0,0,0,0,0,1,0
68462-0304-50_RXNAVIMAGE10_8D3E46E2_2.jpg,OVAL,WHITE,7,OVAL_WHITE,139,0,0,0,0,0,0,0,0,0,0,1,0
62175-0262-37_RXNAVIMAGE10_94084A22_1.jpg,ROUND,RED,10,ROUND_RED,172,0,0,0,0,0,0,0,0,1,0,0,0
62175-0262-37_RXNAVIMAGE10_94084A22_2.jpg,ROUND,RED,10,ROUND_RED,172,0,0,0,0,0,0,0,0,1,0,0,0
57844-0692-98_RXNAVIMAGE10_273613E0_1.jpg,OVAL,WHITE,7,OVAL_WHITE,139,0,0,0,0,0,0,0,0,0,0,1,0
57844-0692-98_RXNAVIMAGE10_273613E0_2.jpg,OVAL,WHITE,7,OVAL_WHITE,139,0,0,0,0,0,0,0,0,0,0,1,0
00093-6450-56_RXNAVIMAGE10_C542E2E7_1.jpg,CAPSULE,TURQUOISE,1,CAPSULE_TURQUOISE,76,0,0,0,0,0,0,0,0,0,1,0,0
00093-6450-56_RXNAVIMAGE10_C542E2E7_2.jpg,CAPSULE,TURQUOISE,1,CAPSULE_TURQUOISE,76,0,0,0,0,0,0,0,0,0,1,0,0
24090-0473-88_RXNAVIMAGE10_4E15A77D_1.jpg,CAPSULE,"BLUE, TURQUOISE",1,"CAPSULE_BLUE, TURQUOISE",15,0,1,0,0,0,0,0,0,0,1,0,0
24090-0473-88_RXNAVIMAGE10_4E15A77D_2.jpg,CAPSULE,"BLUE, TURQUOISE",1,"CAPSULE_BLUE, TURQUOISE",15,0,1,0,0,0,0,0,0,0,1,0,0
68462-0153-10_RXNAVIMAGE10_9B41CDFE_1.jpg,ROUND,YELLOW,10,ROUND_YELLOW,178,0,0,0,0,0,0,0,0,0,0,0,1
68462-0153-10_RXNAVIMAGE10_9B41CDFE_2.jpg,ROUND,YELLOW,10,ROUND_YELLOW,178,0,0,0,0,0,0,0,0,0,0,0,1
23155-0111-01_RXNAVIMAGE10_4833A44D_1.jpg,ROUND,BLUE,10,ROUND_BLUE,160,0,1,0,0,0,0,0,0,0,0,0,0
23155-0111-01_RXNAVIMAGE10_4833A44D_2.jpg,ROUND,BLUE,10,ROUND_BLUE,160,0,1,0,0,0,0,0,0,0,0,0,0
00093-2140-62_RXNAVIMAGE10_9D4A4ED2_1.jpg,ROUND,WHITE,10,ROUND_WHITE,174,0,0,0,0,0,0,0,0,0,0,1,0
00093-2140-62_RXNAVIMAGE10_9D4A4ED2_2.jpg,ROUND,WHITE,10,ROUND_WHITE,174,0,0,0,0,0,0,0,0,0,0,1,0
51285-0050-02_RXNAVIMAGE10_8535C28E_1.jpg,ROUND,PINK,10,ROUND_PINK,168,0,0,0,0,0,0,1,0,0,0,0,0
51285-0050-02_RXNAVIMAGE10_8535C28E_2.jpg,ROUND,PINK,10,ROUND_PINK,168,0,0,0,0,0,0,1,0,0,0,0,0
51991-0293-01_RXNAVIMAGE10_B4085A72_1.jpg,OVAL,BROWN,7,OVAL_BROWN,125,0,0,1,0,0,0,0,0,0,0,0,0
51991-0293-01_RXNAVIMAGE10_B4085A72_2.jpg,OVAL,BROWN,7,OVAL_BROWN,125,0,0,1,0,0,0,0,0,0,0,0,0
00591-0900-30_RXNAVIMAGE10_4207A13D_1.jpg,ROUND,ORANGE,10,ROUND_ORANGE,166,0,0,0,0,0,1,0,0,0,0,0,0
00591-0900-30_RXNAVIMAGE10_4207A13D_2.jpg,ROUND,ORANGE,10,ROUND_ORANGE,166,0,0,0,0,0,1,0,0,0,0,0,0
00185-0123-60_RXNAVIMAGE10_714438B1_1.jpg,ROUND,WHITE,10,ROUND_WHITE,174,0,0,0,0,0,0,0,0,0,0,1,0
00185-0123-60_RXNAVIMAGE10_714438B1_2.jpg,ROUND,WHITE,10,ROUND_WHITE,174,0,0,0,0,0,0,0,0,0,0,1,0
00093-7234-01_RXNAVIMAGE10_B13058E2_1.jpg,OVAL,YELLOW,7,OVAL_YELLOW,145,0,0,0,0,0,0,0,0,0,0,0,1
00093-7234-01_RXNAVIMAGE10_B13058E2_2.jpg,OVAL,YELLOW,7,OVAL_YELLOW,145,0,0,0,0,0,0,0,0,0,0,0,1
00093-1024-06_RXNAVIMAGE10_8E29C77E_1.jpg,OVAL,WHITE,7,OVAL_WHITE,139,0,0,0,0,0,0,0,0,0,0,1,0
00093-1024-06_RXNAVIMAGE10_8E29C77E_2.jpg,OVAL,WHITE,7,OVAL_WHITE,139,0,0,0,0,0,0,0,0,0,0,1,0
00093-0928-06_RXNAVIMAGE10_E023F02F_1.jpg,ROUND,GREEN,10,ROUND_GREEN,164,0,0,0,0,1,0,0,0,0,0,0,0
00093-0928-06_RXNAVIMAGE10_E023F02F_2.jpg,ROUND,GREEN,10,ROUND_GREEN,164,0,0,0,0,1,0,0,0,0,0,0,0
64380-0758-06_RXNAVIMAGE10_3A441D20_1.jpg,ROUND,WHITE,10,ROUND_WHITE,174,0,0,0,0,0,0,0,0,0,0,1,0
64380-0758-06_RXNAVIMAGE10_3A441D20_2.jpg,ROUND,WHITE,10,ROUND_WHITE,174,0,0,0,0,0,0,0,0,0,0,1,0
11528-0010-01_RXNAVIMAGE10_5905ACED_1.jpg,OVAL,YELLOW,7,OVAL_YELLOW,145,0,0,0,0,0,0,0,0,0,0,0,1
11528-0010-01_RXNAVIMAGE10_5905ACED_2.jpg,OVAL,YELLOW,7,OVAL_YELLOW,145,0,0,0,0,0,0,0,0,0,0,0,1
00093-4742-01_RXNAVIMAGE10_CE23671B_1.jpg,OVAL,WHITE,7,OVAL_WHITE,139,0,0,0,0,0,0,0,0,0,0,1,0
00093-4742-01_RXNAVIMAGE10_CE23671B_2.jpg,OVAL,WHITE,7,OVAL_WHITE,139,0,0,0,0,0,0,0,0,0,0,1,0
61748-0025-01_RXNAVIMAGE10_8C3BC63E_1.jpg,OVAL,ORANGE,7,OVAL_ORANGE,130,0,0,0,0,0,1,0,0,0,0,0,0
61748-0025-01_RXNAVIMAGE10_8C3BC63E_2.jpg,OVAL,ORANGE,7,OVAL_ORANGE,130,0,0,0,0,0,1,0,0,0,0,0,0
00525-8049-90_RXNAVIMAGE10_353D9AFC_1.jpg,CAPSULE,"YELLOW, WHITE",1,"CAPSULE_YELLOW, WHITE",103,0,0,0,0,0,0,0,0,0,0,1,1
00525-8049-90_RXNAVIMAGE10_353D9AFC_2.jpg,CAPSULE,"YELLOW, WHITE",1,"CAPSULE_YELLOW, WHITE",103,0,0,0,0,0,0,0,0,0,0,1,1
27241-0006-06_RXNAVIMAGE10_5E41AF0D_1.jpg,OVAL,BROWN,7,OVAL_BROWN,125,0,0,1,0,0,0,0,0,0,0,0,0
27241-0006-06_RXNAVIMAGE10_5E41AF0D_2.jpg,OVAL,BROWN,7,OVAL_BROWN,125,0,0,1,0,0,0,0,0,0,0,0,0
51224-0154-50_RXNAVIMAGE10_BE49DF4E_1.jpg,ROUND,WHITE,10,ROUND_WHITE,174,0,0,0,0,0,0,0,0,0,0,1,0
51224-0154-50_RXNAVIMAGE10_BE49DF4E_2.jpg,ROUND,WHITE,10,ROUND_WHITE,174,0,0,0,0,0,0,0,0,0,0,1,0
60505-0039-01_RXNAVIMAGE10_14458A6C_1.jpg,CAPSULE,"WHITE, GRAY",1,"CAPSULE_WHITE, GRAY",85,0,0,0,1,0,0,0,0,0,0,1,0
60505-0039-01_RXNAVIMAGE10_14458A6C_2.jpg,CAPSULE,"WHITE, GRAY",1,"CAPSULE_WHITE, GRAY",85,0,0,0,1,0,0,0,0,0,0,1,0
41616-0759-83_RXNAVIMAGE10_671DB3BD_1.jpg,ROUND,"PINK, WHITE",10,"ROUND_PINK, WHITE",170,0,0,0,0,0,0,1,0,0,0,1,0
41616-0759-83_RXNAVIMAGE10_671DB3BD_2.jpg,ROUND,"PINK, WHITE",10,"ROUND_PINK, WHITE",170,0,0,0,0,0,0,1,0,0,0,1,0
00781-1972-01_RXNAVIMAGE10_94054A1A_1.jpg,ROUND,WHITE,10,ROUND_WHITE,174,0,0,0,0,0,0,0,0,0,0,1,0
00781-1972-01_RXNAVIMAGE10_94054A1A_2.jpg,ROUND,WHITE,10,ROUND_WHITE,174,0,0,0,0,0,0,0,0,0,0,1,0
29300-0130-05_RXNAVIMAGE10_63443191_1.jpg,CAPSULE,WHITE,1,CAPSULE_WHITE,81,0,0,0,0,0,0,0,0,0,0,1,0
29300-0130-05_RXNAVIMAGE10_63443191_2.jpg,CAPSULE,WHITE,1,CAPSULE_WHITE,81,0,0,0,0,0,0,0,0,0,0,1,0
55253-0801-30_RXNAVIMAGE10_3B429D84_1.jpg,OVAL,WHITE,7,OVAL_WHITE,139,0,0,0,0,0,0,0,0,0,0,1,0
55253-0801-30_RXNAVIMAGE10_3B429D84_2.jpg,OVAL,WHITE,7,OVAL_WHITE,139,0,0,0,0,0,0,0,0,0,0,1,0
50111-0434-01_RXNAVIMAGE10_4F212799_1.jpg,ROUND,WHITE,10,ROUND_WHITE,174,0,0,0,0,0,0,0,0,0,0,1,0
50111-0434-01_RXNAVIMAGE10_4F212799_2.jpg,ROUND,WHITE,10,ROUND_WHITE,174,0,0,0,0,0,0,0,0,0,0,1,0
59746-0384-06_RXNAVIMAGE10_E434F207_1.jpg,CAPSULE,WHITE,1,CAPSULE_WHITE,81,0,0,0,0,0,0,0,0,0,0,1,0
59746-0384-06_RXNAVIMAGE10_E434F207_2.jpg,CAPSULE,WHITE,1,CAPSULE_WHITE,81,0,0,0,0,0,0,0,0,0,0,1,0
00093-7432-98_RXNAVIMAGE10_EB4375EB_1.jpg,ROUND,PINK,10,ROUND_PINK,168,0,0,0,0,0,0,1,0,0,0,0,0
00093-7432-98_RXNAVIMAGE10_EB4375EB_2.jpg,ROUND,PINK,10,ROUND_PINK,168,0,0,0,0,0,0,1,0,0,0,0,0
00078-0352-05_RXNAVIMAGE10_54162A21_1.jpg,OVAL,YELLOW,7,OVAL_YELLOW,145,0,0,0,0,0,0,0,0,0,0,0,1
00078-0352-05_RXNAVIMAGE10_54162A21_2.jpg,OVAL,YELLOW,7,OVAL_YELLOW,145,0,0,0,0,0,0,0,0,0,0,0,1
00781-1146-01_RXNAVIMAGE10_F422FA27_1.jpg,ROUND,YELLOW,10,ROUND_YELLOW,178,0,0,0,0,0,0,0,0,0,0,0,1
00781-1146-01_RXNAVIMAGE10_F422FA27_2.jpg,ROUND,YELLOW,10,ROUND_YELLOW,178,0,0,0,0,0,0,0,0,0,0,0,1
51079-0986-20_RXNAVIMAGE10_E733F3FF_1.jpg,OVAL,WHITE,7,OVAL_WHITE,139,0,0,0,0,0,0,0,0,0,0,1,0
51079-0986-20_RXNAVIMAGE10_E733F3FF_2.jpg,OVAL,WHITE,7,OVAL_WHITE,139,0,0,0,0,0,0,0,0,0,0,1,0
65862-0028-01_RXNAVIMAGE10_E14F70BB_1.jpg,ROUND,WHITE,10,ROUND_WHITE,174,0,0,0,0,0,0,0,0,0,0,1,0
65862-0028-01_RXNAVIMAGE10_E14F70BB_2.jpg,ROUND,WHITE,10,ROUND_WHITE,174,0,0,0,0,0,0,0,0,0,0,1,0
00054-0166-25_RXNAVIMAGE10_6A1DB56D_1.jpg,OVAL,WHITE,7,OVAL_WHITE,139,0,0,0,0,0,0,0,0,0,0,1,0
00054-0166-25_RXNAVIMAGE10_6A1DB56D_2.jpg,OVAL,WHITE,7,OVAL_WHITE,139,0,0,0,0,0,0,0,0,0,0,1,0
65162-0544-10_RXNAVIMAGE10_E441727B_1.jpg,ROUND,WHITE,10,ROUND_WHITE,174,0,0,0,0,0,0,0,0,0,0,1,0
65162-0544-10_RXNAVIMAGE10_E441727B_2.jpg,ROUND,WHITE,10,ROUND_WHITE,174,0,0,0,0,0,0,0,0,0,0,1,0
49702-0228-13_RXNAVIMAGE10_D23D694B_1.jpg,ROUND,YELLOW,10,ROUND_YELLOW,178,0,0,0,0,0,0,0,0,0,0,0,1
49702-0228-13_RXNAVIMAGE10_D23D694B_2.jpg,ROUND,YELLOW,10,ROUND_YELLOW,178,0,0,0,0,0,0,0,0,0,0,0,1
00173-0880-25_RXNAVIMAGE10_2419920C_1.jpg,ROUND,WHITE,10,ROUND_WHITE,174,0,0,0,0,0,0,0,0,0,0,1,0
00173-0880-25_RXNAVIMAGE10_2419920C_2.jpg,ROUND,WHITE,10,ROUND_WHITE,174,0,0,0,0,0,0,0,0,0,0,1,0
00378-4735-01_RXNAVIMAGE10_8F39C7AE_1.jpg,ROUND,WHITE,10,ROUND_WHITE,174,0,0,0,0,0,0,0,0,0,0,1,0
00378-4735-01_RXNAVIMAGE10_8F39C7AE_2.jpg,ROUND,WHITE,10,ROUND_WHITE,174,0,0,0,0,0,0,0,0,0,0,1,0
00591-0463-01_RXNAVIMAGE10_B316D9A6_1.jpg,ROUND,BLUE,10,ROUND_BLUE,160,0,1,0,0,0,0,0,0,0,0,0,0
00591-0463-01_RXNAVIMAGE10_B316D9A6_2.jpg,ROUND,BLUE,10,ROUND_BLUE,160,0,1,0,0,0,0,0,0,0,0,0,0
00093-4237-01_RXNAVIMAGE10_2B2D958C_1.jpg,ROUND,WHITE,10,ROUND_WHITE,174,0,0,0,0,0,0,0,0,0,0,1,0
00093-4237-01_RXNAVIMAGE10_2B2D958C_2.jpg,ROUND,WHITE,10,ROUND_WHITE,174,0,0,0,0,0,0,0,0,0,0,1,0
59762-5008-01_RXNAVIMAGE10_8508C2E6_1.jpg,HEXAGON,WHITE,5,HEXAGON_WHITE,120,0,0,0,0,0,0,0,0,0,0,1,0
59762-5008-01_RXNAVIMAGE10_8508C2E6_2.jpg,HEXAGON,WHITE,5,HEXAGON_WHITE,120,0,0,0,0,0,0,0,0,0,0,1,0
00054-0269-13_RXNAVIMAGE10_7C3BBE5D_1.jpg,ROUND,WHITE,10,ROUND_WHITE,174,0,0,0,0,0,0,0,0,0,0,1,0
00054-0269-13_RXNAVIMAGE10_7C3BBE5D_2.jpg,ROUND,WHITE,10,ROUND_WHITE,174,0,0,0,0,0,0,0,0,0,0,1,0
59762-5019-01_RXNAVIMAGE10_232191EC_1.jpg,OVAL,BROWN,7,OVAL_BROWN,125,0,0,1,0,0,0,0,0,0,0,0,0
59762-5019-01_RXNAVIMAGE10_232191EC_2.jpg,OVAL,BROWN,7,OVAL_BROWN,125,0,0,1,0,0,0,0,0,0,0,0,0
16729-0090-10_RXNAVIMAGE10_EC3AF677_1.jpg,ROUND,BLUE,10,ROUND_BLUE,160,0,1,0,0,0,0,0,0,0,0,0,0
16729-0090-10_RXNAVIMAGE10_EC3AF677_2.jpg,ROUND,BLUE,10,ROUND_BLUE,160,0,1,0,0,0,0,0,0,0,0,0,0
50111-0333-01_RXNAVIMAGE10_6A08B565_1.jpg,ROUND,WHITE,10,ROUND_WHITE,174,0,0,0,0,0,0,0,0,0,0,1,0
50111-0333-01_RXNAVIMAGE10_6A08B565_2.jpg,ROUND,WHITE,10,ROUND_WHITE,174,0,0,0,0,0,0,0,0,0,0,1,0
49884-0210-02_RXNAVIMAGE10_6B4935C9_1.jpg,CAPSULE,"ORANGE, WHITE",1,"CAPSULE_ORANGE, WHITE",50,0,0,0,0,0,1,0,0,0,0,1,0
49884-0210-02_RXNAVIMAGE10_6B4935C9_2.jpg,CAPSULE,"ORANGE, WHITE",1,"CAPSULE_ORANGE, WHITE",50,0,0,0,0,0,1,0,0,0,0,1,0
00781-2824-10_RXNAVIMAGE10_7D34BED5_1.jpg,CAPSULE,"WHITE, ORANGE",1,"CAPSULE_WHITE, ORANGE",87,0,0,0,0,0,1,0,0,0,0,1,0
00781-2824-10_RXNAVIMAGE10_7D34BED5_2.jpg,CAPSULE,"WHITE, ORANGE",1,"CAPSULE_WHITE, ORANGE",87,0,0,0,0,0,1,0,0,0,0,1,0
66869-0404-90_RXNAVIMAGE10_D93C6CE3_1.jpg,ROUND,WHITE,10,ROUND_WHITE,174,0,0,0,0,0,0,0,0,0,0,1,0
66869-0404-90_RXNAVIMAGE10_D93C6CE3_2.jpg,ROUND,WHITE,10,ROUND_WHITE,174,0,0,0,0,0,0,0,0,0,0,1,0
62175-0272-37_RXNAVIMAGE10_C90864F3_1.jpg,ROUND,WHITE,10,ROUND_WHITE,174,0,0,0,0,0,0,0,0,0,0,1,0
62175-0272-37_RXNAVIMAGE10_C90864F3_2.jpg,ROUND,WHITE,10,ROUND_WHITE,174,0,0,0,0,0,0,0,0,0,0,1,0
62037-0524-05_RXNAVIMAGE10_B015D80E_1.jpg,ROUND,WHITE,10,ROUND_WHITE,174,0,0,0,0,0,0,0,0,0,0,1,0
62037-0524-05_RXNAVIMAGE10_B015D80E_2.jpg,ROUND,WHITE,10,ROUND_WHITE,174,0,0,0,0,0,0,0,0,0,0,1,0
60505-3758-09_RXNAVIMAGE10_8C384622_1.jpg,OVAL,ORANGE,7,OVAL_ORANGE,130,0,0,0,0,0,1,0,0,0,0,0,0
60505-3758-09_RXNAVIMAGE10_8C384622_2.jpg,OVAL,ORANGE,7,OVAL_ORANGE,130,0,0,0,0,0,1,0,0,0,0,0,0
57664-0648-88_RXNAVIMAGE10_BD51DEDE_1.jpg,ROUND,YELLOW,10,ROUND_YELLOW,178,0,0,0,0,0,0,0,0,0,0,0,1
57664-0648-88_RXNAVIMAGE10_BD51DEDE_2.jpg,ROUND,YELLOW,10,ROUND_YELLOW,178,0,0,0,0,0,0,0,0,0,0,0,1
00071-1015-68_RXNAVIMAGE10_5215A92D_1.jpg,CAPSULE,ORANGE,1,CAPSULE_ORANGE,44,0,0,0,0,0,1,0,0,0,0,0,0
00071-1015-68_RXNAVIMAGE10_5215A92D_2.jpg,CAPSULE,ORANGE,1,CAPSULE_ORANGE,44,0,0,0,0,0,1,0,0,0,0,0,0
00378-6120-01_RXNAVIMAGE10_5139A8ED_1.jpg,CAPSULE,PINK,1,CAPSULE_PINK,52,0,0,0,0,0,0,1,0,0,0,0,0
00378-6120-01_RXNAVIMAGE10_5139A8ED_2.jpg,CAPSULE,PINK,1,CAPSULE_PINK,52,0,0,0,0,0,0,1,0,0,0,0,0
00071-1017-68_RXNAVIMAGE10_5515AAAD_1.jpg,CAPSULE,ORANGE,1,CAPSULE_ORANGE,44,0,0,0,0,0,1,0,0,0,0,0,0
00071-1017-68_RXNAVIMAGE10_5515AAAD_2.jpg,CAPSULE,ORANGE,1,CAPSULE_ORANGE,44,0,0,0,0,0,1,0,0,0,0,0,0
00555-0392-02_RXNAVIMAGE10_EB43F5FF_1.jpg,ROUND,WHITE,10,ROUND_WHITE,174,0,0,0,0,0,0,0,0,0,0,1,0
00555-0392-02_RXNAVIMAGE10_EB43F5FF_2.jpg,ROUND,WHITE,10,ROUND_WHITE,174,0,0,0,0,0,0,0,0,0,0,1,0
67877-0222-05_RXNAVIMAGE10_2A3B1538_1.jpg,CAPSULE,WHITE,1,CAPSULE_WHITE,81,0,0,0,0,0,0,0,0,0,0,1,0
67877-0222-05_RXNAVIMAGE10_2A3B1538_2.jpg,CAPSULE,WHITE,1,CAPSULE_WHITE,81,0,0,0,0,0,0,0,0,0,0,1,0
00093-7287-89_RXNAVIMAGE10_D22FE95F_1.jpg,OVAL,ORANGE,7,OVAL_ORANGE,130,0,0,0,0,0,1,0,0,0,0,0,0
00093-7287-89_RXNAVIMAGE10_D22FE95F_2.jpg,OVAL,ORANGE,7,OVAL_ORANGE,130,0,0,0,0,0,1,0,0,0,0,0,0
51079-0488-20_RXNAVIMAGE10_A83B546A_1.jpg,TRIANGLE,ORANGE,15,TRIANGLE_ORANGE,198,0,0,0,0,0,1,0,0,0,0,0,0
51079-0488-20_RXNAVIMAGE10_A83B546A_2.jpg,TRIANGLE,ORANGE,15,TRIANGLE_ORANGE,198,0,0,0,0,0,1,0,0,0,0,0,0
00093-7692-56_RXNAVIMAGE10_9143C8CE_1.jpg,ROUND,BROWN,10,ROUND_BROWN,162,0,0,1,0,0,0,0,0,0,0,0,0
00093-7692-56_RXNAVIMAGE10_9143C8CE_2.jpg,ROUND,BROWN,10,ROUND_BROWN,162,0,0,1,0,0,0,0,0,0,0,0,0
00574-0220-01_RXNAVIMAGE10_0D0886B4_1.jpg,ROUND,WHITE,10,ROUND_WHITE,174,0,0,0,0,0,0,0,0,0,0,1,0
00574-0220-01_RXNAVIMAGE10_0D0886B4_2.jpg,ROUND,WHITE,10,ROUND_WHITE,174,0,0,0,0,0,0,0,0,0,0,1,0
00093-7620-56_RXNAVIMAGE10_42162121_1.jpg,ROUND,YELLOW,10,ROUND_YELLOW,178,0,0,0,0,0,0,0,0,0,0,0,1
00093-7620-56_RXNAVIMAGE10_42162121_2.jpg,ROUND,YELLOW,10,ROUND_YELLOW,178,0,0,0,0,0,0,0,0,0,0,0,1
68453-0142-03_RXNAVIMAGE10_A416D256_1.jpg,OVAL,BLUE,7,OVAL_BLUE,123,0,1,0,0,0,0,0,0,0,0,0,0
68453-0142-03_RXNAVIMAGE10_A416D256_2.jpg,OVAL,BLUE,7,OVAL_BLUE,123,0,1,0,0,0,0,0,0,0,0,0,0
00555-9064-58_RXNAVIMAGE10_0E368734_1.jpg,ROUND,WHITE,10,ROUND_WHITE,174,0,0,0,0,0,0,0,0,0,0,1,0
00555-9064-58_RXNAVIMAGE10_0E368734_2.jpg,ROUND,WHITE,10,ROUND_WHITE,174,0,0,0,0,0,0,0,0,0,0,1,0
00093-3145-01_RXNAVIMAGE10_CB1965CB_1.jpg,CAPSULE,"GRAY, RED",1,"CAPSULE_GRAY, RED",29,0,0,0,1,0,0,0,0,1,0,0,0
00093-3145-01_RXNAVIMAGE10_CB1965CB_2.jpg,CAPSULE,"GRAY, RED",1,"CAPSULE_GRAY, RED",29,0,0,0,1,0,0,0,0,1,0,0,0
00085-1733-03_RXNAVIMAGE10_2619935C_1.jpg,OVAL,RED,7,OVAL_RED,137,0,0,0,0,0,0,0,0,1,0,0,0
00085-1733-03_RXNAVIMAGE10_2619935C_2.jpg,OVAL,RED,7,OVAL_RED,137,0,0,0,0,0,0,0,0,1,0,0,0
65862-0548-90_RXNAVIMAGE10_D34DE98F_1.jpg,OVAL,RED,7,OVAL_RED,137,0,0,0,0,0,0,0,0,1,0,0,0
65862-0548-90_RXNAVIMAGE10_D34DE98F_2.jpg,OVAL,RED,7,OVAL_RED,137,0,0,0,0,0,0,0,0,1,0,0,0
68453-0850-75_RXNAVIMAGE10_12200910_1.jpg,OVAL,WHITE,7,OVAL_WHITE,139,0,0,0,0,0,0,0,0,0,0,1,0
68453-0850-75_RXNAVIMAGE10_12200910_2.jpg,OVAL,WHITE,7,OVAL_WHITE,139,0,0,0,0,0,0,0,0,0,0,1,0
00378-3002-77_RXNAVIMAGE10_DB4DEDDF_1.jpg,ROUND,YELLOW,10,ROUND_YELLOW,178,0,0,0,0,0,0,0,0,0,0,0,1
00378-3002-77_RXNAVIMAGE10_DB4DEDDF_2.jpg,ROUND,YELLOW,10,ROUND_YELLOW,178,0,0,0,0,0,0,0,0,0,0,0,1
52544-0967-28_RXNAVIMAGE10_0B4B05D8_1.jpg,ROUND,WHITE,10,ROUND_WHITE,174,0,0,0,0,0,0,0,0,0,0,1,0
52544-0967-28_RXNAVIMAGE10_0B4B05D8_2.jpg,ROUND,WHITE,10,ROUND_WHITE,174,0,0,0,0,0,0,0,0,0,0,1,0
00555-0882-02_RXNAVIMAGE10_9B304DA2_1.jpg,CAPSULE,"PURPLE, PINK",1,"CAPSULE_PURPLE, PINK",64,0,0,0,0,0,0,1,1,0,0,0,0
00555-0882-02_RXNAVIMAGE10_9B304DA2_2.jpg,CAPSULE,"PURPLE, PINK",1,"CAPSULE_PURPLE, PINK",64,0,0,0,0,0,0,1,1,0,0,0,0
00378-8200-01_RXNAVIMAGE10_183E8C44_1.jpg,CAPSULE,"TURQUOISE, GRAY",1,"CAPSULE_TURQUOISE, GRAY",77,0,0,0,1,0,0,0,0,0,1,0,0
00378-8200-01_RXNAVIMAGE10_183E8C44_2.jpg,CAPSULE,"TURQUOISE, GRAY",1,"CAPSULE_TURQUOISE, GRAY",77,0,0,0,1,0,0,0,0,0,1,0,0
51991-0458-01_RXNAVIMAGE10_22391138_1.jpg,ROUND,WHITE,10,ROUND_WHITE,174,0,0,0,0,0,0,0,0,0,0,1,0
51991-0458-01_RXNAVIMAGE10_22391138_2.jpg,ROUND,WHITE,10,ROUND_WHITE,174,0,0,0,0,0,0,0,0,0,0,1,0
00904-6506-61_RXNAVIMAGE10_855142DA_1.jpg,OVAL,GRAY,7,OVAL_GRAY,127,0,0,0,1,0,0,0,0,0,0,0,0
00904-6506-61_RXNAVIMAGE10_855142DA_2.jpg,OVAL,GRAY,7,OVAL_GRAY,127,0,0,0,1,0,0,0,0,0,0,0,0
59762-5022-01_RXNAVIMAGE10_DE1C6F53_1.jpg,OVAL,BROWN,7,OVAL_BROWN,125,0,0,1,0,0,0,0,0,0,0,0,0
59762-5022-01_RXNAVIMAGE10_DE1C6F53_2.jpg,OVAL,BROWN,7,OVAL_BROWN,125,0,0,1,0,0,0,0,0,0,0,0,0
23155-0001-01_RXNAVIMAGE10_F3407993_1.jpg,ROUND,PINK,10,ROUND_PINK,168,0,0,0,0,0,0,1,0,0,0,0,0
23155-0001-01_RXNAVIMAGE10_F3407993_2.jpg,ROUND,PINK,10,ROUND_PINK,168,0,0,0,0,0,0,1,0,0,0,0,0
00115-1072-01_RXNAVIMAGE10_4205A17D_1.jpg,ROUND,WHITE,10,ROUND_WHITE,174,0,0,0,0,0,0,0,0,0,0,1,0
00115-1072-01_RXNAVIMAGE10_4205A17D_2.jpg,ROUND,WHITE,10,ROUND_WHITE,174,0,0,0,0,0,0,0,0,0,0,1,0
43547-0279-50_RXNAVIMAGE10_5A3BAD4D_1.jpg,OVAL,WHITE,7,OVAL_WHITE,139,0,0,0,0,0,0,0,0,0,0,1,0
43547-0279-50_RXNAVIMAGE10_5A3BAD4D_2.jpg,OVAL,WHITE,7,OVAL_WHITE,139,0,0,0,0,0,0,0,0,0,0,1,0
00378-4188-93_RXNAVIMAGE10_6D32B6B5_1.jpg,OVAL,GREEN,7,OVAL_GREEN,129,0,0,0,0,1,0,0,0,0,0,0,0
00378-4188-93_RXNAVIMAGE10_6D32B6B5_2.jpg,OVAL,GREEN,7,OVAL_GREEN,129,0,0,0,0,1,0,0,0,0,0,0,0
00378-2063-01_RXNAVIMAGE10_8233C15E_1.jpg,ROUND,WHITE,10,ROUND_WHITE,174,0,0,0,0,0,0,0,0,0,0,1,0
00378-2063-01_RXNAVIMAGE10_8233C15E_2.jpg,ROUND,WHITE,10,ROUND_WHITE,174,0,0,0,0,0,0,0,0,0,0,1,0
50111-0483-01_RXNAVIMAGE10_6A0EB535_1.jpg,ROUND,WHITE,10,ROUND_WHITE,174,0,0,0,0,0,0,0,0,0,0,1,0
50111-0483-01_RXNAVIMAGE10_6A0EB535_2.jpg,ROUND,WHITE,10,ROUND_WHITE,174,0,0,0,0,0,0,0,0,0,0,1,0
00093-1712-01_RXNAVIMAGE10_734A39D1_1.jpg,OVAL,PINK,7,OVAL_PINK,133,0,0,0,0,0,0,1,0,0,0,0,0
00093-1712-01_RXNAVIMAGE10_734A39D1_2.jpg,OVAL,PINK,7,OVAL_PINK,133,0,0,0,0,0,0,1,0,0,0,0,0
00245-0040-15_RXNAVIMAGE10_D415EA0F_1.jpg,ROUND,BLUE,10,ROUND_BLUE,160,0,1,0,0,0,0,0,0,0,0,0,0
00245-0040-15_RXNAVIMAGE10_D415EA0F_2.jpg,ROUND,BLUE,10,ROUND_BLUE,160,0,1,0,0,0,0,0,0,0,0,0,0
65862-0477-05_RXNAVIMAGE10_BE505F02_1.jpg,CAPSULE,BLUE,1,CAPSULE_BLUE,7,0,1,0,0,0,0,0,0,0,0,0,0
65862-0477-05_RXNAVIMAGE10_BE505F02_2.jpg,CAPSULE,BLUE,1,CAPSULE_BLUE,7,0,1,0,0,0,0,0,0,0,0,0,0
31722-0339-01_RXNAVIMAGE10_C53C62F3_1.jpg,OVAL,WHITE,7,OVAL_WHITE,139,0,0,0,0,0,0,0,0,0,0,1,0
31722-0339-01_RXNAVIMAGE10_C53C62F3_2.jpg,OVAL,WHITE,7,OVAL_WHITE,139,0,0,0,0,0,0,0,0,0,0,1,0
49884-0196-05_RXNAVIMAGE10_AD08D696_1.jpg,OVAL,BROWN,7,OVAL_BROWN,125,0,0,1,0,0,0,0,0,0,0,0,0
49884-0196-05_RXNAVIMAGE10_AD08D696_2.jpg,OVAL,BROWN,7,OVAL_BROWN,125,0,0,1,0,0,0,0,0,0,0,0,0
00555-9066-67_RXNAVIMAGE10_17368BB4_1.jpg,ROUND,WHITE,10,ROUND_WHITE,174,0,0,0,0,0,0,0,0,0,0,1,0
00555-9066-67_RXNAVIMAGE10_17368BB4_2.jpg,ROUND,WHITE,10,ROUND_WHITE,174,0,0,0,0,0,0,0,0,0,0,1,0
31722-0777-01_RXNAVIMAGE10_1E440F10_1.jpg,HEXAGON,PINK,5,HEXAGON_PINK,119,0,0,0,0,0,0,1,0,0,0,0,0
31722-0777-01_RXNAVIMAGE10_1E440F10_2.jpg,HEXAGON,PINK,5,HEXAGON_PINK,119,0,0,0,0,0,0,1,0,0,0,0,0
51285-0131-97_RXNAVIMAGE10_8A42C576_1.jpg,ROUND,YELLOW,10,ROUND_YELLOW,178,0,0,0,0,0,0,0,0,0,0,0,1
51285-0131-97_RXNAVIMAGE10_8A42C576_2.jpg,ROUND,YELLOW,10,ROUND_YELLOW,178,0,0,0,0,0,0,0,0,0,0,0,1
00781-1008-05_RXNAVIMAGE10_4712A385_1.jpg,ROUND,YELLOW,10,ROUND_YELLOW,178,0,0,0,0,0,0,0,0,0,0,0,1
00781-1008-05_RXNAVIMAGE10_4712A385_2.jpg,ROUND,YELLOW,10,ROUND_YELLOW,178,0,0,0,0,0,0,0,0,0,0,0,1
00527-1789-01_RXNAVIMAGE10_CC46E637_1.jpg,ROUND,BLUE,10,ROUND_BLUE,160,0,1,0,0,0,0,0,0,0,0,0,0
00527-1789-01_RXNAVIMAGE10_CC46E637_2.jpg,ROUND,BLUE,10,ROUND_BLUE,160,0,1,0,0,0,0,0,0,0,0,0,0
00093-0756-01_RXNAVIMAGE10_19268C94_1.jpg,CAPSULE,GREEN,1,CAPSULE_GREEN,32,0,0,0,0,1,0,0,0,0,0,0,0
00093-0756-01_RXNAVIMAGE10_19268C94_2.jpg,CAPSULE,GREEN,1,CAPSULE_GREEN,32,0,0,0,0,1,0,0,0,0,0,0,0
00078-0384-05_RXNAVIMAGE10_052102A8_1.jpg,CAPSULE,BLUE,1,CAPSULE_BLUE,7,0,1,0,0,0,0,0,0,0,0,0,0
00078-0384-05_RXNAVIMAGE10_052102A8_2.jpg,CAPSULE,BLUE,1,CAPSULE_BLUE,7,0,1,0,0,0,0,0,0,0,0,0,0
49884-0289-01_RXNAVIMAGE10_5208A965_1.jpg,ROUND,WHITE,10,ROUND_WHITE,174,0,0,0,0,0,0,0,0,0,0,1,0
49884-0289-01_RXNAVIMAGE10_5208A965_2.jpg,ROUND,WHITE,10,ROUND_WHITE,174,0,0,0,0,0,0,0,0,0,0,1,0
23155-0116-01_RXNAVIMAGE10_BD3B5E8A_1.jpg,OVAL,WHITE,7,OVAL_WHITE,139,0,0,0,0,0,0,0,0,0,0,1,0
23155-0116-01_RXNAVIMAGE10_BD3B5E8A_2.jpg,OVAL,WHITE,7,OVAL_WHITE,139,0,0,0,0,0,0,0,0,0,0,1,0
00186-0322-54_RXNAVIMAGE10_F512FAE7_1.jpg,OVAL,YELLOW,7,OVAL_YELLOW,145,0,0,0,0,0,0,0,0,0,0,0,1
00186-0322-54_RXNAVIMAGE10_F512FAE7_2.jpg,OVAL,YELLOW,7,OVAL_YELLOW,145,0,0,0,0,0,0,0,0,0,0,0,1
00591-0698-01_RXNAVIMAGE10_E70773DB_1.jpg,OVAL,WHITE,7,OVAL_WHITE,139,0,0,0,0,0,0,0,0,0,0,1,0
00591-0698-01_RXNAVIMAGE10_E70773DB_2.jpg,OVAL,WHITE,7,OVAL_WHITE,139,0,0,0,0,0,0,0,0,0,0,1,0
62756-0147-86_RXNAVIMAGE10_C10EE0B7_1.jpg,CAPSULE,ORANGE,1,CAPSULE_ORANGE,44,0,0,0,0,0,1,0,0,0,0,0,0
62756-0147-86_RXNAVIMAGE10_C10EE0B7_2.jpg,CAPSULE,ORANGE,1,CAPSULE_ORANGE,44,0,0,0,0,0,1,0,0,0,0,0,0
64764-0544-30_RXNAVIMAGE10_96414B1A_1.jpg,ROUND,"WHITE, ORANGE",10,"ROUND_WHITE, ORANGE",176,0,0,0,0,0,1,0,0,0,0,1,0
64764-0544-30_RXNAVIMAGE10_96414B1A_2.jpg,ROUND,"WHITE, ORANGE",10,"ROUND_WHITE, ORANGE",176,0,0,0,0,0,1,0,0,0,0,1,0
51991-0544-90_RXNAVIMAGE10_9608CB26_1.jpg,OVAL,BLACK,7,OVAL_BLACK,122,1,0,0,0,0,0,0,0,0,0,0,0
51991-0544-90_RXNAVIMAGE10_9608CB26_2.jpg,OVAL,BLACK,7,OVAL_BLACK,122,1,0,0,0,0,0,0,0,0,0,0,0
00378-1807-01_RXNAVIMAGE10_1A238D5C_1.jpg,OVAL,GREEN,7,OVAL_GREEN,129,0,0,0,0,1,0,0,0,0,0,0,0
00378-1807-01_RXNAVIMAGE10_1A238D5C_2.jpg,OVAL,GREEN,7,OVAL_GREEN,129,0,0,0,0,1,0,0,0,0,0,0,0
00228-2348-10_RXNAVIMAGE10_D6476B2B_1.jpg,ROUND,WHITE,10,ROUND_WHITE,174,0,0,0,0,0,0,0,0,0,0,1,0
00228-2348-10_RXNAVIMAGE10_D6476B2B_2.jpg,ROUND,WHITE,10,ROUND_WHITE,174,0,0,0,0,0,0,0,0,0,0,1,0
65162-0641-10_RXNAVIMAGE10_003B801C_1.jpg,ROUND,WHITE,10,ROUND_WHITE,174,0,0,0,0,0,0,0,0,0,0,1,0
65162-0641-10_RXNAVIMAGE10_003B801C_2.jpg,ROUND,WHITE,10,ROUND_WHITE,174,0,0,0,0,0,0,0,0,0,0,1,0
24979-0004-06_RXNAVIMAGE10_F04AF857_1.jpg,ROUND,WHITE,10,ROUND_WHITE,174,0,0,0,0,0,0,0,0,0,0,1,0
24979-0004-06_RXNAVIMAGE10_F04AF857_2.jpg,ROUND,WHITE,10,ROUND_WHITE,174,0,0,0,0,0,0,0,0,0,0,1,0
00378-8030-93_RXNAVIMAGE10_7651BB0D_1.jpg,CAPSULE,PINK,1,CAPSULE_PINK,52,0,0,0,0,0,0,1,0,0,0,0,0
00378-8030-93_RXNAVIMAGE10_7651BB0D_2.jpg,CAPSULE,PINK,1,CAPSULE_PINK,52,0,0,0,0,0,0,1,0,0,0,0,0
00173-0758-60_RXNAVIMAGE10_E31971FB_1.jpg,ROUND,"GREEN, WHITE",10,"ROUND_GREEN, WHITE",165,0,0,0,0,1,0,0,0,0,0,1,0
00173-0758-60_RXNAVIMAGE10_E31971FB_2.jpg,ROUND,"GREEN, WHITE",10,"ROUND_GREEN, WHITE",165,0,0,0,0,1,0,0,0,0,0,1,0
65862-0476-01_RXNAVIMAGE10_A351D18E_1.jpg,CAPSULE,RED,1,CAPSULE_RED,69,0,0,0,0,0,0,0,0,1,0,0,0
65862-0476-01_RXNAVIMAGE10_A351D18E_2.jpg,CAPSULE,RED,1,CAPSULE_RED,69,0,0,0,0,0,0,0,0,1,0,0,0
00245-0085-11_RXNAVIMAGE10_724AB925_1.jpg,CAPSULE,WHITE,1,CAPSULE_WHITE,81,0,0,0,0,0,0,0,0,0,0,1,0
00245-0085-11_RXNAVIMAGE10_724AB925_2.jpg,CAPSULE,WHITE,1,CAPSULE_WHITE,81,0,0,0,0,0,0,0,0,0,0,1,0
68180-0559-09_RXNAVIMAGE10_C00E6013_1.jpg,OVAL,YELLOW,7,OVAL_YELLOW,145,0,0,0,0,0,0,0,0,0,0,0,1
68180-0559-09_RXNAVIMAGE10_C00E6013_2.jpg,OVAL,YELLOW,7,OVAL_YELLOW,145,0,0,0,0,0,0,0,0,0,0,0,1
16571-0215-22_RXNAVIMAGE10_4D4326F9_1.jpg,OVAL,PINK,7,OVAL_PINK,133,0,0,0,0,0,0,1,0,0,0,0,0
16571-0215-22_RXNAVIMAGE10_4D4326F9_2.jpg,OVAL,PINK,7,OVAL_PINK,133,0,0,0,0,0,0,1,0,0,0,0,0
64679-0781-02_RXNAVIMAGE10_784DBC5D_1.jpg,OVAL,ORANGE,7,OVAL_ORANGE,130,0,0,0,0,0,1,0,0,0,0,0,0
64679-0781-02_RXNAVIMAGE10_784DBC5D_2.jpg,OVAL,ORANGE,7,OVAL_ORANGE,130,0,0,0,0,0,1,0,0,0,0,0,0
00074-6215-13_RXNAVIMAGE10_00210038_1.jpg,OVAL,PURPLE,7,OVAL_PURPLE,135,0,0,0,0,0,0,0,1,0,0,0,0
00074-6215-13_RXNAVIMAGE10_00210038_2.jpg,OVAL,PURPLE,7,OVAL_PURPLE,135,0,0,0,0,0,0,0,1,0,0,0,0
46672-0053-50_RXNAVIMAGE10_6C3E3601_1.jpg,OVAL,WHITE,7,OVAL_WHITE,139,0,0,0,0,0,0,0,0,0,0,1,0
46672-0053-50_RXNAVIMAGE10_6C3E3601_2.jpg,OVAL,WHITE,7,OVAL_WHITE,139,0,0,0,0,0,0,0,0,0,0,1,0
00555-0138-09_RXNAVIMAGE10_122B894C_1.jpg,ROUND,YELLOW,10,ROUND_YELLOW,178,0,0,0,0,0,0,0,0,0,0,0,1
00555-0138-09_RXNAVIMAGE10_122B894C_2.jpg,ROUND,YELLOW,10,ROUND_YELLOW,178,0,0,0,0,0,0,0,0,0,0,0,1
68382-0272-01_RXNAVIMAGE10_08470408_1.jpg,OVAL,GRAY,7,OVAL_GRAY,127,0,0,0,1,0,0,0,0,0,0,0,0
68382-0272-01_RXNAVIMAGE10_08470408_2.jpg,OVAL,GRAY,7,OVAL_GRAY,127,0,0,0,1,0,0,0,0,0,0,0,0
68682-0065-10_RXNAVIMAGE10_A744D396_1.jpg,OVAL,GREEN,7,OVAL_GREEN,129,0,0,0,0,1,0,0,0,0,0,0,0
68682-0065-10_RXNAVIMAGE10_A744D396_2.jpg,OVAL,GREEN,7,OVAL_GREEN,129,0,0,0,0,1,0,0,0,0,0,0,0
00172-3758-60_RXNAVIMAGE10_092D04F8_1.jpg,SQUARE,WHITE,12,SQUARE_WHITE,185,0,0,0,0,0,0,0,0,0,0,1,0
00172-3758-60_RXNAVIMAGE10_092D04F8_2.jpg,SQUARE,WHITE,12,SQUARE_WHITE,185,0,0,0,0,0,0,0,0,0,0,1,0
64679-0945-01_RXNAVIMAGE10_8712C396_1.jpg,CAPSULE,WHITE,1,CAPSULE_WHITE,81,0,0,0,0,0,0,0,0,0,0,1,0
64679-0945-01_RXNAVIMAGE10_8712C396_2.jpg,CAPSULE,WHITE,1,CAPSULE_WHITE,81,0,0,0,0,0,0,0,0,0,0,1,0
30698-0421-12_RXNAVIMAGE10_5239A91D_1.jpg,CAPSULE,"YELLOW, BLUE",1,"CAPSULE_YELLOW, BLUE",96,0,1,0,0,0,0,0,0,0,0,0,1
30698-0421-12_RXNAVIMAGE10_5239A91D_2.jpg,CAPSULE,"YELLOW, BLUE",1,"CAPSULE_YELLOW, BLUE",96,0,1,0,0,0,0,0,0,0,0,0,1
62559-0160-01_RXNAVIMAGE10_823B411A_1.jpg,OVAL,BROWN,7,OVAL_BROWN,125,0,0,1,0,0,0,0,0,0,0,0,0
62559-0160-01_RXNAVIMAGE10_823B411A_2.jpg,OVAL,BROWN,7,OVAL_BROWN,125,0,0,1,0,0,0,0,0,0,0,0,0
31722-0208-01_RXNAVIMAGE10_673433B1_1.jpg,ROUND,WHITE,10,ROUND_WHITE,174,0,0,0,0,0,0,0,0,0,0,1,0
31722-0208-01_RXNAVIMAGE10_673433B1_2.jpg,ROUND,WHITE,10,ROUND_WHITE,174,0,0,0,0,0,0,0,0,0,0,1,0
57664-0393-88_RXNAVIMAGE10_99504CA2_1.jpg,PENTAGON,PINK,8,PENTAGON_PINK,150,0,0,0,0,0,0,1,0,0,0,0,0
57664-0393-88_RXNAVIMAGE10_99504CA2_2.jpg,PENTAGON,PINK,8,PENTAGON_PINK,150,0,0,0,0,0,0,1,0,0,0,0,0
50474-0920-90_RXNAVIMAGE10_0A47850C_1.jpg,OVAL,WHITE,7,OVAL_WHITE,139,0,0,0,0,0,0,0,0,0,0,1,0
50474-0920-90_RXNAVIMAGE10_0A47850C_2.jpg,OVAL,WHITE,7,OVAL_WHITE,139,0,0,0,0,0,0,0,0,0,0,1,0
00173-0633-10_RXNAVIMAGE10_3D191EB8_1.jpg,HEXAGON,WHITE,5,HEXAGON_WHITE,120,0,0,0,0,0,0,0,0,0,0,1,0
00173-0633-10_RXNAVIMAGE10_3D191EB8_2.jpg,HEXAGON,WHITE,5,HEXAGON_WHITE,120,0,0,0,0,0,0,0,0,0,0,1,0
16714-0082-10_RXNAVIMAGE10_734FB9DD_1.jpg,ROUND,WHITE,10,ROUND_WHITE,174,0,0,0,0,0,0,0,0,0,0,1,0
16714-0082-10_RXNAVIMAGE10_734FB9DD_2.jpg,ROUND,WHITE,10,ROUND_WHITE,174,0,0,0,0,0,0,0,0,0,0,1,0
49884-0724-01_RXNAVIMAGE10_2E3B1748_1.jpg,CAPSULE,"GREEN, PINK",1,"CAPSULE_GREEN, PINK",39,0,0,0,0,1,0,1,0,0,0,0,0
49884-0724-01_RXNAVIMAGE10_2E3B1748_2.jpg,CAPSULE,"GREEN, PINK",1,"CAPSULE_GREEN, PINK",39,0,0,0,0,1,0,1,0,0,0,0,0
53489-0648-01_RXNAVIMAGE10_D31DE9BF_1.jpg,CAPSULE,"WHITE, TURQUOISE",1,"CAPSULE_WHITE, TURQUOISE",91,0,0,0,0,0,0,0,0,0,1,1,0
53489-0648-01_RXNAVIMAGE10_D31DE9BF_2.jpg,CAPSULE,"WHITE, TURQUOISE",1,"CAPSULE_WHITE, TURQUOISE",91,0,0,0,0,0,0,0,0,0,1,1,0
00173-0760-60_RXNAVIMAGE10_FB197DCB_1.jpg,ROUND,"YELLOW, WHITE",10,"ROUND_YELLOW, WHITE",179,0,0,0,0,0,0,0,0,0,0,1,1
00173-0760-60_RXNAVIMAGE10_FB197DCB_2.jpg,ROUND,"YELLOW, WHITE",10,"ROUND_YELLOW, WHITE",179,0,0,0,0,0,0,0,0,0,0,1,1
00085-1722-01_RXNAVIMAGE10_4F1927B9_1.jpg,ROUND,RED,10,ROUND_RED,172,0,0,0,0,0,0,0,0,1,0,0,0
00085-1722-01_RXNAVIMAGE10_4F1927B9_2.jpg,ROUND,RED,10,ROUND_RED,172,0,0,0,0,0,0,0,0,1,0,0,0
59762-4900-01_RXNAVIMAGE10_F022F817_1.jpg,OVAL,BLUE,7,OVAL_BLUE,123,0,1,0,0,0,0,0,0,0,0,0,0
59762-4900-01_RXNAVIMAGE10_F022F817_2.jpg,OVAL,BLUE,7,OVAL_BLUE,123,0,1,0,0,0,0,0,0,0,0,0,0
00378-1902-01_RXNAVIMAGE10_F645FB4F_1.jpg,ROUND,WHITE,10,ROUND_WHITE,174,0,0,0,0,0,0,0,0,0,0,1,0
00378-1902-01_RXNAVIMAGE10_F645FB4F_2.jpg,ROUND,WHITE,10,ROUND_WHITE,174,0,0,0,0,0,0,0,0,0,0,1,0
00591-2520-01_RXNAVIMAGE10_B73A5BF2_1.jpg,OVAL,WHITE,7,OVAL_WHITE,139,0,0,0,0,0,0,0,0,0,0,1,0
00591-2520-01_RXNAVIMAGE10_B73A5BF2_2.jpg,OVAL,WHITE,7,OVAL_WHITE,139,0,0,0,0,0,0,0,0,0,0,1,0
00093-9133-06_RXNAVIMAGE10_A4205202_1.jpg,ROUND,PINK,10,ROUND_PINK,168,0,0,0,0,0,0,1,0,0,0,0,0
00093-9133-06_RXNAVIMAGE10_A4205202_2.jpg,ROUND,PINK,10,ROUND_PINK,168,0,0,0,0,0,0,1,0,0,0,0,0
16714-0452-01_RXNAVIMAGE10_CB4E65D3_1.jpg,ROUND,PINK,10,ROUND_PINK,168,0,0,0,0,0,0,1,0,0,0,0,0
16714-0452-01_RXNAVIMAGE10_CB4E65D3_2.jpg,ROUND,PINK,10,ROUND_PINK,168,0,0,0,0,0,0,1,0,0,0,0,0
00093-5328-62_RXNAVIMAGE10_EE42F727_1.jpg,ROUND,YELLOW,10,ROUND_YELLOW,178,0,0,0,0,0,0,0,0,0,0,0,1
00093-5328-62_RXNAVIMAGE10_EE42F727_2.jpg,ROUND,YELLOW,10,ROUND_YELLOW,178,0,0,0,0,0,0,0,0,0,0,0,1
51293-0612-01_RXNAVIMAGE10_6A3EB525_1.jpg,ROUND,BROWN,10,ROUND_BROWN,162,0,0,1,0,0,0,0,0,0,0,0,0
51293-0612-01_RXNAVIMAGE10_6A3EB525_2.jpg,ROUND,BROWN,10,ROUND_BROWN,162,0,0,1,0,0,0,0,0,0,0,0,0
42543-0727-01_RXNAVIMAGE10_334F99CC_1.jpg,CAPSULE,"BLUE, WHITE",1,"CAPSULE_BLUE, WHITE",16,0,1,0,0,0,0,0,0,0,0,1,0
42543-0727-01_RXNAVIMAGE10_334F99CC_2.jpg,CAPSULE,"BLUE, WHITE",1,"CAPSULE_BLUE, WHITE",16,0,1,0,0,0,0,0,0,0,0,1,0
00574-0250-01_RXNAVIMAGE10_BF15DFBE_1.jpg,ROUND,WHITE,10,ROUND_WHITE,174,0,0,0,0,0,0,0,0,0,0,1,0
00574-0250-01_RXNAVIMAGE10_BF15DFBE_2.jpg,ROUND,WHITE,10,ROUND_WHITE,174,0,0,0,0,0,0,0,0,0,0,1,0
23155-0249-01_RXNAVIMAGE10_F33EF997_1.jpg,OVAL,ORANGE,7,OVAL_ORANGE,130,0,0,0,0,0,1,0,0,0,0,0,0
23155-0249-01_RXNAVIMAGE10_F33EF997_2.jpg,OVAL,ORANGE,7,OVAL_ORANGE,130,0,0,0,0,0,1,0,0,0,0,0,0
00555-0485-27_RXNAVIMAGE10_0D2B86DC_1.jpg,ROUND,GREEN,10,ROUND_GREEN,164,0,0,0,0,1,0,0,0,0,0,0,0
00555-0485-27_RXNAVIMAGE10_0D2B86DC_2.jpg,ROUND,GREEN,10,ROUND_GREEN,164,0,0,0,0,1,0,0,0,0,0,0,0
00085-1322-01_RXNAVIMAGE10_CF07E78F_1.jpg,OVAL,"BLUE, WHITE",7,"OVAL_BLUE, WHITE",124,0,1,0,0,0,0,0,0,0,0,1,0
00085-1322-01_RXNAVIMAGE10_CF07E78F_2.jpg,OVAL,"BLUE, WHITE",7,"OVAL_BLUE, WHITE",124,0,1,0,0,0,0,0,0,0,0,1,0
64720-0124-10_RXNAVIMAGE10_6007B00D_1.jpg,ROUND,YELLOW,10,ROUND_YELLOW,178,0,0,0,0,0,0,0,0,0,0,0,1
64720-0124-10_RXNAVIMAGE10_6007B00D_2.jpg,ROUND,YELLOW,10,ROUND_YELLOW,178,0,0,0,0,0,0,0,0,0,0,0,1
16110-0502-01_RXNAVIMAGE10_9B4ECD96_1.jpg,OVAL,GREEN,7,OVAL_GREEN,129,0,0,0,0,1,0,0,0,0,0,0,0
16110-0502-01_RXNAVIMAGE10_9B4ECD96_2.jpg,OVAL,GREEN,7,OVAL_GREEN,129,0,0,0,0,1,0,0,0,0,0,0,0
16714-0042-11_RXNAVIMAGE10_3F441F90_1.jpg,ROUND,ORANGE,10,ROUND_ORANGE,166,0,0,0,0,0,1,0,0,0,0,0,0
16714-0042-11_RXNAVIMAGE10_3F441F90_2.jpg,ROUND,ORANGE,10,ROUND_ORANGE,166,0,0,0,0,0,1,0,0,0,0,0,0
00591-0796-05_RXNAVIMAGE10_580EAC35_1.jpg,ROUND,YELLOW,10,ROUND_YELLOW,178,0,0,0,0,0,0,0,0,0,0,0,1
00591-0796-05_RXNAVIMAGE10_580EAC35_2.jpg,ROUND,YELLOW,10,ROUND_YELLOW,178,0,0,0,0,0,0,0,0,0,0,0,1
59148-0009-13_RXNAVIMAGE10_9D154ECA_1.jpg,ROUND,YELLOW,10,ROUND_YELLOW,178,0,0,0,0,0,0,0,0,0,0,0,1
59148-0009-13_RXNAVIMAGE10_9D154ECA_2.jpg,ROUND,YELLOW,10,ROUND_YELLOW,178,0,0,0,0,0,0,0,0,0,0,0,1
00093-0926-06_RXNAVIMAGE10_9826CC56_1.jpg,ROUND,ORANGE,10,ROUND_ORANGE,166,0,0,0,0,0,1,0,0,0,0,0,0
00093-0926-06_RXNAVIMAGE10_9826CC56_2.jpg,ROUND,ORANGE,10,ROUND_ORANGE,166,0,0,0,0,0,1,0,0,0,0,0,0
65862-0390-10_RXNAVIMAGE10_373C1BE0_1.jpg,ROUND,WHITE,10,ROUND_WHITE,174,0,0,0,0,0,0,0,0,0,0,1,0
65862-0390-10_RXNAVIMAGE10_373C1BE0_2.jpg,ROUND,WHITE,10,ROUND_WHITE,174,0,0,0,0,0,0,0,0,0,0,1,0
00603-2545-21_RXNAVIMAGE10_F223797B_1.jpg,OVAL,WHITE,7,OVAL_WHITE,139,0,0,0,0,0,0,0,0,0,0,1,0
00603-2545-21_RXNAVIMAGE10_F223797B_2.jpg,OVAL,WHITE,7,OVAL_WHITE,139,0,0,0,0,0,0,0,0,0,0,1,0
49884-0290-01_RXNAVIMAGE10_5508AAB5_1.jpg,ROUND,WHITE,10,ROUND_WHITE,174,0,0,0,0,0,0,0,0,0,0,1,0
49884-0290-01_RXNAVIMAGE10_5508AAB5_2.jpg,ROUND,WHITE,10,ROUND_WHITE,174,0,0,0,0,0,0,0,0,0,0,1,0
68382-0053-01_RXNAVIMAGE10_3D129ED4_1.jpg,OVAL,PURPLE,7,OVAL_PURPLE,135,0,0,0,0,0,0,0,1,0,0,0,0
68382-0053-01_RXNAVIMAGE10_3D129ED4_2.jpg,OVAL,PURPLE,7,OVAL_PURPLE,135,0,0,0,0,0,0,0,1,0,0,0,0
31722-0903-01_RXNAVIMAGE10_8351C1CE_1.jpg,CAPSULE,"ORANGE, BLUE",1,"CAPSULE_ORANGE, BLUE",45,0,1,0,0,0,1,0,0,0,0,0,0
31722-0903-01_RXNAVIMAGE10_8351C1CE_2.jpg,CAPSULE,"ORANGE, BLUE",1,"CAPSULE_ORANGE, BLUE",45,0,1,0,0,0,1,0,0,0,0,0,0
00093-1177-01_RXNAVIMAGE10_4F2B27C9_1.jpg,ROUND,WHITE,10,ROUND_WHITE,174,0,0,0,0,0,0,0,0,0,0,1,0
00093-1177-01_RXNAVIMAGE10_4F2B27C9_2.jpg,ROUND,WHITE,10,ROUND_WHITE,174,0,0,0,0,0,0,0,0,0,0,1,0
59746-0383-06_RXNAVIMAGE10_7334B9F5_1.jpg,CAPSULE,GRAY,1,CAPSULE_GRAY,22,0,0,0,1,0,0,0,0,0,0,0,0
59746-0383-06_RXNAVIMAGE10_7334B9F5_2.jpg,CAPSULE,GRAY,1,CAPSULE_GRAY,22,0,0,0,1,0,0,0,0,0,0,0,0
16714-0691-01_RXNAVIMAGE10_AA4A5562_1.jpg,OVAL,PINK,7,OVAL_PINK,133,0,0,0,0,0,0,1,0,0,0,0,0
16714-0691-01_RXNAVIMAGE10_AA4A5562_2.jpg,OVAL,PINK,7,OVAL_PINK,133,0,0,0,0,0,0,1,0,0,0,0,0
00603-3181-21_RXNAVIMAGE10_403B2079_1.jpg,ROUND,WHITE,10,ROUND_WHITE,174,0,0,0,0,0,0,0,0,0,0,1,0
00603-3181-21_RXNAVIMAGE10_403B2079_2.jpg,ROUND,WHITE,10,ROUND_WHITE,174,0,0,0,0,0,0,0,0,0,0,1,0
00378-1743-89_RXNAVIMAGE10_9D39CE9E_1.jpg,OVAL,ORANGE,7,OVAL_ORANGE,130,0,0,0,0,0,1,0,0,0,0,0,0
00378-1743-89_RXNAVIMAGE10_9D39CE9E_2.jpg,OVAL,ORANGE,7,OVAL_ORANGE,130,0,0,0,0,0,1,0,0,0,0,0,0
00591-0607-01_RXNAVIMAGE10_CC0E6613_1.jpg,ROUND,BLUE,10,ROUND_BLUE,160,0,1,0,0,0,0,0,0,0,0,0,0
00591-0607-01_RXNAVIMAGE10_CC0E6613_2.jpg,ROUND,BLUE,10,ROUND_BLUE,160,0,1,0,0,0,0,0,0,0,0,0,0
00054-0220-25_RXNAVIMAGE10_BE4B5F7A_1.jpg,ROUND,WHITE,10,ROUND_WHITE,174,0,0,0,0,0,0,0,0,0,0,1,0
00054-0220-25_RXNAVIMAGE10_BE4B5F7A_2.jpg,ROUND,WHITE,10,ROUND_WHITE,174,0,0,0,0,0,0,0,0,0,0,1,0
10147-1700-03_RXNAVIMAGE10_E60E7363_1.jpg,CAPSULE,"BLUE, PINK",1,"CAPSULE_BLUE, PINK",13,0,1,0,0,0,0,1,0,0,0,0,0
10147-1700-03_RXNAVIMAGE10_E60E7363_2.jpg,CAPSULE,"BLUE, PINK",1,"CAPSULE_BLUE, PINK",13,0,1,0,0,0,0,1,0,0,0,0,0
00185-0171-01_RXNAVIMAGE10_BE32DF66_1.jpg,OVAL,BLUE,7,OVAL_BLUE,123,0,1,0,0,0,0,0,0,0,0,0,0
00185-0171-01_RXNAVIMAGE10_BE32DF66_2.jpg,OVAL,BLUE,7,OVAL_BLUE,123,0,1,0,0,0,0,0,0,0,0,0,0
00054-0163-29_RXNAVIMAGE10_D144E897_1.jpg,CAPSULE,"BLUE, ORANGE",1,"CAPSULE_BLUE, ORANGE",12,0,1,0,0,0,1,0,0,0,0,0,0
00054-0163-29_RXNAVIMAGE10_D144E897_2.jpg,CAPSULE,"BLUE, ORANGE",1,"CAPSULE_BLUE, ORANGE",12,0,1,0,0,0,1,0,0,0,0,0,0
68012-0258-20_RXNAVIMAGE10_C91364AB_1.jpg,ROUND,WHITE,10,ROUND_WHITE,174,0,0,0,0,0,0,0,0,0,0,1,0
68012-0258-20_RXNAVIMAGE10_C91364AB_2.jpg,ROUND,WHITE,10,ROUND_WHITE,174,0,0,0,0,0,0,0,0,0,0,1,0
00093-3099-56_RXNAVIMAGE10_3B439DAC_1.jpg,ROUND,YELLOW,10,ROUND_YELLOW,178,0,0,0,0,0,0,0,0,0,0,0,1
00093-3099-56_RXNAVIMAGE10_3B439DAC_2.jpg,ROUND,YELLOW,10,ROUND_YELLOW,178,0,0,0,0,0,0,0,0,0,0,0,1
64380-0735-06_RXNAVIMAGE10_7A443D01_1.jpg,ROUND,ORANGE,10,ROUND_ORANGE,166,0,0,0,0,0,1,0,0,0,0,0,0
64380-0735-06_RXNAVIMAGE10_7A443D01_2.jpg,ROUND,ORANGE,10,ROUND_ORANGE,166,0,0,0,0,0,1,0,0,0,0,0,0
33342-0055-10_RXNAVIMAGE10_D9496CEB_1.jpg,ROUND,WHITE,10,ROUND_WHITE,174,0,0,0,0,0,0,0,0,0,0,1,0
33342-0055-10_RXNAVIMAGE10_D9496CEB_2.jpg,ROUND,WHITE,10,ROUND_WHITE,174,0,0,0,0,0,0,0,0,0,0,1,0
00074-3074-90_RXNAVIMAGE10_991B4C8A_1.jpg,OVAL,ORANGE,7,OVAL_ORANGE,130,0,0,0,0,0,1,0,0,0,0,0,0
00074-3074-90_RXNAVIMAGE10_991B4C8A_2.jpg,OVAL,ORANGE,7,OVAL_ORANGE,130,0,0,0,0,0,1,0,0,0,0,0,0
51991-0735-20_RXNAVIMAGE10_544B2A39_1.jpg,TRIANGLE,WHITE,15,TRIANGLE_WHITE,202,0,0,0,0,0,0,0,0,0,0,1,0
51991-0735-20_RXNAVIMAGE10_544B2A39_2.jpg,TRIANGLE,WHITE,15,TRIANGLE_WHITE,202,0,0,0,0,0,0,0,0,0,0,1,0
00378-1724-93_RXNAVIMAGE10_344B1A48_1.jpg,OVAL,ORANGE,7,OVAL_ORANGE,130,0,0,0,0,0,1,0,0,0,0,0,0
00378-1724-93_RXNAVIMAGE10_344B1A48_2.jpg,OVAL,ORANGE,7,OVAL_ORANGE,130,0,0,0,0,0,1,0,0,0,0,0,0
68462-0331-90_RXNAVIMAGE10_F43E7A43_1.jpg,OVAL,WHITE,7,OVAL_WHITE,139,0,0,0,0,0,0,0,0,0,0,1,0
68462-0331-90_RXNAVIMAGE10_F43E7A43_2.jpg,OVAL,WHITE,7,OVAL_WHITE,139,0,0,0,0,0,0,0,0,0,0,1,0
47335-0673-81_RXNAVIMAGE10_5A402D11_1.jpg,CAPSULE,GREEN,1,CAPSULE_GREEN,32,0,0,0,0,1,0,0,0,0,0,0,0
47335-0673-81_RXNAVIMAGE10_5A402D11_2.jpg,CAPSULE,GREEN,1,CAPSULE_GREEN,32,0,0,0,0,1,0,0,0,0,0,0,0
00032-1708-01_RXNAVIMAGE10_584DAC0D_1.jpg,ROUND,ORANGE,10,ROUND_ORANGE,166,0,0,0,0,0,1,0,0,0,0,0,0
00032-1708-01_RXNAVIMAGE10_584DAC0D_2.jpg,ROUND,ORANGE,10,ROUND_ORANGE,166,0,0,0,0,0,1,0,0,0,0,0,0
64679-0921-01_RXNAVIMAGE10_EB3475B3_1.jpg,ROUND,WHITE,10,ROUND_WHITE,174,0,0,0,0,0,0,0,0,0,0,1,0
64679-0921-01_RXNAVIMAGE10_EB3475B3_2.jpg,ROUND,WHITE,10,ROUND_WHITE,174,0,0,0,0,0,0,0,0,0,0,1,0
51079-0811-20_RXNAVIMAGE10_0833846C_1.jpg,ROUND,WHITE,10,ROUND_WHITE,174,0,0,0,0,0,0,0,0,0,0,1,0
51079-0811-20_RXNAVIMAGE10_0833846C_2.jpg,ROUND,WHITE,10,ROUND_WHITE,174,0,0,0,0,0,0,0,0,0,0,1,0
00093-5509-44_RXNAVIMAGE10_F8437C7B_1.jpg,OVAL,WHITE,7,OVAL_WHITE,139,0,0,0,0,0,0,0,0,0,0,1,0
00093-5509-44_RXNAVIMAGE10_F8437C7B_2.jpg,OVAL,WHITE,7,OVAL_WHITE,139,0,0,0,0,0,0,0,0,0,0,1,0
68180-0591-02_RXNAVIMAGE10_AE0ED726_1.jpg,CAPSULE,BLUE,1,CAPSULE_BLUE,7,0,1,0,0,0,0,0,0,0,0,0,0
68180-0591-02_RXNAVIMAGE10_AE0ED726_2.jpg,CAPSULE,BLUE,1,CAPSULE_BLUE,7,0,1,0,0,0,0,0,0,0,0,0,0
00085-1758-01_RXNAVIMAGE10_051902F8_1.jpg,ROUND,WHITE,10,ROUND_WHITE,174,0,0,0,0,0,0,0,0,0,0,1,0
00085-1758-01_RXNAVIMAGE10_051902F8_2.jpg,ROUND,WHITE,10,ROUND_WHITE,174,0,0,0,0,0,0,0,0,0,0,1,0
00555-0095-96_RXNAVIMAGE10_AF4257C2_1.jpg,ROUND,WHITE,10,ROUND_WHITE,174,0,0,0,0,0,0,0,0,0,0,1,0
00555-0095-96_RXNAVIMAGE10_AF4257C2_2.jpg,ROUND,WHITE,10,ROUND_WHITE,174,0,0,0,0,0,0,0,0,0,0,1,0
65162-0751-10_RXNAVIMAGE10_6451B26D_1.jpg,ROUND,WHITE,10,ROUND_WHITE,174,0,0,0,0,0,0,0,0,0,0,1,0
65162-0751-10_RXNAVIMAGE10_6451B26D_2.jpg,ROUND,WHITE,10,ROUND_WHITE,174,0,0,0,0,0,0,0,0,0,0,1,0
00456-0457-01_RXNAVIMAGE10_D51D6AFB_1.jpg,ROUND,BROWN,10,ROUND_BROWN,162,0,0,1,0,0,0,0,0,0,0,0,0
00456-0457-01_RXNAVIMAGE10_D51D6AFB_2.jpg,ROUND,BROWN,10,ROUND_BROWN,162,0,0,1,0,0,0,0,0,0,0,0,0
53746-0077-01_RXNAVIMAGE10_6605B34D_1.jpg,OVAL,TURQUOISE,7,OVAL_TURQUOISE,138,0,0,0,0,0,0,0,0,0,1,0,0
53746-0077-01_RXNAVIMAGE10_6605B34D_2.jpg,OVAL,TURQUOISE,7,OVAL_TURQUOISE,138,0,0,0,0,0,0,0,0,0,1,0,0
00093-6148-82_RXNAVIMAGE10_7F36BFD5_1.jpg,ROUND,ORANGE,10,ROUND_ORANGE,166,0,0,0,0,0,1,0,0,0,0,0,0
00093-6148-82_RXNAVIMAGE10_7F36BFD5_2.jpg,ROUND,ORANGE,10,ROUND_ORANGE,166,0,0,0,0,0,1,0,0,0,0,0,0
00536-0355-10_RXNAVIMAGE10_E746F3B7_1.jpg,ROUND,BROWN,10,ROUND_BROWN,162,0,0,1,0,0,0,0,0,0,0,0,0
00536-0355-10_RXNAVIMAGE10_E746F3B7_2.jpg,ROUND,BROWN,10,ROUND_BROWN,162,0,0,1,0,0,0,0,0,0,0,0,0
65862-0063-99_RXNAVIMAGE10_CF1D67FB_1.jpg,ROUND,PINK,10,ROUND_PINK,168,0,0,0,0,0,0,1,0,0,0,0,0
65862-0063-99_RXNAVIMAGE10_CF1D67FB_2.jpg,ROUND,PINK,10,ROUND_PINK,168,0,0,0,0,0,0,1,0,0,0,0,0
00781-5181-01_RXNAVIMAGE10_6C23B66D_1.jpg,OVAL,WHITE,7,OVAL_WHITE,139,0,0,0,0,0,0,0,0,0,0,1,0
00781-5181-01_RXNAVIMAGE10_6C23B66D_2.jpg,OVAL,WHITE,7,OVAL_WHITE,139,0,0,0,0,0,0,0,0,0,0,1,0
68382-0005-14_RXNAVIMAGE10_8B3CC5F6_1.jpg,CAPSULE,WHITE,1,CAPSULE_WHITE,81,0,0,0,0,0,0,0,0,0,0,1,0
68382-0005-14_RXNAVIMAGE10_8B3CC5F6_2.jpg,CAPSULE,WHITE,1,CAPSULE_WHITE,81,0,0,0,0,0,0,0,0,0,0,1,0
65597-0113-90_RXNAVIMAGE10_D139E8DF_1.jpg,ROUND,RED,10,ROUND_RED,172,0,0,0,0,0,0,0,0,1,0,0,0
65597-0113-90_RXNAVIMAGE10_D139E8DF_2.jpg,ROUND,RED,10,ROUND_RED,172,0,0,0,0,0,0,0,0,1,0,0,0
00555-0633-02_RXNAVIMAGE10_72303931_1.jpg,CAPSULE,"YELLOW, WHITE",1,"CAPSULE_YELLOW, WHITE",103,0,0,0,0,0,0,0,0,0,0,1,1
00555-0633-02_RXNAVIMAGE10_72303931_2.jpg,CAPSULE,"YELLOW, WHITE",1,"CAPSULE_YELLOW, WHITE",103,0,0,0,0,0,0,0,0,0,0,1,1
53489-0146-01_RXNAVIMAGE10_8021C06E_1.jpg,OVAL,WHITE,7,OVAL_WHITE,139,0,0,0,0,0,0,0,0,0,0,1,0
53489-0146-01_RXNAVIMAGE10_8021C06E_2.jpg,OVAL,WHITE,7,OVAL_WHITE,139,0,0,0,0,0,0,0,0,0,0,1,0
00228-2717-11_RXNAVIMAGE10_56232B19_1.jpg,ROUND,YELLOW,10,ROUND_YELLOW,178,0,0,0,0,0,0,0,0,0,0,0,1
00228-2717-11_RXNAVIMAGE10_56232B19_2.jpg,ROUND,YELLOW,10,ROUND_YELLOW,178,0,0,0,0,0,0,0,0,0,0,0,1
00093-7306-06_RXNAVIMAGE10_BC42DE66_1.jpg,CAPSULE,"WHITE, ORANGE",1,"CAPSULE_WHITE, ORANGE",87,0,0,0,0,0,1,0,0,0,0,1,0
00093-7306-06_RXNAVIMAGE10_BC42DE66_2.jpg,CAPSULE,"WHITE, ORANGE",1,"CAPSULE_WHITE, ORANGE",87,0,0,0,0,0,1,0,0,0,0,1,0
45963-0600-09_RXNAVIMAGE10_863B432A_1.jpg,ROUND,RED,10,ROUND_RED,172,0,0,0,0,0,0,0,0,1,0,0,0
45963-0600-09_RXNAVIMAGE10_863B432A_2.jpg,ROUND,RED,10,ROUND_RED,172,0,0,0,0,0,0,0,0,1,0,0,0
50458-0140-90_RXNAVIMAGE10_4744A395_1.jpg,OVAL,YELLOW,7,OVAL_YELLOW,145,0,0,0,0,0,0,0,0,0,0,0,1
50458-0140-90_RXNAVIMAGE10_4744A395_2.jpg,OVAL,YELLOW,7,OVAL_YELLOW,145,0,0,0,0,0,0,0,0,0,0,0,1
16571-0413-05_RXNAVIMAGE10_B33A59E2_1.jpg,OVAL,WHITE,7,OVAL_WHITE,139,0,0,0,0,0,0,0,0,0,0,1,0
16571-0413-05_RXNAVIMAGE10_B33A59E2_2.jpg,OVAL,WHITE,7,OVAL_WHITE,139,0,0,0,0,0,0,0,0,0,0,1,0
00378-0611-01_RXNAVIMAGE10_070903F8_1.jpg,ROUND,BROWN,10,ROUND_BROWN,162,0,0,1,0,0,0,0,0,0,0,0,0
00378-0611-01_RXNAVIMAGE10_070903F8_2.jpg,ROUND,BROWN,10,ROUND_BROWN,162,0,0,1,0,0,0,0,0,0,0,0,0
51285-0368-01_RXNAVIMAGE10_1D1D8E9C_1.jpg,OVAL,PINK,7,OVAL_PINK,133,0,0,0,0,0,0,1,0,0,0,0,0
51285-0368-01_RXNAVIMAGE10_1D1D8E9C_2.jpg,OVAL,PINK,7,OVAL_PINK,133,0,0,0,0,0,0,1,0,0,0,0,0
00527-1632-10_RXNAVIMAGE10_8E41C73E_1.jpg,CAPSULE,WHITE,1,CAPSULE_WHITE,81,0,0,0,0,0,0,0,0,0,0,1,0
00527-1632-10_RXNAVIMAGE10_8E41C73E_2.jpg,CAPSULE,WHITE,1,CAPSULE_WHITE,81,0,0,0,0,0,0,0,0,0,0,1,0
00555-0096-96_RXNAVIMAGE10_274213B0_1.jpg,ROUND,WHITE,10,ROUND_WHITE,174,0,0,0,0,0,0,0,0,0,0,1,0
00555-0096-96_RXNAVIMAGE10_274213B0_2.jpg,ROUND,WHITE,10,ROUND_WHITE,174,0,0,0,0,0,0,0,0,0,0,1,0
00173-0759-60_RXNAVIMAGE10_F8197C7B_1.jpg,ROUND,"BLUE, WHITE",10,"ROUND_BLUE, WHITE",161,0,1,0,0,0,0,0,0,0,0,1,0
00173-0759-60_RXNAVIMAGE10_F8197C7B_2.jpg,ROUND,"BLUE, WHITE",10,"ROUND_BLUE, WHITE",161,0,1,0,0,0,0,0,0,0,0,1,0
51285-0127-97_RXNAVIMAGE10_8F42C7E6_1.jpg,ROUND,PINK,10,ROUND_PINK,168,0,0,0,0,0,0,1,0,0,0,0,0
51285-0127-97_RXNAVIMAGE10_8F42C7E6_2.jpg,ROUND,PINK,10,ROUND_PINK,168,0,0,0,0,0,0,1,0,0,0,0,0
55111-0322-01_RXNAVIMAGE10_37079BFC_1.jpg,OVAL,TURQUOISE,7,OVAL_TURQUOISE,138,0,0,0,0,0,0,0,0,0,1,0,0
55111-0322-01_RXNAVIMAGE10_37079BFC_2.jpg,OVAL,TURQUOISE,7,OVAL_TURQUOISE,138,0,0,0,0,0,0,0,0,0,1,0,0
62175-0486-37_RXNAVIMAGE10_8D12C6C6_1.jpg,CAPSULE,"PINK, PINK",1,"CAPSULE_PINK, PINK",57,0,0,0,0,0,0,1,0,0,0,0,0
62175-0486-37_RXNAVIMAGE10_8D12C6C6_2.jpg,CAPSULE,"PINK, PINK",1,"CAPSULE_PINK, PINK",57,0,0,0,0,0,0,1,0,0,0,0,0
00185-0771-30_RXNAVIMAGE10_8B39C59E_1.jpg,ROUND,PINK,10,ROUND_PINK,168,0,0,0,0,0,0,1,0,0,0,0,0
00185-0771-30_RXNAVIMAGE10_8B39C59E_2.jpg,ROUND,PINK,10,ROUND_PINK,168,0,0,0,0,0,0,1,0,0,0,0,0
64764-0543-11_RXNAVIMAGE10_2D3F96DC_1.jpg,ROUND,"WHITE, BROWN",10,"ROUND_WHITE, BROWN",175,0,0,1,0,0,0,0,0,0,0,1,0
64764-0543-11_RXNAVIMAGE10_2D3F96DC_2.jpg,ROUND,"WHITE, BROWN",10,"ROUND_WHITE, BROWN",175,0,0,1,0,0,0,0,0,0,0,1,0
00591-0676-01_RXNAVIMAGE10_B205591A_1.jpg,ROUND,PINK,10,ROUND_PINK,168,0,0,0,0,0,0,1,0,0,0,0,0
00591-0676-01_RXNAVIMAGE10_B205591A_2.jpg,ROUND,PINK,10,ROUND_PINK,168,0,0,0,0,0,0,1,0,0,0,0,0
59762-5011-01_RXNAVIMAGE10_1D230EC8_1.jpg,ROUND,YELLOW,10,ROUND_YELLOW,178,0,0,0,0,0,0,0,0,0,0,0,1
59762-5011-01_RXNAVIMAGE10_1D230EC8_2.jpg,ROUND,YELLOW,10,ROUND_YELLOW,178,0,0,0,0,0,0,0,0,0,0,0,1
00406-0362-01_RXNAVIMAGE10_D115E8BF_1.jpg,OVAL,WHITE,7,OVAL_WHITE,139,0,0,0,0,0,0,0,0,0,0,1,0
00406-0362-01_RXNAVIMAGE10_D115E8BF_2.jpg,OVAL,WHITE,7,OVAL_WHITE,139,0,0,0,0,0,0,0,0,0,0,1,0
00093-2070-01_RXNAVIMAGE10_A743D3DE_1.jpg,ROUND,WHITE,10,ROUND_WHITE,174,0,0,0,0,0,0,0,0,0,0,1,0
00093-2070-01_RXNAVIMAGE10_A743D3DE_2.jpg,ROUND,WHITE,10,ROUND_WHITE,174,0,0,0,0,0,0,0,0,0,0,1,0
62037-0559-01_RXNAVIMAGE10_F30E7993_1.jpg,CAPSULE,WHITE,1,CAPSULE_WHITE,81,0,0,0,0,0,0,0,0,0,0,1,0
62037-0559-01_RXNAVIMAGE10_F30E7993_2.jpg,CAPSULE,WHITE,1,CAPSULE_WHITE,81,0,0,0,0,0,0,0,0,0,0,1,0
53489-0135-01_RXNAVIMAGE10_36211B38_1.jpg,ROUND,WHITE,10,ROUND_WHITE,174,0,0,0,0,0,0,0,0,0,0,1,0
53489-0135-01_RXNAVIMAGE10_36211B38_2.jpg,ROUND,WHITE,10,ROUND_WHITE,174,0,0,0,0,0,0,0,0,0,0,1,0
23155-0055-19_RXNAVIMAGE10_66453369_1.jpg,SEMI-CIRCLE,WHITE,11,SEMI-CIRCLE_WHITE,181,0,0,0,0,0,0,0,0,0,0,1,0
23155-0055-19_RXNAVIMAGE10_66453369_2.jpg,SEMI-CIRCLE,WHITE,11,SEMI-CIRCLE_WHITE,181,0,0,0,0,0,0,0,0,0,0,1,0
52544-0247-28_RXNAVIMAGE10_59452CA9_1.jpg,ROUND,GREEN,10,ROUND_GREEN,164,0,0,0,0,1,0,0,0,0,0,0,0
52544-0247-28_RXNAVIMAGE10_59452CA9_2.jpg,ROUND,GREEN,10,ROUND_GREEN,164,0,0,0,0,1,0,0,0,0,0,0,0
57664-0107-88_RXNAVIMAGE10_064A0340_1.jpg,ROUND,PINK,10,ROUND_PINK,168,0,0,0,0,0,0,1,0,0,0,0,0
57664-0107-88_RXNAVIMAGE10_064A0340_2.jpg,ROUND,PINK,10,ROUND_PINK,168,0,0,0,0,0,0,1,0,0,0,0,0
53746-0179-01_RXNAVIMAGE10_C744E387_1.jpg,OVAL,WHITE,7,OVAL_WHITE,139,0,0,0,0,0,0,0,0,0,0,1,0
53746-0179-01_RXNAVIMAGE10_C744E387_2.jpg,OVAL,WHITE,7,OVAL_WHITE,139,0,0,0,0,0,0,0,0,0,0,1,0
00093-0811-01_RXNAVIMAGE10_15270A98_1.jpg,CAPSULE,"WHITE, ORANGE",1,"CAPSULE_WHITE, ORANGE",87,0,0,0,0,0,1,0,0,0,0,1,0
00093-0811-01_RXNAVIMAGE10_15270A98_2.jpg,CAPSULE,"WHITE, ORANGE",1,"CAPSULE_WHITE, ORANGE",87,0,0,0,0,0,1,0,0,0,0,1,0
64980-0185-01_RXNAVIMAGE10_20501010_1.jpg,ROUND,WHITE,10,ROUND_WHITE,174,0,0,0,0,0,0,0,0,0,0,1,0
64980-0185-01_RXNAVIMAGE10_20501010_2.jpg,ROUND,WHITE,10,ROUND_WHITE,174,0,0,0,0,0,0,0,0,0,0,1,0
00131-3268-32_RXNAVIMAGE10_B63CDB56_1.jpg,ROUND,WHITE,10,ROUND_WHITE,174,0,0,0,0,0,0,0,0,0,0,1,0
00131-3268-32_RXNAVIMAGE10_B63CDB56_2.jpg,ROUND,WHITE,10,ROUND_WHITE,174,0,0,0,0,0,0,0,0,0,0,1,0
65162-0711-10_RXNAVIMAGE10_B049587A_1.jpg,OVAL,WHITE,7,OVAL_WHITE,139,0,0,0,0,0,0,0,0,0,0,1,0
65162-0711-10_RXNAVIMAGE10_B049587A_2.jpg,OVAL,WHITE,7,OVAL_WHITE,139,0,0,0,0,0,0,0,0,0,0,1,0
00093-2932-01_RXNAVIMAGE10_04090248_1.jpg,ROUND,WHITE,10,ROUND_WHITE,174,0,0,0,0,0,0,0,0,0,0,1,0
00093-2932-01_RXNAVIMAGE10_04090248_2.jpg,ROUND,WHITE,10,ROUND_WHITE,174,0,0,0,0,0,0,0,0,0,0,1,0
00093-7168-98_RXNAVIMAGE10_4229A13D_1.jpg,ROUND,WHITE,10,ROUND_WHITE,174,0,0,0,0,0,0,0,0,0,0,1,0
00093-7168-98_RXNAVIMAGE10_4229A13D_2.jpg,ROUND,WHITE,10,ROUND_WHITE,174,0,0,0,0,0,0,0,0,0,0,1,0
00087-2773-32_RXNAVIMAGE10_EF12F7E7_1.jpg,OVAL,WHITE,7,OVAL_WHITE,139,0,0,0,0,0,0,0,0,0,0,1,0
00087-2773-32_RXNAVIMAGE10_EF12F7E7_2.jpg,OVAL,WHITE,7,OVAL_WHITE,139,0,0,0,0,0,0,0,0,0,0,1,0
65862-0201-90_RXNAVIMAGE10_234A1180_1.jpg,OVAL,GREEN,7,OVAL_GREEN,129,0,0,0,0,1,0,0,0,0,0,0,0
65862-0201-90_RXNAVIMAGE10_234A1180_2.jpg,OVAL,GREEN,7,OVAL_GREEN,129,0,0,0,0,1,0,0,0,0,0,0,0
00527-1788-01_RXNAVIMAGE10_C346E1E7_1.jpg,ROUND,WHITE,10,ROUND_WHITE,174,0,0,0,0,0,0,0,0,0,0,1,0
00527-1788-01_RXNAVIMAGE10_C346E1E7_2.jpg,ROUND,WHITE,10,ROUND_WHITE,174,0,0,0,0,0,0,0,0,0,0,1,0
00093-5513-89_RXNAVIMAGE10_B7365BE2_1.jpg,CAPSULE,"GRAY, GREEN",1,"CAPSULE_GRAY, GREEN",25,0,0,0,1,1,0,0,0,0,0,0,0
00093-5513-89_RXNAVIMAGE10_B7365BE2_2.jpg,CAPSULE,"GRAY, GREEN",1,"CAPSULE_GRAY, GREEN",25,0,0,0,1,1,0,0,0,0,0,0,0
00004-1101-50_RXNAVIMAGE10_3E3D1F08_1.jpg,OVAL,PINK,7,OVAL_PINK,133,0,0,0,0,0,0,1,0,0,0,0,0
00004-1101-50_RXNAVIMAGE10_3E3D1F08_2.jpg,OVAL,PINK,7,OVAL_PINK,133,0,0,0,0,0,0,1,0,0,0,0,0
57664-0109-88_RXNAVIMAGE10_A34DD18E_1.jpg,ROUND,PINK,10,ROUND_PINK,168,0,0,0,0,0,0,1,0,0,0,0,0
57664-0109-88_RXNAVIMAGE10_A34DD18E_2.jpg,ROUND,PINK,10,ROUND_PINK,168,0,0,0,0,0,0,1,0,0,0,0,0
00078-0485-15_RXNAVIMAGE10_E11D70FB_1.jpg,ROUND,PINK,10,ROUND_PINK,168,0,0,0,0,0,0,1,0,0,0,0,0
00078-0485-15_RXNAVIMAGE10_E11D70FB_2.jpg,ROUND,PINK,10,ROUND_PINK,168,0,0,0,0,0,0,1,0,0,0,0,0
00093-4030-01_RXNAVIMAGE10_04268274_1.jpg,CAPSULE,GREEN,1,CAPSULE_GREEN,32,0,0,0,0,1,0,0,0,0,0,0,0
00093-4030-01_RXNAVIMAGE10_04268274_2.jpg,CAPSULE,GREEN,1,CAPSULE_GREEN,32,0,0,0,0,1,0,0,0,0,0,0,0
00093-9175-01_RXNAVIMAGE10_B9355CEA_1.jpg,ROUND,WHITE,10,ROUND_WHITE,174,0,0,0,0,0,0,0,0,0,0,1,0
00093-9175-01_RXNAVIMAGE10_B9355CEA_2.jpg,ROUND,WHITE,10,ROUND_WHITE,174,0,0,0,0,0,0,0,0,0,0,1,0
60505-2795-00_RXNAVIMAGE10_6F51B7AD_1.jpg,OVAL,WHITE,7,OVAL_WHITE,139,0,0,0,0,0,0,0,0,0,0,1,0
60505-2795-00_RXNAVIMAGE10_6F51B7AD_2.jpg,OVAL,WHITE,7,OVAL_WHITE,139,0,0,0,0,0,0,0,0,0,0,1,0
49884-0545-01_RXNAVIMAGE10_EE23776B_1.jpg,OVAL,BROWN,7,OVAL_BROWN,125,0,0,1,0,0,0,0,0,0,0,0,0
49884-0545-01_RXNAVIMAGE10_EE23776B_2.jpg,OVAL,BROWN,7,OVAL_BROWN,125,0,0,1,0,0,0,0,0,0,0,0,0
27437-0208-11_RXNAVIMAGE10_B5505AE2_1.jpg,CAPSULE,PINK,1,CAPSULE_PINK,52,0,0,0,0,0,0,1,0,0,0,0,0
27437-0208-11_RXNAVIMAGE10_B5505AE2_2.jpg,CAPSULE,PINK,1,CAPSULE_PINK,52,0,0,0,0,0,0,1,0,0,0,0,0
00185-0149-01_RXNAVIMAGE10_7608BB65_1.jpg,ROUND,GRAY,10,ROUND_GRAY,163,0,0,0,1,0,0,0,0,0,0,0,0
00185-0149-01_RXNAVIMAGE10_7608BB65_2.jpg,ROUND,GRAY,10,ROUND_GRAY,163,0,0,0,1,0,0,0,0,0,0,0,0
10370-0191-05_RXNAVIMAGE10_AE4E5732_1.jpg,ROUND,WHITE,10,ROUND_WHITE,174,0,0,0,0,0,0,0,0,0,0,1,0
10370-0191-05_RXNAVIMAGE10_AE4E5732_2.jpg,ROUND,WHITE,10,ROUND_WHITE,174,0,0,0,0,0,0,0,0,0,0,1,0
53489-0138-01_RXNAVIMAGE10_B3205982_1.jpg,ROUND,WHITE,10,ROUND_WHITE,174,0,0,0,0,0,0,0,0,0,0,1,0
53489-0138-01_RXNAVIMAGE10_B3205982_2.jpg,ROUND,WHITE,10,ROUND_WHITE,174,0,0,0,0,0,0,0,0,0,0,1,0
60505-1321-01_RXNAVIMAGE10_4250A135_1.jpg,ROUND,ORANGE,10,ROUND_ORANGE,166,0,0,0,0,0,1,0,0,0,0,0,0
60505-1321-01_RXNAVIMAGE10_4250A135_2.jpg,ROUND,ORANGE,10,ROUND_ORANGE,166,0,0,0,0,0,1,0,0,0,0,0,0
68462-0388-84_RXNAVIMAGE10_3C471E78_1.jpg,ROUND,ORANGE,10,ROUND_ORANGE,166,0,0,0,0,0,1,0,0,0,0,0,0
68462-0388-84_RXNAVIMAGE10_3C471E78_2.jpg,ROUND,ORANGE,10,ROUND_ORANGE,166,0,0,0,0,0,1,0,0,0,0,0,0
62175-0270-37_RXNAVIMAGE10_C70863A3_1.jpg,ROUND,WHITE,10,ROUND_WHITE,174,0,0,0,0,0,0,0,0,0,0,1,0
62175-0270-37_RXNAVIMAGE10_C70863A3_2.jpg,ROUND,WHITE,10,ROUND_WHITE,174,0,0,0,0,0,0,0,0,0,0,1,0
00074-6320-13_RXNAVIMAGE10_0B0585EC_1.jpg,OVAL,WHITE,7,OVAL_WHITE,139,0,0,0,0,0,0,0,0,0,0,1,0
00074-6320-13_RXNAVIMAGE10_0B0585EC_2.jpg,OVAL,WHITE,7,OVAL_WHITE,139,0,0,0,0,0,0,0,0,0,0,1,0
55111-0189-01_RXNAVIMAGE10_D7416BBB_1.jpg,ROUND,WHITE,10,ROUND_WHITE,174,0,0,0,0,0,0,0,0,0,0,1,0
55111-0189-01_RXNAVIMAGE10_D7416BBB_2.jpg,ROUND,WHITE,10,ROUND_WHITE,174,0,0,0,0,0,0,0,0,0,0,1,0
00093-2055-06_RXNAVIMAGE10_B12B588A_1.jpg,ROUND,WHITE,10,ROUND_WHITE,174,0,0,0,0,0,0,0,0,0,0,1,0
00093-2055-06_RXNAVIMAGE10_B12B588A_2.jpg,ROUND,WHITE,10,ROUND_WHITE,174,0,0,0,0,0,0,0,0,0,0,1,0
68180-0589-01_RXNAVIMAGE10_C2506113_1.jpg,CAPSULE,ORANGE,1,CAPSULE_ORANGE,44,0,0,0,0,0,1,0,0,0,0,0,0
68180-0589-01_RXNAVIMAGE10_C2506113_2.jpg,CAPSULE,ORANGE,1,CAPSULE_ORANGE,44,0,0,0,0,0,1,0,0,0,0,0,0
59762-5018-01_RXNAVIMAGE10_3B269DD4_1.jpg,TRAPEZOID,PINK,14,TRAPEZOID_PINK,194,0,0,0,0,0,0,1,0,0,0,0,0
59762-5018-01_RXNAVIMAGE10_3B269DD4_2.jpg,TRAPEZOID,PINK,14,TRAPEZOID_PINK,194,0,0,0,0,0,0,1,0,0,0,0,0
00093-7426-56_RXNAVIMAGE10_DC27EE6F_1.jpg,ROUND,BROWN,10,ROUND_BROWN,162,0,0,1,0,0,0,0,0,0,0,0,0
00093-7426-56_RXNAVIMAGE10_DC27EE6F_2.jpg,ROUND,BROWN,10,ROUND_BROWN,162,0,0,1,0,0,0,0,0,0,0,0,0
65862-0008-99_RXNAVIMAGE10_B044D816_1.jpg,ROUND,WHITE,10,ROUND_WHITE,174,0,0,0,0,0,0,0,0,0,0,1,0
65862-0008-99_RXNAVIMAGE10_B044D816_2.jpg,ROUND,WHITE,10,ROUND_WHITE,174,0,0,0,0,0,0,0,0,0,0,1,0
00093-7490-34_RXNAVIMAGE10_284F1448_1.jpg,OVAL,WHITE,7,OVAL_WHITE,139,0,0,0,0,0,0,0,0,0,0,1,0
00093-7490-34_RXNAVIMAGE10_284F1448_2.jpg,OVAL,WHITE,7,OVAL_WHITE,139,0,0,0,0,0,0,0,0,0,0,1,0
00555-9050-58_RXNAVIMAGE10_A336D1D6_1.jpg,ROUND,BLUE,10,ROUND_BLUE,160,0,1,0,0,0,0,0,0,0,0,0,0
00555-9050-58_RXNAVIMAGE10_A336D1D6_2.jpg,ROUND,BLUE,10,ROUND_BLUE,160,0,1,0,0,0,0,0,0,0,0,0,0
16252-0613-01_RXNAVIMAGE10_9708CBE6_1.jpg,OVAL,WHITE,7,OVAL_WHITE,139,0,0,0,0,0,0,0,0,0,0,1,0
16252-0613-01_RXNAVIMAGE10_9708CBE6_2.jpg,OVAL,WHITE,7,OVAL_WHITE,139,0,0,0,0,0,0,0,0,0,0,1,0
68382-0117-14_RXNAVIMAGE10_9B3ECDE6_1.jpg,ROUND,GREEN,10,ROUND_GREEN,164,0,0,0,0,1,0,0,0,0,0,0,0
68382-0117-14_RXNAVIMAGE10_9B3ECDE6_2.jpg,ROUND,GREEN,10,ROUND_GREEN,164,0,0,0,0,1,0,0,0,0,0,0,0
00378-6150-10_RXNAVIMAGE10_8112C096_1.jpg,CAPSULE,"GREEN, TURQUOISE",1,"CAPSULE_GREEN, TURQUOISE",41,0,0,0,0,1,0,0,0,0,1,0,0
00378-6150-10_RXNAVIMAGE10_8112C096_2.jpg,CAPSULE,"GREEN, TURQUOISE",1,"CAPSULE_GREEN, TURQUOISE",41,0,0,0,0,1,0,0,0,0,1,0,0
68462-0157-13_RXNAVIMAGE10_931B498A_1.jpg,ROUND,WHITE,10,ROUND_WHITE,174,0,0,0,0,0,0,0,0,0,0,1,0
68462-0157-13_RXNAVIMAGE10_931B498A_2.jpg,ROUND,WHITE,10,ROUND_WHITE,174,0,0,0,0,0,0,0,0,0,0,1,0
52544-0384-28_RXNAVIMAGE10_55502AE1_1.jpg,ROUND,PINK,10,ROUND_PINK,168,0,0,0,0,0,0,1,0,0,0,0,0
52544-0384-28_RXNAVIMAGE10_55502AE1_2.jpg,ROUND,PINK,10,ROUND_PINK,168,0,0,0,0,0,0,1,0,0,0,0,0
68462-0720-84_RXNAVIMAGE10_F44FFA2F_1.jpg,ROUND,BROWN,10,ROUND_BROWN,162,0,0,1,0,0,0,0,0,0,0,0,0
68462-0720-84_RXNAVIMAGE10_F44FFA2F_2.jpg,ROUND,BROWN,10,ROUND_BROWN,162,0,0,1,0,0,0,0,0,0,0,0,0
16714-0298-01_RXNAVIMAGE10_9951CCDE_1.jpg,CAPSULE,"BLUE, PINK",1,"CAPSULE_BLUE, PINK",13,0,1,0,0,0,0,1,0,0,0,0,0
16714-0298-01_RXNAVIMAGE10_9951CCDE_2.jpg,CAPSULE,"BLUE, PINK",1,"CAPSULE_BLUE, PINK",13,0,1,0,0,0,0,1,0,0,0,0,0
00078-0457-05_RXNAVIMAGE10_DA126D53_1.jpg,OVAL,PINK,7,OVAL_PINK,133,0,0,0,0,0,0,1,0,0,0,0,0
00078-0457-05_RXNAVIMAGE10_DA126D53_2.jpg,OVAL,PINK,7,OVAL_PINK,133,0,0,0,0,0,0,1,0,0,0,0,0
00093-5206-01_RXNAVIMAGE10_682BB40D_1.jpg,ROUND,PURPLE,10,ROUND_PURPLE,171,0,0,0,0,0,0,0,1,0,0,0,0
00093-5206-01_RXNAVIMAGE10_682BB40D_2.jpg,ROUND,PURPLE,10,ROUND_PURPLE,171,0,0,0,0,0,0,0,1,0,0,0,0
51672-4052-04_RXNAVIMAGE10_35329A94_1.jpg,OVAL,GREEN,7,OVAL_GREEN,129,0,0,0,0,1,0,0,0,0,0,0,0
51672-4052-04_RXNAVIMAGE10_35329A94_2.jpg,OVAL,GREEN,7,OVAL_GREEN,129,0,0,0,0,1,0,0,0,0,0,0,0
16252-0591-99_RXNAVIMAGE10_F31D79FB_1.jpg,ROUND,WHITE,10,ROUND_WHITE,174,0,0,0,0,0,0,0,0,0,0,1,0
16252-0591-99_RXNAVIMAGE10_F31D79FB_2.jpg,ROUND,WHITE,10,ROUND_WHITE,174,0,0,0,0,0,0,0,0,0,0,1,0
00603-4486-28_RXNAVIMAGE10_EE08F707_1.jpg,OVAL,WHITE,7,OVAL_WHITE,139,0,0,0,0,0,0,0,0,0,0,1,0
00603-4486-28_RXNAVIMAGE10_EE08F707_2.jpg,OVAL,WHITE,7,OVAL_WHITE,139,0,0,0,0,0,0,0,0,0,0,1,0
63304-0191-30_RXNAVIMAGE10_AA405562_1.jpg,DIAMOND,PINK,2,DIAMOND_PINK,109,0,0,0,0,0,0,1,0,0,0,0,0
63304-0191-30_RXNAVIMAGE10_AA405562_2.jpg,DIAMOND,PINK,2,DIAMOND_PINK,109,0,0,0,0,0,0,1,0,0,0,0,0
50474-0595-40_RXNAVIMAGE10_EC15F63F_1.jpg,OVAL,YELLOW,7,OVAL_YELLOW,145,0,0,0,0,0,0,0,0,0,0,0,1
50474-0595-40_RXNAVIMAGE10_EC15F63F_2.jpg,OVAL,YELLOW,7,OVAL_YELLOW,145,0,0,0,0,0,0,0,0,0,0,0,1
65162-0361-10_RXNAVIMAGE10_0823842C_1.jpg,ROUND,YELLOW,10,ROUND_YELLOW,178,0,0,0,0,0,0,0,0,0,0,0,1
65162-0361-10_RXNAVIMAGE10_0823842C_2.jpg,ROUND,YELLOW,10,ROUND_YELLOW,178,0,0,0,0,0,0,0,0,0,0,0,1
25010-0205-15_RXNAVIMAGE10_E61FF35F_1.jpg,OVAL,WHITE,7,OVAL_WHITE,139,0,0,0,0,0,0,0,0,0,0,1,0
25010-0205-15_RXNAVIMAGE10_E61FF35F_2.jpg,OVAL,WHITE,7,OVAL_WHITE,139,0,0,0,0,0,0,0,0,0,0,1,0
23155-0070-01_RXNAVIMAGE10_6940B4B5_1.jpg,ROUND,WHITE,10,ROUND_WHITE,174,0,0,0,0,0,0,0,0,0,0,1,0
23155-0070-01_RXNAVIMAGE10_6940B4B5_2.jpg,ROUND,WHITE,10,ROUND_WHITE,174,0,0,0,0,0,0,0,0,0,0,1,0
47335-0613-81_RXNAVIMAGE10_6B3C35F1_1.jpg,OVAL,PINK,7,OVAL_PINK,133,0,0,0,0,0,0,1,0,0,0,0,0
47335-0613-81_RXNAVIMAGE10_6B3C35F1_2.jpg,OVAL,PINK,7,OVAL_PINK,133,0,0,0,0,0,0,1,0,0,0,0,0
00603-3180-21_RXNAVIMAGE10_A34951EA_1.jpg,ROUND,WHITE,10,ROUND_WHITE,174,0,0,0,0,0,0,0,0,0,0,1,0
00603-3180-21_RXNAVIMAGE10_A34951EA_2.jpg,ROUND,WHITE,10,ROUND_WHITE,174,0,0,0,0,0,0,0,0,0,0,1,0
00024-4200-10_RXNAVIMAGE10_27201390_1.jpg,ROUND,"YELLOW, WHITE",10,"ROUND_YELLOW, WHITE",179,0,0,0,0,0,0,0,0,0,0,1,1
00024-4200-10_RXNAVIMAGE10_27201390_2.jpg,ROUND,"YELLOW, WHITE",10,"ROUND_YELLOW, WHITE",179,0,0,0,0,0,0,0,0,0,0,1,1
00603-7609-01_RXNAVIMAGE10_5940ACD5_1.jpg,ROUND,BROWN,10,ROUND_BROWN,162,0,0,1,0,0,0,0,0,0,0,0,0
00603-7609-01_RXNAVIMAGE10_5940ACD5_2.jpg,ROUND,BROWN,10,ROUND_BROWN,162,0,0,1,0,0,0,0,0,0,0,0,0
47781-0341-01_RXNAVIMAGE10_0D4F06C8_1.jpg,ROUND,WHITE,10,ROUND_WHITE,174,0,0,0,0,0,0,0,0,0,0,1,0
47781-0341-01_RXNAVIMAGE10_0D4F06C8_2.jpg,ROUND,WHITE,10,ROUND_WHITE,174,0,0,0,0,0,0,0,0,0,0,1,0
41616-0636-83_RXNAVIMAGE10_1A240D60_1.jpg,ROUND,WHITE,10,ROUND_WHITE,174,0,0,0,0,0,0,0,0,0,0,1,0
41616-0636-83_RXNAVIMAGE10_1A240D60_2.jpg,ROUND,WHITE,10,ROUND_WHITE,174,0,0,0,0,0,0,0,0,0,0,1,0
31722-0256-30_RXNAVIMAGE10_1B478DDC_1.jpg,ROUND,WHITE,10,ROUND_WHITE,174,0,0,0,0,0,0,0,0,0,0,1,0
31722-0256-30_RXNAVIMAGE10_1B478DDC_2.jpg,ROUND,WHITE,10,ROUND_WHITE,174,0,0,0,0,0,0,0,0,0,0,1,0
42543-0704-90_RXNAVIMAGE10_86504372_1.jpg,ROUND,WHITE,10,ROUND_WHITE,174,0,0,0,0,0,0,0,0,0,0,1,0
42543-0704-90_RXNAVIMAGE10_86504372_2.jpg,ROUND,WHITE,10,ROUND_WHITE,174,0,0,0,0,0,0,0,0,0,0,1,0
51991-0292-01_RXNAVIMAGE10_AC23D61E_1.jpg,OVAL,BROWN,7,OVAL_BROWN,125,0,0,1,0,0,0,0,0,0,0,0,0
51991-0292-01_RXNAVIMAGE10_AC23D61E_2.jpg,OVAL,BROWN,7,OVAL_BROWN,125,0,0,1,0,0,0,0,0,0,0,0,0
00597-0046-60_RXNAVIMAGE10_C01DE05F_1.jpg,OVAL,WHITE,7,OVAL_WHITE,139,0,0,0,0,0,0,0,0,0,0,1,0
00597-0046-60_RXNAVIMAGE10_C01DE05F_2.jpg,OVAL,WHITE,7,OVAL_WHITE,139,0,0,0,0,0,0,0,0,0,0,1,0
00002-4770-90_RXNAVIMAGE10_9516CAA6_1.jpg,ROUND,WHITE,10,ROUND_WHITE,174,0,0,0,0,0,0,0,0,0,0,1,0
00002-4770-90_RXNAVIMAGE10_9516CAA6_2.jpg,ROUND,WHITE,10,ROUND_WHITE,174,0,0,0,0,0,0,0,0,0,0,1,0
10542-0012-10_RXNAVIMAGE10_A70553AA_1.jpg,ROUND,YELLOW,10,ROUND_YELLOW,178,0,0,0,0,0,0,0,0,0,0,0,1
10542-0012-10_RXNAVIMAGE10_A70553AA_2.jpg,ROUND,YELLOW,10,ROUND_YELLOW,178,0,0,0,0,0,0,0,0,0,0,0,1
00143-3367-01_RXNAVIMAGE10_821C4162_1.jpg,CAPSULE,"BLUE, WHITE",1,"CAPSULE_BLUE, WHITE",16,0,1,0,0,0,0,0,0,0,0,1,0
00143-3367-01_RXNAVIMAGE10_821C4162_2.jpg,CAPSULE,"BLUE, WHITE",1,"CAPSULE_BLUE, WHITE",16,0,1,0,0,0,0,0,0,0,0,1,0
00173-0249-55_RXNAVIMAGE10_2A191528_1.jpg,ROUND,WHITE,10,ROUND_WHITE,174,0,0,0,0,0,0,0,0,0,0,1,0
00173-0249-55_RXNAVIMAGE10_2A191528_2.jpg,ROUND,WHITE,10,ROUND_WHITE,174,0,0,0,0,0,0,0,0,0,0,1,0
00093-0225-06_RXNAVIMAGE10_8D2946DA_1.jpg,ROUND,RED,10,ROUND_RED,172,0,0,0,0,0,0,0,0,1,0,0,0
00093-0225-06_RXNAVIMAGE10_8D2946DA_2.jpg,ROUND,RED,10,ROUND_RED,172,0,0,0,0,0,0,0,0,1,0,0,0
00310-0131-11_RXNAVIMAGE10_9F1DCFAE_1.jpg,ROUND,PINK,10,ROUND_PINK,168,0,0,0,0,0,0,1,0,0,0,0,0
00310-0131-11_RXNAVIMAGE10_9F1DCFAE_2.jpg,ROUND,PINK,10,ROUND_PINK,168,0,0,0,0,0,0,1,0,0,0,0,0
00555-0059-02_RXNAVIMAGE10_A62DD30E_1.jpg,CAPSULE,PINK,1,CAPSULE_PINK,52,0,0,0,0,0,0,1,0,0,0,0,0
00555-0059-02_RXNAVIMAGE10_A62DD30E_2.jpg,CAPSULE,PINK,1,CAPSULE_PINK,52,0,0,0,0,0,0,1,0,0,0,0,0
00832-1025-00_RXNAVIMAGE10_73233989_1.jpg,ROUND,WHITE,10,ROUND_WHITE,174,0,0,0,0,0,0,0,0,0,0,1,0
00832-1025-00_RXNAVIMAGE10_73233989_2.jpg,ROUND,WHITE,10,ROUND_WHITE,174,0,0,0,0,0,0,0,0,0,0,1,0
00093-8120-01_RXNAVIMAGE10_8C364652_1.jpg,ROUND,WHITE,10,ROUND_WHITE,174,0,0,0,0,0,0,0,0,0,0,1,0
00093-8120-01_RXNAVIMAGE10_8C364652_2.jpg,ROUND,WHITE,10,ROUND_WHITE,174,0,0,0,0,0,0,0,0,0,0,1,0
00007-3163-18_RXNAVIMAGE10_DD12EE87_1.jpg,OVAL,YELLOW,7,OVAL_YELLOW,145,0,0,0,0,0,0,0,0,0,0,0,1
00007-3163-18_RXNAVIMAGE10_DD12EE87_2.jpg,OVAL,YELLOW,7,OVAL_YELLOW,145,0,0,0,0,0,0,0,0,0,0,0,1
00078-0489-15_RXNAVIMAGE10_1F3B0F98_1.jpg,OVAL,YELLOW,7,OVAL_YELLOW,145,0,0,0,0,0,0,0,0,0,0,0,1
00078-0489-15_RXNAVIMAGE10_1F3B0F98_2.jpg,OVAL,YELLOW,7,OVAL_YELLOW,145,0,0,0,0,0,0,0,0,0,0,0,1
47335-0738-86_RXNAVIMAGE10_6648B315_1.jpg,ROUND,WHITE,10,ROUND_WHITE,174,0,0,0,0,0,0,0,0,0,0,1,0
47335-0738-86_RXNAVIMAGE10_6648B315_2.jpg,ROUND,WHITE,10,ROUND_WHITE,174,0,0,0,0,0,0,0,0,0,0,1,0
00071-1013-68_RXNAVIMAGE10_5115A8FD_1.jpg,CAPSULE,"WHITE, BLACK",1,"CAPSULE_WHITE, BLACK",82,1,0,0,0,0,0,0,0,0,0,1,0
00071-1013-68_RXNAVIMAGE10_5115A8FD_2.jpg,CAPSULE,"WHITE, BLACK",1,"CAPSULE_WHITE, BLACK",82,1,0,0,0,0,0,0,0,0,0,1,0
67253-0462-50_RXNAVIMAGE10_BA03DD2E_1.jpg,OVAL,YELLOW,7,OVAL_YELLOW,145,0,0,0,0,0,0,0,0,0,0,0,1
67253-0462-50_RXNAVIMAGE10_BA03DD2E_2.jpg,OVAL,YELLOW,7,OVAL_YELLOW,145,0,0,0,0,0,0,0,0,0,0,0,1
51285-0442-02_RXNAVIMAGE10_FE35FF1F_1.jpg,ROUND,RED,10,ROUND_RED,172,0,0,0,0,0,0,0,0,1,0,0,0
51285-0442-02_RXNAVIMAGE10_FE35FF1F_2.jpg,ROUND,RED,10,ROUND_RED,172,0,0,0,0,0,0,0,0,1,0,0,0
00039-0067-10_RXNAVIMAGE10_44162271_1.jpg,OVAL,WHITE,7,OVAL_WHITE,139,0,0,0,0,0,0,0,0,0,0,1,0
00039-0067-10_RXNAVIMAGE10_44162271_2.jpg,OVAL,WHITE,7,OVAL_WHITE,139,0,0,0,0,0,0,0,0,0,0,1,0
00054-0007-25_RXNAVIMAGE10_6F3FB7BD_1.jpg,OVAL,YELLOW,7,OVAL_YELLOW,145,0,0,0,0,0,0,0,0,0,0,0,1
00054-0007-25_RXNAVIMAGE10_6F3FB7BD_2.jpg,OVAL,YELLOW,7,OVAL_YELLOW,145,0,0,0,0,0,0,0,0,0,0,0,1
13668-0221-30_RXNAVIMAGE10_E54D72AB_1.jpg,ROUND,WHITE,10,ROUND_WHITE,174,0,0,0,0,0,0,0,0,0,0,1,0
13668-0221-30_RXNAVIMAGE10_E54D72AB_2.jpg,ROUND,WHITE,10,ROUND_WHITE,174,0,0,0,0,0,0,0,0,0,0,1,0
00456-2020-01_RXNAVIMAGE10_C2466113_1.jpg,ROUND,WHITE,10,ROUND_WHITE,174,0,0,0,0,0,0,0,0,0,0,1,0
00456-2020-01_RXNAVIMAGE10_C2466113_2.jpg,ROUND,WHITE,10,ROUND_WHITE,174,0,0,0,0,0,0,0,0,0,0,1,0
64376-0604-61_RXNAVIMAGE10_F608FB57_1.jpg,OVAL,WHITE,7,OVAL_WHITE,139,0,0,0,0,0,0,0,0,0,0,1,0
64376-0604-61_RXNAVIMAGE10_F608FB57_2.jpg,OVAL,WHITE,7,OVAL_WHITE,139,0,0,0,0,0,0,0,0,0,0,1,0
50844-0519-02_RXNAVIMAGE10_D538EA97_1.jpg,CAPSULE,"RED, BLUE",1,"CAPSULE_RED, BLUE",70,0,1,0,0,0,0,0,0,1,0,0,0
50844-0519-02_RXNAVIMAGE10_D538EA97_2.jpg,CAPSULE,"RED, BLUE",1,"CAPSULE_RED, BLUE",70,0,1,0,0,0,0,0,0,1,0,0,0
64125-0127-10_RXNAVIMAGE10_A23B510A_1.jpg,ROUND,YELLOW,10,ROUND_YELLOW,178,0,0,0,0,0,0,0,0,0,0,0,1
64125-0127-10_RXNAVIMAGE10_A23B510A_2.jpg,ROUND,YELLOW,10,ROUND_YELLOW,178,0,0,0,0,0,0,0,0,0,0,0,1
64764-0175-30_RXNAVIMAGE10_4939A49D_1.jpg,CAPSULE,BLUE,1,CAPSULE_BLUE,7,0,1,0,0,0,0,0,0,0,0,0,0
64764-0175-30_RXNAVIMAGE10_4939A49D_2.jpg,CAPSULE,BLUE,1,CAPSULE_BLUE,7,0,1,0,0,0,0,0,0,0,0,0,0
68180-0516-02_RXNAVIMAGE10_10088804_1.jpg,ROUND,RED,10,ROUND_RED,172,0,0,0,0,0,0,0,0,1,0,0,0
68180-0516-02_RXNAVIMAGE10_10088804_2.jpg,ROUND,RED,10,ROUND_RED,172,0,0,0,0,0,0,0,0,1,0,0,0
50419-0701-05_RXNAVIMAGE10_091904A8_1.jpg,ROUND,PINK,10,ROUND_PINK,168,0,0,0,0,0,0,1,0,0,0,0,0
50419-0701-05_RXNAVIMAGE10_091904A8_2.jpg,ROUND,PINK,10,ROUND_PINK,168,0,0,0,0,0,0,1,0,0,0,0,0
00093-0771-98_RXNAVIMAGE10_CA27E56F_1.jpg,ROUND,PINK,10,ROUND_PINK,168,0,0,0,0,0,0,1,0,0,0,0,0
00093-0771-98_RXNAVIMAGE10_CA27E56F_2.jpg,ROUND,PINK,10,ROUND_PINK,168,0,0,0,0,0,0,1,0,0,0,0,0
60505-2676-03_RXNAVIMAGE10_1C490E68_1.jpg,ROUND,WHITE,10,ROUND_WHITE,174,0,0,0,0,0,0,0,0,0,0,1,0
60505-2676-03_RXNAVIMAGE10_1C490E68_2.jpg,ROUND,WHITE,10,ROUND_WHITE,174,0,0,0,0,0,0,0,0,0,0,1,0
57237-0077-10_RXNAVIMAGE10_44412269_1.jpg,ROUND,WHITE,10,ROUND_WHITE,174,0,0,0,0,0,0,0,0,0,0,1,0
57237-0077-10_RXNAVIMAGE10_44412269_2.jpg,ROUND,WHITE,10,ROUND_WHITE,174,0,0,0,0,0,0,0,0,0,0,1,0
59762-6692-03_RXNAVIMAGE10_A0085022_1.jpg,ROUND,PINK,10,ROUND_PINK,168,0,0,0,0,0,0,1,0,0,0,0,0
59762-6692-03_RXNAVIMAGE10_A0085022_2.jpg,ROUND,PINK,10,ROUND_PINK,168,0,0,0,0,0,0,1,0,0,0,0,0
00591-0404-01_RXNAVIMAGE10_0D1286A4_1.jpg,ROUND,ORANGE,10,ROUND_ORANGE,166,0,0,0,0,0,1,0,0,0,0,0,0
00591-0404-01_RXNAVIMAGE10_0D1286A4_2.jpg,ROUND,ORANGE,10,ROUND_ORANGE,166,0,0,0,0,0,1,0,0,0,0,0,0
00185-0102-01_RXNAVIMAGE10_024A0100_1.jpg,OVAL,ORANGE,7,OVAL_ORANGE,130,0,0,0,0,0,1,0,0,0,0,0,0
00185-0102-01_RXNAVIMAGE10_024A0100_2.jpg,OVAL,ORANGE,7,OVAL_ORANGE,130,0,0,0,0,0,1,0,0,0,0,0,0
68382-0058-01_RXNAVIMAGE10_251292D4_1.jpg,OVAL,YELLOW,7,OVAL_YELLOW,145,0,0,0,0,0,0,0,0,0,0,0,1
68382-0058-01_RXNAVIMAGE10_251292D4_2.jpg,OVAL,YELLOW,7,OVAL_YELLOW,145,0,0,0,0,0,0,0,0,0,0,0,1
00228-2571-96_RXNAVIMAGE10_F33DF9AF_1.jpg,ROUND,WHITE,10,ROUND_WHITE,174,0,0,0,0,0,0,0,0,0,0,1,0
00228-2571-96_RXNAVIMAGE10_F33DF9AF_2.jpg,ROUND,WHITE,10,ROUND_WHITE,174,0,0,0,0,0,0,0,0,0,0,1,0
64679-0922-01_RXNAVIMAGE10_651332C9_1.jpg,OVAL,WHITE,7,OVAL_WHITE,139,0,0,0,0,0,0,0,0,0,0,1,0
64679-0922-01_RXNAVIMAGE10_651332C9_2.jpg,OVAL,WHITE,7,OVAL_WHITE,139,0,0,0,0,0,0,0,0,0,0,1,0
00172-4626-60_RXNAVIMAGE10_6B2DB59D_1.jpg,ROUND,WHITE,10,ROUND_WHITE,174,0,0,0,0,0,0,0,0,0,0,1,0
00172-4626-60_RXNAVIMAGE10_6B2DB59D_2.jpg,ROUND,WHITE,10,ROUND_WHITE,174,0,0,0,0,0,0,0,0,0,0,1,0
25010-0215-15_RXNAVIMAGE10_A93AD486_1.jpg,OVAL,WHITE,7,OVAL_WHITE,139,0,0,0,0,0,0,0,0,0,0,1,0
25010-0215-15_RXNAVIMAGE10_A93AD486_2.jpg,OVAL,WHITE,7,OVAL_WHITE,139,0,0,0,0,0,0,0,0,0,0,1,0
00378-0751-10_RXNAVIMAGE10_FB4DFDCF_1.jpg,ROUND,YELLOW,10,ROUND_YELLOW,178,0,0,0,0,0,0,0,0,0,0,0,1
00378-0751-10_RXNAVIMAGE10_FB4DFDCF_2.jpg,ROUND,YELLOW,10,ROUND_YELLOW,178,0,0,0,0,0,0,0,0,0,0,0,1
60505-3280-06_RXNAVIMAGE10_DE49EF0F_1.jpg,OVAL,WHITE,7,OVAL_WHITE,139,0,0,0,0,0,0,0,0,0,0,1,0
60505-3280-06_RXNAVIMAGE10_DE49EF0F_2.jpg,OVAL,WHITE,7,OVAL_WHITE,139,0,0,0,0,0,0,0,0,0,0,1,0
00074-3312-90_RXNAVIMAGE10_323D1938_1.jpg,OVAL,BLUE,7,OVAL_BLUE,123,0,1,0,0,0,0,0,0,0,0,0,0
00074-3312-90_RXNAVIMAGE10_323D1938_2.jpg,OVAL,BLUE,7,OVAL_BLUE,123,0,1,0,0,0,0,0,0,0,0,0,0
68382-0115-05_RXNAVIMAGE10_9D3D4EAA_1.jpg,ROUND,ORANGE,10,ROUND_ORANGE,166,0,0,0,0,0,1,0,0,0,0,0,0
68382-0115-05_RXNAVIMAGE10_9D3D4EAA_2.jpg,ROUND,ORANGE,10,ROUND_ORANGE,166,0,0,0,0,0,1,0,0,0,0,0,0
00781-1183-01_RXNAVIMAGE10_B308D996_1.jpg,ROUND,WHITE,10,ROUND_WHITE,174,0,0,0,0,0,0,0,0,0,0,1,0
00781-1183-01_RXNAVIMAGE10_B308D996_2.jpg,ROUND,WHITE,10,ROUND_WHITE,174,0,0,0,0,0,0,0,0,0,0,1,0
00071-0157-23_RXNAVIMAGE10_4E1B2769_1.jpg,OVAL,WHITE,7,OVAL_WHITE,139,0,0,0,0,0,0,0,0,0,0,1,0
00071-0157-23_RXNAVIMAGE10_4E1B2769_2.jpg,OVAL,WHITE,7,OVAL_WHITE,139,0,0,0,0,0,0,0,0,0,0,1,0
49702-0221-18_RXNAVIMAGE10_5F192FC9_1.jpg,OVAL,YELLOW,7,OVAL_YELLOW,145,0,0,0,0,0,0,0,0,0,0,0,1
49702-0221-18_RXNAVIMAGE10_5F192FC9_2.jpg,OVAL,YELLOW,7,OVAL_YELLOW,145,0,0,0,0,0,0,0,0,0,0,0,1
00185-0674-01_RXNAVIMAGE10_2645933C_1.jpg,CAPSULE,"GREEN, TURQUOISE",1,"CAPSULE_GREEN, TURQUOISE",41,0,0,0,0,1,0,0,0,0,1,0,0
00185-0674-01_RXNAVIMAGE10_2645933C_2.jpg,CAPSULE,"GREEN, TURQUOISE",1,"CAPSULE_GREEN, TURQUOISE",41,0,0,0,0,1,0,0,0,0,1,0,0
00904-5657-61_RXNAVIMAGE10_233391EC_1.jpg,ROUND,ORANGE,10,ROUND_ORANGE,166,0,0,0,0,0,1,0,0,0,0,0,0
00904-5657-61_RXNAVIMAGE10_233391EC_2.jpg,ROUND,ORANGE,10,ROUND_ORANGE,166,0,0,0,0,0,1,0,0,0,0,0,0
66869-0104-90_RXNAVIMAGE10_323C1910_1.jpg,ROUND,WHITE,10,ROUND_WHITE,174,0,0,0,0,0,0,0,0,0,0,1,0
66869-0104-90_RXNAVIMAGE10_323C1910_2.jpg,ROUND,WHITE,10,ROUND_WHITE,174,0,0,0,0,0,0,0,0,0,0,1,0
00310-0142-11_RXNAVIMAGE10_0E47871C_1.jpg,ROUND,WHITE,10,ROUND_WHITE,174,0,0,0,0,0,0,0,0,0,0,1,0
00310-0142-11_RXNAVIMAGE10_0E47871C_2.jpg,ROUND,WHITE,10,ROUND_WHITE,174,0,0,0,0,0,0,0,0,0,0,1,0
00093-7116-98_RXNAVIMAGE10_6F2BB79D_1.jpg,ROUND,BLUE,10,ROUND_BLUE,160,0,1,0,0,0,0,0,0,0,0,0,0
00093-7116-98_RXNAVIMAGE10_6F2BB79D_2.jpg,ROUND,BLUE,10,ROUND_BLUE,160,0,1,0,0,0,0,0,0,0,0,0,0
00591-2825-01_RXNAVIMAGE10_743FBA2D_1.jpg,CAPSULE,"WHITE, YELLOW",1,"CAPSULE_WHITE, YELLOW",93,0,0,0,0,0,0,0,0,0,0,1,1
00591-2825-01_RXNAVIMAGE10_743FBA2D_2.jpg,CAPSULE,"WHITE, YELLOW",1,"CAPSULE_WHITE, YELLOW",93,0,0,0,0,0,0,0,0,0,0,1,1
00378-1010-01_RXNAVIMAGE10_072103C8_1.jpg,CAPSULE,GREEN,1,CAPSULE_GREEN,32,0,0,0,0,1,0,0,0,0,0,0,0
00378-1010-01_RXNAVIMAGE10_072103C8_2.jpg,CAPSULE,GREEN,1,CAPSULE_GREEN,32,0,0,0,0,1,0,0,0,0,0,0,0
00078-0360-34_RXNAVIMAGE10_F015780B_1.jpg,TEAR,BROWN,13,TEAR_BROWN,188,0,0,1,0,0,0,0,0,0,0,0,0
00078-0360-34_RXNAVIMAGE10_F015780B_2.jpg,TEAR,BROWN,13,TEAR_BROWN,188,0,0,1,0,0,0,0,0,0,0,0,0
00555-0973-02_RXNAVIMAGE10_4F4227F1_1.jpg,OVAL,ORANGE,7,OVAL_ORANGE,130,0,0,0,0,0,1,0,0,0,0,0,0
00555-0973-02_RXNAVIMAGE10_4F4227F1_2.jpg,OVAL,ORANGE,7,OVAL_ORANGE,130,0,0,0,0,0,1,0,0,0,0,0,0
00093-7294-01_RXNAVIMAGE10_812F40CA_1.jpg,ROUND,WHITE,10,ROUND_WHITE,174,0,0,0,0,0,0,0,0,0,0,1,0
00093-7294-01_RXNAVIMAGE10_812F40CA_2.jpg,ROUND,WHITE,10,ROUND_WHITE,174,0,0,0,0,0,0,0,0,0,0,1,0
00536-1004-10_RXNAVIMAGE10_1A400D30_1.jpg,ROUND,YELLOW,10,ROUND_YELLOW,178,0,0,0,0,0,0,0,0,0,0,0,1
00536-1004-10_RXNAVIMAGE10_1A400D30_2.jpg,ROUND,YELLOW,10,ROUND_YELLOW,178,0,0,0,0,0,0,0,0,0,0,0,1
00469-0607-73_RXNAVIMAGE10_3D3E9EA4_1.jpg,CAPSULE,YELLOW,1,CAPSULE_YELLOW,94,0,0,0,0,0,0,0,0,0,0,0,1
00469-0607-73_RXNAVIMAGE10_3D3E9EA4_2.jpg,CAPSULE,YELLOW,1,CAPSULE_YELLOW,94,0,0,0,0,0,0,0,0,0,0,0,1
51285-0595-02_RXNAVIMAGE10_EE2FF76F_1.jpg,OVAL,ORANGE,7,OVAL_ORANGE,130,0,0,0,0,0,1,0,0,0,0,0,0
51285-0595-02_RXNAVIMAGE10_EE2FF76F_2.jpg,OVAL,ORANGE,7,OVAL_ORANGE,130,0,0,0,0,0,1,0,0,0,0,0,0
00378-2302-01_RXNAVIMAGE10_214590FC_1.jpg,CAPSULE,BROWN,1,CAPSULE_BROWN,18,0,0,1,0,0,0,0,0,0,0,0,0
00378-2302-01_RXNAVIMAGE10_214590FC_2.jpg,CAPSULE,BROWN,1,CAPSULE_BROWN,18,0,0,1,0,0,0,0,0,0,0,0,0
50458-0640-65_RXNAVIMAGE10_E43D727B_1.jpg,ROUND,YELLOW,10,ROUND_YELLOW,178,0,0,0,0,0,0,0,0,0,0,0,1
50458-0640-65_RXNAVIMAGE10_E43D727B_2.jpg,ROUND,YELLOW,10,ROUND_YELLOW,178,0,0,0,0,0,0,0,0,0,0,0,1
55111-0258-60_RXNAVIMAGE10_813CC0B6_1.jpg,CAPSULE,PINK,1,CAPSULE_PINK,52,0,0,0,0,0,0,1,0,0,0,0,0
55111-0258-60_RXNAVIMAGE10_813CC0B6_2.jpg,CAPSULE,PINK,1,CAPSULE_PINK,52,0,0,0,0,0,0,1,0,0,0,0,0
65862-0134-99_RXNAVIMAGE10_BD4F5EBA_1.jpg,ROUND,PINK,10,ROUND_PINK,168,0,0,0,0,0,0,1,0,0,0,0,0
65862-0134-99_RXNAVIMAGE10_BD4F5EBA_2.jpg,ROUND,PINK,10,ROUND_PINK,168,0,0,0,0,0,0,1,0,0,0,0,0
50458-0551-01_RXNAVIMAGE10_0F1607A0_1.jpg,OVAL,BROWN,7,OVAL_BROWN,125,0,0,1,0,0,0,0,0,0,0,0,0
50458-0551-01_RXNAVIMAGE10_0F1607A0_2.jpg,OVAL,BROWN,7,OVAL_BROWN,125,0,0,1,0,0,0,0,0,0,0,0,0
64380-0734-06_RXNAVIMAGE10_7E443F71_1.jpg,ROUND,ORANGE,10,ROUND_ORANGE,166,0,0,0,0,0,1,0,0,0,0,0,0
64380-0734-06_RXNAVIMAGE10_7E443F71_2.jpg,ROUND,ORANGE,10,ROUND_ORANGE,166,0,0,0,0,0,1,0,0,0,0,0,0
51285-0114-58_RXNAVIMAGE10_9D2DCE8E_1.jpg,ROUND,YELLOW,10,ROUND_YELLOW,178,0,0,0,0,0,0,0,0,0,0,0,1
51285-0114-58_RXNAVIMAGE10_9D2DCE8E_2.jpg,ROUND,YELLOW,10,ROUND_YELLOW,178,0,0,0,0,0,0,0,0,0,0,0,1
00093-0812-01_RXNAVIMAGE10_DD0E6EE3_1.jpg,CAPSULE,WHITE,1,CAPSULE_WHITE,81,0,0,0,0,0,0,0,0,0,0,1,0
00093-0812-01_RXNAVIMAGE10_DD0E6EE3_2.jpg,CAPSULE,WHITE,1,CAPSULE_WHITE,81,0,0,0,0,0,0,0,0,0,0,1,0
00172-5361-60_RXNAVIMAGE10_CA23650B_1.jpg,OVAL,PINK,7,OVAL_PINK,133,0,0,0,0,0,0,1,0,0,0,0,0
00172-5361-60_RXNAVIMAGE10_CA23650B_2.jpg,OVAL,PINK,7,OVAL_PINK,133,0,0,0,0,0,0,1,0,0,0,0,0
00378-2073-01_RXNAVIMAGE10_C523E2AF_1.jpg,ROUND,ORANGE,10,ROUND_ORANGE,166,0,0,0,0,0,1,0,0,0,0,0,0
00378-2073-01_RXNAVIMAGE10_C523E2AF_2.jpg,ROUND,ORANGE,10,ROUND_ORANGE,166,0,0,0,0,0,1,0,0,0,0,0,0
00555-9018-58_RXNAVIMAGE10_2F369784_1.jpg,ROUND,BLUE,10,ROUND_BLUE,160,0,1,0,0,0,0,0,0,0,0,0,0
00555-9018-58_RXNAVIMAGE10_2F369784_2.jpg,ROUND,BLUE,10,ROUND_BLUE,160,0,1,0,0,0,0,0,0,0,0,0,0
00781-2054-01_RXNAVIMAGE10_A30ED1E6_1.jpg,CAPSULE,TURQUOISE,1,CAPSULE_TURQUOISE,76,0,0,0,0,0,0,0,0,0,1,0,0
00781-2054-01_RXNAVIMAGE10_A30ED1E6_2.jpg,CAPSULE,TURQUOISE,1,CAPSULE_TURQUOISE,76,0,0,0,0,0,0,0,0,0,1,0,0
31722-0536-12_RXNAVIMAGE10_CE40E757_1.jpg,OVAL,BLUE,7,OVAL_BLUE,123,0,1,0,0,0,0,0,0,0,0,0,0
31722-0536-12_RXNAVIMAGE10_CE40E757_2.jpg,OVAL,BLUE,7,OVAL_BLUE,123,0,1,0,0,0,0,0,0,0,0,0,0
50532-0112-10_RXNAVIMAGE10_6149B09D_1.jpg,ROUND,BLUE,10,ROUND_BLUE,160,0,1,0,0,0,0,0,0,0,0,0,0
50532-0112-10_RXNAVIMAGE10_6149B09D_2.jpg,ROUND,BLUE,10,ROUND_BLUE,160,0,1,0,0,0,0,0,0,0,0,0,0
00186-0777-60_RXNAVIMAGE10_8639C32E_1.jpg,ROUND,YELLOW,10,ROUND_YELLOW,178,0,0,0,0,0,0,0,0,0,0,0,1
00186-0777-60_RXNAVIMAGE10_8639C32E_2.jpg,ROUND,YELLOW,10,ROUND_YELLOW,178,0,0,0,0,0,0,0,0,0,0,0,1
68462-0189-01_RXNAVIMAGE10_BB08DDE6_1.jpg,OVAL,ORANGE,7,OVAL_ORANGE,130,0,0,0,0,0,1,0,0,0,0,0,0
68462-0189-01_RXNAVIMAGE10_BB08DDE6_2.jpg,OVAL,ORANGE,7,OVAL_ORANGE,130,0,0,0,0,0,1,0,0,0,0,0,0
00093-1044-01_RXNAVIMAGE10_B229D97E_1.jpg,OVAL,WHITE,7,OVAL_WHITE,139,0,0,0,0,0,0,0,0,0,0,1,0
00093-1044-01_RXNAVIMAGE10_B229D97E_2.jpg,OVAL,WHITE,7,OVAL_WHITE,139,0,0,0,0,0,0,0,0,0,0,1,0
00185-0140-01_RXNAVIMAGE10_5A33AD4D_1.jpg,OVAL,WHITE,7,OVAL_WHITE,139,0,0,0,0,0,0,0,0,0,0,1,0
00185-0140-01_RXNAVIMAGE10_5A33AD4D_2.jpg,OVAL,WHITE,7,OVAL_WHITE,139,0,0,0,0,0,0,0,0,0,0,1,0
00054-4179-25_RXNAVIMAGE10_7715BBBD_1.jpg,ROUND,YELLOW,10,ROUND_YELLOW,178,0,0,0,0,0,0,0,0,0,0,0,1
00054-4179-25_RXNAVIMAGE10_7715BBBD_2.jpg,ROUND,YELLOW,10,ROUND_YELLOW,178,0,0,0,0,0,0,0,0,0,0,0,1
00603-5061-21_RXNAVIMAGE10_DB3CEDE7_1.jpg,ROUND,GRAY,10,ROUND_GRAY,163,0,0,0,1,0,0,0,0,0,0,0,0
00603-5061-21_RXNAVIMAGE10_DB3CEDE7_2.jpg,ROUND,GRAY,10,ROUND_GRAY,163,0,0,0,1,0,0,0,0,0,0,0,0
00781-1048-01_RXNAVIMAGE10_EA087573_1.jpg,ROUND,WHITE,10,ROUND_WHITE,174,0,0,0,0,0,0,0,0,0,0,1,0
00781-1048-01_RXNAVIMAGE10_EA087573_2.jpg,ROUND,WHITE,10,ROUND_WHITE,174,0,0,0,0,0,0,0,0,0,0,1,0
00228-2803-11_RXNAVIMAGE10_34269A44_1.jpg,ROUND,WHITE,10,ROUND_WHITE,174,0,0,0,0,0,0,0,0,0,0,1,0
00228-2803-11_RXNAVIMAGE10_34269A44_2.jpg,ROUND,WHITE,10,ROUND_WHITE,174,0,0,0,0,0,0,0,0,0,0,1,0
00093-7365-56_RXNAVIMAGE10_AA305552_1.jpg,OVAL,GREEN,7,OVAL_GREEN,129,0,0,0,0,1,0,0,0,0,0,0,0
00093-7365-56_RXNAVIMAGE10_AA305552_2.jpg,OVAL,GREEN,7,OVAL_GREEN,129,0,0,0,0,1,0,0,0,0,0,0,0
00228-2778-11_RXNAVIMAGE10_6134B095_1.jpg,CAPSULE,"YELLOW, WHITE",1,"CAPSULE_YELLOW, WHITE",103,0,0,0,0,0,0,0,0,0,0,1,1
00228-2778-11_RXNAVIMAGE10_6134B095_2.jpg,CAPSULE,"YELLOW, WHITE",1,"CAPSULE_YELLOW, WHITE",103,0,0,0,0,0,0,0,0,0,0,1,1
64980-0104-01_RXNAVIMAGE10_CC046643_1.jpg,OVAL,WHITE,7,OVAL_WHITE,139,0,0,0,0,0,0,0,0,0,0,1,0
64980-0104-01_RXNAVIMAGE10_CC046643_2.jpg,OVAL,WHITE,7,OVAL_WHITE,139,0,0,0,0,0,0,0,0,0,0,1,0
55111-0196-90_RXNAVIMAGE10_701DB86D_1.jpg,ROUND,WHITE,10,ROUND_WHITE,174,0,0,0,0,0,0,0,0,0,0,1,0
55111-0196-90_RXNAVIMAGE10_701DB86D_2.jpg,ROUND,WHITE,10,ROUND_WHITE,174,0,0,0,0,0,0,0,0,0,0,1,0
00093-7201-98_RXNAVIMAGE10_D327E9EF_1.jpg,ROUND,YELLOW,10,ROUND_YELLOW,178,0,0,0,0,0,0,0,0,0,0,0,1
00093-7201-98_RXNAVIMAGE10_D327E9EF_2.jpg,ROUND,YELLOW,10,ROUND_YELLOW,178,0,0,0,0,0,0,0,0,0,0,0,1
16714-0449-01_RXNAVIMAGE10_9548CA86_1.jpg,ROUND,PURPLE,10,ROUND_PURPLE,171,0,0,0,0,0,0,0,1,0,0,0,0
16714-0449-01_RXNAVIMAGE10_9548CA86_2.jpg,ROUND,PURPLE,10,ROUND_PURPLE,171,0,0,0,0,0,0,0,1,0,0,0,0
00093-0784-06_RXNAVIMAGE10_610EB085_1.jpg,ROUND,WHITE,10,ROUND_WHITE,174,0,0,0,0,0,0,0,0,0,0,1,0
00093-0784-06_RXNAVIMAGE10_610EB085_2.jpg,ROUND,WHITE,10,ROUND_WHITE,174,0,0,0,0,0,0,0,0,0,0,1,0
00093-0039-01_RXNAVIMAGE10_4F29A7CD_1.jpg,DIAMOND,WHITE,2,DIAMOND_WHITE,110,0,0,0,0,0,0,0,0,0,0,1,0
00093-0039-01_RXNAVIMAGE10_4F29A7CD_2.jpg,DIAMOND,WHITE,2,DIAMOND_WHITE,110,0,0,0,0,0,0,0,0,0,0,1,0
00093-2204-01_RXNAVIMAGE10_8A204572_1.jpg,ROUND,WHITE,10,ROUND_WHITE,174,0,0,0,0,0,0,0,0,0,0,1,0
00093-2204-01_RXNAVIMAGE10_8A204572_2.jpg,ROUND,WHITE,10,ROUND_WHITE,174,0,0,0,0,0,0,0,0,0,0,1,0
00093-5401-89_RXNAVIMAGE10_8A3BC57E_1.jpg,OVAL,YELLOW,7,OVAL_YELLOW,145,0,0,0,0,0,0,0,0,0,0,0,1
00093-5401-89_RXNAVIMAGE10_8A3BC57E_2.jpg,OVAL,YELLOW,7,OVAL_YELLOW,145,0,0,0,0,0,0,0,0,0,0,0,1
47781-0308-01_RXNAVIMAGE10_CA3BE52F_1.jpg,CAPSULE,YELLOW,1,CAPSULE_YELLOW,94,0,0,0,0,0,0,0,0,0,0,0,1
47781-0308-01_RXNAVIMAGE10_CA3BE52F_2.jpg,CAPSULE,YELLOW,1,CAPSULE_YELLOW,94,0,0,0,0,0,0,0,0,0,0,0,1
63459-0412-30_RXNAVIMAGE10_8B2D45DA_1.jpg,OVAL,GREEN,7,OVAL_GREEN,129,0,0,0,0,1,0,0,0,0,0,0,0
63459-0412-30_RXNAVIMAGE10_8B2D45DA_2.jpg,OVAL,GREEN,7,OVAL_GREEN,129,0,0,0,0,1,0,0,0,0,0,0,0
00603-3739-21_RXNAVIMAGE10_9D344EE2_1.jpg,OVAL,WHITE,7,OVAL_WHITE,139,0,0,0,0,0,0,0,0,0,0,1,0
00603-3739-21_RXNAVIMAGE10_9D344EE2_2.jpg,OVAL,WHITE,7,OVAL_WHITE,139,0,0,0,0,0,0,0,0,0,0,1,0
63459-0700-60_RXNAVIMAGE10_572D2B99_1.jpg,CAPSULE,ORANGE,1,CAPSULE_ORANGE,44,0,0,0,0,0,1,0,0,0,0,0,0
63459-0700-60_RXNAVIMAGE10_572D2B99_2.jpg,CAPSULE,ORANGE,1,CAPSULE_ORANGE,44,0,0,0,0,0,1,0,0,0,0,0,0
00378-0441-01_RXNAVIMAGE10_033381FC_1.jpg,ROUND,WHITE,10,ROUND_WHITE,174,0,0,0,0,0,0,0,0,0,0,1,0
00378-0441-01_RXNAVIMAGE10_033381FC_2.jpg,ROUND,WHITE,10,ROUND_WHITE,174,0,0,0,0,0,0,0,0,0,0,1,0
00075-7700-60_RXNAVIMAGE10_E51C72E3_1.jpg,OVAL,WHITE,7,OVAL_WHITE,139,0,0,0,0,0,0,0,0,0,0,1,0
00075-7700-60_RXNAVIMAGE10_E51C72E3_2.jpg,OVAL,WHITE,7,OVAL_WHITE,139,0,0,0,0,0,0,0,0,0,0,1,0
42769-1222-00_RXNAVIMAGE10_C607E33F_1.jpg,OVAL,WHITE,7,OVAL_WHITE,139,0,0,0,0,0,0,0,0,0,0,1,0
42769-1222-00_RXNAVIMAGE10_C607E33F_2.jpg,OVAL,WHITE,7,OVAL_WHITE,139,0,0,0,0,0,0,0,0,0,0,1,0
51991-0354-78_RXNAVIMAGE10_A34B519A_1.jpg,OVAL,PINK,7,OVAL_PINK,133,0,0,0,0,0,0,1,0,0,0,0,0
51991-0354-78_RXNAVIMAGE10_A34B519A_2.jpg,OVAL,PINK,7,OVAL_PINK,133,0,0,0,0,0,0,1,0,0,0,0,0
68180-0515-01_RXNAVIMAGE10_4232A125_1.jpg,ROUND,PINK,10,ROUND_PINK,168,0,0,0,0,0,0,1,0,0,0,0,0
68180-0515-01_RXNAVIMAGE10_4232A125_2.jpg,ROUND,PINK,10,ROUND_PINK,168,0,0,0,0,0,0,1,0,0,0,0,0
00228-4241-06_RXNAVIMAGE10_8849440A_1.jpg,ROUND,PINK,10,ROUND_PINK,168,0,0,0,0,0,0,1,0,0,0,0,0
00228-4241-06_RXNAVIMAGE10_8849440A_2.jpg,ROUND,PINK,10,ROUND_PINK,168,0,0,0,0,0,0,1,0,0,0,0,0
16714-0663-01_RXNAVIMAGE10_3F159FCC_1.jpg,CAPSULE,ORANGE,1,CAPSULE_ORANGE,44,0,0,0,0,0,1,0,0,0,0,0,0
16714-0663-01_RXNAVIMAGE10_3F159FCC_2.jpg,CAPSULE,ORANGE,1,CAPSULE_ORANGE,44,0,0,0,0,0,1,0,0,0,0,0,0
00093-5423-28_RXNAVIMAGE10_D435EA1F_1.jpg,ROUND,WHITE,10,ROUND_WHITE,174,0,0,0,0,0,0,0,0,0,0,1,0
00093-5423-28_RXNAVIMAGE10_D435EA1F_2.jpg,ROUND,WHITE,10,ROUND_WHITE,174,0,0,0,0,0,0,0,0,0,0,1,0
60505-0097-01_RXNAVIMAGE10_7246B935_1.jpg,OVAL,WHITE,7,OVAL_WHITE,139,0,0,0,0,0,0,0,0,0,0,1,0
60505-0097-01_RXNAVIMAGE10_7246B935_2.jpg,OVAL,WHITE,7,OVAL_WHITE,139,0,0,0,0,0,0,0,0,0,0,1,0
00093-1061-01_RXNAVIMAGE10_9329C9EE_1.jpg,OVAL,BLUE,7,OVAL_BLUE,123,0,1,0,0,0,0,0,0,0,0,0,0
00093-1061-01_RXNAVIMAGE10_9329C9EE_2.jpg,OVAL,BLUE,7,OVAL_BLUE,123,0,1,0,0,0,0,0,0,0,0,0,0
63459-0502-30_RXNAVIMAGE10_8641C37E_1.jpg,BULLET,WHITE,0,BULLET_WHITE,0,0,0,0,0,0,0,0,0,0,0,1,0
63459-0502-30_RXNAVIMAGE10_8641C37E_2.jpg,BULLET,WHITE,0,BULLET_WHITE,0,0,0,0,0,0,0,0,0,0,0,1,0
00182-0557-89_RXNAVIMAGE10_A332D1B6_1.jpg,ROUND,ORANGE,10,ROUND_ORANGE,166,0,0,0,0,0,1,0,0,0,0,0,0
00182-0557-89_RXNAVIMAGE10_A332D1B6_2.jpg,ROUND,ORANGE,10,ROUND_ORANGE,166,0,0,0,0,0,1,0,0,0,0,0,0
68382-0017-01_RXNAVIMAGE10_B04DD87E_1.jpg,OVAL,WHITE,7,OVAL_WHITE,139,0,0,0,0,0,0,0,0,0,0,1,0
68382-0017-01_RXNAVIMAGE10_B04DD87E_2.jpg,OVAL,WHITE,7,OVAL_WHITE,139,0,0,0,0,0,0,0,0,0,0,1,0
52544-0630-28_RXNAVIMAGE10_3C459E1C_1.jpg,ROUND,WHITE,10,ROUND_WHITE,174,0,0,0,0,0,0,0,0,0,0,1,0
52544-0630-28_RXNAVIMAGE10_3C459E1C_2.jpg,ROUND,WHITE,10,ROUND_WHITE,174,0,0,0,0,0,0,0,0,0,0,1,0
00555-1055-86_RXNAVIMAGE10_E33071D3_1.jpg,CAPSULE,BROWN,1,CAPSULE_BROWN,18,0,0,1,0,0,0,0,0,0,0,0,0
00555-1055-86_RXNAVIMAGE10_E33071D3_2.jpg,CAPSULE,BROWN,1,CAPSULE_BROWN,18,0,0,1,0,0,0,0,0,0,0,0,0
00093-7670-01_RXNAVIMAGE10_8327C19E_1.jpg,CAPSULE,BLUE,1,CAPSULE_BLUE,7,0,1,0,0,0,0,0,0,0,0,0,0
00093-7670-01_RXNAVIMAGE10_8327C19E_2.jpg,CAPSULE,BLUE,1,CAPSULE_BLUE,7,0,1,0,0,0,0,0,0,0,0,0,0
50458-0141-30_RXNAVIMAGE10_A344D186_1.jpg,OVAL,WHITE,7,OVAL_WHITE,139,0,0,0,0,0,0,0,0,0,0,1,0
50458-0141-30_RXNAVIMAGE10_A344D186_2.jpg,OVAL,WHITE,7,OVAL_WHITE,139,0,0,0,0,0,0,0,0,0,0,1,0
00025-1381-31_RXNAVIMAGE10_811340AA_1.jpg,OVAL,WHITE,7,OVAL_WHITE,139,0,0,0,0,0,0,0,0,0,0,1,0
00025-1381-31_RXNAVIMAGE10_811340AA_2.jpg,OVAL,WHITE,7,OVAL_WHITE,139,0,0,0,0,0,0,0,0,0,0,1,0
00024-5501-31_RXNAVIMAGE10_BC12DE06_1.jpg,ROUND,PINK,10,ROUND_PINK,168,0,0,0,0,0,0,1,0,0,0,0,0
00024-5501-31_RXNAVIMAGE10_BC12DE06_2.jpg,ROUND,PINK,10,ROUND_PINK,168,0,0,0,0,0,0,1,0,0,0,0,0
31722-0819-30_RXNAVIMAGE10_CA4F657B_1.jpg,RECTANGLE,GREEN,9,RECTANGLE_GREEN,157,0,0,0,0,1,0,0,0,0,0,0,0
31722-0819-30_RXNAVIMAGE10_CA4F657B_2.jpg,RECTANGLE,GREEN,9,RECTANGLE_GREEN,157,0,0,0,0,1,0,0,0,0,0,0,0
00591-2169-19_RXNAVIMAGE10_C843647B_1.jpg,OVAL,ORANGE,7,OVAL_ORANGE,130,0,0,0,0,0,1,0,0,0,0,0,0
00591-2169-19_RXNAVIMAGE10_C843647B_2.jpg,OVAL,ORANGE,7,OVAL_ORANGE,130,0,0,0,0,0,1,0,0,0,0,0,0
00603-3442-28_RXNAVIMAGE10_4805A47D_1.jpg,OVAL,ORANGE,7,OVAL_ORANGE,130,0,0,0,0,0,1,0,0,0,0,0,0
00603-3442-28_RXNAVIMAGE10_4805A47D_2.jpg,OVAL,ORANGE,7,OVAL_ORANGE,130,0,0,0,0,0,1,0,0,0,0,0,0
00591-2168-19_RXNAVIMAGE10_324E1920_1.jpg,ROUND,PINK,10,ROUND_PINK,168,0,0,0,0,0,0,1,0,0,0,0,0
00591-2168-19_RXNAVIMAGE10_324E1920_2.jpg,ROUND,PINK,10,ROUND_PINK,168,0,0,0,0,0,0,1,0,0,0,0,0
31722-0206-01_RXNAVIMAGE10_F033F87F_1.jpg,ROUND,ORANGE,10,ROUND_ORANGE,166,0,0,0,0,0,1,0,0,0,0,0,0
31722-0206-01_RXNAVIMAGE10_F033F87F_2.jpg,ROUND,ORANGE,10,ROUND_ORANGE,166,0,0,0,0,0,1,0,0,0,0,0,0
00378-6320-01_RXNAVIMAGE10_7D473E89_1.jpg,CAPSULE,"TURQUOISE, WHITE",1,"CAPSULE_TURQUOISE, WHITE",80,0,0,0,0,0,0,0,0,0,1,1,0
00378-6320-01_RXNAVIMAGE10_7D473E89_2.jpg,CAPSULE,"TURQUOISE, WHITE",1,"CAPSULE_TURQUOISE, WHITE",80,0,0,0,0,0,0,0,0,0,1,1,0
49884-0922-02_RXNAVIMAGE10_5E08AF65_1.jpg,DIAMOND,YELLOW,2,DIAMOND_YELLOW,111,0,0,0,0,0,0,0,0,0,0,0,1
49884-0922-02_RXNAVIMAGE10_5E08AF65_2.jpg,DIAMOND,YELLOW,2,DIAMOND_YELLOW,111,0,0,0,0,0,0,0,0,0,0,0,1
00093-5554-01_RXNAVIMAGE10_CE42E767_1.jpg,CAPSULE,"WHITE, YELLOW",1,"CAPSULE_WHITE, YELLOW",93,0,0,0,0,0,0,0,0,0,0,1,1
00093-5554-01_RXNAVIMAGE10_CE42E767_2.jpg,CAPSULE,"WHITE, YELLOW",1,"CAPSULE_WHITE, YELLOW",93,0,0,0,0,0,0,0,0,0,0,1,1
59762-1415-03_RXNAVIMAGE10_4E3CA735_1.jpg,OVAL,WHITE,7,OVAL_WHITE,139,0,0,0,0,0,0,0,0,0,0,1,0
59762-1415-03_RXNAVIMAGE10_4E3CA735_2.jpg,OVAL,WHITE,7,OVAL_WHITE,139,0,0,0,0,0,0,0,0,0,0,1,0
00555-0789-02_RXNAVIMAGE10_D641EB3F_1.jpg,CAPSULE,"ORANGE, ORANGE",1,"CAPSULE_ORANGE, ORANGE",48,0,0,0,0,0,1,0,0,0,0,0,0
00555-0789-02_RXNAVIMAGE10_D641EB3F_2.jpg,CAPSULE,"ORANGE, ORANGE",1,"CAPSULE_ORANGE, ORANGE",48,0,0,0,0,0,1,0,0,0,0,0,0
59762-0540-01_RXNAVIMAGE10_814A4092_1.jpg,ROUND,BLUE,10,ROUND_BLUE,160,0,1,0,0,0,0,0,0,0,0,0,0
59762-0540-01_RXNAVIMAGE10_814A4092_2.jpg,ROUND,BLUE,10,ROUND_BLUE,160,0,1,0,0,0,0,0,0,0,0,0,0
65862-0620-90_RXNAVIMAGE10_9E4B4F5A_1.jpg,OVAL,BROWN,7,OVAL_BROWN,125,0,0,1,0,0,0,0,0,0,0,0,0
65862-0620-90_RXNAVIMAGE10_9E4B4F5A_2.jpg,OVAL,BROWN,7,OVAL_BROWN,125,0,0,1,0,0,0,0,0,0,0,0,0
55111-0280-50_RXNAVIMAGE10_483E2461_1.jpg,OVAL,ORANGE,7,OVAL_ORANGE,130,0,0,0,0,0,1,0,0,0,0,0,0
55111-0280-50_RXNAVIMAGE10_483E2461_2.jpg,OVAL,ORANGE,7,OVAL_ORANGE,130,0,0,0,0,0,1,0,0,0,0,0,0
00781-2145-01_RXNAVIMAGE10_834D41EA_1.jpg,CAPSULE,WHITE,1,CAPSULE_WHITE,81,0,0,0,0,0,0,0,0,0,0,1,0
00781-2145-01_RXNAVIMAGE10_834D41EA_2.jpg,CAPSULE,WHITE,1,CAPSULE_WHITE,81,0,0,0,0,0,0,0,0,0,0,1,0
68462-0207-01_RXNAVIMAGE10_37411BA8_1.jpg,OVAL,YELLOW,7,OVAL_YELLOW,145,0,0,0,0,0,0,0,0,0,0,0,1
68462-0207-01_RXNAVIMAGE10_37411BA8_2.jpg,OVAL,YELLOW,7,OVAL_YELLOW,145,0,0,0,0,0,0,0,0,0,0,0,1
00093-5142-56_RXNAVIMAGE10_C62D631B_1.jpg,OVAL,WHITE,7,OVAL_WHITE,139,0,0,0,0,0,0,0,0,0,0,1,0
00093-5142-56_RXNAVIMAGE10_C62D631B_2.jpg,OVAL,WHITE,7,OVAL_WHITE,139,0,0,0,0,0,0,0,0,0,0,1,0
00093-7272-05_RXNAVIMAGE10_A542D2F6_1.jpg,ROUND,WHITE,10,ROUND_WHITE,174,0,0,0,0,0,0,0,0,0,0,1,0
00093-7272-05_RXNAVIMAGE10_A542D2F6_2.jpg,ROUND,WHITE,10,ROUND_WHITE,174,0,0,0,0,0,0,0,0,0,0,1,0
00074-7148-19_RXNAVIMAGE10_971D4BAA_1.jpg,ROUND,PINK,10,ROUND_PINK,168,0,0,0,0,0,0,1,0,0,0,0,0
00074-7148-19_RXNAVIMAGE10_971D4BAA_2.jpg,ROUND,PINK,10,ROUND_PINK,168,0,0,0,0,0,0,1,0,0,0,0,0
00093-7677-86_RXNAVIMAGE10_5643AB5D_1.jpg,OVAL,WHITE,7,OVAL_WHITE,139,0,0,0,0,0,0,0,0,0,0,1,0
00093-7677-86_RXNAVIMAGE10_5643AB5D_2.jpg,OVAL,WHITE,7,OVAL_WHITE,139,0,0,0,0,0,0,0,0,0,0,1,0
63304-0097-11_RXNAVIMAGE10_A043503A_1.jpg,ROUND,WHITE,10,ROUND_WHITE,174,0,0,0,0,0,0,0,0,0,0,1,0
63304-0097-11_RXNAVIMAGE10_A043503A_2.jpg,ROUND,WHITE,10,ROUND_WHITE,174,0,0,0,0,0,0,0,0,0,0,1,0
67877-0147-01_RXNAVIMAGE10_D61DEB0F_1.jpg,CAPSULE,WHITE,1,CAPSULE_WHITE,81,0,0,0,0,0,0,0,0,0,0,1,0
67877-0147-01_RXNAVIMAGE10_D61DEB0F_2.jpg,CAPSULE,WHITE,1,CAPSULE_WHITE,81,0,0,0,0,0,0,0,0,0,0,1,0
50844-0185-08_RXNAVIMAGE10_6E35B74D_1.jpg,ROUND,PINK,10,ROUND_PINK,168,0,0,0,0,0,0,1,0,0,0,0,0
50844-0185-08_RXNAVIMAGE10_6E35B74D_2.jpg,ROUND,PINK,10,ROUND_PINK,168,0,0,0,0,0,0,1,0,0,0,0,0
49348-0704-10_RXNAVIMAGE10_04040220_1.jpg,OVAL,WHITE,7,OVAL_WHITE,139,0,0,0,0,0,0,0,0,0,0,1,0
49348-0704-10_RXNAVIMAGE10_04040220_2.jpg,OVAL,WHITE,7,OVAL_WHITE,139,0,0,0,0,0,0,0,0,0,0,1,0
00555-0033-02_RXNAVIMAGE10_AF1357EA_1.jpg,CAPSULE,"BLACK, GREEN",1,"CAPSULE_BLACK, GREEN",1,1,0,0,0,1,0,0,0,0,0,0,0
00555-0033-02_RXNAVIMAGE10_AF1357EA_2.jpg,CAPSULE,"BLACK, GREEN",1,"CAPSULE_BLACK, GREEN",1,1,0,0,0,1,0,0,0,0,0,0,0
00093-5207-01_RXNAVIMAGE10_782BBC1D_1.jpg,ROUND,PINK,10,ROUND_PINK,168,0,0,0,0,0,0,1,0,0,0,0,0
00093-5207-01_RXNAVIMAGE10_782BBC1D_2.jpg,ROUND,PINK,10,ROUND_PINK,168,0,0,0,0,0,0,1,0,0,0,0,0
00093-7243-06_RXNAVIMAGE10_7B293DD9_1.jpg,ROUND,GREEN,10,ROUND_GREEN,164,0,0,0,0,1,0,0,0,0,0,0,0
00093-7243-06_RXNAVIMAGE10_7B293DD9_2.jpg,ROUND,GREEN,10,ROUND_GREEN,164,0,0,0,0,1,0,0,0,0,0,0,0
00093-0083-98_RXNAVIMAGE10_3B299DDC_1.jpg,ROUND,WHITE,10,ROUND_WHITE,174,0,0,0,0,0,0,0,0,0,0,1,0
00093-0083-98_RXNAVIMAGE10_3B299DDC_2.jpg,ROUND,WHITE,10,ROUND_WHITE,174,0,0,0,0,0,0,0,0,0,0,1,0
00093-5292-01_RXNAVIMAGE10_42422131_1.jpg,CAPSULE,"WHITE, BLUE",1,"CAPSULE_WHITE, BLUE",83,0,1,0,0,0,0,0,0,0,0,1,0
00093-5292-01_RXNAVIMAGE10_42422131_2.jpg,CAPSULE,"WHITE, BLUE",1,"CAPSULE_WHITE, BLUE",83,0,1,0,0,0,0,0,0,0,0,1,0
00378-2590-77_RXNAVIMAGE10_7F493FB9_1.jpg,CAPSULE,"BLUE, YELLOW",1,"CAPSULE_BLUE, YELLOW",17,0,1,0,0,0,0,0,0,0,0,0,1
00378-2590-77_RXNAVIMAGE10_7F493FB9_2.jpg,CAPSULE,"BLUE, YELLOW",1,"CAPSULE_BLUE, YELLOW",17,0,1,0,0,0,0,0,0,0,0,0,1
00555-9026-58_RXNAVIMAGE10_202F901C_1.jpg,ROUND,BROWN,10,ROUND_BROWN,162,0,0,1,0,0,0,0,0,0,0,0,0
00555-9026-58_RXNAVIMAGE10_202F901C_2.jpg,ROUND,BROWN,10,ROUND_BROWN,162,0,0,1,0,0,0,0,0,0,0,0,0
68180-0115-07_RXNAVIMAGE10_3A081D50_1.jpg,OVAL,WHITE,7,OVAL_WHITE,139,0,0,0,0,0,0,0,0,0,0,1,0
68180-0115-07_RXNAVIMAGE10_3A081D50_2.jpg,OVAL,WHITE,7,OVAL_WHITE,139,0,0,0,0,0,0,0,0,0,0,1,0
00781-5939-92_RXNAVIMAGE10_6844B445_1.jpg,ROUND,PINK,10,ROUND_PINK,168,0,0,0,0,0,0,1,0,0,0,0,0
00781-5939-92_RXNAVIMAGE10_6844B445_2.jpg,ROUND,PINK,10,ROUND_PINK,168,0,0,0,0,0,0,1,0,0,0,0,0
47335-0714-81_RXNAVIMAGE10_743B3A29_1.jpg,ROUND,RED,10,ROUND_RED,172,0,0,0,0,0,0,0,0,1,0,0,0
47335-0714-81_RXNAVIMAGE10_743B3A29_2.jpg,ROUND,RED,10,ROUND_RED,172,0,0,0,0,0,0,0,0,1,0,0,0
00002-4771-90_RXNAVIMAGE10_8F16C7A6_1.jpg,ROUND,WHITE,10,ROUND_WHITE,174,0,0,0,0,0,0,0,0,0,0,1,0
00002-4771-90_RXNAVIMAGE10_8F16C7A6_2.jpg,ROUND,WHITE,10,ROUND_WHITE,174,0,0,0,0,0,0,0,0,0,0,1,0
00591-0397-60_RXNAVIMAGE10_0D3A86B4_1.jpg,ROUND,WHITE,10,ROUND_WHITE,174,0,0,0,0,0,0,0,0,0,0,1,0
00591-0397-60_RXNAVIMAGE10_0D3A86B4_2.jpg,ROUND,WHITE,10,ROUND_WHITE,174,0,0,0,0,0,0,0,0,0,0,1,0
51079-0985-20_RXNAVIMAGE10_59342CC1_1.jpg,OVAL,WHITE,7,OVAL_WHITE,139,0,0,0,0,0,0,0,0,0,0,1,0
51079-0985-20_RXNAVIMAGE10_59342CC1_2.jpg,OVAL,WHITE,7,OVAL_WHITE,139,0,0,0,0,0,0,0,0,0,0,1,0
00555-0917-09_RXNAVIMAGE10_312018D0_1.jpg,ROUND,WHITE,10,ROUND_WHITE,174,0,0,0,0,0,0,0,0,0,0,1,0
00555-0917-09_RXNAVIMAGE10_312018D0_2.jpg,ROUND,WHITE,10,ROUND_WHITE,174,0,0,0,0,0,0,0,0,0,0,1,0
61442-0323-01_RXNAVIMAGE10_FC4F7E6B_1.jpg,ROUND,ORANGE,10,ROUND_ORANGE,166,0,0,0,0,0,1,0,0,0,0,0,0
61442-0323-01_RXNAVIMAGE10_FC4F7E6B_2.jpg,ROUND,ORANGE,10,ROUND_ORANGE,166,0,0,0,0,0,1,0,0,0,0,0,0
00591-5556-01_RXNAVIMAGE10_0E21876C_1.jpg,ROUND,GREEN,10,ROUND_GREEN,164,0,0,0,0,1,0,0,0,0,0,0,0
00591-5556-01_RXNAVIMAGE10_0E21876C_2.jpg,ROUND,GREEN,10,ROUND_GREEN,164,0,0,0,0,1,0,0,0,0,0,0,0
00555-0066-02_RXNAVIMAGE10_C82B642B_1.jpg,ROUND,WHITE,10,ROUND_WHITE,174,0,0,0,0,0,0,0,0,0,0,1,0
00555-0066-02_RXNAVIMAGE10_C82B642B_2.jpg,ROUND,WHITE,10,ROUND_WHITE,174,0,0,0,0,0,0,0,0,0,0,1,0
60505-0208-01_RXNAVIMAGE10_113A0880_1.jpg,ROUND,RED,10,ROUND_RED,172,0,0,0,0,0,0,0,0,1,0,0,0
60505-0208-01_RXNAVIMAGE10_113A0880_2.jpg,ROUND,RED,10,ROUND_RED,172,0,0,0,0,0,0,0,0,1,0,0,0
00172-3626-48_RXNAVIMAGE10_4832A425_1.jpg,ROUND,ORANGE,10,ROUND_ORANGE,166,0,0,0,0,0,1,0,0,0,0,0,0
00172-3626-48_RXNAVIMAGE10_4832A425_2.jpg,ROUND,ORANGE,10,ROUND_ORANGE,166,0,0,0,0,0,1,0,0,0,0,0,0
67877-0295-05_RXNAVIMAGE10_9640CB36_1.jpg,OVAL,WHITE,7,OVAL_WHITE,139,0,0,0,0,0,0,0,0,0,0,1,0
67877-0295-05_RXNAVIMAGE10_9640CB36_2.jpg,OVAL,WHITE,7,OVAL_WHITE,139,0,0,0,0,0,0,0,0,0,0,1,0
49884-0222-01_RXNAVIMAGE10_3B489DE4_1.jpg,CAPSULE,"WHITE, BLUE",1,"CAPSULE_WHITE, BLUE",83,0,1,0,0,0,0,0,0,0,0,1,0
49884-0222-01_RXNAVIMAGE10_3B489DE4_2.jpg,CAPSULE,"WHITE, BLUE",1,"CAPSULE_WHITE, BLUE",83,0,1,0,0,0,0,0,0,0,0,1,0
49702-0214-18_RXNAVIMAGE10_74193A49_1.jpg,ROUND,WHITE,10,ROUND_WHITE,174,0,0,0,0,0,0,0,0,0,0,1,0
49702-0214-18_RXNAVIMAGE10_74193A49_2.jpg,ROUND,WHITE,10,ROUND_WHITE,174,0,0,0,0,0,0,0,0,0,0,1,0
51285-0081-98_RXNAVIMAGE10_04368254_1.jpg,ROUND,BROWN,10,ROUND_BROWN,162,0,0,1,0,0,0,0,0,0,0,0,0
51285-0081-98_RXNAVIMAGE10_04368254_2.jpg,ROUND,BROWN,10,ROUND_BROWN,162,0,0,1,0,0,0,0,0,0,0,0,0
00007-4892-20_RXNAVIMAGE10_BE18DF56_1.jpg,PENTAGON,GREEN,8,PENTAGON_GREEN,148,0,0,0,0,1,0,0,0,0,0,0,0
00007-4892-20_RXNAVIMAGE10_BE18DF56_2.jpg,PENTAGON,GREEN,8,PENTAGON_GREEN,148,0,0,0,0,1,0,0,0,0,0,0,0
57237-0053-99_RXNAVIMAGE10_8846C476_1.jpg,ROUND,RED,10,ROUND_RED,172,0,0,0,0,0,0,0,0,1,0,0,0
57237-0053-99_RXNAVIMAGE10_8846C476_2.jpg,ROUND,RED,10,ROUND_RED,172,0,0,0,0,0,0,0,0,1,0,0,0
00093-1077-01_RXNAVIMAGE10_60293059_1.jpg,ROUND,ORANGE,10,ROUND_ORANGE,166,0,0,0,0,0,1,0,0,0,0,0,0
00093-1077-01_RXNAVIMAGE10_60293059_2.jpg,ROUND,ORANGE,10,ROUND_ORANGE,166,0,0,0,0,0,1,0,0,0,0,0,0
00603-5764-28_RXNAVIMAGE10_460EA335_1.jpg,OVAL,WHITE,7,OVAL_WHITE,139,0,0,0,0,0,0,0,0,0,0,1,0
00603-5764-28_RXNAVIMAGE10_460EA335_2.jpg,OVAL,WHITE,7,OVAL_WHITE,139,0,0,0,0,0,0,0,0,0,0,1,0
00074-3061-90_RXNAVIMAGE10_56132B79_1.jpg,OVAL,WHITE,7,OVAL_WHITE,139,0,0,0,0,0,0,0,0,0,0,1,0
00074-3061-90_RXNAVIMAGE10_56132B79_2.jpg,OVAL,WHITE,7,OVAL_WHITE,139,0,0,0,0,0,0,0,0,0,0,1,0
00469-0617-73_RXNAVIMAGE10_2B3E95A4_1.jpg,CAPSULE,WHITE,1,CAPSULE_WHITE,81,0,0,0,0,0,0,0,0,0,0,1,0
00469-0617-73_RXNAVIMAGE10_2B3E95A4_2.jpg,CAPSULE,WHITE,1,CAPSULE_WHITE,81,0,0,0,0,0,0,0,0,0,0,1,0
50111-0328-01_RXNAVIMAGE10_55212A99_1.jpg,ROUND,ORANGE,10,ROUND_ORANGE,166,0,0,0,0,0,1,0,0,0,0,0,0
50111-0328-01_RXNAVIMAGE10_55212A99_2.jpg,ROUND,ORANGE,10,ROUND_ORANGE,166,0,0,0,0,0,1,0,0,0,0,0,0
00093-0028-01_RXNAVIMAGE10_6A29B54D_1.jpg,OVAL,PINK,7,OVAL_PINK,133,0,0,0,0,0,0,1,0,0,0,0,0
00093-0028-01_RXNAVIMAGE10_6A29B54D_2.jpg,OVAL,PINK,7,OVAL_PINK,133,0,0,0,0,0,0,1,0,0,0,0,0
00591-3153-01_RXNAVIMAGE10_FB0E7DE3_1.jpg,CAPSULE,"WHITE, YELLOW",1,"CAPSULE_WHITE, YELLOW",93,0,0,0,0,0,0,0,0,0,0,1,1
00591-3153-01_RXNAVIMAGE10_FB0E7DE3_2.jpg,CAPSULE,"WHITE, YELLOW",1,"CAPSULE_WHITE, YELLOW",93,0,0,0,0,0,0,0,0,0,0,1,1
50383-0172-90_RXNAVIMAGE10_363F9B2C_1.jpg,ROUND,WHITE,10,ROUND_WHITE,174,0,0,0,0,0,0,0,0,0,0,1,0
50383-0172-90_RXNAVIMAGE10_363F9B2C_2.jpg,ROUND,WHITE,10,ROUND_WHITE,174,0,0,0,0,0,0,0,0,0,0,1,0
10370-0534-01_RXNAVIMAGE10_4F49A79D_1.jpg,OVAL,WHITE,7,OVAL_WHITE,139,0,0,0,0,0,0,0,0,0,0,1,0
10370-0534-01_RXNAVIMAGE10_4F49A79D_2.jpg,OVAL,WHITE,7,OVAL_WHITE,139,0,0,0,0,0,0,0,0,0,0,1,0
00093-8741-01_RXNAVIMAGE10_9A364D42_1.jpg,CAPSULE,"ORANGE, TURQUOISE",1,"CAPSULE_ORANGE, TURQUOISE",49,0,0,0,0,0,1,0,0,0,1,0,0
00093-8741-01_RXNAVIMAGE10_9A364D42_2.jpg,CAPSULE,"ORANGE, TURQUOISE",1,"CAPSULE_ORANGE, TURQUOISE",49,0,0,0,0,0,1,0,0,0,1,0,0
50111-0456-01_RXNAVIMAGE10_6235B17D_1.jpg,ROUND,BLUE,10,ROUND_BLUE,160,0,1,0,0,0,0,0,0,0,0,0,0
50111-0456-01_RXNAVIMAGE10_6235B17D_2.jpg,ROUND,BLUE,10,ROUND_BLUE,160,0,1,0,0,0,0,0,0,0,0,0,0
00093-0010-06_RXNAVIMAGE10_784A3C11_1.jpg,ROUND,WHITE,10,ROUND_WHITE,174,0,0,0,0,0,0,0,0,0,0,1,0
00093-0010-06_RXNAVIMAGE10_784A3C11_2.jpg,ROUND,WHITE,10,ROUND_WHITE,174,0,0,0,0,0,0,0,0,0,0,1,0
65862-0373-01_RXNAVIMAGE10_1E4A0F40_1.jpg,ROUND,WHITE,10,ROUND_WHITE,174,0,0,0,0,0,0,0,0,0,0,1,0
65862-0373-01_RXNAVIMAGE10_1E4A0F40_2.jpg,ROUND,WHITE,10,ROUND_WHITE,174,0,0,0,0,0,0,0,0,0,0,1,0
00185-0704-05_RXNAVIMAGE10_02048114_1.jpg,ROUND,RED,10,ROUND_RED,172,0,0,0,0,0,0,0,0,1,0,0,0
00185-0704-05_RXNAVIMAGE10_02048114_2.jpg,ROUND,RED,10,ROUND_RED,172,0,0,0,0,0,0,0,0,1,0,0,0
53746-0101-01_RXNAVIMAGE10_A634D376_1.jpg,CAPSULE,WHITE,1,CAPSULE_WHITE,81,0,0,0,0,0,0,0,0,0,0,1,0
53746-0101-01_RXNAVIMAGE10_A634D376_2.jpg,CAPSULE,WHITE,1,CAPSULE_WHITE,81,0,0,0,0,0,0,0,0,0,0,1,0
00378-7732-93_RXNAVIMAGE10_850842D2_1.jpg,ROUND,WHITE,10,ROUND_WHITE,174,0,0,0,0,0,0,0,0,0,0,1,0
00378-7732-93_RXNAVIMAGE10_850842D2_2.jpg,ROUND,WHITE,10,ROUND_WHITE,174,0,0,0,0,0,0,0,0,0,0,1,0
00093-5552-01_RXNAVIMAGE10_CE42E737_1.jpg,CAPSULE,TURQUOISE,1,CAPSULE_TURQUOISE,76,0,0,0,0,0,0,0,0,0,1,0,0
00093-5552-01_RXNAVIMAGE10_CE42E737_2.jpg,CAPSULE,TURQUOISE,1,CAPSULE_TURQUOISE,76,0,0,0,0,0,0,0,0,0,1,0,0
00228-2620-11_RXNAVIMAGE10_F120F8E7_1.jpg,ROUND,BLUE,10,ROUND_BLUE,160,0,1,0,0,0,0,0,0,0,0,0,0
00228-2620-11_RXNAVIMAGE10_F120F8E7_2.jpg,ROUND,BLUE,10,ROUND_BLUE,160,0,1,0,0,0,0,0,0,0,0,0,0
16729-0007-15_RXNAVIMAGE10_350E9AF4_1.jpg,OVAL,RED,7,OVAL_RED,137,0,0,0,0,0,0,0,0,1,0,0,0
16729-0007-15_RXNAVIMAGE10_350E9AF4_2.jpg,OVAL,RED,7,OVAL_RED,137,0,0,0,0,0,0,0,0,1,0,0,0
59762-1516-01_RXNAVIMAGE10_B051D84E_1.jpg,CAPSULE,"WHITE, BLUE",1,"CAPSULE_WHITE, BLUE",83,0,1,0,0,0,0,0,0,0,0,1,0
59762-1516-01_RXNAVIMAGE10_B051D84E_2.jpg,CAPSULE,"WHITE, BLUE",1,"CAPSULE_WHITE, BLUE",83,0,1,0,0,0,0,0,0,0,0,1,0
00002-4772-90_RXNAVIMAGE10_8C16C656_1.jpg,ROUND,WHITE,10,ROUND_WHITE,174,0,0,0,0,0,0,0,0,0,0,1,0
00002-4772-90_RXNAVIMAGE10_8C16C656_2.jpg,ROUND,WHITE,10,ROUND_WHITE,174,0,0,0,0,0,0,0,0,0,0,1,0
00007-4641-13_RXNAVIMAGE10_FD18FEA7_1.jpg,ROUND,BLUE,10,ROUND_BLUE,160,0,1,0,0,0,0,0,0,0,0,0,0
00007-4641-13_RXNAVIMAGE10_FD18FEA7_2.jpg,ROUND,BLUE,10,ROUND_BLUE,160,0,1,0,0,0,0,0,0,0,0,0,0
00555-0324-02_RXNAVIMAGE10_DE2B6F6B_1.jpg,CAPSULE,"YELLOW, PINK",1,"CAPSULE_YELLOW, PINK",100,0,0,0,0,0,0,1,0,0,0,0,1
00555-0324-02_RXNAVIMAGE10_DE2B6F6B_2.jpg,CAPSULE,"YELLOW, PINK",1,"CAPSULE_YELLOW, PINK",100,0,0,0,0,0,0,1,0,0,0,0,1
00078-0491-15_RXNAVIMAGE10_193B0C98_1.jpg,OVAL,YELLOW,7,OVAL_YELLOW,145,0,0,0,0,0,0,0,0,0,0,0,1
00078-0491-15_RXNAVIMAGE10_193B0C98_2.jpg,OVAL,YELLOW,7,OVAL_YELLOW,145,0,0,0,0,0,0,0,0,0,0,0,1
00228-2551-06_RXNAVIMAGE10_6A233509_1.jpg,ROUND,WHITE,10,ROUND_WHITE,174,0,0,0,0,0,0,0,0,0,0,1,0
00228-2551-06_RXNAVIMAGE10_6A233509_2.jpg,ROUND,WHITE,10,ROUND_WHITE,174,0,0,0,0,0,0,0,0,0,0,1,0
44946-1010-03_RXNAVIMAGE10_193C0C80_1.jpg,ROUND,WHITE,10,ROUND_WHITE,174,0,0,0,0,0,0,0,0,0,0,1,0
44946-1010-03_RXNAVIMAGE10_193C0C80_2.jpg,ROUND,WHITE,10,ROUND_WHITE,174,0,0,0,0,0,0,0,0,0,0,1,0
00093-7295-01_RXNAVIMAGE10_31281890_1.jpg,OVAL,WHITE,7,OVAL_WHITE,139,0,0,0,0,0,0,0,0,0,0,1,0
00093-7295-01_RXNAVIMAGE10_31281890_2.jpg,OVAL,WHITE,7,OVAL_WHITE,139,0,0,0,0,0,0,0,0,0,0,1,0
00182-1061-05_RXNAVIMAGE10_042B825C_1.jpg,ROUND,YELLOW,10,ROUND_YELLOW,178,0,0,0,0,0,0,0,0,0,0,0,1
00182-1061-05_RXNAVIMAGE10_042B825C_2.jpg,ROUND,YELLOW,10,ROUND_YELLOW,178,0,0,0,0,0,0,0,0,0,0,0,1
63304-0098-11_RXNAVIMAGE10_9B434DCA_1.jpg,ROUND,WHITE,10,ROUND_WHITE,174,0,0,0,0,0,0,0,0,0,0,1,0
63304-0098-11_RXNAVIMAGE10_9B434DCA_2.jpg,ROUND,WHITE,10,ROUND_WHITE,174,0,0,0,0,0,0,0,0,0,0,1,0
49884-0544-01_RXNAVIMAGE10_1C218E5C_1.jpg,ROUND,BROWN,10,ROUND_BROWN,162,0,0,1,0,0,0,0,0,0,0,0,0
49884-0544-01_RXNAVIMAGE10_1C218E5C_2.jpg,ROUND,BROWN,10,ROUND_BROWN,162,0,0,1,0,0,0,0,0,0,0,0,0
68462-0233-01_RXNAVIMAGE10_1E3E0F60_1.jpg,ROUND,GREEN,10,ROUND_GREEN,164,0,0,0,0,1,0,0,0,0,0,0,0
68462-0233-01_RXNAVIMAGE10_1E3E0F60_2.jpg,ROUND,GREEN,10,ROUND_GREEN,164,0,0,0,0,1,0,0,0,0,0,0,0
13668-0070-90_RXNAVIMAGE10_EE47772B_1.jpg,OVAL,YELLOW,7,OVAL_YELLOW,145,0,0,0,0,0,0,0,0,0,0,0,1
13668-0070-90_RXNAVIMAGE10_EE47772B_2.jpg,OVAL,YELLOW,7,OVAL_YELLOW,145,0,0,0,0,0,0,0,0,0,0,0,1
31722-0521-01_RXNAVIMAGE10_8607C35E_1.jpg,ROUND,ORANGE,10,ROUND_ORANGE,166,0,0,0,0,0,1,0,0,0,0,0,0
31722-0521-01_RXNAVIMAGE10_8607C35E_2.jpg,ROUND,ORANGE,10,ROUND_ORANGE,166,0,0,0,0,0,1,0,0,0,0,0,0
59746-0385-06_RXNAVIMAGE10_9B0ECD96_1.jpg,CAPSULE,ORANGE,1,CAPSULE_ORANGE,44,0,0,0,0,0,1,0,0,0,0,0,0
59746-0385-06_RXNAVIMAGE10_9B0ECD96_2.jpg,CAPSULE,ORANGE,1,CAPSULE_ORANGE,44,0,0,0,0,0,1,0,0,0,0,0,0
00093-5960-01_RXNAVIMAGE10_C243E15F_1.jpg,OVAL,WHITE,7,OVAL_WHITE,139,0,0,0,0,0,0,0,0,0,0,1,0
00093-5960-01_RXNAVIMAGE10_C243E15F_2.jpg,OVAL,WHITE,7,OVAL_WHITE,139,0,0,0,0,0,0,0,0,0,0,1,0
00378-6440-01_RXNAVIMAGE10_E21DF16F_1.jpg,CAPSULE,BLUE,1,CAPSULE_BLUE,7,0,1,0,0,0,0,0,0,0,0,0,0
00378-6440-01_RXNAVIMAGE10_E21DF16F_2.jpg,CAPSULE,BLUE,1,CAPSULE_BLUE,7,0,1,0,0,0,0,0,0,0,0,0,0
52544-0383-28_RXNAVIMAGE10_194D0CD8_1.jpg,ROUND,PINK,10,ROUND_PINK,168,0,0,0,0,0,0,1,0,0,0,0,0
52544-0383-28_RXNAVIMAGE10_194D0CD8_2.jpg,ROUND,PINK,10,ROUND_PINK,168,0,0,0,0,0,0,1,0,0,0,0,0
00187-0844-01_RXNAVIMAGE10_AF1C5782_1.jpg,CAPSULE,PURPLE,1,CAPSULE_PURPLE,61,0,0,0,0,0,0,0,1,0,0,0,0
00187-0844-01_RXNAVIMAGE10_AF1C5782_2.jpg,CAPSULE,PURPLE,1,CAPSULE_PURPLE,61,0,0,0,0,0,0,0,1,0,0,0,0
00574-0246-01_RXNAVIMAGE10_0107809C_1.jpg,ROUND,WHITE,10,ROUND_WHITE,174,0,0,0,0,0,0,0,0,0,0,1,0
00574-0246-01_RXNAVIMAGE10_0107809C_2.jpg,ROUND,WHITE,10,ROUND_WHITE,174,0,0,0,0,0,0,0,0,0,0,1,0
00781-5555-92_RXNAVIMAGE10_D5496AAB_1.jpg,ROUND,PINK,10,ROUND_PINK,168,0,0,0,0,0,0,1,0,0,0,0,0
00781-5555-92_RXNAVIMAGE10_D5496AAB_2.jpg,ROUND,PINK,10,ROUND_PINK,168,0,0,0,0,0,0,1,0,0,0,0,0
16714-0532-11_RXNAVIMAGE10_094F0488_1.jpg,TRIANGLE,PINK,15,TRIANGLE_PINK,199,0,0,0,0,0,0,1,0,0,0,0,0
16714-0532-11_RXNAVIMAGE10_094F0488_2.jpg,TRIANGLE,PINK,15,TRIANGLE_PINK,199,0,0,0,0,0,0,1,0,0,0,0,0
66993-0077-30_RXNAVIMAGE10_3F399FEC_1.jpg,CAPSULE,"GREEN, BLUE",1,"CAPSULE_GREEN, BLUE",34,0,1,0,0,1,0,0,0,0,0,0,0
66993-0077-30_RXNAVIMAGE10_3F399FEC_2.jpg,CAPSULE,"GREEN, BLUE",1,"CAPSULE_GREEN, BLUE",34,0,1,0,0,1,0,0,0,0,0,0,0
16729-0169-01_RXNAVIMAGE10_E14FF0FF_1.jpg,ROUND,WHITE,10,ROUND_WHITE,174,0,0,0,0,0,0,0,0,0,0,1,0
16729-0169-01_RXNAVIMAGE10_E14FF0FF_2.jpg,ROUND,WHITE,10,ROUND_WHITE,174,0,0,0,0,0,0,0,0,0,0,1,0
51285-0369-01_RXNAVIMAGE10_3E361F50_1.jpg,OVAL,PURPLE,7,OVAL_PURPLE,135,0,0,0,0,0,0,0,1,0,0,0,0
51285-0369-01_RXNAVIMAGE10_3E361F50_2.jpg,OVAL,PURPLE,7,OVAL_PURPLE,135,0,0,0,0,0,0,0,1,0,0,0,0
00173-0242-55_RXNAVIMAGE10_A818D476_1.jpg,ROUND,YELLOW,10,ROUND_YELLOW,178,0,0,0,0,0,0,0,0,0,0,0,1
00173-0242-55_RXNAVIMAGE10_A818D476_2.jpg,ROUND,YELLOW,10,ROUND_YELLOW,178,0,0,0,0,0,0,0,0,0,0,0,1
55111-0586-01_RXNAVIMAGE10_6439B27D_1.jpg,CAPSULE,"PURPLE, WHITE",1,"CAPSULE_PURPLE, WHITE",67,0,0,0,0,0,0,0,1,0,0,1,0
55111-0586-01_RXNAVIMAGE10_6439B27D_2.jpg,CAPSULE,"PURPLE, WHITE",1,"CAPSULE_PURPLE, WHITE",67,0,0,0,0,0,0,0,1,0,0,1,0
42367-0111-06_RXNAVIMAGE10_AB48D5F6_1.jpg,ROUND,WHITE,10,ROUND_WHITE,174,0,0,0,0,0,0,0,0,0,0,1,0
42367-0111-06_RXNAVIMAGE10_AB48D5F6_2.jpg,ROUND,WHITE,10,ROUND_WHITE,174,0,0,0,0,0,0,0,0,0,0,1,0
60505-0145-00_RXNAVIMAGE10_4534A2B5_1.jpg,CAPSULE,"PINK, PINK",1,"CAPSULE_PINK, PINK",57,0,0,0,0,0,0,1,0,0,0,0,0
60505-0145-00_RXNAVIMAGE10_4534A2B5_2.jpg,CAPSULE,"PINK, PINK",1,"CAPSULE_PINK, PINK",57,0,0,0,0,0,0,1,0,0,0,0,0
00378-0712-01_RXNAVIMAGE10_AF4057D2_1.jpg,ROUND,WHITE,10,ROUND_WHITE,174,0,0,0,0,0,0,0,0,0,0,1,0
00378-0712-01_RXNAVIMAGE10_AF4057D2_2.jpg,ROUND,WHITE,10,ROUND_WHITE,174,0,0,0,0,0,0,0,0,0,0,1,0
45802-0498-58_RXNAVIMAGE10_4C3B2619_1.jpg,ROUND,WHITE,10,ROUND_WHITE,174,0,0,0,0,0,0,0,0,0,0,1,0
45802-0498-58_RXNAVIMAGE10_4C3B2619_2.jpg,ROUND,WHITE,10,ROUND_WHITE,174,0,0,0,0,0,0,0,0,0,0,1,0
52544-0954-28_RXNAVIMAGE10_D54B6ABB_1.jpg,ROUND,WHITE,10,ROUND_WHITE,174,0,0,0,0,0,0,0,0,0,0,1,0
52544-0954-28_RXNAVIMAGE10_D54B6ABB_2.jpg,ROUND,WHITE,10,ROUND_WHITE,174,0,0,0,0,0,0,0,0,0,0,1,0
43547-0351-10_RXNAVIMAGE10_30449854_1.jpg,OVAL,WHITE,7,OVAL_WHITE,139,0,0,0,0,0,0,0,0,0,0,1,0
43547-0351-10_RXNAVIMAGE10_30449854_2.jpg,OVAL,WHITE,7,OVAL_WHITE,139,0,0,0,0,0,0,0,0,0,0,1,0
00093-7440-01_RXNAVIMAGE10_CB3565EB_1.jpg,OVAL,BROWN,7,OVAL_BROWN,125,0,0,1,0,0,0,0,0,0,0,0,0
00093-7440-01_RXNAVIMAGE10_CB3565EB_2.jpg,OVAL,BROWN,7,OVAL_BROWN,125,0,0,1,0,0,0,0,0,0,0,0,0
00093-5172-20_RXNAVIMAGE10_782D3C19_1.jpg,SQUARE,WHITE,12,SQUARE_WHITE,185,0,0,0,0,0,0,0,0,0,0,1,0
00093-5172-20_RXNAVIMAGE10_782D3C19_2.jpg,SQUARE,WHITE,12,SQUARE_WHITE,185,0,0,0,0,0,0,0,0,0,0,1,0
00093-1135-56_RXNAVIMAGE10_6E383721_1.jpg,CAPSULE,"GREEN, WHITE",1,"CAPSULE_GREEN, WHITE",42,0,0,0,0,1,0,0,0,0,0,1,0
00093-1135-56_RXNAVIMAGE10_6E383721_2.jpg,CAPSULE,"GREEN, WHITE",1,"CAPSULE_GREEN, WHITE",42,0,0,0,0,1,0,0,0,0,0,1,0
51079-0629-20_RXNAVIMAGE10_7F32BFB5_1.jpg,ROUND,WHITE,10,ROUND_WHITE,174,0,0,0,0,0,0,0,0,0,0,1,0
51079-0629-20_RXNAVIMAGE10_7F32BFB5_2.jpg,ROUND,WHITE,10,ROUND_WHITE,174,0,0,0,0,0,0,0,0,0,0,1,0
00781-1453-01_RXNAVIMAGE10_E220F167_1.jpg,ROUND,WHITE,10,ROUND_WHITE,174,0,0,0,0,0,0,0,0,0,0,1,0
00781-1453-01_RXNAVIMAGE10_E220F167_2.jpg,ROUND,WHITE,10,ROUND_WHITE,174,0,0,0,0,0,0,0,0,0,0,1,0
00228-2067-10_RXNAVIMAGE10_C11B60FB_1.jpg,CAPSULE,PINK,1,CAPSULE_PINK,52,0,0,0,0,0,0,1,0,0,0,0,0
00228-2067-10_RXNAVIMAGE10_C11B60FB_2.jpg,CAPSULE,PINK,1,CAPSULE_PINK,52,0,0,0,0,0,0,1,0,0,0,0,0
00574-0240-01_RXNAVIMAGE10_A941D4BE_1.jpg,ROUND,WHITE,10,ROUND_WHITE,174,0,0,0,0,0,0,0,0,0,0,1,0
00574-0240-01_RXNAVIMAGE10_A941D4BE_2.jpg,ROUND,WHITE,10,ROUND_WHITE,174,0,0,0,0,0,0,0,0,0,0,1,0
00172-3925-60_RXNAVIMAGE10_1B428D94_1.jpg,ROUND,WHITE,10,ROUND_WHITE,174,0,0,0,0,0,0,0,0,0,0,1,0
00172-3925-60_RXNAVIMAGE10_1B428D94_2.jpg,ROUND,WHITE,10,ROUND_WHITE,174,0,0,0,0,0,0,0,0,0,0,1,0
00555-9051-67_RXNAVIMAGE10_5D36AEF5_1.jpg,ROUND,PINK,10,ROUND_PINK,168,0,0,0,0,0,0,1,0,0,0,0,0
00555-9051-67_RXNAVIMAGE10_5D36AEF5_2.jpg,ROUND,PINK,10,ROUND_PINK,168,0,0,0,0,0,0,1,0,0,0,0,0
00007-4896-20_RXNAVIMAGE10_D818EC47_1.jpg,PENTAGON,BROWN,8,PENTAGON_BROWN,147,0,0,1,0,0,0,0,0,0,0,0,0
00007-4896-20_RXNAVIMAGE10_D818EC47_2.jpg,PENTAGON,BROWN,8,PENTAGON_BROWN,147,0,0,1,0,0,0,0,0,0,0,0,0
00143-1333-01_RXNAVIMAGE10_B5335ACA_1.jpg,ROUND,WHITE,10,ROUND_WHITE,174,0,0,0,0,0,0,0,0,0,0,1,0
00143-1333-01_RXNAVIMAGE10_B5335ACA_2.jpg,ROUND,WHITE,10,ROUND_WHITE,174,0,0,0,0,0,0,0,0,0,0,1,0
59762-0073-01_RXNAVIMAGE10_6949B4ED_1.jpg,ROUND,WHITE,10,ROUND_WHITE,174,0,0,0,0,0,0,0,0,0,0,1,0
59762-0073-01_RXNAVIMAGE10_6949B4ED_2.jpg,ROUND,WHITE,10,ROUND_WHITE,174,0,0,0,0,0,0,0,0,0,0,1,0
00093-2931-01_RXNAVIMAGE10_4A2B2559_1.jpg,ROUND,WHITE,10,ROUND_WHITE,174,0,0,0,0,0,0,0,0,0,0,1,0
00093-2931-01_RXNAVIMAGE10_4A2B2559_2.jpg,ROUND,WHITE,10,ROUND_WHITE,174,0,0,0,0,0,0,0,0,0,0,1,0
65862-0617-90_RXNAVIMAGE10_834B41AA_1.jpg,OVAL,BROWN,7,OVAL_BROWN,125,0,0,1,0,0,0,0,0,0,0,0,0
65862-0617-90_RXNAVIMAGE10_834B41AA_2.jpg,OVAL,BROWN,7,OVAL_BROWN,125,0,0,1,0,0,0,0,0,0,0,0,0
00093-7114-98_RXNAVIMAGE10_8A2BC51E_1.jpg,ROUND,YELLOW,10,ROUND_YELLOW,178,0,0,0,0,0,0,0,0,0,0,0,1
00093-7114-98_RXNAVIMAGE10_8A2BC51E_2.jpg,ROUND,YELLOW,10,ROUND_YELLOW,178,0,0,0,0,0,0,0,0,0,0,0,1
43547-0249-50_RXNAVIMAGE10_C808E417_1.jpg,OVAL,WHITE,7,OVAL_WHITE,139,0,0,0,0,0,0,0,0,0,0,1,0
43547-0249-50_RXNAVIMAGE10_C808E417_2.jpg,OVAL,WHITE,7,OVAL_WHITE,139,0,0,0,0,0,0,0,0,0,0,1,0
00781-1556-01_RXNAVIMAGE10_6C3BB64D_1.jpg,ROUND,WHITE,10,ROUND_WHITE,174,0,0,0,0,0,0,0,0,0,0,1,0
00781-1556-01_RXNAVIMAGE10_6C3BB64D_2.jpg,ROUND,WHITE,10,ROUND_WHITE,174,0,0,0,0,0,0,0,0,0,0,1,0
51672-4022-01_RXNAVIMAGE10_2B4415D0_1.jpg,ROUND,WHITE,10,ROUND_WHITE,174,0,0,0,0,0,0,0,0,0,0,1,0
51672-4022-01_RXNAVIMAGE10_2B4415D0_2.jpg,ROUND,WHITE,10,ROUND_WHITE,174,0,0,0,0,0,0,0,0,0,0,1,0
00172-2083-60_RXNAVIMAGE10_B122D8F6_1.jpg,ROUND,ORANGE,10,ROUND_ORANGE,166,0,0,0,0,0,1,0,0,0,0,0,0
00172-2083-60_RXNAVIMAGE10_B122D8F6_2.jpg,ROUND,ORANGE,10,ROUND_ORANGE,166,0,0,0,0,0,1,0,0,0,0,0,0
00093-2238-01_RXNAVIMAGE10_8919449A_1.jpg,OVAL,WHITE,7,OVAL_WHITE,139,0,0,0,0,0,0,0,0,0,0,1,0
00093-2238-01_RXNAVIMAGE10_8919449A_2.jpg,OVAL,WHITE,7,OVAL_WHITE,139,0,0,0,0,0,0,0,0,0,0,1,0
00173-0676-01_RXNAVIMAGE10_7118B8E5_1.jpg,ROUND,PINK,10,ROUND_PINK,168,0,0,0,0,0,0,1,0,0,0,0,0
00173-0676-01_RXNAVIMAGE10_7118B8E5_2.jpg,ROUND,PINK,10,ROUND_PINK,168,0,0,0,0,0,0,1,0,0,0,0,0
00173-0712-02_RXNAVIMAGE10_32191978_1.jpg,OVAL,YELLOW,7,OVAL_YELLOW,145,0,0,0,0,0,0,0,0,0,0,0,1
00173-0712-02_RXNAVIMAGE10_32191978_2.jpg,OVAL,YELLOW,7,OVAL_YELLOW,145,0,0,0,0,0,0,0,0,0,0,0,1
49884-0494-01_RXNAVIMAGE10_A03AD006_1.jpg,ROUND,WHITE,10,ROUND_WHITE,174,0,0,0,0,0,0,0,0,0,0,1,0
49884-0494-01_RXNAVIMAGE10_A03AD006_2.jpg,ROUND,WHITE,10,ROUND_WHITE,174,0,0,0,0,0,0,0,0,0,0,1,0
59746-0171-06_RXNAVIMAGE10_080E0460_1.jpg,ROUND,WHITE,10,ROUND_WHITE,174,0,0,0,0,0,0,0,0,0,0,1,0
59746-0171-06_RXNAVIMAGE10_080E0460_2.jpg,ROUND,WHITE,10,ROUND_WHITE,174,0,0,0,0,0,0,0,0,0,0,1,0
00591-3256-01_RXNAVIMAGE10_7B343DD1_1.jpg,ROUND,WHITE,10,ROUND_WHITE,174,0,0,0,0,0,0,0,0,0,0,1,0
00591-3256-01_RXNAVIMAGE10_7B343DD1_2.jpg,ROUND,WHITE,10,ROUND_WHITE,174,0,0,0,0,0,0,0,0,0,0,1,0
00074-9189-90_RXNAVIMAGE10_DF1DEFBF_1.jpg,CAPSULE,"BLUE, YELLOW",1,"CAPSULE_BLUE, YELLOW",17,0,1,0,0,0,0,0,0,0,0,0,1
00074-9189-90_RXNAVIMAGE10_DF1DEFBF_2.jpg,CAPSULE,"BLUE, YELLOW",1,"CAPSULE_BLUE, YELLOW",17,0,1,0,0,0,0,0,0,0,0,0,1
00456-3210-60_RXNAVIMAGE10_B21FD94E_1.jpg,OVAL,GRAY,7,OVAL_GRAY,127,0,0,0,1,0,0,0,0,0,0,0,0
00456-3210-60_RXNAVIMAGE10_B21FD94E_2.jpg,OVAL,GRAY,7,OVAL_GRAY,127,0,0,0,1,0,0,0,0,0,0,0,0
57237-0017-60_RXNAVIMAGE10_3A3D9D3C_1.jpg,CAPSULE,YELLOW,1,CAPSULE_YELLOW,94,0,0,0,0,0,0,0,0,0,0,0,1
57237-0017-60_RXNAVIMAGE10_3A3D9D3C_2.jpg,CAPSULE,YELLOW,1,CAPSULE_YELLOW,94,0,0,0,0,0,0,0,0,0,0,0,1
00555-0902-02_RXNAVIMAGE10_D01B687B_1.jpg,ROUND,WHITE,10,ROUND_WHITE,174,0,0,0,0,0,0,0,0,0,0,1,0
00555-0902-02_RXNAVIMAGE10_D01B687B_2.jpg,ROUND,WHITE,10,ROUND_WHITE,174,0,0,0,0,0,0,0,0,0,0,1,0
65862-0587-01_RXNAVIMAGE10_33489994_1.jpg,CAPSULE,BLUE,1,CAPSULE_BLUE,7,0,1,0,0,0,0,0,0,0,0,0,0
65862-0587-01_RXNAVIMAGE10_33489994_2.jpg,CAPSULE,BLUE,1,CAPSULE_BLUE,7,0,1,0,0,0,0,0,0,0,0,0,0
00781-1046-01_RXNAVIMAGE10_453CA2E5_1.jpg,ROUND,WHITE,10,ROUND_WHITE,174,0,0,0,0,0,0,0,0,0,0,1,0
00781-1046-01_RXNAVIMAGE10_453CA2E5_2.jpg,ROUND,WHITE,10,ROUND_WHITE,174,0,0,0,0,0,0,0,0,0,0,1,0
00093-7285-89_RXNAVIMAGE10_B62FDB4E_1.jpg,OVAL,BLUE,7,OVAL_BLUE,123,0,1,0,0,0,0,0,0,0,0,0,0
00093-7285-89_RXNAVIMAGE10_B62FDB4E_2.jpg,OVAL,BLUE,7,OVAL_BLUE,123,0,1,0,0,0,0,0,0,0,0,0,0
00591-0369-01_RXNAVIMAGE10_2245912C_1.jpg,CAPSULE,WHITE,1,CAPSULE_WHITE,81,0,0,0,0,0,0,0,0,0,0,1,0
00591-0369-01_RXNAVIMAGE10_2245912C_2.jpg,CAPSULE,WHITE,1,CAPSULE_WHITE,81,0,0,0,0,0,0,0,0,0,0,1,0
51285-0063-90_RXNAVIMAGE10_732D39A9_1.jpg,ROUND,WHITE,10,ROUND_WHITE,174,0,0,0,0,0,0,0,0,0,0,1,0
51285-0063-90_RXNAVIMAGE10_732D39A9_2.jpg,ROUND,WHITE,10,ROUND_WHITE,174,0,0,0,0,0,0,0,0,0,0,1,0
00378-8210-77_RXNAVIMAGE10_8B33C5DE_1.jpg,RECTANGLE,WHITE,9,RECTANGLE_WHITE,159,0,0,0,0,0,0,0,0,0,0,1,0
00378-8210-77_RXNAVIMAGE10_8B33C5DE_2.jpg,RECTANGLE,WHITE,9,RECTANGLE_WHITE,159,0,0,0,0,0,0,0,0,0,0,1,0
00093-7477-01_RXNAVIMAGE10_9B294DCA_1.jpg,OVAL,PURPLE,7,OVAL_PURPLE,135,0,0,0,0,0,0,0,1,0,0,0,0
00093-7477-01_RXNAVIMAGE10_9B294DCA_2.jpg,OVAL,PURPLE,7,OVAL_PURPLE,135,0,0,0,0,0,0,0,1,0,0,0,0
00555-0779-02_RXNAVIMAGE10_4E08A755_1.jpg,ROUND,WHITE,10,ROUND_WHITE,174,0,0,0,0,0,0,0,0,0,0,1,0
00555-0779-02_RXNAVIMAGE10_4E08A755_2.jpg,ROUND,WHITE,10,ROUND_WHITE,174,0,0,0,0,0,0,0,0,0,0,1,0
68180-0519-02_RXNAVIMAGE10_19088CB4_1.jpg,ROUND,YELLOW,10,ROUND_YELLOW,178,0,0,0,0,0,0,0,0,0,0,0,1
68180-0519-02_RXNAVIMAGE10_19088CB4_2.jpg,ROUND,YELLOW,10,ROUND_YELLOW,178,0,0,0,0,0,0,0,0,0,0,0,1
00430-0420-14_RXNAVIMAGE10_234011B0_1.jpg,ROUND,BLUE,10,ROUND_BLUE,160,0,1,0,0,0,0,0,0,0,0,0,0
00430-0420-14_RXNAVIMAGE10_234011B0_2.jpg,ROUND,BLUE,10,ROUND_BLUE,160,0,1,0,0,0,0,0,0,0,0,0,0
49702-0206-13_RXNAVIMAGE10_67193389_1.jpg,OVAL,ORANGE,7,OVAL_ORANGE,130,0,0,0,0,0,1,0,0,0,0,0,0
49702-0206-13_RXNAVIMAGE10_67193389_2.jpg,OVAL,ORANGE,7,OVAL_ORANGE,130,0,0,0,0,0,1,0,0,0,0,0,0
59762-0029-01_RXNAVIMAGE10_A248D146_1.jpg,ROUND,WHITE,10,ROUND_WHITE,174,0,0,0,0,0,0,0,0,0,0,1,0
59762-0029-01_RXNAVIMAGE10_A248D146_2.jpg,ROUND,WHITE,10,ROUND_WHITE,174,0,0,0,0,0,0,0,0,0,0,1,0
00378-4532-01_RXNAVIMAGE10_613F30B9_1.jpg,ROUND,WHITE,10,ROUND_WHITE,174,0,0,0,0,0,0,0,0,0,0,1,0
00378-4532-01_RXNAVIMAGE10_613F30B9_2.jpg,ROUND,WHITE,10,ROUND_WHITE,174,0,0,0,0,0,0,0,0,0,0,1,0
50111-0441-02_RXNAVIMAGE10_CB1265D3_1.jpg,TRAPEZOID,WHITE,14,TRAPEZOID_WHITE,195,0,0,0,0,0,0,0,0,0,0,1,0
50111-0441-02_RXNAVIMAGE10_CB1265D3_2.jpg,TRAPEZOID,WHITE,14,TRAPEZOID_WHITE,195,0,0,0,0,0,0,0,0,0,0,1,0
00093-7293-53_RXNAVIMAGE10_871C43D2_1.jpg,OVAL,WHITE,7,OVAL_WHITE,139,0,0,0,0,0,0,0,0,0,0,1,0
00093-7293-53_RXNAVIMAGE10_871C43D2_2.jpg,OVAL,WHITE,7,OVAL_WHITE,139,0,0,0,0,0,0,0,0,0,0,1,0
00781-5310-06_RXNAVIMAGE10_243F925C_1.jpg,ROUND,PINK,10,ROUND_PINK,168,0,0,0,0,0,0,1,0,0,0,0,0
00781-5310-06_RXNAVIMAGE10_243F925C_2.jpg,ROUND,PINK,10,ROUND_PINK,168,0,0,0,0,0,0,1,0,0,0,0,0
00555-9131-67_RXNAVIMAGE10_233611D0_1.jpg,ROUND,WHITE,10,ROUND_WHITE,174,0,0,0,0,0,0,0,0,0,0,1,0
00555-9131-67_RXNAVIMAGE10_233611D0_2.jpg,ROUND,WHITE,10,ROUND_WHITE,174,0,0,0,0,0,0,0,0,0,0,1,0
65862-0927-90_RXNAVIMAGE10_C249E15F_1.jpg,OCTAGON,WHITE,6,OCTAGON_WHITE,121,0,0,0,0,0,0,0,0,0,0,1,0
65862-0927-90_RXNAVIMAGE10_C249E15F_2.jpg,OCTAGON,WHITE,6,OCTAGON_WHITE,121,0,0,0,0,0,0,0,0,0,0,1,0
68462-0435-18_RXNAVIMAGE10_AB4655A2_1.jpg,ROUND,WHITE,10,ROUND_WHITE,174,0,0,0,0,0,0,0,0,0,0,1,0
68462-0435-18_RXNAVIMAGE10_AB4655A2_2.jpg,ROUND,WHITE,10,ROUND_WHITE,174,0,0,0,0,0,0,0,0,0,0,1,0
51285-0692-02_RXNAVIMAGE10_8A2F454A_1.jpg,ROUND,YELLOW,10,ROUND_YELLOW,178,0,0,0,0,0,0,0,0,0,0,0,1
51285-0692-02_RXNAVIMAGE10_8A2F454A_2.jpg,ROUND,YELLOW,10,ROUND_YELLOW,178,0,0,0,0,0,0,0,0,0,0,0,1
53746-0466-05_RXNAVIMAGE10_8B0845D2_1.jpg,OVAL,WHITE,7,OVAL_WHITE,139,0,0,0,0,0,0,0,0,0,0,1,0
53746-0466-05_RXNAVIMAGE10_8B0845D2_2.jpg,OVAL,WHITE,7,OVAL_WHITE,139,0,0,0,0,0,0,0,0,0,0,1,0
00093-8947-01_RXNAVIMAGE10_F9357CFB_1.jpg,OVAL,WHITE,7,OVAL_WHITE,139,0,0,0,0,0,0,0,0,0,0,1,0
00093-8947-01_RXNAVIMAGE10_F9357CFB_2.jpg,OVAL,WHITE,7,OVAL_WHITE,139,0,0,0,0,0,0,0,0,0,0,1,0
00591-0302-01_RXNAVIMAGE10_8D2046C2_1.jpg,ROUND,WHITE,10,ROUND_WHITE,174,0,0,0,0,0,0,0,0,0,0,1,0
00591-0302-01_RXNAVIMAGE10_8D2046C2_2.jpg,ROUND,WHITE,10,ROUND_WHITE,174,0,0,0,0,0,0,0,0,0,0,1,0
10370-0190-01_RXNAVIMAGE10_C64F636B_1.jpg,ROUND,ORANGE,10,ROUND_ORANGE,166,0,0,0,0,0,1,0,0,0,0,0,0
10370-0190-01_RXNAVIMAGE10_C64F636B_2.jpg,ROUND,ORANGE,10,ROUND_ORANGE,166,0,0,0,0,0,1,0,0,0,0,0,0
00310-0280-60_RXNAVIMAGE10_633D3199_1.jpg,OVAL,PINK,7,OVAL_PINK,133,0,0,0,0,0,0,1,0,0,0,0,0
00310-0280-60_RXNAVIMAGE10_633D3199_2.jpg,OVAL,PINK,7,OVAL_PINK,133,0,0,0,0,0,0,1,0,0,0,0,0
16714-0374-04_RXNAVIMAGE10_95444AB2_1.jpg,ROUND,WHITE,10,ROUND_WHITE,174,0,0,0,0,0,0,0,0,0,0,1,0
16714-0374-04_RXNAVIMAGE10_95444AB2_2.jpg,ROUND,WHITE,10,ROUND_WHITE,174,0,0,0,0,0,0,0,0,0,0,1,0
57237-0025-05_RXNAVIMAGE10_0D4E86E4_1.jpg,OVAL,YELLOW,7,OVAL_YELLOW,145,0,0,0,0,0,0,0,0,0,0,0,1
57237-0025-05_RXNAVIMAGE10_0D4E86E4_2.jpg,OVAL,YELLOW,7,OVAL_YELLOW,145,0,0,0,0,0,0,0,0,0,0,0,1
51079-0620-06_RXNAVIMAGE10_973DCBEE_1.jpg,ROUND,YELLOW,10,ROUND_YELLOW,178,0,0,0,0,0,0,0,0,0,0,0,1
51079-0620-06_RXNAVIMAGE10_973DCBEE_2.jpg,ROUND,YELLOW,10,ROUND_YELLOW,178,0,0,0,0,0,0,0,0,0,0,0,1
00093-0109-01_RXNAVIMAGE10_40202051_1.jpg,ROUND,WHITE,10,ROUND_WHITE,174,0,0,0,0,0,0,0,0,0,0,1,0
00093-0109-01_RXNAVIMAGE10_40202051_2.jpg,ROUND,WHITE,10,ROUND_WHITE,174,0,0,0,0,0,0,0,0,0,0,1,0
51660-0141-90_RXNAVIMAGE10_833D418A_1.jpg,OVAL,YELLOW,7,OVAL_YELLOW,145,0,0,0,0,0,0,0,0,0,0,0,1
51660-0141-90_RXNAVIMAGE10_833D418A_2.jpg,OVAL,YELLOW,7,OVAL_YELLOW,145,0,0,0,0,0,0,0,0,0,0,0,1
00093-0900-01_RXNAVIMAGE10_5A292D59_1.jpg,ROUND,WHITE,10,ROUND_WHITE,174,0,0,0,0,0,0,0,0,0,0,1,0
00093-0900-01_RXNAVIMAGE10_5A292D59_2.jpg,ROUND,WHITE,10,ROUND_WHITE,174,0,0,0,0,0,0,0,0,0,0,1,0
13668-0086-30_RXNAVIMAGE10_364D9B2C_1.jpg,ROUND,YELLOW,10,ROUND_YELLOW,178,0,0,0,0,0,0,0,0,0,0,0,1
13668-0086-30_RXNAVIMAGE10_364D9B2C_2.jpg,ROUND,YELLOW,10,ROUND_YELLOW,178,0,0,0,0,0,0,0,0,0,0,0,1
65862-0113-01_RXNAVIMAGE10_5D34AE85_1.jpg,CAPSULE,BLUE,1,CAPSULE_BLUE,7,0,1,0,0,0,0,0,0,0,0,0,0
65862-0113-01_RXNAVIMAGE10_5D34AE85_2.jpg,CAPSULE,BLUE,1,CAPSULE_BLUE,7,0,1,0,0,0,0,0,0,0,0,0,0
00093-3010-84_RXNAVIMAGE10_F72CFBF7_1.jpg,ROUND,YELLOW,10,ROUND_YELLOW,178,0,0,0,0,0,0,0,0,0,0,0,1
00093-3010-84_RXNAVIMAGE10_F72CFBF7_2.jpg,ROUND,YELLOW,10,ROUND_YELLOW,178,0,0,0,0,0,0,0,0,0,0,0,1
00093-4068-01_RXNAVIMAGE10_CC26E637_1.jpg,CAPSULE,PINK,1,CAPSULE_PINK,52,0,0,0,0,0,0,1,0,0,0,0,0
00093-4068-01_RXNAVIMAGE10_CC26E637_2.jpg,CAPSULE,PINK,1,CAPSULE_PINK,52,0,0,0,0,0,0,1,0,0,0,0,0
00093-7350-56_RXNAVIMAGE10_5B2D2DA9_1.jpg,CAPSULE,"BLUE, PINK",1,"CAPSULE_BLUE, PINK",13,0,1,0,0,0,0,1,0,0,0,0,0
00093-7350-56_RXNAVIMAGE10_5B2D2DA9_2.jpg,CAPSULE,"BLUE, PINK",1,"CAPSULE_BLUE, PINK",13,0,1,0,0,0,0,1,0,0,0,0,0
00093-0657-01_RXNAVIMAGE10_F137F88F_1.jpg,OVAL,"ORANGE, YELLOW",7,"OVAL_ORANGE, YELLOW",132,0,0,0,0,0,1,0,0,0,0,0,1
00093-0657-01_RXNAVIMAGE10_F137F88F_2.jpg,OVAL,"ORANGE, YELLOW",7,"OVAL_ORANGE, YELLOW",132,0,0,0,0,0,1,0,0,0,0,0,1
00527-1342-10_RXNAVIMAGE10_41082081_1.jpg,ROUND,WHITE,10,ROUND_WHITE,174,0,0,0,0,0,0,0,0,0,0,1,0
00527-1342-10_RXNAVIMAGE10_41082081_2.jpg,ROUND,WHITE,10,ROUND_WHITE,174,0,0,0,0,0,0,0,0,0,0,1,0
24338-0124-13_RXNAVIMAGE10_86404302_1.jpg,OVAL,WHITE,7,OVAL_WHITE,139,0,0,0,0,0,0,0,0,0,0,1,0
24338-0124-13_RXNAVIMAGE10_86404302_2.jpg,OVAL,WHITE,7,OVAL_WHITE,139,0,0,0,0,0,0,0,0,0,0,1,0
51672-4044-01_RXNAVIMAGE10_CD1566CB_1.jpg,ROUND,PINK,10,ROUND_PINK,168,0,0,0,0,0,0,1,0,0,0,0,0
51672-4044-01_RXNAVIMAGE10_CD1566CB_2.jpg,ROUND,PINK,10,ROUND_PINK,168,0,0,0,0,0,0,1,0,0,0,0,0
00145-0091-25_RXNAVIMAGE10_DD196ECB_1.jpg,CAPSULE,"BROWN, YELLOW",1,"CAPSULE_BROWN, YELLOW",21,0,0,1,0,0,0,0,0,0,0,0,1
00145-0091-25_RXNAVIMAGE10_DD196ECB_2.jpg,CAPSULE,"BROWN, YELLOW",1,"CAPSULE_BROWN, YELLOW",21,0,0,1,0,0,0,0,0,0,0,0,1
63304-0504-01_RXNAVIMAGE10_9F12CF96_1.jpg,OVAL,WHITE,7,OVAL_WHITE,139,0,0,0,0,0,0,0,0,0,0,1,0
63304-0504-01_RXNAVIMAGE10_9F12CF96_2.jpg,OVAL,WHITE,7,OVAL_WHITE,139,0,0,0,0,0,0,0,0,0,0,1,0
65162-0713-10_RXNAVIMAGE10_BA495D2A_1.jpg,OVAL,WHITE,7,OVAL_WHITE,139,0,0,0,0,0,0,0,0,0,0,1,0
65162-0713-10_RXNAVIMAGE10_BA495D2A_2.jpg,OVAL,WHITE,7,OVAL_WHITE,139,0,0,0,0,0,0,0,0,0,0,1,0
59762-5033-02_RXNAVIMAGE10_8015C00E_1.jpg,ROUND,WHITE,10,ROUND_WHITE,174,0,0,0,0,0,0,0,0,0,0,1,0
59762-5033-02_RXNAVIMAGE10_8015C00E_2.jpg,ROUND,WHITE,10,ROUND_WHITE,174,0,0,0,0,0,0,0,0,0,0,1,0
39822-0205-01_RXNAVIMAGE10_7F1C3FB1_1.jpg,CAPSULE,WHITE,1,CAPSULE_WHITE,81,0,0,0,0,0,0,0,0,0,0,1,0
39822-0205-01_RXNAVIMAGE10_7F1C3FB1_2.jpg,CAPSULE,WHITE,1,CAPSULE_WHITE,81,0,0,0,0,0,0,0,0,0,0,1,0
61269-0210-90_RXNAVIMAGE10_994D4CFA_1.jpg,CAPSULE,"WHITE, BLACK",1,"CAPSULE_WHITE, BLACK",82,1,0,0,0,0,0,0,0,0,0,1,0
61269-0210-90_RXNAVIMAGE10_994D4CFA_2.jpg,CAPSULE,"WHITE, BLACK",1,"CAPSULE_WHITE, BLACK",82,1,0,0,0,0,0,0,0,0,0,1,0
52544-0064-41_RXNAVIMAGE10_CC4AE657_1.jpg,ROUND,BROWN,10,ROUND_BROWN,162,0,0,1,0,0,0,0,0,0,0,0,0
52544-0064-41_RXNAVIMAGE10_CC4AE657_2.jpg,ROUND,BROWN,10,ROUND_BROWN,162,0,0,1,0,0,0,0,0,0,0,0,0
68180-0568-01_RXNAVIMAGE10_9741CB8E_1.jpg,ROUND,RED,10,ROUND_RED,172,0,0,0,0,0,0,0,0,1,0,0,0
68180-0568-01_RXNAVIMAGE10_9741CB8E_2.jpg,ROUND,RED,10,ROUND_RED,172,0,0,0,0,0,0,0,0,1,0,0,0
17478-0766-10_RXNAVIMAGE10_2A3E9574_1.jpg,ROUND,RED,10,ROUND_RED,172,0,0,0,0,0,0,0,0,1,0,0,0
17478-0766-10_RXNAVIMAGE10_2A3E9574_2.jpg,ROUND,RED,10,ROUND_RED,172,0,0,0,0,0,0,0,0,1,0,0,0
00904-3280-60_RXNAVIMAGE10_7933BCDD_1.jpg,OVAL,WHITE,7,OVAL_WHITE,139,0,0,0,0,0,0,0,0,0,0,1,0
00904-3280-60_RXNAVIMAGE10_7933BCDD_2.jpg,OVAL,WHITE,7,OVAL_WHITE,139,0,0,0,0,0,0,0,0,0,0,1,0
63304-0713-20_RXNAVIMAGE10_F9387CE3_1.jpg,OVAL,WHITE,7,OVAL_WHITE,139,0,0,0,0,0,0,0,0,0,0,1,0
63304-0713-20_RXNAVIMAGE10_F9387CE3_2.jpg,OVAL,WHITE,7,OVAL_WHITE,139,0,0,0,0,0,0,0,0,0,0,1,0
16729-0001-01_RXNAVIMAGE10_AC3B567A_1.jpg,OVAL,PINK,7,OVAL_PINK,133,0,0,0,0,0,0,1,0,0,0,0,0
16729-0001-01_RXNAVIMAGE10_AC3B567A_2.jpg,OVAL,PINK,7,OVAL_PINK,133,0,0,0,0,0,0,1,0,0,0,0,0
00054-0230-25_RXNAVIMAGE10_AC4B564A_1.jpg,OVAL,WHITE,7,OVAL_WHITE,139,0,0,0,0,0,0,0,0,0,0,1,0
00054-0230-25_RXNAVIMAGE10_AC4B564A_2.jpg,OVAL,WHITE,7,OVAL_WHITE,139,0,0,0,0,0,0,0,0,0,0,1,0
00527-1050-01_RXNAVIMAGE10_A212D146_1.jpg,ROUND,WHITE,10,ROUND_WHITE,174,0,0,0,0,0,0,0,0,0,0,1,0
00527-1050-01_RXNAVIMAGE10_A212D146_2.jpg,ROUND,WHITE,10,ROUND_WHITE,174,0,0,0,0,0,0,0,0,0,0,1,0
00555-9047-58_RXNAVIMAGE10_9536CAE6_1.jpg,ROUND,GREEN,10,ROUND_GREEN,164,0,0,0,0,1,0,0,0,0,0,0,0
00555-9047-58_RXNAVIMAGE10_9536CAE6_2.jpg,ROUND,GREEN,10,ROUND_GREEN,164,0,0,0,0,1,0,0,0,0,0,0,0
00093-0463-01_RXNAVIMAGE10_5429AA3D_1.jpg,DIAMOND,ORANGE,2,DIAMOND_ORANGE,108,0,0,0,0,0,1,0,0,0,0,0,0
00093-0463-01_RXNAVIMAGE10_5429AA3D_2.jpg,DIAMOND,ORANGE,2,DIAMOND_ORANGE,108,0,0,0,0,0,1,0,0,0,0,0,0
00378-0327-10_RXNAVIMAGE10_8007C05E_1.jpg,ROUND,ORANGE,10,ROUND_ORANGE,166,0,0,0,0,0,1,0,0,0,0,0,0
00378-0327-10_RXNAVIMAGE10_8007C05E_2.jpg,ROUND,ORANGE,10,ROUND_ORANGE,166,0,0,0,0,0,1,0,0,0,0,0,0
24338-0126-13_RXNAVIMAGE10_1B3A8DA4_1.jpg,OVAL,WHITE,7,OVAL_WHITE,139,0,0,0,0,0,0,0,0,0,0,1,0
24338-0126-13_RXNAVIMAGE10_1B3A8DA4_2.jpg,OVAL,WHITE,7,OVAL_WHITE,139,0,0,0,0,0,0,0,0,0,0,1,0
00173-0806-61_RXNAVIMAGE10_94194A0A_1.jpg,OVAL,WHITE,7,OVAL_WHITE,139,0,0,0,0,0,0,0,0,0,0,1,0
00173-0806-61_RXNAVIMAGE10_94194A0A_2.jpg,OVAL,WHITE,7,OVAL_WHITE,139,0,0,0,0,0,0,0,0,0,0,1,0
00173-0758-60_RXNAVIMAGE10_E019704B_1.jpg,ROUND,"YELLOW, WHITE",10,"ROUND_YELLOW, WHITE",179,0,0,0,0,0,0,0,0,0,0,1,1
00173-0758-60_RXNAVIMAGE10_E019704B_2.jpg,ROUND,"YELLOW, WHITE",10,"ROUND_YELLOW, WHITE",179,0,0,0,0,0,0,0,0,0,0,1,1
00093-4029-01_RXNAVIMAGE10_272713C8_1.jpg,CAPSULE,GREEN,1,CAPSULE_GREEN,32,0,0,0,0,1,0,0,0,0,0,0,0
00093-4029-01_RXNAVIMAGE10_272713C8_2.jpg,CAPSULE,GREEN,1,CAPSULE_GREEN,32,0,0,0,0,1,0,0,0,0,0,0,0
55111-0144-30_RXNAVIMAGE10_B44F5A6A_1.jpg,OVAL,PINK,7,OVAL_PINK,133,0,0,0,0,0,0,1,0,0,0,0,0
55111-0144-30_RXNAVIMAGE10_B44F5A6A_2.jpg,OVAL,PINK,7,OVAL_PINK,133,0,0,0,0,0,0,1,0,0,0,0,0
63304-0459-30_RXNAVIMAGE10_CC3C6653_1.jpg,OVAL,YELLOW,7,OVAL_YELLOW,145,0,0,0,0,0,0,0,0,0,0,0,1
63304-0459-30_RXNAVIMAGE10_CC3C6653_2.jpg,OVAL,YELLOW,7,OVAL_YELLOW,145,0,0,0,0,0,0,0,0,0,0,0,1
00093-0576-06_RXNAVIMAGE10_DB23EDBF_1.jpg,ROUND,TURQUOISE,10,ROUND_TURQUOISE,173,0,0,0,0,0,0,0,0,0,1,0,0
00093-0576-06_RXNAVIMAGE10_DB23EDBF_2.jpg,ROUND,TURQUOISE,10,ROUND_TURQUOISE,173,0,0,0,0,0,0,0,0,0,1,0,0
00093-8123-01_RXNAVIMAGE10_66363361_1.jpg,ROUND,WHITE,10,ROUND_WHITE,174,0,0,0,0,0,0,0,0,0,0,1,0
00093-8123-01_RXNAVIMAGE10_66363361_2.jpg,ROUND,WHITE,10,ROUND_WHITE,174,0,0,0,0,0,0,0,0,0,0,1,0
43547-0278-50_RXNAVIMAGE10_5E3BAF5D_1.jpg,OVAL,WHITE,7,OVAL_WHITE,139,0,0,0,0,0,0,0,0,0,0,1,0
43547-0278-50_RXNAVIMAGE10_5E3BAF5D_2.jpg,OVAL,WHITE,7,OVAL_WHITE,139,0,0,0,0,0,0,0,0,0,0,1,0
00093-5861-01_RXNAVIMAGE10_0C420630_1.jpg,OVAL,BLUE,7,OVAL_BLUE,123,0,1,0,0,0,0,0,0,0,0,0,0
00093-5861-01_RXNAVIMAGE10_0C420630_2.jpg,OVAL,BLUE,7,OVAL_BLUE,123,0,1,0,0,0,0,0,0,0,0,0,0
00591-3611-30_RXNAVIMAGE10_2F3D979C_1.jpg,OVAL,PINK,7,OVAL_PINK,133,0,0,0,0,0,0,1,0,0,0,0,0
00591-3611-30_RXNAVIMAGE10_2F3D979C_2.jpg,OVAL,PINK,7,OVAL_PINK,133,0,0,0,0,0,0,1,0,0,0,0,0
50844-0249-33_RXNAVIMAGE10_C235E11F_1.jpg,ROUND,WHITE,10,ROUND_WHITE,174,0,0,0,0,0,0,0,0,0,0,1,0
50844-0249-33_RXNAVIMAGE10_C235E11F_2.jpg,ROUND,WHITE,10,ROUND_WHITE,174,0,0,0,0,0,0,0,0,0,0,1,0
51285-0082-97_RXNAVIMAGE10_E92F74EB_1.jpg,ROUND,PINK,10,ROUND_PINK,168,0,0,0,0,0,0,1,0,0,0,0,0
51285-0082-97_RXNAVIMAGE10_E92F74EB_2.jpg,ROUND,PINK,10,ROUND_PINK,168,0,0,0,0,0,0,1,0,0,0,0,0
00093-7154-56_RXNAVIMAGE10_2C281650_1.jpg,ROUND,BROWN,10,ROUND_BROWN,162,0,0,1,0,0,0,0,0,0,0,0,0
00093-7154-56_RXNAVIMAGE10_2C281650_2.jpg,ROUND,BROWN,10,ROUND_BROWN,162,0,0,1,0,0,0,0,0,0,0,0,0
00603-3340-21_RXNAVIMAGE10_8851C40E_1.jpg,CAPSULE,"PINK, RED",1,"CAPSULE_PINK, RED",58,0,0,0,0,0,0,1,0,1,0,0,0
00603-3340-21_RXNAVIMAGE10_8851C40E_2.jpg,CAPSULE,"PINK, RED",1,"CAPSULE_PINK, RED",58,0,0,0,0,0,0,1,0,1,0,0,0
51672-4011-05_RXNAVIMAGE10_F804FC47_1.jpg,CAPSULE,"BLUE, TURQUOISE",1,"CAPSULE_BLUE, TURQUOISE",15,0,1,0,0,0,0,0,0,0,1,0,0
51672-4011-05_RXNAVIMAGE10_F804FC47_2.jpg,CAPSULE,"BLUE, TURQUOISE",1,"CAPSULE_BLUE, TURQUOISE",15,0,1,0,0,0,0,0,0,0,1,0,0
00093-5030-56_RXNAVIMAGE10_314F18C8_1.jpg,ROUND,ORANGE,10,ROUND_ORANGE,166,0,0,0,0,0,1,0,0,0,0,0,0
00093-5030-56_RXNAVIMAGE10_314F18C8_2.jpg,ROUND,ORANGE,10,ROUND_ORANGE,166,0,0,0,0,0,1,0,0,0,0,0,0
16729-0168-01_RXNAVIMAGE10_F946FCE7_1.jpg,ROUND,WHITE,10,ROUND_WHITE,174,0,0,0,0,0,0,0,0,0,0,1,0
16729-0168-01_RXNAVIMAGE10_F946FCE7_2.jpg,ROUND,WHITE,10,ROUND_WHITE,174,0,0,0,0,0,0,0,0,0,0,1,0
59746-0211-06_RXNAVIMAGE10_D233690B_1.jpg,ROUND,ORANGE,10,ROUND_ORANGE,166,0,0,0,0,0,1,0,0,0,0,0,0
59746-0211-06_RXNAVIMAGE10_D233690B_2.jpg,ROUND,ORANGE,10,ROUND_ORANGE,166,0,0,0,0,0,1,0,0,0,0,0,0
60505-2659-01_RXNAVIMAGE10_57382BE1_1.jpg,OVAL,WHITE,7,OVAL_WHITE,139,0,0,0,0,0,0,0,0,0,0,1,0
60505-2659-01_RXNAVIMAGE10_57382BE1_2.jpg,OVAL,WHITE,7,OVAL_WHITE,139,0,0,0,0,0,0,0,0,0,0,1,0
00527-1343-01_RXNAVIMAGE10_15338AFC_1.jpg,ROUND,PURPLE,10,ROUND_PURPLE,171,0,0,0,0,0,0,0,1,0,0,0,0
00527-1343-01_RXNAVIMAGE10_15338AFC_2.jpg,ROUND,PURPLE,10,ROUND_PURPLE,171,0,0,0,0,0,0,0,1,0,0,0,0
68180-0478-01_RXNAVIMAGE10_AB21558A_1.jpg,OVAL,PINK,7,OVAL_PINK,133,0,0,0,0,0,0,1,0,0,0,0,0
68180-0478-01_RXNAVIMAGE10_AB21558A_2.jpg,OVAL,PINK,7,OVAL_PINK,133,0,0,0,0,0,0,1,0,0,0,0,0
00003-0894-21_RXNAVIMAGE10_3D491EB8_1.jpg,OVAL,PINK,7,OVAL_PINK,133,0,0,0,0,0,0,1,0,0,0,0,0
00003-0894-21_RXNAVIMAGE10_3D491EB8_2.jpg,OVAL,PINK,7,OVAL_PINK,133,0,0,0,0,0,0,1,0,0,0,0,0
00228-2891-03_RXNAVIMAGE10_8B3CC5C6_1.jpg,CAPSULE,"BLUE, GRAY",1,"CAPSULE_BLUE, GRAY",10,0,1,0,1,0,0,0,0,0,0,0,0
00228-2891-03_RXNAVIMAGE10_8B3CC5C6_2.jpg,CAPSULE,"BLUE, GRAY",1,"CAPSULE_BLUE, GRAY",10,0,1,0,1,0,0,0,0,0,0,0,0
00172-3762-60_RXNAVIMAGE10_0B2D85FC_1.jpg,OVAL,WHITE,7,OVAL_WHITE,139,0,0,0,0,0,0,0,0,0,0,1,0
00172-3762-60_RXNAVIMAGE10_0B2D85FC_2.jpg,OVAL,WHITE,7,OVAL_WHITE,139,0,0,0,0,0,0,0,0,0,0,1,0
24090-0493-84_RXNAVIMAGE10_08510438_1.jpg,ROUND,BROWN,10,ROUND_BROWN,162,0,0,1,0,0,0,0,0,0,0,0,0
24090-0493-84_RXNAVIMAGE10_08510438_2.jpg,ROUND,BROWN,10,ROUND_BROWN,162,0,0,1,0,0,0,0,0,0,0,0,0
49884-0831-05_RXNAVIMAGE10_37489BD4_1.jpg,CAPSULE,GREEN,1,CAPSULE_GREEN,32,0,0,0,0,1,0,0,0,0,0,0,0
49884-0831-05_RXNAVIMAGE10_37489BD4_2.jpg,CAPSULE,GREEN,1,CAPSULE_GREEN,32,0,0,0,0,1,0,0,0,0,0,0,0
49035-0940-12_RXNAVIMAGE10_B238D956_1.jpg,ROUND,YELLOW,10,ROUND_YELLOW,178,0,0,0,0,0,0,0,0,0,0,0,1
49035-0940-12_RXNAVIMAGE10_B238D956_2.jpg,ROUND,YELLOW,10,ROUND_YELLOW,178,0,0,0,0,0,0,0,0,0,0,0,1
60793-0854-01_RXNAVIMAGE10_FC087E73_1.jpg,OVAL,YELLOW,7,OVAL_YELLOW,145,0,0,0,0,0,0,0,0,0,0,0,1
60793-0854-01_RXNAVIMAGE10_FC087E73_2.jpg,OVAL,YELLOW,7,OVAL_YELLOW,145,0,0,0,0,0,0,0,0,0,0,0,1
50844-0611-19_RXNAVIMAGE10_903BC81E_1.jpg,OVAL,BLUE,7,OVAL_BLUE,123,0,1,0,0,0,0,0,0,0,0,0,0
50844-0611-19_RXNAVIMAGE10_903BC81E_2.jpg,OVAL,BLUE,7,OVAL_BLUE,123,0,1,0,0,0,0,0,0,0,0,0,0
13107-0032-34_RXNAVIMAGE10_421B2139_1.jpg,OVAL,WHITE,7,OVAL_WHITE,139,0,0,0,0,0,0,0,0,0,0,1,0
13107-0032-34_RXNAVIMAGE10_421B2139_2.jpg,OVAL,WHITE,7,OVAL_WHITE,139,0,0,0,0,0,0,0,0,0,0,1,0
00004-0259-01_RXNAVIMAGE10_B8135C6A_1.jpg,CAPSULE,"BLUE, ORANGE",1,"CAPSULE_BLUE, ORANGE",12,0,1,0,0,0,1,0,0,0,0,0,0
00004-0259-01_RXNAVIMAGE10_B8135C6A_2.jpg,CAPSULE,"BLUE, ORANGE",1,"CAPSULE_BLUE, ORANGE",12,0,1,0,0,0,1,0,0,0,0,0,0
00093-7441-01_RXNAVIMAGE10_54362A61_1.jpg,OVAL,PINK,7,OVAL_PINK,133,0,0,0,0,0,0,1,0,0,0,0,0
00093-7441-01_RXNAVIMAGE10_54362A61_2.jpg,OVAL,PINK,7,OVAL_PINK,133,0,0,0,0,0,0,1,0,0,0,0,0
65862-0064-01_RXNAVIMAGE10_252392CC_1.jpg,ROUND,BLUE,10,ROUND_BLUE,160,0,1,0,0,0,0,0,0,0,0,0,0
65862-0064-01_RXNAVIMAGE10_252392CC_2.jpg,ROUND,BLUE,10,ROUND_BLUE,160,0,1,0,0,0,0,0,0,0,0,0,0
00186-0520-60_RXNAVIMAGE10_C41DE20F_1.jpg,OVAL,YELLOW,7,OVAL_YELLOW,145,0,0,0,0,0,0,0,0,0,0,0,1
00186-0520-60_RXNAVIMAGE10_C41DE20F_2.jpg,OVAL,YELLOW,7,OVAL_YELLOW,145,0,0,0,0,0,0,0,0,0,0,0,1
00603-7610-01_RXNAVIMAGE10_2B4B15F8_1.jpg,ROUND,BROWN,10,ROUND_BROWN,162,0,0,1,0,0,0,0,0,0,0,0,0
00603-7610-01_RXNAVIMAGE10_2B4B15F8_2.jpg,ROUND,BROWN,10,ROUND_BROWN,162,0,0,1,0,0,0,0,0,0,0,0,0
00093-0738-56_RXNAVIMAGE10_14158A0C_1.jpg,ROUND,WHITE,10,ROUND_WHITE,174,0,0,0,0,0,0,0,0,0,0,1,0
00093-0738-56_RXNAVIMAGE10_14158A0C_2.jpg,ROUND,WHITE,10,ROUND_WHITE,174,0,0,0,0,0,0,0,0,0,0,1,0
51079-0131-20_RXNAVIMAGE10_5E342F31_1.jpg,ROUND,WHITE,10,ROUND_WHITE,174,0,0,0,0,0,0,0,0,0,0,1,0
51079-0131-20_RXNAVIMAGE10_5E342F31_2.jpg,ROUND,WHITE,10,ROUND_WHITE,174,0,0,0,0,0,0,0,0,0,0,1,0
52937-0001-20_RXNAVIMAGE10_B0505872_1.jpg,OVAL,YELLOW,7,OVAL_YELLOW,145,0,0,0,0,0,0,0,0,0,0,0,1
52937-0001-20_RXNAVIMAGE10_B0505872_2.jpg,OVAL,YELLOW,7,OVAL_YELLOW,145,0,0,0,0,0,0,0,0,0,0,0,1
11822-0532-01_RXNAVIMAGE10_E038F067_1.jpg,ROUND,TURQUOISE,10,ROUND_TURQUOISE,173,0,0,0,0,0,0,0,0,0,1,0,0
11822-0532-01_RXNAVIMAGE10_E038F067_2.jpg,ROUND,TURQUOISE,10,ROUND_TURQUOISE,173,0,0,0,0,0,0,0,0,0,1,0,0
00093-5105-56_RXNAVIMAGE10_B31B59DA_1.jpg,OVAL,WHITE,7,OVAL_WHITE,139,0,0,0,0,0,0,0,0,0,0,1,0
00093-5105-56_RXNAVIMAGE10_B31B59DA_2.jpg,OVAL,WHITE,7,OVAL_WHITE,139,0,0,0,0,0,0,0,0,0,0,1,0
65597-0118-30_RXNAVIMAGE10_071D83EC_1.jpg,OVAL,RED,7,OVAL_RED,137,0,0,0,0,0,0,0,0,1,0,0,0
65597-0118-30_RXNAVIMAGE10_071D83EC_2.jpg,OVAL,RED,7,OVAL_RED,137,0,0,0,0,0,0,0,0,1,0,0,0
00093-7613-56_RXNAVIMAGE10_2A43953C_1.jpg,OVAL,GREEN,7,OVAL_GREEN,129,0,0,0,0,1,0,0,0,0,0,0,0
00093-7613-56_RXNAVIMAGE10_2A43953C_2.jpg,OVAL,GREEN,7,OVAL_GREEN,129,0,0,0,0,1,0,0,0,0,0,0,0
42806-0056-10_RXNAVIMAGE10_514F28E9_1.jpg,ROUND,WHITE,10,ROUND_WHITE,174,0,0,0,0,0,0,0,0,0,0,1,0
42806-0056-10_RXNAVIMAGE10_514F28E9_2.jpg,ROUND,WHITE,10,ROUND_WHITE,174,0,0,0,0,0,0,0,0,0,0,1,0
52544-0936-28_RXNAVIMAGE10_EC44F617_1.jpg,ROUND,WHITE,10,ROUND_WHITE,174,0,0,0,0,0,0,0,0,0,0,1,0
52544-0936-28_RXNAVIMAGE10_EC44F617_2.jpg,ROUND,WHITE,10,ROUND_WHITE,174,0,0,0,0,0,0,0,0,0,0,1,0
42192-0353-60_RXNAVIMAGE10_9B3BCDEE_1.jpg,OVAL,BROWN,7,OVAL_BROWN,125,0,0,1,0,0,0,0,0,0,0,0,0
42192-0353-60_RXNAVIMAGE10_9B3BCDEE_2.jpg,OVAL,BROWN,7,OVAL_BROWN,125,0,0,1,0,0,0,0,0,0,0,0,0
53746-0465-05_RXNAVIMAGE10_C515E2BF_1.jpg,OVAL,WHITE,7,OVAL_WHITE,139,0,0,0,0,0,0,0,0,0,0,1,0
53746-0465-05_RXNAVIMAGE10_C515E2BF_2.jpg,OVAL,WHITE,7,OVAL_WHITE,139,0,0,0,0,0,0,0,0,0,0,1,0
50419-0109-10_RXNAVIMAGE10_19190CB8_1.jpg,OVAL,BLUE,7,OVAL_BLUE,123,0,1,0,0,0,0,0,0,0,0,0,0
50419-0109-10_RXNAVIMAGE10_19190CB8_2.jpg,OVAL,BLUE,7,OVAL_BLUE,123,0,1,0,0,0,0,0,0,0,0,0,0
00093-7368-56_RXNAVIMAGE10_A42FD24E_1.jpg,OVAL,YELLOW,7,OVAL_YELLOW,145,0,0,0,0,0,0,0,0,0,0,0,1
00093-7368-56_RXNAVIMAGE10_A42FD24E_2.jpg,OVAL,YELLOW,7,OVAL_YELLOW,145,0,0,0,0,0,0,0,0,0,0,0,1
62175-0180-46_RXNAVIMAGE10_C2086133_1.jpg,OVAL,WHITE,7,OVAL_WHITE,139,0,0,0,0,0,0,0,0,0,0,1,0
62175-0180-46_RXNAVIMAGE10_C2086133_2.jpg,OVAL,WHITE,7,OVAL_WHITE,139,0,0,0,0,0,0,0,0,0,0,1,0
00904-5523-61_RXNAVIMAGE10_A633D35E_1.jpg,OVAL,WHITE,7,OVAL_WHITE,139,0,0,0,0,0,0,0,0,0,0,1,0
00904-5523-61_RXNAVIMAGE10_A633D35E_2.jpg,OVAL,WHITE,7,OVAL_WHITE,139,0,0,0,0,0,0,0,0,0,0,1,0
59762-6721-01_RXNAVIMAGE10_5F4EAF95_1.jpg,OVAL,WHITE,7,OVAL_WHITE,139,0,0,0,0,0,0,0,0,0,0,1,0
59762-6721-01_RXNAVIMAGE10_5F4EAF95_2.jpg,OVAL,WHITE,7,OVAL_WHITE,139,0,0,0,0,0,0,0,0,0,0,1,0
43547-0255-50_RXNAVIMAGE10_673AB3E5_1.jpg,OVAL,WHITE,7,OVAL_WHITE,139,0,0,0,0,0,0,0,0,0,0,1,0
43547-0255-50_RXNAVIMAGE10_673AB3E5_2.jpg,OVAL,WHITE,7,OVAL_WHITE,139,0,0,0,0,0,0,0,0,0,0,1,0
00378-2180-01_RXNAVIMAGE10_8F23479A_1.jpg,OVAL,BLUE,7,OVAL_BLUE,123,0,1,0,0,0,0,0,0,0,0,0,0
00378-2180-01_RXNAVIMAGE10_8F23479A_2.jpg,OVAL,BLUE,7,OVAL_BLUE,123,0,1,0,0,0,0,0,0,0,0,0,0
00003-4214-21_RXNAVIMAGE10_1A1B8D0C_1.jpg,ROUND,YELLOW,10,ROUND_YELLOW,178,0,0,0,0,0,0,0,0,0,0,0,1
00003-4214-21_RXNAVIMAGE10_1A1B8D0C_2.jpg,ROUND,YELLOW,10,ROUND_YELLOW,178,0,0,0,0,0,0,0,0,0,0,0,1
23155-0054-19_RXNAVIMAGE10_614530F9_1.jpg,ROUND,YELLOW,10,ROUND_YELLOW,178,0,0,0,0,0,0,0,0,0,0,0,1
23155-0054-19_RXNAVIMAGE10_614530F9_2.jpg,ROUND,YELLOW,10,ROUND_YELLOW,178,0,0,0,0,0,0,0,0,0,0,0,1
51285-0524-02_RXNAVIMAGE10_582F2C29_1.jpg,ROUND,WHITE,10,ROUND_WHITE,174,0,0,0,0,0,0,0,0,0,0,1,0
51285-0524-02_RXNAVIMAGE10_582F2C29_2.jpg,ROUND,WHITE,10,ROUND_WHITE,174,0,0,0,0,0,0,0,0,0,0,1,0
42794-0018-02_RXNAVIMAGE10_533CA9A5_1.jpg,ROUND,WHITE,10,ROUND_WHITE,174,0,0,0,0,0,0,0,0,0,0,1,0
42794-0018-02_RXNAVIMAGE10_533CA9A5_2.jpg,ROUND,WHITE,10,ROUND_WHITE,174,0,0,0,0,0,0,0,0,0,0,1,0
69097-0123-03_RXNAVIMAGE10_8D4EC6D6_1.jpg,ROUND,ORANGE,10,ROUND_ORANGE,166,0,0,0,0,0,1,0,0,0,0,0,0
69097-0123-03_RXNAVIMAGE10_8D4EC6D6_2.jpg,ROUND,ORANGE,10,ROUND_ORANGE,166,0,0,0,0,0,1,0,0,0,0,0,0
00115-1460-10_RXNAVIMAGE10_37459BDC_1.jpg,CAPSULE,"YELLOW, BLUE",1,"CAPSULE_YELLOW, BLUE",96,0,1,0,0,0,0,0,0,0,0,0,1
00115-1460-10_RXNAVIMAGE10_37459BDC_2.jpg,CAPSULE,"YELLOW, BLUE",1,"CAPSULE_YELLOW, BLUE",96,0,1,0,0,0,0,0,0,0,0,0,1
53746-0220-01_RXNAVIMAGE10_CC44E627_1.jpg,OVAL,WHITE,7,OVAL_WHITE,139,0,0,0,0,0,0,0,0,0,0,1,0
53746-0220-01_RXNAVIMAGE10_CC44E627_2.jpg,OVAL,WHITE,7,OVAL_WHITE,139,0,0,0,0,0,0,0,0,0,0,1,0
00178-0615-01_RXNAVIMAGE10_581DAC0D_1.jpg,OVAL,YELLOW,7,OVAL_YELLOW,145,0,0,0,0,0,0,0,0,0,0,0,1
00178-0615-01_RXNAVIMAGE10_581DAC0D_2.jpg,OVAL,YELLOW,7,OVAL_YELLOW,145,0,0,0,0,0,0,0,0,0,0,0,1
53746-0464-05_RXNAVIMAGE10_1007884C_1.jpg,ROUND,WHITE,10,ROUND_WHITE,174,0,0,0,0,0,0,0,0,0,0,1,0
53746-0464-05_RXNAVIMAGE10_1007884C_2.jpg,ROUND,WHITE,10,ROUND_WHITE,174,0,0,0,0,0,0,0,0,0,0,1,0
00093-2140-62_RXNAVIMAGE10_934A4992_1.jpg,ROUND,BLUE,10,ROUND_BLUE,160,0,1,0,0,0,0,0,0,0,0,0,0
00093-2140-62_RXNAVIMAGE10_934A4992_2.jpg,ROUND,BLUE,10,ROUND_BLUE,160,0,1,0,0,0,0,0,0,0,0,0,0
52544-0692-19_RXNAVIMAGE10_123A8924_1.jpg,OVAL,WHITE,7,OVAL_WHITE,139,0,0,0,0,0,0,0,0,0,0,1,0
52544-0692-19_RXNAVIMAGE10_123A8924_2.jpg,OVAL,WHITE,7,OVAL_WHITE,139,0,0,0,0,0,0,0,0,0,0,1,0
00054-0222-25_RXNAVIMAGE10_F54AFAC7_1.jpg,ROUND,WHITE,10,ROUND_WHITE,174,0,0,0,0,0,0,0,0,0,0,1,0
00054-0222-25_RXNAVIMAGE10_F54AFAC7_2.jpg,ROUND,WHITE,10,ROUND_WHITE,174,0,0,0,0,0,0,0,0,0,0,1,0
00555-9047-58_RXNAVIMAGE10_8C36C666_1.jpg,ROUND,WHITE,10,ROUND_WHITE,174,0,0,0,0,0,0,0,0,0,0,1,0
00555-9047-58_RXNAVIMAGE10_8C36C666_2.jpg,ROUND,WHITE,10,ROUND_WHITE,174,0,0,0,0,0,0,0,0,0,0,1,0
00004-0260-01_RXNAVIMAGE10_5E132F39_1.jpg,OVAL,PURPLE,7,OVAL_PURPLE,135,0,0,0,0,0,0,0,1,0,0,0,0
00004-0260-01_RXNAVIMAGE10_5E132F39_2.jpg,OVAL,PURPLE,7,OVAL_PURPLE,135,0,0,0,0,0,0,0,1,0,0,0,0
00378-5123-01_RXNAVIMAGE10_D223E93F_1.jpg,ROUND,ORANGE,10,ROUND_ORANGE,166,0,0,0,0,0,1,0,0,0,0,0,0
00378-5123-01_RXNAVIMAGE10_D223E93F_2.jpg,ROUND,ORANGE,10,ROUND_ORANGE,166,0,0,0,0,0,1,0,0,0,0,0,0
00054-0079-28_RXNAVIMAGE10_F251790B_1.jpg,CAPSULE,ORANGE,1,CAPSULE_ORANGE,44,0,0,0,0,0,1,0,0,0,0,0,0
00054-0079-28_RXNAVIMAGE10_F251790B_2.jpg,CAPSULE,ORANGE,1,CAPSULE_ORANGE,44,0,0,0,0,0,1,0,0,0,0,0,0
00093-1716-01_RXNAVIMAGE10_4843A46D_1.jpg,OVAL,BLUE,7,OVAL_BLUE,123,0,1,0,0,0,0,0,0,0,0,0,0
00093-1716-01_RXNAVIMAGE10_4843A46D_2.jpg,OVAL,BLUE,7,OVAL_BLUE,123,0,1,0,0,0,0,0,0,0,0,0,0
00078-0383-34_RXNAVIMAGE10_0E15870C_1.jpg,OVAL,BROWN,7,OVAL_BROWN,125,0,0,1,0,0,0,0,0,0,0,0,0
00078-0383-34_RXNAVIMAGE10_0E15870C_2.jpg,OVAL,BROWN,7,OVAL_BROWN,125,0,0,1,0,0,0,0,0,0,0,0,0
00093-7456-01_RXNAVIMAGE10_59362CD1_1.jpg,OVAL,WHITE,7,OVAL_WHITE,139,0,0,0,0,0,0,0,0,0,0,1,0
00093-7456-01_RXNAVIMAGE10_59362CD1_2.jpg,OVAL,WHITE,7,OVAL_WHITE,139,0,0,0,0,0,0,0,0,0,0,1,0
00310-0751-90_RXNAVIMAGE10_8D1346AA_1.jpg,ROUND,PINK,10,ROUND_PINK,168,0,0,0,0,0,0,1,0,0,0,0,0
00310-0751-90_RXNAVIMAGE10_8D1346AA_2.jpg,ROUND,PINK,10,ROUND_PINK,168,0,0,0,0,0,0,1,0,0,0,0,0
00378-6015-01_RXNAVIMAGE10_893C4492_1.jpg,ROUND,GRAY,10,ROUND_GRAY,163,0,0,0,1,0,0,0,0,0,0,0,0
00378-6015-01_RXNAVIMAGE10_893C4492_2.jpg,ROUND,GRAY,10,ROUND_GRAY,163,0,0,0,1,0,0,0,0,0,0,0,0
00093-0051-01_RXNAVIMAGE10_3E281F50_1.jpg,OVAL,WHITE,7,OVAL_WHITE,139,0,0,0,0,0,0,0,0,0,0,1,0
00093-0051-01_RXNAVIMAGE10_3E281F50_2.jpg,OVAL,WHITE,7,OVAL_WHITE,139,0,0,0,0,0,0,0,0,0,0,1,0
00378-0208-01_RXNAVIMAGE10_99204CF2_1.jpg,ROUND,WHITE,10,ROUND_WHITE,174,0,0,0,0,0,0,0,0,0,0,1,0
00378-0208-01_RXNAVIMAGE10_99204CF2_2.jpg,ROUND,WHITE,10,ROUND_WHITE,174,0,0,0,0,0,0,0,0,0,0,1,0
52544-0691-19_RXNAVIMAGE10_FC157E0B_1.jpg,OVAL,WHITE,7,OVAL_WHITE,139,0,0,0,0,0,0,0,0,0,0,1,0
52544-0691-19_RXNAVIMAGE10_FC157E0B_2.jpg,OVAL,WHITE,7,OVAL_WHITE,139,0,0,0,0,0,0,0,0,0,0,1,0
49884-0829-05_RXNAVIMAGE10_5639AB2D_1.jpg,CAPSULE,GRAY,1,CAPSULE_GRAY,22,0,0,0,1,0,0,0,0,0,0,0,0
49884-0829-05_RXNAVIMAGE10_5639AB2D_2.jpg,CAPSULE,GRAY,1,CAPSULE_GRAY,22,0,0,0,1,0,0,0,0,0,0,0,0
00173-0778-61_RXNAVIMAGE10_E91974FB_1.jpg,ROUND,WHITE,10,ROUND_WHITE,174,0,0,0,0,0,0,0,0,0,0,1,0
00173-0778-61_RXNAVIMAGE10_E91974FB_2.jpg,ROUND,WHITE,10,ROUND_WHITE,174,0,0,0,0,0,0,0,0,0,0,1,0
00093-0711-01_RXNAVIMAGE10_7E2B3F69_1.jpg,ROUND,BLUE,10,ROUND_BLUE,160,0,1,0,0,0,0,0,0,0,0,0,0
00093-0711-01_RXNAVIMAGE10_7E2B3F69_2.jpg,ROUND,BLUE,10,ROUND_BLUE,160,0,1,0,0,0,0,0,0,0,0,0,0
52544-0629-28_RXNAVIMAGE10_0A49857C_1.jpg,ROUND,WHITE,10,ROUND_WHITE,174,0,0,0,0,0,0,0,0,0,0,1,0
52544-0629-28_RXNAVIMAGE10_0A49857C_2.jpg,ROUND,WHITE,10,ROUND_WHITE,174,0,0,0,0,0,0,0,0,0,0,1,0
00093-7115-98_RXNAVIMAGE10_732BB9AD_1.jpg,ROUND,PINK,10,ROUND_PINK,168,0,0,0,0,0,0,1,0,0,0,0,0
00093-7115-98_RXNAVIMAGE10_732BB9AD_2.jpg,ROUND,PINK,10,ROUND_PINK,168,0,0,0,0,0,0,1,0,0,0,0,0
00045-0650-60_RXNAVIMAGE10_EC127653_1.jpg,OVAL,YELLOW,7,OVAL_YELLOW,145,0,0,0,0,0,0,0,0,0,0,0,1
00045-0650-60_RXNAVIMAGE10_EC127653_2.jpg,OVAL,YELLOW,7,OVAL_YELLOW,145,0,0,0,0,0,0,0,0,0,0,0,1
00093-5423-28_RXNAVIMAGE10_D035E80F_1.jpg,ROUND,PINK,10,ROUND_PINK,168,0,0,0,0,0,0,1,0,0,0,0,0
00093-5423-28_RXNAVIMAGE10_D035E80F_2.jpg,ROUND,PINK,10,ROUND_PINK,168,0,0,0,0,0,0,1,0,0,0,0,0
51285-0091-58_RXNAVIMAGE10_8F2DC79E_1.jpg,ROUND,PINK,10,ROUND_PINK,168,0,0,0,0,0,0,1,0,0,0,0,0
51285-0091-58_RXNAVIMAGE10_8F2DC79E_2.jpg,ROUND,PINK,10,ROUND_PINK,168,0,0,0,0,0,0,1,0,0,0,0,0
00093-7443-56_RXNAVIMAGE10_052702B8_1.jpg,CAPSULE,"YELLOW, PINK",1,"CAPSULE_YELLOW, PINK",100,0,0,0,0,0,0,1,0,0,0,0,1
00093-7443-56_RXNAVIMAGE10_052702B8_2.jpg,CAPSULE,"YELLOW, PINK",1,"CAPSULE_YELLOW, PINK",100,0,0,0,0,0,0,1,0,0,0,0,1
00781-1446-01_RXNAVIMAGE10_9F494FAA_1.jpg,ROUND,WHITE,10,ROUND_WHITE,174,0,0,0,0,0,0,0,0,0,0,1,0
00781-1446-01_RXNAVIMAGE10_9F494FAA_2.jpg,ROUND,WHITE,10,ROUND_WHITE,174,0,0,0,0,0,0,0,0,0,0,1,0
55111-0229-05_RXNAVIMAGE10_E34E7183_1.jpg,ROUND,WHITE,10,ROUND_WHITE,174,0,0,0,0,0,0,0,0,0,0,1,0
55111-0229-05_RXNAVIMAGE10_E34E7183_2.jpg,ROUND,WHITE,10,ROUND_WHITE,174,0,0,0,0,0,0,0,0,0,0,1,0
44946-1015-03_RXNAVIMAGE10_4008A035_1.jpg,ROUND,WHITE,10,ROUND_WHITE,174,0,0,0,0,0,0,0,0,0,0,1,0
44946-1015-03_RXNAVIMAGE10_4008A035_2.jpg,ROUND,WHITE,10,ROUND_WHITE,174,0,0,0,0,0,0,0,0,0,0,1,0
67253-0900-11_RXNAVIMAGE10_4104A0C5_1.jpg,OVAL,WHITE,7,OVAL_WHITE,139,0,0,0,0,0,0,0,0,0,0,1,0
67253-0900-11_RXNAVIMAGE10_4104A0C5_2.jpg,OVAL,WHITE,7,OVAL_WHITE,139,0,0,0,0,0,0,0,0,0,0,1,0
00007-3373-13_RXNAVIMAGE10_AC13566A_1.jpg,CAPSULE,WHITE,1,CAPSULE_WHITE,81,0,0,0,0,0,0,0,0,0,0,1,0
00007-3373-13_RXNAVIMAGE10_AC13566A_2.jpg,CAPSULE,WHITE,1,CAPSULE_WHITE,81,0,0,0,0,0,0,0,0,0,0,1,0
00093-7241-06_RXNAVIMAGE10_8B2945BA_1.jpg,ROUND,ORANGE,10,ROUND_ORANGE,166,0,0,0,0,0,1,0,0,0,0,0,0
00093-7241-06_RXNAVIMAGE10_8B2945BA_2.jpg,ROUND,ORANGE,10,ROUND_ORANGE,166,0,0,0,0,0,1,0,0,0,0,0,0
00781-5988-01_RXNAVIMAGE10_A43DD27E_1.jpg,ROUND,BROWN,10,ROUND_BROWN,162,0,0,1,0,0,0,0,0,0,0,0,0
00781-5988-01_RXNAVIMAGE10_A43DD27E_2.jpg,ROUND,BROWN,10,ROUND_BROWN,162,0,0,1,0,0,0,0,0,0,0,0,0
64980-0111-01_RXNAVIMAGE10_98234C1A_1.jpg,ROUND,WHITE,10,ROUND_WHITE,174,0,0,0,0,0,0,0,0,0,0,1,0
64980-0111-01_RXNAVIMAGE10_98234C1A_2.jpg,ROUND,WHITE,10,ROUND_WHITE,174,0,0,0,0,0,0,0,0,0,0,1,0
00074-4341-13_RXNAVIMAGE10_50162871_1.jpg,ROUND,ORANGE,10,ROUND_ORANGE,166,0,0,0,0,0,1,0,0,0,0,0,0
00074-4341-13_RXNAVIMAGE10_50162871_2.jpg,ROUND,ORANGE,10,ROUND_ORANGE,166,0,0,0,0,0,1,0,0,0,0,0,0
00603-2130-28_RXNAVIMAGE10_B012D806_1.jpg,OVAL,WHITE,7,OVAL_WHITE,139,0,0,0,0,0,0,0,0,0,0,1,0
00603-2130-28_RXNAVIMAGE10_B012D806_2.jpg,OVAL,WHITE,7,OVAL_WHITE,139,0,0,0,0,0,0,0,0,0,0,1,0
00024-5521-31_RXNAVIMAGE10_BE12DF56_1.jpg,ROUND,BLUE,10,ROUND_BLUE,160,0,1,0,0,0,0,0,0,0,0,0,0
00024-5521-31_RXNAVIMAGE10_BE12DF56_2.jpg,ROUND,BLUE,10,ROUND_BLUE,160,0,1,0,0,0,0,0,0,0,0,0,0
00093-7334-01_RXNAVIMAGE10_A929548A_1.jpg,CAPSULE,"BLUE, ORANGE",1,"CAPSULE_BLUE, ORANGE",12,0,1,0,0,0,1,0,0,0,0,0,0
00093-7334-01_RXNAVIMAGE10_A929548A_2.jpg,CAPSULE,"BLUE, ORANGE",1,"CAPSULE_BLUE, ORANGE",12,0,1,0,0,0,1,0,0,0,0,0,0
00185-0042-09_RXNAVIMAGE10_A249D13E_1.jpg,OVAL,WHITE,7,OVAL_WHITE,139,0,0,0,0,0,0,0,0,0,0,1,0
00185-0042-09_RXNAVIMAGE10_A249D13E_2.jpg,OVAL,WHITE,7,OVAL_WHITE,139,0,0,0,0,0,0,0,0,0,0,1,0
00378-2004-93_RXNAVIMAGE10_D8086C73_1.jpg,ROUND,PURPLE,10,ROUND_PURPLE,171,0,0,0,0,0,0,0,1,0,0,0,0
00378-2004-93_RXNAVIMAGE10_D8086C73_2.jpg,ROUND,PURPLE,10,ROUND_PURPLE,171,0,0,0,0,0,0,0,1,0,0,0,0
00143-9740-01_RXNAVIMAGE10_E249716B_1.jpg,ROUND,WHITE,10,ROUND_WHITE,174,0,0,0,0,0,0,0,0,0,0,1,0
00143-9740-01_RXNAVIMAGE10_E249716B_2.jpg,ROUND,WHITE,10,ROUND_WHITE,174,0,0,0,0,0,0,0,0,0,0,1,0
00054-4741-25_RXNAVIMAGE10_060E0310_1.jpg,ROUND,WHITE,10,ROUND_WHITE,174,0,0,0,0,0,0,0,0,0,0,1,0
00054-4741-25_RXNAVIMAGE10_060E0310_2.jpg,ROUND,WHITE,10,ROUND_WHITE,174,0,0,0,0,0,0,0,0,0,0,1,0
16714-0571-01_RXNAVIMAGE10_F0047873_1.jpg,ROUND,WHITE,10,ROUND_WHITE,174,0,0,0,0,0,0,0,0,0,0,1,0
16714-0571-01_RXNAVIMAGE10_F0047873_2.jpg,ROUND,WHITE,10,ROUND_WHITE,174,0,0,0,0,0,0,0,0,0,0,1,0
68462-0110-60_RXNAVIMAGE10_884EC466_1.jpg,ROUND,PINK,10,ROUND_PINK,168,0,0,0,0,0,0,1,0,0,0,0,0
68462-0110-60_RXNAVIMAGE10_884EC466_2.jpg,ROUND,PINK,10,ROUND_PINK,168,0,0,0,0,0,0,1,0,0,0,0,0
76439-0131-04_RXNAVIMAGE10_954F4AAA_1.jpg,OVAL,WHITE,7,OVAL_WHITE,139,0,0,0,0,0,0,0,0,0,0,1,0
76439-0131-04_RXNAVIMAGE10_954F4AAA_2.jpg,OVAL,WHITE,7,OVAL_WHITE,139,0,0,0,0,0,0,0,0,0,0,1,0
00078-0560-15_RXNAVIMAGE10_8F3B47AA_1.jpg,OVAL,YELLOW,7,OVAL_YELLOW,145,0,0,0,0,0,0,0,0,0,0,0,1
00078-0560-15_RXNAVIMAGE10_8F3B47AA_2.jpg,OVAL,YELLOW,7,OVAL_YELLOW,145,0,0,0,0,0,0,0,0,0,0,0,1
00603-3078-28_RXNAVIMAGE10_8005405A_1.jpg,ROUND,ORANGE,10,ROUND_ORANGE,166,0,0,0,0,0,1,0,0,0,0,0,0
00603-3078-28_RXNAVIMAGE10_8005405A_2.jpg,ROUND,ORANGE,10,ROUND_ORANGE,166,0,0,0,0,0,1,0,0,0,0,0,0
53489-0591-01_RXNAVIMAGE10_3E339F6C_1.jpg,ROUND,WHITE,10,ROUND_WHITE,174,0,0,0,0,0,0,0,0,0,0,1,0
53489-0591-01_RXNAVIMAGE10_3E339F6C_2.jpg,ROUND,WHITE,10,ROUND_WHITE,174,0,0,0,0,0,0,0,0,0,0,1,0
00093-7437-01_RXNAVIMAGE10_80304022_1.jpg,CAPSULE,PINK,1,CAPSULE_PINK,52,0,0,0,0,0,0,1,0,0,0,0,0
00093-7437-01_RXNAVIMAGE10_80304022_2.jpg,CAPSULE,PINK,1,CAPSULE_PINK,52,0,0,0,0,0,0,1,0,0,0,0,0
42192-0353-60_RXNAVIMAGE10_963BCB7E_1.jpg,OVAL,YELLOW,7,OVAL_YELLOW,145,0,0,0,0,0,0,0,0,0,0,0,1
42192-0353-60_RXNAVIMAGE10_963BCB7E_2.jpg,OVAL,YELLOW,7,OVAL_YELLOW,145,0,0,0,0,0,0,0,0,0,0,0,1
00093-0812-01_RXNAVIMAGE10_2D2316D8_1.jpg,CAPSULE,WHITE,1,CAPSULE_WHITE,81,0,0,0,0,0,0,0,0,0,0,1,0
00093-0812-01_RXNAVIMAGE10_2D2316D8_2.jpg,CAPSULE,WHITE,1,CAPSULE_WHITE,81,0,0,0,0,0,0,0,0,0,0,1,0
00093-5297-01_RXNAVIMAGE10_3C421E30_1.jpg,CAPSULE,"WHITE, BROWN",1,"CAPSULE_WHITE, BROWN",84,0,0,1,0,0,0,0,0,0,0,1,0
00093-5297-01_RXNAVIMAGE10_3C421E30_2.jpg,CAPSULE,"WHITE, BROWN",1,"CAPSULE_WHITE, BROWN",84,0,0,1,0,0,0,0,0,0,0,1,0
51672-4046-01_RXNAVIMAGE10_0005807C_1.jpg,OVAL,PINK,7,OVAL_PINK,133,0,0,0,0,0,0,1,0,0,0,0,0
51672-4046-01_RXNAVIMAGE10_0005807C_2.jpg,OVAL,PINK,7,OVAL_PINK,133,0,0,0,0,0,0,1,0,0,0,0,0
61971-0115-05_RXNAVIMAGE10_055082D4_1.jpg,ROUND,WHITE,10,ROUND_WHITE,174,0,0,0,0,0,0,0,0,0,0,1,0
61971-0115-05_RXNAVIMAGE10_055082D4_2.jpg,ROUND,WHITE,10,ROUND_WHITE,174,0,0,0,0,0,0,0,0,0,0,1,0
64764-0560-30_RXNAVIMAGE10_5A3A2D71_1.jpg,TEAR,YELLOW,13,TEAR_YELLOW,193,0,0,0,0,0,0,0,0,0,0,0,1
64764-0560-30_RXNAVIMAGE10_5A3A2D71_2.jpg,TEAR,YELLOW,13,TEAR_YELLOW,193,0,0,0,0,0,0,0,0,0,0,0,1
59762-0156-01_RXNAVIMAGE10_093A84A4_1.jpg,OVAL,WHITE,7,OVAL_WHITE,139,0,0,0,0,0,0,0,0,0,0,1,0
59762-0156-01_RXNAVIMAGE10_093A84A4_2.jpg,OVAL,WHITE,7,OVAL_WHITE,139,0,0,0,0,0,0,0,0,0,0,1,0
00591-2467-05_RXNAVIMAGE10_36469B04_1.jpg,ROUND,GREEN,10,ROUND_GREEN,164,0,0,0,0,1,0,0,0,0,0,0,0
00591-2467-05_RXNAVIMAGE10_36469B04_2.jpg,ROUND,GREEN,10,ROUND_GREEN,164,0,0,0,0,1,0,0,0,0,0,0,0
00378-2076-01_RXNAVIMAGE10_5A23AD6D_1.jpg,ROUND,GREEN,10,ROUND_GREEN,164,0,0,0,0,1,0,0,0,0,0,0,0
00378-2076-01_RXNAVIMAGE10_5A23AD6D_2.jpg,ROUND,GREEN,10,ROUND_GREEN,164,0,0,0,0,1,0,0,0,0,0,0,0
00093-2240-01_RXNAVIMAGE10_811940DA_1.jpg,OVAL,WHITE,7,OVAL_WHITE,139,0,0,0,0,0,0,0,0,0,0,1,0
00093-2240-01_RXNAVIMAGE10_811940DA_2.jpg,OVAL,WHITE,7,OVAL_WHITE,139,0,0,0,0,0,0,0,0,0,0,1,0
49702-0217-18_RXNAVIMAGE10_631931D9_1.jpg,OVAL,BLUE,7,OVAL_BLUE,123,0,1,0,0,0,0,0,0,0,0,0,0
49702-0217-18_RXNAVIMAGE10_631931D9_2.jpg,OVAL,BLUE,7,OVAL_BLUE,123,0,1,0,0,0,0,0,0,0,0,0,0
00591-2789-86_RXNAVIMAGE10_903CC836_1.jpg,CAPSULE,"BLUE, WHITE",1,"CAPSULE_BLUE, WHITE",16,0,1,0,0,0,0,0,0,0,0,1,0
00591-2789-86_RXNAVIMAGE10_903CC836_2.jpg,CAPSULE,"BLUE, WHITE",1,"CAPSULE_BLUE, WHITE",16,0,1,0,0,0,0,0,0,0,0,1,0
68382-0023-01_RXNAVIMAGE10_452022C1_1.jpg,ROUND,WHITE,10,ROUND_WHITE,174,0,0,0,0,0,0,0,0,0,0,1,0
68382-0023-01_RXNAVIMAGE10_452022C1_2.jpg,ROUND,WHITE,10,ROUND_WHITE,174,0,0,0,0,0,0,0,0,0,0,1,0
51079-0673-06_RXNAVIMAGE10_C01B600B_1.jpg,OVAL,WHITE,7,OVAL_WHITE,139,0,0,0,0,0,0,0,0,0,0,1,0
51079-0673-06_RXNAVIMAGE10_C01B600B_2.jpg,OVAL,WHITE,7,OVAL_WHITE,139,0,0,0,0,0,0,0,0,0,0,1,0
00093-7772-01_RXNAVIMAGE10_242D1278_1.jpg,ROUND,YELLOW,10,ROUND_YELLOW,178,0,0,0,0,0,0,0,0,0,0,0,1
00093-7772-01_RXNAVIMAGE10_242D1278_2.jpg,ROUND,YELLOW,10,ROUND_YELLOW,178,0,0,0,0,0,0,0,0,0,0,0,1
51672-4016-01_RXNAVIMAGE10_09268484_1.jpg,CAPSULE,PINK,1,CAPSULE_PINK,52,0,0,0,0,0,0,1,0,0,0,0,0
51672-4016-01_RXNAVIMAGE10_09268484_2.jpg,CAPSULE,PINK,1,CAPSULE_PINK,52,0,0,0,0,0,0,1,0,0,0,0,0
00555-1883-02_RXNAVIMAGE10_92324902_1.jpg,OVAL,YELLOW,7,OVAL_YELLOW,145,0,0,0,0,0,0,0,0,0,0,0,1
00555-1883-02_RXNAVIMAGE10_92324902_2.jpg,OVAL,YELLOW,7,OVAL_YELLOW,145,0,0,0,0,0,0,0,0,0,0,0,1
00603-4110-21_RXNAVIMAGE10_2649935C_1.jpg,OVAL,WHITE,7,OVAL_WHITE,139,0,0,0,0,0,0,0,0,0,0,1,0
00603-4110-21_RXNAVIMAGE10_2649935C_2.jpg,OVAL,WHITE,7,OVAL_WHITE,139,0,0,0,0,0,0,0,0,0,0,1,0
50844-0291-08_RXNAVIMAGE10_6335B1AD_1.jpg,ROUND,RED,10,ROUND_RED,172,0,0,0,0,0,0,0,0,1,0,0,0
50844-0291-08_RXNAVIMAGE10_6335B1AD_2.jpg,ROUND,RED,10,ROUND_RED,172,0,0,0,0,0,0,0,0,1,0,0,0
00258-3691-90_RXNAVIMAGE10_1E158F1C_1.jpg,CAPSULE,GREEN,1,CAPSULE_GREEN,32,0,0,0,0,1,0,0,0,0,0,0,0
00258-3691-90_RXNAVIMAGE10_1E158F1C_2.jpg,CAPSULE,GREEN,1,CAPSULE_GREEN,32,0,0,0,0,1,0,0,0,0,0,0,0
62756-0185-88_RXNAVIMAGE10_BE085F22_1.jpg,OVAL,YELLOW,7,OVAL_YELLOW,145,0,0,0,0,0,0,0,0,0,0,0,1
62756-0185-88_RXNAVIMAGE10_BE085F22_2.jpg,OVAL,YELLOW,7,OVAL_YELLOW,145,0,0,0,0,0,0,0,0,0,0,0,1
00603-4593-21_RXNAVIMAGE10_7E12BF45_1.jpg,OVAL,WHITE,7,OVAL_WHITE,139,0,0,0,0,0,0,0,0,0,0,1,0
00603-4593-21_RXNAVIMAGE10_7E12BF45_2.jpg,OVAL,WHITE,7,OVAL_WHITE,139,0,0,0,0,0,0,0,0,0,0,1,0
68682-0525-01_RXNAVIMAGE10_E13F709B_1.jpg,OVAL,WHITE,7,OVAL_WHITE,139,0,0,0,0,0,0,0,0,0,0,1,0
68682-0525-01_RXNAVIMAGE10_E13F709B_2.jpg,OVAL,WHITE,7,OVAL_WHITE,139,0,0,0,0,0,0,0,0,0,0,1,0
00591-0862-01_RXNAVIMAGE10_68203401_1.jpg,ROUND,PINK,10,ROUND_PINK,168,0,0,0,0,0,0,1,0,0,0,0,0
00591-0862-01_RXNAVIMAGE10_68203401_2.jpg,ROUND,PINK,10,ROUND_PINK,168,0,0,0,0,0,0,1,0,0,0,0,0
00054-4496-25_RXNAVIMAGE10_773BBBED_1.jpg,ROUND,WHITE,10,ROUND_WHITE,174,0,0,0,0,0,0,0,0,0,0,1,0
00054-4496-25_RXNAVIMAGE10_773BBBED_2.jpg,ROUND,WHITE,10,ROUND_WHITE,174,0,0,0,0,0,0,0,0,0,0,1,0
68546-0142-56_RXNAVIMAGE10_08130478_1.jpg,ROUND,WHITE,10,ROUND_WHITE,174,0,0,0,0,0,0,0,0,0,0,1,0
68546-0142-56_RXNAVIMAGE10_08130478_2.jpg,ROUND,WHITE,10,ROUND_WHITE,174,0,0,0,0,0,0,0,0,0,0,1,0
00591-3543-76_RXNAVIMAGE10_4B4625D1_1.jpg,ROUND,WHITE,10,ROUND_WHITE,174,0,0,0,0,0,0,0,0,0,0,1,0
00591-3543-76_RXNAVIMAGE10_4B4625D1_2.jpg,ROUND,WHITE,10,ROUND_WHITE,174,0,0,0,0,0,0,0,0,0,0,1,0
16252-0571-01_RXNAVIMAGE10_733CB9F5_1.jpg,CAPSULE,"ORANGE, WHITE",1,"CAPSULE_ORANGE, WHITE",50,0,0,0,0,0,1,0,0,0,0,1,0
16252-0571-01_RXNAVIMAGE10_733CB9F5_2.jpg,CAPSULE,"ORANGE, WHITE",1,"CAPSULE_ORANGE, WHITE",50,0,0,0,0,0,1,0,0,0,0,1,0
16252-0505-90_RXNAVIMAGE10_340E9A34_1.jpg,ROUND,WHITE,10,ROUND_WHITE,174,0,0,0,0,0,0,0,0,0,0,1,0
16252-0505-90_RXNAVIMAGE10_340E9A34_2.jpg,ROUND,WHITE,10,ROUND_WHITE,174,0,0,0,0,0,0,0,0,0,0,1,0
13811-0684-30_RXNAVIMAGE10_2C51964C_1.jpg,ROUND,WHITE,10,ROUND_WHITE,174,0,0,0,0,0,0,0,0,0,0,1,0
13811-0684-30_RXNAVIMAGE10_2C51964C_2.jpg,ROUND,WHITE,10,ROUND_WHITE,174,0,0,0,0,0,0,0,0,0,0,1,0
52544-0550-28_RXNAVIMAGE10_50502871_1.jpg,ROUND,WHITE,10,ROUND_WHITE,174,0,0,0,0,0,0,0,0,0,0,1,0
52544-0550-28_RXNAVIMAGE10_50502871_2.jpg,ROUND,WHITE,10,ROUND_WHITE,174,0,0,0,0,0,0,0,0,0,0,1,0
00173-0945-55_RXNAVIMAGE10_EA18F547_1.jpg,OVAL,BLUE,7,OVAL_BLUE,123,0,1,0,0,0,0,0,0,0,0,0,0
00173-0945-55_RXNAVIMAGE10_EA18F547_2.jpg,OVAL,BLUE,7,OVAL_BLUE,123,0,1,0,0,0,0,0,0,0,0,0,0
55111-0129-60_RXNAVIMAGE10_B051D81E_1.jpg,CAPSULE,BROWN,1,CAPSULE_BROWN,18,0,0,1,0,0,0,0,0,0,0,0,0
55111-0129-60_RXNAVIMAGE10_B051D81E_2.jpg,CAPSULE,BROWN,1,CAPSULE_BROWN,18,0,0,1,0,0,0,0,0,0,0,0,0
00093-7267-01_RXNAVIMAGE10_DF2FEFEF_1.jpg,OVAL,WHITE,7,OVAL_WHITE,139,0,0,0,0,0,0,0,0,0,0,1,0
00093-7267-01_RXNAVIMAGE10_DF2FEFEF_2.jpg,OVAL,WHITE,7,OVAL_WHITE,139,0,0,0,0,0,0,0,0,0,0,1,0
00056-0169-70_RXNAVIMAGE10_931349AA_1.jpg,ROUND,PINK,10,ROUND_PINK,168,0,0,0,0,0,0,1,0,0,0,0,0
00056-0169-70_RXNAVIMAGE10_931349AA_2.jpg,ROUND,PINK,10,ROUND_PINK,168,0,0,0,0,0,0,1,0,0,0,0,0
68462-0224-01_RXNAVIMAGE10_9216C956_1.jpg,ROUND,WHITE,10,ROUND_WHITE,174,0,0,0,0,0,0,0,0,0,0,1,0
68462-0224-01_RXNAVIMAGE10_9216C956_2.jpg,ROUND,WHITE,10,ROUND_WHITE,174,0,0,0,0,0,0,0,0,0,0,1,0
00378-1054-01_RXNAVIMAGE10_133489F4_1.jpg,ROUND,BLUE,10,ROUND_BLUE,160,0,1,0,0,0,0,0,0,0,0,0,0
00378-1054-01_RXNAVIMAGE10_133489F4_2.jpg,ROUND,BLUE,10,ROUND_BLUE,160,0,1,0,0,0,0,0,0,0,0,0,0
00591-0801-01_RXNAVIMAGE10_20081000_1.jpg,CAPSULE,"GREEN, WHITE",1,"CAPSULE_GREEN, WHITE",42,0,0,0,0,1,0,0,0,0,0,1,0
00591-0801-01_RXNAVIMAGE10_20081000_2.jpg,CAPSULE,"GREEN, WHITE",1,"CAPSULE_GREEN, WHITE",42,0,0,0,0,1,0,0,0,0,0,1,0
51285-0126-98_RXNAVIMAGE10_9842CC36_1.jpg,ROUND,YELLOW,10,ROUND_YELLOW,178,0,0,0,0,0,0,0,0,0,0,0,1
51285-0126-98_RXNAVIMAGE10_9842CC36_2.jpg,ROUND,YELLOW,10,ROUND_YELLOW,178,0,0,0,0,0,0,0,0,0,0,0,1
00603-4213-21_RXNAVIMAGE10_2C449614_1.jpg,ROUND,WHITE,10,ROUND_WHITE,174,0,0,0,0,0,0,0,0,0,0,1,0
00603-4213-21_RXNAVIMAGE10_2C449614_2.jpg,ROUND,WHITE,10,ROUND_WHITE,174,0,0,0,0,0,0,0,0,0,0,1,0
00078-0486-15_RXNAVIMAGE10_E61D736B_1.jpg,OVAL,RED,7,OVAL_RED,137,0,0,0,0,0,0,0,0,1,0,0,0
00078-0486-15_RXNAVIMAGE10_E61D736B_2.jpg,OVAL,RED,7,OVAL_RED,137,0,0,0,0,0,0,0,0,1,0,0,0
00093-7474-89_RXNAVIMAGE10_6E3CB725_1.jpg,OVAL,ORANGE,7,OVAL_ORANGE,130,0,0,0,0,0,1,0,0,0,0,0,0
00093-7474-89_RXNAVIMAGE10_6E3CB725_2.jpg,OVAL,ORANGE,7,OVAL_ORANGE,130,0,0,0,0,0,1,0,0,0,0,0,0
59762-0157-01_RXNAVIMAGE10_EB4EF5E7_1.jpg,OVAL,WHITE,7,OVAL_WHITE,139,0,0,0,0,0,0,0,0,0,0,1,0
59762-0157-01_RXNAVIMAGE10_EB4EF5E7_2.jpg,OVAL,WHITE,7,OVAL_WHITE,139,0,0,0,0,0,0,0,0,0,0,1,0
00093-5562-01_RXNAVIMAGE10_B241D90E_1.jpg,CAPSULE,"TURQUOISE, WHITE",1,"CAPSULE_TURQUOISE, WHITE",80,0,0,0,0,0,0,0,0,0,1,1,0
00093-5562-01_RXNAVIMAGE10_B241D90E_2.jpg,CAPSULE,"TURQUOISE, WHITE",1,"CAPSULE_TURQUOISE, WHITE",80,0,0,0,0,0,0,0,0,0,1,1,0
00093-7292-53_RXNAVIMAGE10_781B3C09_1.jpg,OVAL,ORANGE,7,OVAL_ORANGE,130,0,0,0,0,0,1,0,0,0,0,0,0
00093-7292-53_RXNAVIMAGE10_781B3C09_2.jpg,OVAL,ORANGE,7,OVAL_ORANGE,130,0,0,0,0,0,1,0,0,0,0,0,0
00378-3066-77_RXNAVIMAGE10_EE4F777B_1.jpg,OVAL,WHITE,7,OVAL_WHITE,139,0,0,0,0,0,0,0,0,0,0,1,0
00378-3066-77_RXNAVIMAGE10_EE4F777B_2.jpg,OVAL,WHITE,7,OVAL_WHITE,139,0,0,0,0,0,0,0,0,0,0,1,0
68462-0160-01_RXNAVIMAGE10_B123D88E_1.jpg,ROUND,WHITE,10,ROUND_WHITE,174,0,0,0,0,0,0,0,0,0,0,1,0
68462-0160-01_RXNAVIMAGE10_B123D88E_2.jpg,ROUND,WHITE,10,ROUND_WHITE,174,0,0,0,0,0,0,0,0,0,0,1,0
00093-5711-01_RXNAVIMAGE10_3A2B9D5C_1.jpg,OVAL,ORANGE,7,OVAL_ORANGE,130,0,0,0,0,0,1,0,0,0,0,0,0
00093-5711-01_RXNAVIMAGE10_3A2B9D5C_2.jpg,OVAL,ORANGE,7,OVAL_ORANGE,130,0,0,0,0,0,1,0,0,0,0,0,0
33342-0121-10_RXNAVIMAGE10_2547928C_1.jpg,ROUND,WHITE,10,ROUND_WHITE,174,0,0,0,0,0,0,0,0,0,0,1,0
33342-0121-10_RXNAVIMAGE10_2547928C_2.jpg,ROUND,WHITE,10,ROUND_WHITE,174,0,0,0,0,0,0,0,0,0,0,1,0
59762-5026-01_RXNAVIMAGE10_26349324_1.jpg,CAPSULE,WHITE,1,CAPSULE_WHITE,81,0,0,0,0,0,0,0,0,0,0,1,0
59762-5026-01_RXNAVIMAGE10_26349324_2.jpg,CAPSULE,WHITE,1,CAPSULE_WHITE,81,0,0,0,0,0,0,0,0,0,0,1,0
51672-4111-01_RXNAVIMAGE10_3C349E34_1.jpg,CAPSULE,ORANGE,1,CAPSULE_ORANGE,44,0,0,0,0,0,1,0,0,0,0,0,0
51672-4111-01_RXNAVIMAGE10_3C349E34_2.jpg,CAPSULE,ORANGE,1,CAPSULE_ORANGE,44,0,0,0,0,0,1,0,0,0,0,0,0
31722-0705-90_RXNAVIMAGE10_34509A14_1.jpg,OVAL,WHITE,7,OVAL_WHITE,139,0,0,0,0,0,0,0,0,0,0,1,0
31722-0705-90_RXNAVIMAGE10_34509A14_2.jpg,OVAL,WHITE,7,OVAL_WHITE,139,0,0,0,0,0,0,0,0,0,0,1,0
99207-0467-30_RXNAVIMAGE10_C11D60AB_1.jpg,OVAL,PURPLE,7,OVAL_PURPLE,135,0,0,0,0,0,0,0,1,0,0,0,0
99207-0467-30_RXNAVIMAGE10_C11D60AB_2.jpg,OVAL,PURPLE,7,OVAL_PURPLE,135,0,0,0,0,0,0,0,1,0,0,0,0
50111-0470-01_RXNAVIMAGE10_FB2FFDFF_1.jpg,ROUND,PINK,10,ROUND_PINK,168,0,0,0,0,0,0,1,0,0,0,0,0
50111-0470-01_RXNAVIMAGE10_FB2FFDFF_2.jpg,ROUND,PINK,10,ROUND_PINK,168,0,0,0,0,0,0,1,0,0,0,0,0
00781-1818-01_RXNAVIMAGE10_A6325352_1.jpg,ROUND,WHITE,10,ROUND_WHITE,174,0,0,0,0,0,0,0,0,0,0,1,0
00781-1818-01_RXNAVIMAGE10_A6325352_2.jpg,ROUND,WHITE,10,ROUND_WHITE,174,0,0,0,0,0,0,0,0,0,0,1,0
59746-0001-03_RXNAVIMAGE10_4E51A72D_1.jpg,OVAL,WHITE,7,OVAL_WHITE,139,0,0,0,0,0,0,0,0,0,0,1,0
59746-0001-03_RXNAVIMAGE10_4E51A72D_2.jpg,OVAL,WHITE,7,OVAL_WHITE,139,0,0,0,0,0,0,0,0,0,0,1,0
00093-5035-01_RXNAVIMAGE10_472DA39D_1.jpg,ROUND,WHITE,10,ROUND_WHITE,174,0,0,0,0,0,0,0,0,0,0,1,0
00093-5035-01_RXNAVIMAGE10_472DA39D_2.jpg,ROUND,WHITE,10,ROUND_WHITE,174,0,0,0,0,0,0,0,0,0,0,1,0
00378-1101-01_RXNAVIMAGE10_F20E7963_1.jpg,CAPSULE,"GREEN, BROWN",1,"CAPSULE_GREEN, BROWN",35,0,0,1,0,1,0,0,0,0,0,0,0
00378-1101-01_RXNAVIMAGE10_F20E7963_2.jpg,CAPSULE,"GREEN, BROWN",1,"CAPSULE_GREEN, BROWN",35,0,0,1,0,1,0,0,0,0,0,0,0
00555-0953-02_RXNAVIMAGE10_E341F1CF_1.jpg,ROUND,PINK,10,ROUND_PINK,168,0,0,0,0,0,0,1,0,0,0,0,0
00555-0953-02_RXNAVIMAGE10_E341F1CF_2.jpg,ROUND,PINK,10,ROUND_PINK,168,0,0,0,0,0,0,1,0,0,0,0,0
00378-1901-01_RXNAVIMAGE10_DB45EDCF_1.jpg,ROUND,WHITE,10,ROUND_WHITE,174,0,0,0,0,0,0,0,0,0,0,1,0
00378-1901-01_RXNAVIMAGE10_DB45EDCF_2.jpg,ROUND,WHITE,10,ROUND_WHITE,174,0,0,0,0,0,0,0,0,0,0,1,0
00093-2068-01_RXNAVIMAGE10_A2405112_1.jpg,DIAMOND,WHITE,2,DIAMOND_WHITE,110,0,0,0,0,0,0,0,0,0,0,1,0
00093-2068-01_RXNAVIMAGE10_A2405112_2.jpg,DIAMOND,WHITE,2,DIAMOND_WHITE,110,0,0,0,0,0,0,0,0,0,0,1,0
69387-0100-01_RXNAVIMAGE10_634F31E9_1.jpg,OVAL,YELLOW,7,OVAL_YELLOW,145,0,0,0,0,0,0,0,0,0,0,0,1
69387-0100-01_RXNAVIMAGE10_634F31E9_2.jpg,OVAL,YELLOW,7,OVAL_YELLOW,145,0,0,0,0,0,0,0,0,0,0,0,1
00093-3043-01_RXNAVIMAGE10_5238A955_1.jpg,OVAL,BLUE,7,OVAL_BLUE,123,0,1,0,0,0,0,0,0,0,0,0,0
00093-3043-01_RXNAVIMAGE10_5238A955_2.jpg,OVAL,BLUE,7,OVAL_BLUE,123,0,1,0,0,0,0,0,0,0,0,0,0
00173-0778-61_RXNAVIMAGE10_EC19764B_1.jpg,ROUND,WHITE,10,ROUND_WHITE,174,0,0,0,0,0,0,0,0,0,0,1,0
00173-0778-61_RXNAVIMAGE10_EC19764B_2.jpg,ROUND,WHITE,10,ROUND_WHITE,174,0,0,0,0,0,0,0,0,0,0,1,0
64380-0743-18_RXNAVIMAGE10_F6517B4B_1.jpg,RECTANGLE,WHITE,9,RECTANGLE_WHITE,159,0,0,0,0,0,0,0,0,0,0,1,0
64380-0743-18_RXNAVIMAGE10_F6517B4B_2.jpg,RECTANGLE,WHITE,9,RECTANGLE_WHITE,159,0,0,0,0,0,0,0,0,0,0,1,0
31722-0377-02_RXNAVIMAGE10_513DA8AD_1.jpg,CAPSULE,"BLUE, WHITE",1,"CAPSULE_BLUE, WHITE",16,0,1,0,0,0,0,0,0,0,0,1,0
31722-0377-02_RXNAVIMAGE10_513DA8AD_2.jpg,CAPSULE,"BLUE, WHITE",1,"CAPSULE_BLUE, WHITE",16,0,1,0,0,0,0,0,0,0,0,1,0
60505-3723-01_RXNAVIMAGE10_2841943C_1.jpg,ROUND,WHITE,10,ROUND_WHITE,174,0,0,0,0,0,0,0,0,0,0,1,0
60505-3723-01_RXNAVIMAGE10_2841943C_2.jpg,ROUND,WHITE,10,ROUND_WHITE,174,0,0,0,0,0,0,0,0,0,0,1,0
50844-0112-22_RXNAVIMAGE10_04390268_1.jpg,ROUND,RED,10,ROUND_RED,172,0,0,0,0,0,0,0,0,1,0,0,0
50844-0112-22_RXNAVIMAGE10_04390268_2.jpg,ROUND,RED,10,ROUND_RED,172,0,0,0,0,0,0,0,0,1,0,0,0
00093-5512-89_RXNAVIMAGE10_C33661E3_1.jpg,CAPSULE,GREEN,1,CAPSULE_GREEN,32,0,0,0,0,1,0,0,0,0,0,0,0
00093-5512-89_RXNAVIMAGE10_C33661E3_2.jpg,CAPSULE,GREEN,1,CAPSULE_GREEN,32,0,0,0,0,1,0,0,0,0,0,0,0
60505-1323-09_RXNAVIMAGE10_853842C2_1.jpg,ROUND,YELLOW,10,ROUND_YELLOW,178,0,0,0,0,0,0,0,0,0,0,0,1
60505-1323-09_RXNAVIMAGE10_853842C2_2.jpg,ROUND,YELLOW,10,ROUND_YELLOW,178,0,0,0,0,0,0,0,0,0,0,0,1
00093-5214-01_RXNAVIMAGE10_5A2BAD7D_1.jpg,OVAL,WHITE,7,OVAL_WHITE,139,0,0,0,0,0,0,0,0,0,0,1,0
00093-5214-01_RXNAVIMAGE10_5A2BAD7D_2.jpg,OVAL,WHITE,7,OVAL_WHITE,139,0,0,0,0,0,0,0,0,0,0,1,0
65862-0176-99_RXNAVIMAGE10_4A472569_1.jpg,OVAL,WHITE,7,OVAL_WHITE,139,0,0,0,0,0,0,0,0,0,0,1,0
65862-0176-99_RXNAVIMAGE10_4A472569_2.jpg,OVAL,WHITE,7,OVAL_WHITE,139,0,0,0,0,0,0,0,0,0,0,1,0
68180-0767-06_RXNAVIMAGE10_5F4F2FA9_1.jpg,OVAL,YELLOW,7,OVAL_YELLOW,145,0,0,0,0,0,0,0,0,0,0,0,1
68180-0767-06_RXNAVIMAGE10_5F4F2FA9_2.jpg,OVAL,YELLOW,7,OVAL_YELLOW,145,0,0,0,0,0,0,0,0,0,0,0,1
65862-0143-01_RXNAVIMAGE10_1F240FD0_1.jpg,OVAL,WHITE,7,OVAL_WHITE,139,0,0,0,0,0,0,0,0,0,0,1,0
65862-0143-01_RXNAVIMAGE10_1F240FD0_2.jpg,OVAL,WHITE,7,OVAL_WHITE,139,0,0,0,0,0,0,0,0,0,0,1,0
57844-0187-01_RXNAVIMAGE10_A73553BA_1.jpg,OVAL,WHITE,7,OVAL_WHITE,139,0,0,0,0,0,0,0,0,0,0,1,0
57844-0187-01_RXNAVIMAGE10_A73553BA_2.jpg,OVAL,WHITE,7,OVAL_WHITE,139,0,0,0,0,0,0,0,0,0,0,1,0
16729-0043-01_RXNAVIMAGE10_501E2851_1.jpg,CAPSULE,PINK,1,CAPSULE_PINK,52,0,0,0,0,0,0,1,0,0,0,0,0
16729-0043-01_RXNAVIMAGE10_501E2851_2.jpg,CAPSULE,PINK,1,CAPSULE_PINK,52,0,0,0,0,0,0,1,0,0,0,0,0
00591-3544-01_RXNAVIMAGE10_A71B53DA_1.jpg,OVAL,WHITE,7,OVAL_WHITE,139,0,0,0,0,0,0,0,0,0,0,1,0
00591-3544-01_RXNAVIMAGE10_A71B53DA_2.jpg,OVAL,WHITE,7,OVAL_WHITE,139,0,0,0,0,0,0,0,0,0,0,1,0
16252-0616-30_RXNAVIMAGE10_635131F9_1.jpg,ROUND,PINK,10,ROUND_PINK,168,0,0,0,0,0,0,1,0,0,0,0,0
16252-0616-30_RXNAVIMAGE10_635131F9_2.jpg,ROUND,PINK,10,ROUND_PINK,168,0,0,0,0,0,0,1,0,0,0,0,0
59762-6690-05_RXNAVIMAGE10_96084B72_1.jpg,ROUND,PINK,10,ROUND_PINK,168,0,0,0,0,0,0,1,0,0,0,0,0
59762-6690-05_RXNAVIMAGE10_96084B72_2.jpg,ROUND,PINK,10,ROUND_PINK,168,0,0,0,0,0,0,1,0,0,0,0,0
64980-0141-06_RXNAVIMAGE10_B612DB06_1.jpg,ROUND,YELLOW,10,ROUND_YELLOW,178,0,0,0,0,0,0,0,0,0,0,0,1
64980-0141-06_RXNAVIMAGE10_B612DB06_2.jpg,ROUND,YELLOW,10,ROUND_YELLOW,178,0,0,0,0,0,0,0,0,0,0,0,1
50458-0580-30_RXNAVIMAGE10_791DBCBD_1.jpg,ROUND,RED,10,ROUND_RED,172,0,0,0,0,0,0,0,0,1,0,0,0
50458-0580-30_RXNAVIMAGE10_791DBCBD_2.jpg,ROUND,RED,10,ROUND_RED,172,0,0,0,0,0,0,0,0,1,0,0,0
60793-0853-01_RXNAVIMAGE10_FA087D23_1.jpg,OVAL,GREEN,7,OVAL_GREEN,129,0,0,0,0,1,0,0,0,0,0,0,0
60793-0853-01_RXNAVIMAGE10_FA087D23_2.jpg,OVAL,GREEN,7,OVAL_GREEN,129,0,0,0,0,1,0,0,0,0,0,0,0
00093-5256-68_RXNAVIMAGE10_15268A84_1.jpg,CAPSULE,BLUE,1,CAPSULE_BLUE,7,0,1,0,0,0,0,0,0,0,0,0,0
00093-5256-68_RXNAVIMAGE10_15268A84_2.jpg,CAPSULE,BLUE,1,CAPSULE_BLUE,7,0,1,0,0,0,0,0,0,0,0,0,0
75987-0010-03_RXNAVIMAGE10_B439DA0E_1.jpg,OVAL,BLUE,7,OVAL_BLUE,123,0,1,0,0,0,0,0,0,0,0,0,0
75987-0010-03_RXNAVIMAGE10_B439DA0E_2.jpg,OVAL,BLUE,7,OVAL_BLUE,123,0,1,0,0,0,0,0,0,0,0,0,0
43199-0038-01_RXNAVIMAGE10_5644AB15_1.jpg,ROUND,WHITE,10,ROUND_WHITE,174,0,0,0,0,0,0,0,0,0,0,1,0
43199-0038-01_RXNAVIMAGE10_5644AB15_2.jpg,ROUND,WHITE,10,ROUND_WHITE,174,0,0,0,0,0,0,0,0,0,0,1,0
00007-3148-13_RXNAVIMAGE10_22191168_1.jpg,TRIANGLE,PINK,15,TRIANGLE_PINK,199,0,0,0,0,0,0,1,0,0,0,0,0
00007-3148-13_RXNAVIMAGE10_22191168_2.jpg,TRIANGLE,PINK,15,TRIANGLE_PINK,199,0,0,0,0,0,0,1,0,0,0,0,0
00173-0785-01_RXNAVIMAGE10_AC18D656_1.jpg,ROUND,BROWN,10,ROUND_BROWN,162,0,0,1,0,0,0,0,0,0,0,0,0
00173-0785-01_RXNAVIMAGE10_AC18D656_2.jpg,ROUND,BROWN,10,ROUND_BROWN,162,0,0,1,0,0,0,0,0,0,0,0,0
13913-0002-13_RXNAVIMAGE10_5007A82D_1.jpg,OVAL,BLUE,7,OVAL_BLUE,123,0,1,0,0,0,0,0,0,0,0,0,0
13913-0002-13_RXNAVIMAGE10_5007A82D_2.jpg,OVAL,BLUE,7,OVAL_BLUE,123,0,1,0,0,0,0,0,0,0,0,0,0
00143-1473-01_RXNAVIMAGE10_A8205472_1.jpg,ROUND,WHITE,10,ROUND_WHITE,174,0,0,0,0,0,0,0,0,0,0,1,0
00143-1473-01_RXNAVIMAGE10_A8205472_2.jpg,ROUND,WHITE,10,ROUND_WHITE,174,0,0,0,0,0,0,0,0,0,0,1,0
00603-2540-21_RXNAVIMAGE10_45042291_1.jpg,OVAL,WHITE,7,OVAL_WHITE,139,0,0,0,0,0,0,0,0,0,0,1,0
00603-2540-21_RXNAVIMAGE10_45042291_2.jpg,OVAL,WHITE,7,OVAL_WHITE,139,0,0,0,0,0,0,0,0,0,0,1,0
65162-0537-10_RXNAVIMAGE10_8435424A_1.jpg,OVAL,YELLOW,7,OVAL_YELLOW,145,0,0,0,0,0,0,0,0,0,0,0,1
65162-0537-10_RXNAVIMAGE10_8435424A_2.jpg,OVAL,YELLOW,7,OVAL_YELLOW,145,0,0,0,0,0,0,0,0,0,0,0,1
00093-8344-10_RXNAVIMAGE10_250912F8_1.jpg,ROUND,GREEN,10,ROUND_GREEN,164,0,0,0,0,1,0,0,0,0,0,0,0
00093-8344-10_RXNAVIMAGE10_250912F8_2.jpg,ROUND,GREEN,10,ROUND_GREEN,164,0,0,0,0,1,0,0,0,0,0,0,0
00013-5301-17_RXNAVIMAGE10_691E34B1_1.jpg,CAPSULE,RED,1,CAPSULE_RED,69,0,0,0,0,0,0,0,0,1,0,0,0
00013-5301-17_RXNAVIMAGE10_691E34B1_2.jpg,CAPSULE,RED,1,CAPSULE_RED,69,0,0,0,0,0,0,0,0,1,0,0,0
00046-1104-81_RXNAVIMAGE10_AB3E55B2_1.jpg,OVAL,YELLOW,7,OVAL_YELLOW,145,0,0,0,0,0,0,0,0,0,0,0,1
00046-1104-81_RXNAVIMAGE10_AB3E55B2_2.jpg,OVAL,YELLOW,7,OVAL_YELLOW,145,0,0,0,0,0,0,0,0,0,0,0,1
64380-0741-08_RXNAVIMAGE10_5848AC25_1.jpg,RECTANGLE,WHITE,9,RECTANGLE_WHITE,159,0,0,0,0,0,0,0,0,0,0,1,0
64380-0741-08_RXNAVIMAGE10_5848AC25_2.jpg,RECTANGLE,WHITE,9,RECTANGLE_WHITE,159,0,0,0,0,0,0,0,0,0,0,1,0
00378-3857-77_RXNAVIMAGE10_FD1C7EE3_1.jpg,ROUND,WHITE,10,ROUND_WHITE,174,0,0,0,0,0,0,0,0,0,0,1,0
00378-3857-77_RXNAVIMAGE10_FD1C7EE3_2.jpg,ROUND,WHITE,10,ROUND_WHITE,174,0,0,0,0,0,0,0,0,0,0,1,0
53746-0254-01_RXNAVIMAGE10_A732D3C6_1.jpg,OVAL,YELLOW,7,OVAL_YELLOW,145,0,0,0,0,0,0,0,0,0,0,0,1
53746-0254-01_RXNAVIMAGE10_A732D3C6_2.jpg,OVAL,YELLOW,7,OVAL_YELLOW,145,0,0,0,0,0,0,0,0,0,0,0,1
60258-0162-01_RXNAVIMAGE10_910EC886_1.jpg,OVAL,BLACK,7,OVAL_BLACK,122,1,0,0,0,0,0,0,0,0,0,0,0
60258-0162-01_RXNAVIMAGE10_910EC886_2.jpg,OVAL,BLACK,7,OVAL_BLACK,122,1,0,0,0,0,0,0,0,0,0,0,0
51079-0075-20_RXNAVIMAGE10_39339CFC_1.jpg,ROUND,ORANGE,10,ROUND_ORANGE,166,0,0,0,0,0,1,0,0,0,0,0,0
51079-0075-20_RXNAVIMAGE10_39339CFC_2.jpg,ROUND,ORANGE,10,ROUND_ORANGE,166,0,0,0,0,0,1,0,0,0,0,0,0
00093-4356-01_RXNAVIMAGE10_0E210728_1.jpg,CAPSULE,BLUE,1,CAPSULE_BLUE,7,0,1,0,0,0,0,0,0,0,0,0,0
00093-4356-01_RXNAVIMAGE10_0E210728_2.jpg,CAPSULE,BLUE,1,CAPSULE_BLUE,7,0,1,0,0,0,0,0,0,0,0,0,0
68180-0311-01_RXNAVIMAGE10_053B828C_1.jpg,ROUND,YELLOW,10,ROUND_YELLOW,178,0,0,0,0,0,0,0,0,0,0,0,1
68180-0311-01_RXNAVIMAGE10_053B828C_2.jpg,ROUND,YELLOW,10,ROUND_YELLOW,178,0,0,0,0,0,0,0,0,0,0,0,1
00536-4544-10_RXNAVIMAGE10_3D0E9E84_1.jpg,ROUND,WHITE,10,ROUND_WHITE,174,0,0,0,0,0,0,0,0,0,0,1,0
00536-4544-10_RXNAVIMAGE10_3D0E9E84_2.jpg,ROUND,WHITE,10,ROUND_WHITE,174,0,0,0,0,0,0,0,0,0,0,1,0
00093-0536-01_RXNAVIMAGE10_992B4CEA_1.jpg,OVAL,WHITE,7,OVAL_WHITE,139,0,0,0,0,0,0,0,0,0,0,1,0
00093-0536-01_RXNAVIMAGE10_992B4CEA_2.jpg,OVAL,WHITE,7,OVAL_WHITE,139,0,0,0,0,0,0,0,0,0,0,1,0
00591-0347-05_RXNAVIMAGE10_1A080D00_1.jpg,CAPSULE,"WHITE, TURQUOISE",1,"CAPSULE_WHITE, TURQUOISE",91,0,0,0,0,0,0,0,0,0,1,1,0
00591-0347-05_RXNAVIMAGE10_1A080D00_2.jpg,CAPSULE,"WHITE, TURQUOISE",1,"CAPSULE_WHITE, TURQUOISE",91,0,0,0,0,0,0,0,0,0,1,1,0
49884-0403-91_RXNAVIMAGE10_3E1C9F54_1.jpg,ROUND,WHITE,10,ROUND_WHITE,174,0,0,0,0,0,0,0,0,0,0,1,0
49884-0403-91_RXNAVIMAGE10_3E1C9F54_2.jpg,ROUND,WHITE,10,ROUND_WHITE,174,0,0,0,0,0,0,0,0,0,0,1,0
00062-2085-12_RXNAVIMAGE10_06130328_1.jpg,ROUND,WHITE,10,ROUND_WHITE,174,0,0,0,0,0,0,0,0,0,0,1,0
00062-2085-12_RXNAVIMAGE10_06130328_2.jpg,ROUND,WHITE,10,ROUND_WHITE,174,0,0,0,0,0,0,0,0,0,0,1,0
00131-2477-35_RXNAVIMAGE10_BA1DDD5E_1.jpg,OVAL,PINK,7,OVAL_PINK,133,0,0,0,0,0,0,1,0,0,0,0,0
00131-2477-35_RXNAVIMAGE10_BA1DDD5E_2.jpg,OVAL,PINK,7,OVAL_PINK,133,0,0,0,0,0,0,1,0,0,0,0,0
65162-0520-10_RXNAVIMAGE10_F5087AE3_1.jpg,ROUND,BROWN,10,ROUND_BROWN,162,0,0,1,0,0,0,0,0,0,0,0,0
65162-0520-10_RXNAVIMAGE10_F5087AE3_2.jpg,ROUND,BROWN,10,ROUND_BROWN,162,0,0,1,0,0,0,0,0,0,0,0,0
59762-1540-01_RXNAVIMAGE10_923DC97E_1.jpg,ROUND,WHITE,10,ROUND_WHITE,174,0,0,0,0,0,0,0,0,0,0,1,0
59762-1540-01_RXNAVIMAGE10_923DC97E_2.jpg,ROUND,WHITE,10,ROUND_WHITE,174,0,0,0,0,0,0,0,0,0,0,1,0
68462-0305-84_RXNAVIMAGE10_E744F3A7_1.jpg,ROUND,YELLOW,10,ROUND_YELLOW,178,0,0,0,0,0,0,0,0,0,0,0,1
68462-0305-84_RXNAVIMAGE10_E744F3A7_2.jpg,ROUND,YELLOW,10,ROUND_YELLOW,178,0,0,0,0,0,0,0,0,0,0,0,1
63459-0504-30_RXNAVIMAGE10_8841C43E_1.jpg,BULLET,WHITE,0,BULLET_WHITE,0,0,0,0,0,0,0,0,0,0,0,1,0
63459-0504-30_RXNAVIMAGE10_8841C43E_2.jpg,BULLET,WHITE,0,BULLET_WHITE,0,0,0,0,0,0,0,0,0,0,0,1,0
00093-5247-65_RXNAVIMAGE10_8F26C7D6_1.jpg,ROUND,YELLOW,10,ROUND_YELLOW,178,0,0,0,0,0,0,0,0,0,0,0,1
00093-5247-65_RXNAVIMAGE10_8F26C7D6_2.jpg,ROUND,YELLOW,10,ROUND_YELLOW,178,0,0,0,0,0,0,0,0,0,0,0,1
00093-8940-01_RXNAVIMAGE10_FB267DF3_1.jpg,CAPSULE,BLUE,1,CAPSULE_BLUE,7,0,1,0,0,0,0,0,0,0,0,0,0
00093-8940-01_RXNAVIMAGE10_FB267DF3_2.jpg,CAPSULE,BLUE,1,CAPSULE_BLUE,7,0,1,0,0,0,0,0,0,0,0,0,0
31722-0201-90_RXNAVIMAGE10_034081A4_1.jpg,ROUND,WHITE,10,ROUND_WHITE,174,0,0,0,0,0,0,0,0,0,0,1,0
31722-0201-90_RXNAVIMAGE10_034081A4_2.jpg,ROUND,WHITE,10,ROUND_WHITE,174,0,0,0,0,0,0,0,0,0,0,1,0
43547-0280-10_RXNAVIMAGE10_C44FE25F_1.jpg,ROUND,WHITE,10,ROUND_WHITE,174,0,0,0,0,0,0,0,0,0,0,1,0
43547-0280-10_RXNAVIMAGE10_C44FE25F_2.jpg,ROUND,WHITE,10,ROUND_WHITE,174,0,0,0,0,0,0,0,0,0,0,1,0
00555-0071-01_RXNAVIMAGE10_BF2B5FAA_1.jpg,OVAL,WHITE,7,OVAL_WHITE,139,0,0,0,0,0,0,0,0,0,0,1,0
00555-0071-01_RXNAVIMAGE10_BF2B5FAA_2.jpg,OVAL,WHITE,7,OVAL_WHITE,139,0,0,0,0,0,0,0,0,0,0,1,0
24658-0312-05_RXNAVIMAGE10_2B491588_1.jpg,ROUND,BROWN,10,ROUND_BROWN,162,0,0,1,0,0,0,0,0,0,0,0,0
24658-0312-05_RXNAVIMAGE10_2B491588_2.jpg,ROUND,BROWN,10,ROUND_BROWN,162,0,0,1,0,0,0,0,0,0,0,0,0
00093-5770-56_RXNAVIMAGE10_E927F4FF_1.jpg,ROUND,WHITE,10,ROUND_WHITE,174,0,0,0,0,0,0,0,0,0,0,1,0
00093-5770-56_RXNAVIMAGE10_E927F4FF_2.jpg,ROUND,WHITE,10,ROUND_WHITE,174,0,0,0,0,0,0,0,0,0,0,1,0
00378-1355-01_RXNAVIMAGE10_B9325C82_1.jpg,ROUND,YELLOW,10,ROUND_YELLOW,178,0,0,0,0,0,0,0,0,0,0,0,1
00378-1355-01_RXNAVIMAGE10_B9325C82_2.jpg,ROUND,YELLOW,10,ROUND_YELLOW,178,0,0,0,0,0,0,0,0,0,0,0,1
00591-0795-10_RXNAVIMAGE10_D9156CCB_1.jpg,ROUND,BLUE,10,ROUND_BLUE,160,0,1,0,0,0,0,0,0,0,0,0,0
00591-0795-10_RXNAVIMAGE10_D9156CCB_2.jpg,ROUND,BLUE,10,ROUND_BLUE,160,0,1,0,0,0,0,0,0,0,0,0,0
67877-0296-05_RXNAVIMAGE10_9A40CD46_1.jpg,OVAL,WHITE,7,OVAL_WHITE,139,0,0,0,0,0,0,0,0,0,0,1,0
67877-0296-05_RXNAVIMAGE10_9A40CD46_2.jpg,OVAL,WHITE,7,OVAL_WHITE,139,0,0,0,0,0,0,0,0,0,0,1,0
63459-0205-30_RXNAVIMAGE10_C841E47F_1.jpg,ROUND,WHITE,10,ROUND_WHITE,174,0,0,0,0,0,0,0,0,0,0,1,0
63459-0205-30_RXNAVIMAGE10_C841E47F_2.jpg,ROUND,WHITE,10,ROUND_WHITE,174,0,0,0,0,0,0,0,0,0,0,1,0
00555-0634-02_RXNAVIMAGE10_670533F9_1.jpg,CAPSULE,"YELLOW, YELLOW",1,"CAPSULE_YELLOW, YELLOW",104,0,0,0,0,0,0,0,0,0,0,0,1
00555-0634-02_RXNAVIMAGE10_670533F9_2.jpg,CAPSULE,"YELLOW, YELLOW",1,"CAPSULE_YELLOW, YELLOW",104,0,0,0,0,0,0,0,0,0,0,0,1
65862-0044-01_RXNAVIMAGE10_8C23C65E_1.jpg,ROUND,YELLOW,10,ROUND_YELLOW,178,0,0,0,0,0,0,0,0,0,0,0,1
65862-0044-01_RXNAVIMAGE10_8C23C65E_2.jpg,ROUND,YELLOW,10,ROUND_YELLOW,178,0,0,0,0,0,0,0,0,0,0,0,1
65162-0725-10_RXNAVIMAGE10_DA33ED6F_1.jpg,OVAL,WHITE,7,OVAL_WHITE,139,0,0,0,0,0,0,0,0,0,0,1,0
65162-0725-10_RXNAVIMAGE10_DA33ED6F_2.jpg,OVAL,WHITE,7,OVAL_WHITE,139,0,0,0,0,0,0,0,0,0,0,1,0
68382-0054-01_RXNAVIMAGE10_2B1295D4_1.jpg,OVAL,BROWN,7,OVAL_BROWN,125,0,0,1,0,0,0,0,0,0,0,0,0
68382-0054-01_RXNAVIMAGE10_2B1295D4_2.jpg,OVAL,BROWN,7,OVAL_BROWN,125,0,0,1,0,0,0,0,0,0,0,0,0
00093-7121-98_RXNAVIMAGE10_5D2BAE9D_1.jpg,ROUND,GREEN,10,ROUND_GREEN,164,0,0,0,0,1,0,0,0,0,0,0,0
00093-7121-98_RXNAVIMAGE10_5D2BAE9D_2.jpg,ROUND,GREEN,10,ROUND_GREEN,164,0,0,0,0,1,0,0,0,0,0,0,0
00555-9123-66_RXNAVIMAGE10_6636B375_1.jpg,ROUND,PINK,10,ROUND_PINK,168,0,0,0,0,0,0,1,0,0,0,0,0
00555-9123-66_RXNAVIMAGE10_6636B375_2.jpg,ROUND,PINK,10,ROUND_PINK,168,0,0,0,0,0,0,1,0,0,0,0,0
64980-0205-01_RXNAVIMAGE10_E2507103_1.jpg,ROUND,PINK,10,ROUND_PINK,168,0,0,0,0,0,0,1,0,0,0,0,0
64980-0205-01_RXNAVIMAGE10_E2507103_2.jpg,ROUND,PINK,10,ROUND_PINK,168,0,0,0,0,0,0,1,0,0,0,0,0
00093-5769-56_RXNAVIMAGE10_F227F97F_1.jpg,ROUND,WHITE,10,ROUND_WHITE,174,0,0,0,0,0,0,0,0,0,0,1,0
00093-5769-56_RXNAVIMAGE10_F227F97F_2.jpg,ROUND,WHITE,10,ROUND_WHITE,174,0,0,0,0,0,0,0,0,0,0,1,0
23155-0118-01_RXNAVIMAGE10_EF3977FB_1.jpg,OVAL,ORANGE,7,OVAL_ORANGE,130,0,0,0,0,0,1,0,0,0,0,0,0
23155-0118-01_RXNAVIMAGE10_EF3977FB_2.jpg,OVAL,ORANGE,7,OVAL_ORANGE,130,0,0,0,0,0,1,0,0,0,0,0,0
00074-7070-90_RXNAVIMAGE10_991D4CFA_1.jpg,ROUND,PURPLE,10,ROUND_PURPLE,171,0,0,0,0,0,0,0,1,0,0,0,0
00074-7070-90_RXNAVIMAGE10_991D4CFA_2.jpg,ROUND,PURPLE,10,ROUND_PURPLE,171,0,0,0,0,0,0,0,1,0,0,0,0
00093-0058-01_RXNAVIMAGE10_00280060_1.jpg,OVAL,WHITE,7,OVAL_WHITE,139,0,0,0,0,0,0,0,0,0,0,1,0
00093-0058-01_RXNAVIMAGE10_00280060_2.jpg,OVAL,WHITE,7,OVAL_WHITE,139,0,0,0,0,0,0,0,0,0,0,1,0
00527-1341-10_RXNAVIMAGE10_3D081EA0_1.jpg,ROUND,ORANGE,10,ROUND_ORANGE,166,0,0,0,0,0,1,0,0,0,0,0,0
00527-1341-10_RXNAVIMAGE10_3D081EA0_2.jpg,ROUND,ORANGE,10,ROUND_ORANGE,166,0,0,0,0,0,1,0,0,0,0,0,0
54505-0331-05_RXNAVIMAGE10_093B84CC_1.jpg,ROUND,WHITE,10,ROUND_WHITE,174,0,0,0,0,0,0,0,0,0,0,1,0
54505-0331-05_RXNAVIMAGE10_093B84CC_2.jpg,ROUND,WHITE,10,ROUND_WHITE,174,0,0,0,0,0,0,0,0,0,0,1,0
13107-0156-30_RXNAVIMAGE10_17510BE8_1.jpg,OVAL,BLUE,7,OVAL_BLUE,123,0,1,0,0,0,0,0,0,0,0,0,0
13107-0156-30_RXNAVIMAGE10_17510BE8_2.jpg,OVAL,BLUE,7,OVAL_BLUE,123,0,1,0,0,0,0,0,0,0,0,0,0
00172-7311-46_RXNAVIMAGE10_922BC96E_1.jpg,OVAL,YELLOW,7,OVAL_YELLOW,145,0,0,0,0,0,0,0,0,0,0,0,1
00172-7311-46_RXNAVIMAGE10_922BC96E_2.jpg,OVAL,YELLOW,7,OVAL_YELLOW,145,0,0,0,0,0,0,0,0,0,0,0,1
00054-0223-21_RXNAVIMAGE10_B14B588A_1.jpg,OVAL,WHITE,7,OVAL_WHITE,139,0,0,0,0,0,0,0,0,0,0,1,0
00054-0223-21_RXNAVIMAGE10_B14B588A_2.jpg,OVAL,WHITE,7,OVAL_WHITE,139,0,0,0,0,0,0,0,0,0,0,1,0
00131-2478-35_RXNAVIMAGE10_B41DDA5E_1.jpg,OVAL,YELLOW,7,OVAL_YELLOW,145,0,0,0,0,0,0,0,0,0,0,0,1
00131-2478-35_RXNAVIMAGE10_B41DDA5E_2.jpg,OVAL,YELLOW,7,OVAL_YELLOW,145,0,0,0,0,0,0,0,0,0,0,0,1
00430-0540-14_RXNAVIMAGE10_A44AD216_1.jpg,ROUND,BROWN,10,ROUND_BROWN,162,0,0,1,0,0,0,0,0,0,0,0,0
00430-0540-14_RXNAVIMAGE10_A44AD216_2.jpg,ROUND,BROWN,10,ROUND_BROWN,162,0,0,1,0,0,0,0,0,0,0,0,0
50419-0702-05_RXNAVIMAGE10_531929C9_1.jpg,ROUND,RED,10,ROUND_RED,172,0,0,0,0,0,0,0,0,1,0,0,0
50419-0702-05_RXNAVIMAGE10_531929C9_2.jpg,ROUND,RED,10,ROUND_RED,172,0,0,0,0,0,0,0,0,1,0,0,0
00093-7658-56_RXNAVIMAGE10_63383181_1.jpg,OVAL,YELLOW,7,OVAL_YELLOW,145,0,0,0,0,0,0,0,0,0,0,0,1
00093-7658-56_RXNAVIMAGE10_63383181_2.jpg,OVAL,YELLOW,7,OVAL_YELLOW,145,0,0,0,0,0,0,0,0,0,0,0,1
17478-0767-10_RXNAVIMAGE10_B6415B0A_1.jpg,OVAL,WHITE,7,OVAL_WHITE,139,0,0,0,0,0,0,0,0,0,0,1,0
17478-0767-10_RXNAVIMAGE10_B6415B0A_2.jpg,OVAL,WHITE,7,OVAL_WHITE,139,0,0,0,0,0,0,0,0,0,0,1,0
45963-0634-01_RXNAVIMAGE10_773DBBFD_1.jpg,ROUND,PINK,10,ROUND_PINK,168,0,0,0,0,0,0,1,0,0,0,0,0
45963-0634-01_RXNAVIMAGE10_773DBBFD_2.jpg,ROUND,PINK,10,ROUND_PINK,168,0,0,0,0,0,0,1,0,0,0,0,0
59762-0140-01_RXNAVIMAGE10_67493389_1.jpg,CAPSULE,"RED, BLUE",1,"CAPSULE_RED, BLUE",70,0,1,0,0,0,0,0,0,1,0,0,0
59762-0140-01_RXNAVIMAGE10_67493389_2.jpg,CAPSULE,"RED, BLUE",1,"CAPSULE_RED, BLUE",70,0,1,0,0,0,0,0,0,1,0,0,0
55111-0264-81_RXNAVIMAGE10_E33BF1BF_1.jpg,OVAL,YELLOW,7,OVAL_YELLOW,145,0,0,0,0,0,0,0,0,0,0,0,1
55111-0264-81_RXNAVIMAGE10_E33BF1BF_2.jpg,OVAL,YELLOW,7,OVAL_YELLOW,145,0,0,0,0,0,0,0,0,0,0,0,1
00054-4183-25_RXNAVIMAGE10_A10550AA_1.jpg,ROUND,WHITE,10,ROUND_WHITE,174,0,0,0,0,0,0,0,0,0,0,1,0
00054-4183-25_RXNAVIMAGE10_A10550AA_2.jpg,ROUND,WHITE,10,ROUND_WHITE,174,0,0,0,0,0,0,0,0,0,0,1,0
00378-1005-01_RXNAVIMAGE10_7A45BD6D_1.jpg,ROUND,YELLOW,10,ROUND_YELLOW,178,0,0,0,0,0,0,0,0,0,0,0,1
00378-1005-01_RXNAVIMAGE10_7A45BD6D_2.jpg,ROUND,YELLOW,10,ROUND_YELLOW,178,0,0,0,0,0,0,0,0,0,0,0,1
00143-1201-01_RXNAVIMAGE10_E6327303_1.jpg,ROUND,WHITE,10,ROUND_WHITE,174,0,0,0,0,0,0,0,0,0,0,1,0
00143-1201-01_RXNAVIMAGE10_E6327303_2.jpg,ROUND,WHITE,10,ROUND_WHITE,174,0,0,0,0,0,0,0,0,0,0,1,0
00093-5171-20_RXNAVIMAGE10_4C2DA60D_1.jpg,SQUARE,WHITE,12,SQUARE_WHITE,185,0,0,0,0,0,0,0,0,0,0,1,0
00093-5171-20_RXNAVIMAGE10_4C2DA60D_2.jpg,SQUARE,WHITE,12,SQUARE_WHITE,185,0,0,0,0,0,0,0,0,0,0,1,0
00078-0408-05_RXNAVIMAGE10_4A162571_1.jpg,OVAL,BROWN,7,OVAL_BROWN,125,0,0,1,0,0,0,0,0,0,0,0,0
00078-0408-05_RXNAVIMAGE10_4A162571_2.jpg,OVAL,BROWN,7,OVAL_BROWN,125,0,0,1,0,0,0,0,0,0,0,0,0
60505-0018-06_RXNAVIMAGE10_E903F4FF_1.jpg,ROUND,GREEN,10,ROUND_GREEN,164,0,0,0,0,1,0,0,0,0,0,0,0
60505-0018-06_RXNAVIMAGE10_E903F4FF_2.jpg,ROUND,GREEN,10,ROUND_GREEN,164,0,0,0,0,1,0,0,0,0,0,0,0
13668-0096-90_RXNAVIMAGE10_72413979_1.jpg,OVAL,WHITE,7,OVAL_WHITE,139,0,0,0,0,0,0,0,0,0,0,1,0
13668-0096-90_RXNAVIMAGE10_72413979_2.jpg,OVAL,WHITE,7,OVAL_WHITE,139,0,0,0,0,0,0,0,0,0,0,1,0
00781-5231-92_RXNAVIMAGE10_EF4977FB_1.jpg,ROUND,BROWN,10,ROUND_BROWN,162,0,0,1,0,0,0,0,0,0,0,0,0
00781-5231-92_RXNAVIMAGE10_EF4977FB_2.jpg,ROUND,BROWN,10,ROUND_BROWN,162,0,0,1,0,0,0,0,0,0,0,0,0
00228-2530-10_RXNAVIMAGE10_BD3BDE9E_1.jpg,OVAL,RED,7,OVAL_RED,137,0,0,0,0,0,0,0,0,1,0,0,0
00228-2530-10_RXNAVIMAGE10_BD3BDE9E_2.jpg,OVAL,RED,7,OVAL_RED,137,0,0,0,0,0,0,0,0,1,0,0,0
15456-0980-04_RXNAVIMAGE10_9418CA26_1.jpg,ROUND,YELLOW,10,ROUND_YELLOW,178,0,0,0,0,0,0,0,0,0,0,0,1
15456-0980-04_RXNAVIMAGE10_9418CA26_2.jpg,ROUND,YELLOW,10,ROUND_YELLOW,178,0,0,0,0,0,0,0,0,0,0,0,1
68180-0353-06_RXNAVIMAGE10_9C334E6A_1.jpg,OVAL,YELLOW,7,OVAL_YELLOW,145,0,0,0,0,0,0,0,0,0,0,0,1
68180-0353-06_RXNAVIMAGE10_9C334E6A_2.jpg,OVAL,YELLOW,7,OVAL_YELLOW,145,0,0,0,0,0,0,0,0,0,0,0,1
43598-0510-30_RXNAVIMAGE10_2F4F97BC_1.jpg,CAPSULE,"BLUE, BLUE",1,"CAPSULE_BLUE, BLUE",8,0,1,0,0,0,0,0,0,0,0,0,0
43598-0510-30_RXNAVIMAGE10_2F4F97BC_2.jpg,CAPSULE,"BLUE, BLUE",1,"CAPSULE_BLUE, BLUE",8,0,1,0,0,0,0,0,0,0,0,0,0
00093-8204-01_RXNAVIMAGE10_35361AD0_1.jpg,OVAL,GREEN,7,OVAL_GREEN,129,0,0,0,0,1,0,0,0,0,0,0,0
00093-8204-01_RXNAVIMAGE10_35361AD0_2.jpg,OVAL,GREEN,7,OVAL_GREEN,129,0,0,0,0,1,0,0,0,0,0,0,0
00591-5658-10_RXNAVIMAGE10_8205411A_1.jpg,ROUND,WHITE,10,ROUND_WHITE,174,0,0,0,0,0,0,0,0,0,0,1,0
00591-5658-10_RXNAVIMAGE10_8205411A_2.jpg,ROUND,WHITE,10,ROUND_WHITE,174,0,0,0,0,0,0,0,0,0,0,1,0
00093-0819-01_RXNAVIMAGE10_F835FC1F_1.jpg,ROUND,RED,10,ROUND_RED,172,0,0,0,0,0,0,0,0,1,0,0,0
00093-0819-01_RXNAVIMAGE10_F835FC1F_2.jpg,ROUND,RED,10,ROUND_RED,172,0,0,0,0,0,0,0,0,1,0,0,0
49884-0641-01_RXNAVIMAGE10_DD08EEC7_1.jpg,ROUND,WHITE,10,ROUND_WHITE,174,0,0,0,0,0,0,0,0,0,0,1,0
49884-0641-01_RXNAVIMAGE10_DD08EEC7_2.jpg,ROUND,WHITE,10,ROUND_WHITE,174,0,0,0,0,0,0,0,0,0,0,1,0
00093-2080-01_RXNAVIMAGE10_D326E9C7_1.jpg,CAPSULE,WHITE,1,CAPSULE_WHITE,81,0,0,0,0,0,0,0,0,0,0,1,0
00093-2080-01_RXNAVIMAGE10_D326E9C7_2.jpg,CAPSULE,WHITE,1,CAPSULE_WHITE,81,0,0,0,0,0,0,0,0,0,0,1,0
65862-0009-05_RXNAVIMAGE10_1F4E8FE4_1.jpg,ROUND,WHITE,10,ROUND_WHITE,174,0,0,0,0,0,0,0,0,0,0,1,0
65862-0009-05_RXNAVIMAGE10_1F4E8FE4_2.jpg,ROUND,WHITE,10,ROUND_WHITE,174,0,0,0,0,0,0,0,0,0,0,1,0
58468-0021-01_RXNAVIMAGE10_CB1C6593_1.jpg,OVAL,WHITE,7,OVAL_WHITE,139,0,0,0,0,0,0,0,0,0,0,1,0
58468-0021-01_RXNAVIMAGE10_CB1C6593_2.jpg,OVAL,WHITE,7,OVAL_WHITE,139,0,0,0,0,0,0,0,0,0,0,1,0
16714-0400-02_RXNAVIMAGE10_8C44C616_1.jpg,OVAL,WHITE,7,OVAL_WHITE,139,0,0,0,0,0,0,0,0,0,0,1,0
16714-0400-02_RXNAVIMAGE10_8C44C616_2.jpg,OVAL,WHITE,7,OVAL_WHITE,139,0,0,0,0,0,0,0,0,0,0,1,0
00093-3002-56_RXNAVIMAGE10_0D2986FC_1.jpg,CAPSULE,WHITE,1,CAPSULE_WHITE,81,0,0,0,0,0,0,0,0,0,0,1,0
00093-3002-56_RXNAVIMAGE10_0D2986FC_2.jpg,CAPSULE,WHITE,1,CAPSULE_WHITE,81,0,0,0,0,0,0,0,0,0,0,1,0
60505-2675-03_RXNAVIMAGE10_214910A8_1.jpg,ROUND,YELLOW,10,ROUND_YELLOW,178,0,0,0,0,0,0,0,0,0,0,0,1
60505-2675-03_RXNAVIMAGE10_214910A8_2.jpg,ROUND,YELLOW,10,ROUND_YELLOW,178,0,0,0,0,0,0,0,0,0,0,0,1
65862-0528-90_RXNAVIMAGE10_AB5055D2_1.jpg,CAPSULE,ORANGE,1,CAPSULE_ORANGE,44,0,0,0,0,0,1,0,0,0,0,0,0
65862-0528-90_RXNAVIMAGE10_AB5055D2_2.jpg,CAPSULE,ORANGE,1,CAPSULE_ORANGE,44,0,0,0,0,0,1,0,0,0,0,0,0
00093-5140-56_RXNAVIMAGE10_1B2D0DF8_1.jpg,ROUND,WHITE,10,ROUND_WHITE,174,0,0,0,0,0,0,0,0,0,0,1,0
00093-5140-56_RXNAVIMAGE10_1B2D0DF8_2.jpg,ROUND,WHITE,10,ROUND_WHITE,174,0,0,0,0,0,0,0,0,0,0,1,0
00185-0104-01_RXNAVIMAGE10_2C33966C_1.jpg,OVAL,YELLOW,7,OVAL_YELLOW,145,0,0,0,0,0,0,0,0,0,0,0,1
00185-0104-01_RXNAVIMAGE10_2C33966C_2.jpg,OVAL,YELLOW,7,OVAL_YELLOW,145,0,0,0,0,0,0,0,0,0,0,0,1
49884-0685-05_RXNAVIMAGE10_90464822_1.jpg,ROUND,WHITE,10,ROUND_WHITE,174,0,0,0,0,0,0,0,0,0,0,1,0
49884-0685-05_RXNAVIMAGE10_90464822_2.jpg,ROUND,WHITE,10,ROUND_WHITE,174,0,0,0,0,0,0,0,0,0,0,1,0
00781-1223-01_RXNAVIMAGE10_06348364_1.jpg,ROUND,WHITE,10,ROUND_WHITE,174,0,0,0,0,0,0,0,0,0,0,1,0
00781-1223-01_RXNAVIMAGE10_06348364_2.jpg,ROUND,WHITE,10,ROUND_WHITE,174,0,0,0,0,0,0,0,0,0,0,1,0
00093-0233-56_RXNAVIMAGE10_1E2B0F08_1.jpg,ROUND,WHITE,10,ROUND_WHITE,174,0,0,0,0,0,0,0,0,0,0,1,0
00093-0233-56_RXNAVIMAGE10_1E2B0F08_2.jpg,ROUND,WHITE,10,ROUND_WHITE,174,0,0,0,0,0,0,0,0,0,0,1,0
55111-0168-30_RXNAVIMAGE10_D03C6863_1.jpg,OVAL,WHITE,7,OVAL_WHITE,139,0,0,0,0,0,0,0,0,0,0,1,0
55111-0168-30_RXNAVIMAGE10_D03C6863_2.jpg,OVAL,WHITE,7,OVAL_WHITE,139,0,0,0,0,0,0,0,0,0,0,1,0
65162-0668-50_RXNAVIMAGE10_120E0910_1.jpg,OVAL,YELLOW,7,OVAL_YELLOW,145,0,0,0,0,0,0,0,0,0,0,0,1
65162-0668-50_RXNAVIMAGE10_120E0910_2.jpg,OVAL,YELLOW,7,OVAL_YELLOW,145,0,0,0,0,0,0,0,0,0,0,0,1
49348-0009-10_RXNAVIMAGE10_F303F9BF_1.jpg,ROUND,WHITE,10,ROUND_WHITE,174,0,0,0,0,0,0,0,0,0,0,1,0
49348-0009-10_RXNAVIMAGE10_F303F9BF_2.jpg,ROUND,WHITE,10,ROUND_WHITE,174,0,0,0,0,0,0,0,0,0,0,1,0
00071-1018-68_RXNAVIMAGE10_5815AC2D_1.jpg,CAPSULE,"ORANGE, WHITE",1,"CAPSULE_ORANGE, WHITE",50,0,0,0,0,0,1,0,0,0,0,1,0
00071-1018-68_RXNAVIMAGE10_5815AC2D_2.jpg,CAPSULE,"ORANGE, WHITE",1,"CAPSULE_ORANGE, WHITE",50,0,0,0,0,0,1,0,0,0,0,1,0
60505-3638-03_RXNAVIMAGE10_A83F543A_1.jpg,OVAL,WHITE,7,OVAL_WHITE,139,0,0,0,0,0,0,0,0,0,0,1,0
60505-3638-03_RXNAVIMAGE10_A83F543A_2.jpg,OVAL,WHITE,7,OVAL_WHITE,139,0,0,0,0,0,0,0,0,0,0,1,0
68462-0231-10_RXNAVIMAGE10_0B45858C_1.jpg,CAPSULE,PURPLE,1,CAPSULE_PURPLE,61,0,0,0,0,0,0,0,1,0,0,0,0
68462-0231-10_RXNAVIMAGE10_0B45858C_2.jpg,CAPSULE,PURPLE,1,CAPSULE_PURPLE,61,0,0,0,0,0,0,0,1,0,0,0,0
00093-7180-01_RXNAVIMAGE10_482BA47D_1.jpg,OVAL,YELLOW,7,OVAL_YELLOW,145,0,0,0,0,0,0,0,0,0,0,0,1
00093-7180-01_RXNAVIMAGE10_482BA47D_2.jpg,OVAL,YELLOW,7,OVAL_YELLOW,145,0,0,0,0,0,0,0,0,0,0,0,1
53489-0368-01_RXNAVIMAGE10_293414C0_1.jpg,ROUND,GREEN,10,ROUND_GREEN,164,0,0,0,0,1,0,0,0,0,0,0,0
53489-0368-01_RXNAVIMAGE10_293414C0_2.jpg,ROUND,GREEN,10,ROUND_GREEN,164,0,0,0,0,1,0,0,0,0,0,0,0
50458-0251-00_RXNAVIMAGE10_DB456DBB_1.jpg,ROUND,BLUE,10,ROUND_BLUE,160,0,1,0,0,0,0,0,0,0,0,0,0
50458-0251-00_RXNAVIMAGE10_DB456DBB_2.jpg,ROUND,BLUE,10,ROUND_BLUE,160,0,1,0,0,0,0,0,0,0,0,0,0
00093-8943-01_RXNAVIMAGE10_DD35EE9F_1.jpg,OVAL,BLUE,7,OVAL_BLUE,123,0,1,0,0,0,0,0,0,0,0,0,0
00093-8943-01_RXNAVIMAGE10_DD35EE9F_2.jpg,OVAL,BLUE,7,OVAL_BLUE,123,0,1,0,0,0,0,0,0,0,0,0,0
52544-0268-84_RXNAVIMAGE10_D73A6BE3_1.jpg,ROUND,BLUE,10,ROUND_BLUE,160,0,1,0,0,0,0,0,0,0,0,0,0
52544-0268-84_RXNAVIMAGE10_D73A6BE3_2.jpg,ROUND,BLUE,10,ROUND_BLUE,160,0,1,0,0,0,0,0,0,0,0,0,0
24090-0479-88_RXNAVIMAGE10_28081420_1.jpg,CAPSULE,BLUE,1,CAPSULE_BLUE,7,0,1,0,0,0,0,0,0,0,0,0,0
24090-0479-88_RXNAVIMAGE10_28081420_2.jpg,CAPSULE,BLUE,1,CAPSULE_BLUE,7,0,1,0,0,0,0,0,0,0,0,0,0
00378-2921-93_RXNAVIMAGE10_9243494A_1.jpg,OVAL,WHITE,7,OVAL_WHITE,139,0,0,0,0,0,0,0,0,0,0,1,0
00378-2921-93_RXNAVIMAGE10_9243494A_2.jpg,OVAL,WHITE,7,OVAL_WHITE,139,0,0,0,0,0,0,0,0,0,0,1,0
68462-0190-05_RXNAVIMAGE10_7B12BD95_1.jpg,OVAL,ORANGE,7,OVAL_ORANGE,130,0,0,0,0,0,1,0,0,0,0,0,0
68462-0190-05_RXNAVIMAGE10_7B12BD95_2.jpg,OVAL,ORANGE,7,OVAL_ORANGE,130,0,0,0,0,0,1,0,0,0,0,0,0
43547-0269-10_RXNAVIMAGE10_5041A87D_1.jpg,ROUND,YELLOW,10,ROUND_YELLOW,178,0,0,0,0,0,0,0,0,0,0,0,1
43547-0269-10_RXNAVIMAGE10_5041A87D_2.jpg,ROUND,YELLOW,10,ROUND_YELLOW,178,0,0,0,0,0,0,0,0,0,0,0,1
00093-0658-01_RXNAVIMAGE10_2B2B15C8_1.jpg,OVAL,"BROWN, PINK",7,"OVAL_BROWN, PINK",126,0,0,1,0,0,0,1,0,0,0,0,0
00093-0658-01_RXNAVIMAGE10_2B2B15C8_2.jpg,OVAL,"BROWN, PINK",7,"OVAL_BROWN, PINK",126,0,0,1,0,0,0,1,0,0,0,0,0
51285-0431-65_RXNAVIMAGE10_B036D866_1.jpg,ROUND,PURPLE,10,ROUND_PURPLE,171,0,0,0,0,0,0,0,1,0,0,0,0
51285-0431-65_RXNAVIMAGE10_B036D866_2.jpg,ROUND,PURPLE,10,ROUND_PURPLE,171,0,0,0,0,0,0,0,1,0,0,0,0
51079-0810-20_RXNAVIMAGE10_0C33867C_1.jpg,ROUND,WHITE,10,ROUND_WHITE,174,0,0,0,0,0,0,0,0,0,0,1,0
51079-0810-20_RXNAVIMAGE10_0C33867C_2.jpg,ROUND,WHITE,10,ROUND_WHITE,174,0,0,0,0,0,0,0,0,0,0,1,0
10144-0606-15_RXNAVIMAGE10_FA1DFD0F_1.jpg,CAPSULE,BLUE,1,CAPSULE_BLUE,7,0,1,0,0,0,0,0,0,0,0,0,0
10144-0606-15_RXNAVIMAGE10_FA1DFD0F_2.jpg,CAPSULE,BLUE,1,CAPSULE_BLUE,7,0,1,0,0,0,0,0,0,0,0,0,0
00781-1391-01_RXNAVIMAGE10_6C07B60D_1.jpg,ROUND,WHITE,10,ROUND_WHITE,174,0,0,0,0,0,0,0,0,0,0,1,0
00781-1391-01_RXNAVIMAGE10_6C07B60D_2.jpg,ROUND,WHITE,10,ROUND_WHITE,174,0,0,0,0,0,0,0,0,0,0,1,0
00078-0563-15_RXNAVIMAGE10_153B0A88_1.jpg,OVAL,BROWN,7,OVAL_BROWN,125,0,0,1,0,0,0,0,0,0,0,0,0
00078-0563-15_RXNAVIMAGE10_153B0A88_2.jpg,OVAL,BROWN,7,OVAL_BROWN,125,0,0,1,0,0,0,0,0,0,0,0,0
00472-0850-10_RXNAVIMAGE10_230591EC_1.jpg,ROUND,WHITE,10,ROUND_WHITE,174,0,0,0,0,0,0,0,0,0,0,1,0
00472-0850-10_RXNAVIMAGE10_230591EC_2.jpg,ROUND,WHITE,10,ROUND_WHITE,174,0,0,0,0,0,0,0,0,0,0,1,0
00023-9350-07_RXNAVIMAGE10_D4196A7B_1.jpg,CAPSULE,"ORANGE, WHITE",1,"CAPSULE_ORANGE, WHITE",50,0,0,0,0,0,1,0,0,0,0,1,0
00023-9350-07_RXNAVIMAGE10_D4196A7B_2.jpg,CAPSULE,"ORANGE, WHITE",1,"CAPSULE_ORANGE, WHITE",50,0,0,0,0,0,1,0,0,0,0,1,0
00591-2465-01_RXNAVIMAGE10_2439923C_1.jpg,OVAL,WHITE,7,OVAL_WHITE,139,0,0,0,0,0,0,0,0,0,0,1,0
00591-2465-01_RXNAVIMAGE10_2439923C_2.jpg,OVAL,WHITE,7,OVAL_WHITE,139,0,0,0,0,0,0,0,0,0,0,1,0
00002-3250-30_RXNAVIMAGE10_431E21C1_1.jpg,CAPSULE,"WHITE, BROWN",1,"CAPSULE_WHITE, BROWN",84,0,0,1,0,0,0,0,0,0,0,1,0
00002-3250-30_RXNAVIMAGE10_431E21C1_2.jpg,CAPSULE,"WHITE, BROWN",1,"CAPSULE_WHITE, BROWN",84,0,0,1,0,0,0,0,0,0,0,1,0
00093-5124-01_RXNAVIMAGE10_30241810_1.jpg,TRIANGLE,YELLOW,15,TRIANGLE_YELLOW,203,0,0,0,0,0,0,0,0,0,0,0,1
00093-5124-01_RXNAVIMAGE10_30241810_2.jpg,TRIANGLE,YELLOW,15,TRIANGLE_YELLOW,203,0,0,0,0,0,0,0,0,0,0,0,1
00071-0158-23_RXNAVIMAGE10_0A088504_1.jpg,OVAL,WHITE,7,OVAL_WHITE,139,0,0,0,0,0,0,0,0,0,0,1,0
00071-0158-23_RXNAVIMAGE10_0A088504_2.jpg,OVAL,WHITE,7,OVAL_WHITE,139,0,0,0,0,0,0,0,0,0,0,1,0
00054-0077-25_RXNAVIMAGE10_053282F4_1.jpg,ROUND,WHITE,10,ROUND_WHITE,174,0,0,0,0,0,0,0,0,0,0,1,0
00054-0077-25_RXNAVIMAGE10_053282F4_2.jpg,ROUND,WHITE,10,ROUND_WHITE,174,0,0,0,0,0,0,0,0,0,0,1,0
67253-0201-50_RXNAVIMAGE10_603CB065_1.jpg,OVAL,WHITE,7,OVAL_WHITE,139,0,0,0,0,0,0,0,0,0,0,1,0
67253-0201-50_RXNAVIMAGE10_603CB065_2.jpg,OVAL,WHITE,7,OVAL_WHITE,139,0,0,0,0,0,0,0,0,0,0,1,0
43547-0257-50_RXNAVIMAGE10_FF48FFC7_1.jpg,OVAL,WHITE,7,OVAL_WHITE,139,0,0,0,0,0,0,0,0,0,0,1,0
43547-0257-50_RXNAVIMAGE10_FF48FFC7_2.jpg,OVAL,WHITE,7,OVAL_WHITE,139,0,0,0,0,0,0,0,0,0,0,1,0
00071-0419-24_RXNAVIMAGE10_361C9B04_1.jpg,ROUND,WHITE,10,ROUND_WHITE,174,0,0,0,0,0,0,0,0,0,0,1,0
00071-0419-24_RXNAVIMAGE10_361C9B04_2.jpg,ROUND,WHITE,10,ROUND_WHITE,174,0,0,0,0,0,0,0,0,0,0,1,0
13668-0158-30_RXNAVIMAGE10_56512B69_1.jpg,OVAL,WHITE,7,OVAL_WHITE,139,0,0,0,0,0,0,0,0,0,0,1,0
13668-0158-30_RXNAVIMAGE10_56512B69_2.jpg,OVAL,WHITE,7,OVAL_WHITE,139,0,0,0,0,0,0,0,0,0,0,1,0
00781-5426-06_RXNAVIMAGE10_2D4E16B0_1.jpg,ROUND,WHITE,10,ROUND_WHITE,174,0,0,0,0,0,0,0,0,0,0,1,0
00781-5426-06_RXNAVIMAGE10_2D4E16B0_2.jpg,ROUND,WHITE,10,ROUND_WHITE,174,0,0,0,0,0,0,0,0,0,0,1,0
23155-0046-10_RXNAVIMAGE10_A415D20E_1.jpg,ROUND,WHITE,10,ROUND_WHITE,174,0,0,0,0,0,0,0,0,0,0,1,0
23155-0046-10_RXNAVIMAGE10_A415D20E_2.jpg,ROUND,WHITE,10,ROUND_WHITE,174,0,0,0,0,0,0,0,0,0,0,1,0
51285-0040-01_RXNAVIMAGE10_14360A20_1.jpg,ROUND,WHITE,10,ROUND_WHITE,174,0,0,0,0,0,0,0,0,0,0,1,0
51285-0040-01_RXNAVIMAGE10_14360A20_2.jpg,ROUND,WHITE,10,ROUND_WHITE,174,0,0,0,0,0,0,0,0,0,0,1,0
63402-0191-10_RXNAVIMAGE10_1A3D8D4C_1.jpg,ROUND,WHITE,10,ROUND_WHITE,174,0,0,0,0,0,0,0,0,0,0,1,0
63402-0191-10_RXNAVIMAGE10_1A3D8D4C_2.jpg,ROUND,WHITE,10,ROUND_WHITE,174,0,0,0,0,0,0,0,0,0,0,1,0
57664-0437-18_RXNAVIMAGE10_04490208_1.jpg,ROUND,YELLOW,10,ROUND_YELLOW,178,0,0,0,0,0,0,0,0,0,0,0,1
57664-0437-18_RXNAVIMAGE10_04490208_2.jpg,ROUND,YELLOW,10,ROUND_YELLOW,178,0,0,0,0,0,0,0,0,0,0,0,1
00054-4581-11_RXNAVIMAGE10_FE3C7F73_1.jpg,ROUND,YELLOW,10,ROUND_YELLOW,178,0,0,0,0,0,0,0,0,0,0,0,1
00054-4581-11_RXNAVIMAGE10_FE3C7F73_2.jpg,ROUND,YELLOW,10,ROUND_YELLOW,178,0,0,0,0,0,0,0,0,0,0,0,1
64764-0918-30_RXNAVIMAGE10_351D9A9C_1.jpg,ROUND,GREEN,10,ROUND_GREEN,164,0,0,0,0,1,0,0,0,0,0,0,0
64764-0918-30_RXNAVIMAGE10_351D9A9C_2.jpg,ROUND,GREEN,10,ROUND_GREEN,164,0,0,0,0,1,0,0,0,0,0,0,0
64679-0904-02_RXNAVIMAGE10_2D0416F0_1.jpg,ROUND,WHITE,10,ROUND_WHITE,174,0,0,0,0,0,0,0,0,0,0,1,0
64679-0904-02_RXNAVIMAGE10_2D0416F0_2.jpg,ROUND,WHITE,10,ROUND_WHITE,174,0,0,0,0,0,0,0,0,0,0,1,0
00173-0561-00_RXNAVIMAGE10_97194BBA_1.jpg,SEMI-CIRCLE,WHITE,11,SEMI-CIRCLE_WHITE,181,0,0,0,0,0,0,0,0,0,0,1,0
00173-0561-00_RXNAVIMAGE10_97194BBA_2.jpg,SEMI-CIRCLE,WHITE,11,SEMI-CIRCLE_WHITE,181,0,0,0,0,0,0,0,0,0,0,1,0
00781-2325-10_RXNAVIMAGE10_1D080E80_1.jpg,CAPSULE,GREEN,1,CAPSULE_GREEN,32,0,0,0,0,1,0,0,0,0,0,0,0
00781-2325-10_RXNAVIMAGE10_1D080E80_2.jpg,CAPSULE,GREEN,1,CAPSULE_GREEN,32,0,0,0,0,1,0,0,0,0,0,0,0
16714-0355-01_RXNAVIMAGE10_D2446943_1.jpg,OVAL,YELLOW,7,OVAL_YELLOW,145,0,0,0,0,0,0,0,0,0,0,0,1
16714-0355-01_RXNAVIMAGE10_D2446943_2.jpg,OVAL,YELLOW,7,OVAL_YELLOW,145,0,0,0,0,0,0,0,0,0,0,0,1
13668-0184-90_RXNAVIMAGE10_A34151DA_1.jpg,ROUND,YELLOW,10,ROUND_YELLOW,178,0,0,0,0,0,0,0,0,0,0,0,1
13668-0184-90_RXNAVIMAGE10_A34151DA_2.jpg,ROUND,YELLOW,10,ROUND_YELLOW,178,0,0,0,0,0,0,0,0,0,0,0,1
00228-2853-11_RXNAVIMAGE10_273E13B0_1.jpg,ROUND,YELLOW,10,ROUND_YELLOW,178,0,0,0,0,0,0,0,0,0,0,0,1
00228-2853-11_RXNAVIMAGE10_273E13B0_2.jpg,ROUND,YELLOW,10,ROUND_YELLOW,178,0,0,0,0,0,0,0,0,0,0,0,1
31722-0713-90_RXNAVIMAGE10_464A2351_1.jpg,OVAL,YELLOW,7,OVAL_YELLOW,145,0,0,0,0,0,0,0,0,0,0,0,1
31722-0713-90_RXNAVIMAGE10_464A2351_2.jpg,OVAL,YELLOW,7,OVAL_YELLOW,145,0,0,0,0,0,0,0,0,0,0,0,1
53489-0143-01_RXNAVIMAGE10_62213159_1.jpg,ROUND,WHITE,10,ROUND_WHITE,174,0,0,0,0,0,0,0,0,0,0,1,0
53489-0143-01_RXNAVIMAGE10_62213159_2.jpg,ROUND,WHITE,10,ROUND_WHITE,174,0,0,0,0,0,0,0,0,0,0,1,0
00093-7155-98_RXNAVIMAGE10_4A21A50D_1.jpg,ROUND,RED,10,ROUND_RED,172,0,0,0,0,0,0,0,0,1,0,0,0
00093-7155-98_RXNAVIMAGE10_4A21A50D_2.jpg,ROUND,RED,10,ROUND_RED,172,0,0,0,0,0,0,0,0,1,0,0,0
00054-0545-18_RXNAVIMAGE10_494324B9_1.jpg,OVAL,"WHITE, PINK",7,"OVAL_WHITE, PINK",143,0,0,0,0,0,0,1,0,0,0,1,0
00054-0545-18_RXNAVIMAGE10_494324B9_2.jpg,OVAL,"WHITE, PINK",7,"OVAL_WHITE, PINK",143,0,0,0,0,0,0,1,0,0,0,1,0
00555-9043-58_RXNAVIMAGE10_D5136AAB_1.jpg,ROUND,RED,10,ROUND_RED,172,0,0,0,0,0,0,0,0,1,0,0,0
00555-9043-58_RXNAVIMAGE10_D5136AAB_2.jpg,ROUND,RED,10,ROUND_RED,172,0,0,0,0,0,0,0,0,1,0,0,0
49884-0066-01_RXNAVIMAGE10_9215C90E_1.jpg,ROUND,WHITE,10,ROUND_WHITE,174,0,0,0,0,0,0,0,0,0,0,1,0
49884-0066-01_RXNAVIMAGE10_9215C90E_2.jpg,ROUND,WHITE,10,ROUND_WHITE,174,0,0,0,0,0,0,0,0,0,0,1,0
68382-0182-01_RXNAVIMAGE10_9A45CD5E_1.jpg,OVAL,WHITE,7,OVAL_WHITE,139,0,0,0,0,0,0,0,0,0,0,1,0
68382-0182-01_RXNAVIMAGE10_9A45CD5E_2.jpg,OVAL,WHITE,7,OVAL_WHITE,139,0,0,0,0,0,0,0,0,0,0,1,0
00378-6010-01_RXNAVIMAGE10_C2326103_1.jpg,ROUND,WHITE,10,ROUND_WHITE,174,0,0,0,0,0,0,0,0,0,0,1,0
00378-6010-01_RXNAVIMAGE10_C2326103_2.jpg,ROUND,WHITE,10,ROUND_WHITE,174,0,0,0,0,0,0,0,0,0,0,1,0
59746-0217-01_RXNAVIMAGE10_0A508544_1.jpg,ROUND,BROWN,10,ROUND_BROWN,162,0,0,1,0,0,0,0,0,0,0,0,0
59746-0217-01_RXNAVIMAGE10_0A508544_2.jpg,ROUND,BROWN,10,ROUND_BROWN,162,0,0,1,0,0,0,0,0,0,0,0,0
00904-2013-72_RXNAVIMAGE10_A34ED1E6_1.jpg,ROUND,ORANGE,10,ROUND_ORANGE,166,0,0,0,0,0,1,0,0,0,0,0,0
00904-2013-72_RXNAVIMAGE10_A34ED1E6_2.jpg,ROUND,ORANGE,10,ROUND_ORANGE,166,0,0,0,0,0,1,0,0,0,0,0,0
00078-0510-05_RXNAVIMAGE10_C93E64B3_1.jpg,ROUND,YELLOW,10,ROUND_YELLOW,178,0,0,0,0,0,0,0,0,0,0,0,1
00078-0510-05_RXNAVIMAGE10_C93E64B3_2.jpg,ROUND,YELLOW,10,ROUND_YELLOW,178,0,0,0,0,0,0,0,0,0,0,0,1
51285-0697-02_RXNAVIMAGE10_8E2F475A_1.jpg,ROUND,WHITE,10,ROUND_WHITE,174,0,0,0,0,0,0,0,0,0,0,1,0
51285-0697-02_RXNAVIMAGE10_8E2F475A_2.jpg,ROUND,WHITE,10,ROUND_WHITE,174,0,0,0,0,0,0,0,0,0,0,1,0
55111-0493-30_RXNAVIMAGE10_7A493D79_1.jpg,CAPSULE,"PURPLE, PURPLE",1,"CAPSULE_PURPLE, PURPLE",65,0,0,0,0,0,0,0,1,0,0,0,0
55111-0493-30_RXNAVIMAGE10_7A493D79_2.jpg,CAPSULE,"PURPLE, PURPLE",1,"CAPSULE_PURPLE, PURPLE",65,0,0,0,0,0,0,0,1,0,0,0,0
00093-5127-01_RXNAVIMAGE10_7C233E09_1.jpg,TRIANGLE,PINK,15,TRIANGLE_PINK,199,0,0,0,0,0,0,1,0,0,0,0,0
00093-5127-01_RXNAVIMAGE10_7C233E09_2.jpg,TRIANGLE,PINK,15,TRIANGLE_PINK,199,0,0,0,0,0,0,1,0,0,0,0,0
00591-5347-01_RXNAVIMAGE10_260E1360_1.jpg,OVAL,YELLOW,7,OVAL_YELLOW,145,0,0,0,0,0,0,0,0,0,0,0,1
00591-5347-01_RXNAVIMAGE10_260E1360_2.jpg,OVAL,YELLOW,7,OVAL_YELLOW,145,0,0,0,0,0,0,0,0,0,0,0,1
00173-0760-60_RXNAVIMAGE10_FE197F7B_1.jpg,ROUND,"GREEN, WHITE",10,"ROUND_GREEN, WHITE",165,0,0,0,0,1,0,0,0,0,0,1,0
00173-0760-60_RXNAVIMAGE10_FE197F7B_2.jpg,ROUND,"GREEN, WHITE",10,"ROUND_GREEN, WHITE",165,0,0,0,0,1,0,0,0,0,0,1,0
00378-4028-01_RXNAVIMAGE10_2A05957C_1.jpg,ROUND,PURPLE,10,ROUND_PURPLE,171,0,0,0,0,0,0,0,1,0,0,0,0
00378-4028-01_RXNAVIMAGE10_2A05957C_2.jpg,ROUND,PURPLE,10,ROUND_PURPLE,171,0,0,0,0,0,0,0,1,0,0,0,0
68382-0651-01_RXNAVIMAGE10_284D946C_1.jpg,OVAL,YELLOW,7,OVAL_YELLOW,145,0,0,0,0,0,0,0,0,0,0,0,1
68382-0651-01_RXNAVIMAGE10_284D946C_2.jpg,OVAL,YELLOW,7,OVAL_YELLOW,145,0,0,0,0,0,0,0,0,0,0,0,1
00093-5296-01_RXNAVIMAGE10_40422071_1.jpg,CAPSULE,"WHITE, TURQUOISE",1,"CAPSULE_WHITE, TURQUOISE",91,0,0,0,0,0,0,0,0,0,1,1,0
00093-5296-01_RXNAVIMAGE10_40422071_2.jpg,CAPSULE,"WHITE, TURQUOISE",1,"CAPSULE_WHITE, TURQUOISE",91,0,0,0,0,0,0,0,0,0,1,1,0
68462-0388-84_RXNAVIMAGE10_414720E9_1.jpg,ROUND,PINK,10,ROUND_PINK,168,0,0,0,0,0,0,1,0,0,0,0,0
68462-0388-84_RXNAVIMAGE10_414720E9_2.jpg,ROUND,PINK,10,ROUND_PINK,168,0,0,0,0,0,0,1,0,0,0,0,0
54092-0517-02_RXNAVIMAGE10_D715EBBF_1.jpg,ROUND,GREEN,10,ROUND_GREEN,164,0,0,0,0,1,0,0,0,0,0,0,0
54092-0517-02_RXNAVIMAGE10_D715EBBF_2.jpg,ROUND,GREEN,10,ROUND_GREEN,164,0,0,0,0,1,0,0,0,0,0,0,0
00093-7656-56_RXNAVIMAGE10_5E382F41_1.jpg,OVAL,GREEN,7,OVAL_GREEN,129,0,0,0,0,1,0,0,0,0,0,0,0
00093-7656-56_RXNAVIMAGE10_5E382F41_2.jpg,OVAL,GREEN,7,OVAL_GREEN,129,0,0,0,0,1,0,0,0,0,0,0,0
00781-2076-01_RXNAVIMAGE10_143E8A04_1.jpg,CAPSULE,"GREEN, YELLOW",1,"CAPSULE_GREEN, YELLOW",43,0,0,0,0,1,0,0,0,0,0,0,1
00781-2076-01_RXNAVIMAGE10_143E8A04_2.jpg,CAPSULE,"GREEN, YELLOW",1,"CAPSULE_GREEN, YELLOW",43,0,0,0,0,1,0,0,0,0,0,0,1
00093-8119-56_RXNAVIMAGE10_2C361650_1.jpg,OVAL,WHITE,7,OVAL_WHITE,139,0,0,0,0,0,0,0,0,0,0,1,0
00093-8119-56_RXNAVIMAGE10_2C361650_2.jpg,OVAL,WHITE,7,OVAL_WHITE,139,0,0,0,0,0,0,0,0,0,0,1,0
00093-4346-56_RXNAVIMAGE10_6935B4DD_1.jpg,CAPSULE,BLUE,1,CAPSULE_BLUE,7,0,1,0,0,0,0,0,0,0,0,0,0
00093-4346-56_RXNAVIMAGE10_6935B4DD_2.jpg,CAPSULE,BLUE,1,CAPSULE_BLUE,7,0,1,0,0,0,0,0,0,0,0,0,0
66993-0121-30_RXNAVIMAGE10_7B4EBDD5_1.jpg,OVAL,WHITE,7,OVAL_WHITE,139,0,0,0,0,0,0,0,0,0,0,1,0
66993-0121-30_RXNAVIMAGE10_7B4EBDD5_2.jpg,OVAL,WHITE,7,OVAL_WHITE,139,0,0,0,0,0,0,0,0,0,0,1,0
00574-0292-01_RXNAVIMAGE10_473AA3F5_1.jpg,DIAMOND,WHITE,2,DIAMOND_WHITE,110,0,0,0,0,0,0,0,0,0,0,1,0
00574-0292-01_RXNAVIMAGE10_473AA3F5_2.jpg,DIAMOND,WHITE,2,DIAMOND_WHITE,110,0,0,0,0,0,0,0,0,0,0,1,0
00115-1438-08_RXNAVIMAGE10_9151C88E_1.jpg,OVAL,YELLOW,7,OVAL_YELLOW,145,0,0,0,0,0,0,0,0,0,0,0,1
00115-1438-08_RXNAVIMAGE10_9151C88E_2.jpg,OVAL,YELLOW,7,OVAL_YELLOW,145,0,0,0,0,0,0,0,0,0,0,0,1
68382-0042-01_RXNAVIMAGE10_A73353DA_1.jpg,ROUND,WHITE,10,ROUND_WHITE,174,0,0,0,0,0,0,0,0,0,0,1,0
68382-0042-01_RXNAVIMAGE10_A73353DA_2.jpg,ROUND,WHITE,10,ROUND_WHITE,174,0,0,0,0,0,0,0,0,0,0,1,0
63010-0010-30_RXNAVIMAGE10_691934D9_1.jpg,OVAL,BLUE,7,OVAL_BLUE,123,0,1,0,0,0,0,0,0,0,0,0,0
63010-0010-30_RXNAVIMAGE10_691934D9_2.jpg,OVAL,BLUE,7,OVAL_BLUE,123,0,1,0,0,0,0,0,0,0,0,0,0
47781-0100-60_RXNAVIMAGE10_AA3C5542_1.jpg,OVAL,WHITE,7,OVAL_WHITE,139,0,0,0,0,0,0,0,0,0,0,1,0
47781-0100-60_RXNAVIMAGE10_AA3C5542_2.jpg,OVAL,WHITE,7,OVAL_WHITE,139,0,0,0,0,0,0,0,0,0,0,1,0
00591-5708-01_RXNAVIMAGE10_A234D106_1.jpg,CAPSULE,"GRAY, PINK",1,"CAPSULE_GRAY, PINK",27,0,0,0,1,0,0,1,0,0,0,0,0
00591-5708-01_RXNAVIMAGE10_A234D106_2.jpg,CAPSULE,"GRAY, PINK",1,"CAPSULE_GRAY, PINK",27,0,0,0,1,0,0,1,0,0,0,0,0
00078-0490-15_RXNAVIMAGE10_0B3B05A8_1.jpg,OVAL,BROWN,7,OVAL_BROWN,125,0,0,1,0,0,0,0,0,0,0,0,0
00078-0490-15_RXNAVIMAGE10_0B3B05A8_2.jpg,OVAL,BROWN,7,OVAL_BROWN,125,0,0,1,0,0,0,0,0,0,0,0,0
68180-0482-06_RXNAVIMAGE10_5D332EB9_1.jpg,ROUND,BROWN,10,ROUND_BROWN,162,0,0,1,0,0,0,0,0,0,0,0,0
68180-0482-06_RXNAVIMAGE10_5D332EB9_2.jpg,ROUND,BROWN,10,ROUND_BROWN,162,0,0,1,0,0,0,0,0,0,0,0,0
00781-5626-60_RXNAVIMAGE10_633EB1C5_1.jpg,OVAL,WHITE,7,OVAL_WHITE,139,0,0,0,0,0,0,0,0,0,0,1,0
00781-5626-60_RXNAVIMAGE10_633EB1C5_2.jpg,OVAL,WHITE,7,OVAL_WHITE,139,0,0,0,0,0,0,0,0,0,0,1,0
50844-0235-15_RXNAVIMAGE10_2A35955C_1.jpg,OVAL,BLUE,7,OVAL_BLUE,123,0,1,0,0,0,0,0,0,0,0,0,0
50844-0235-15_RXNAVIMAGE10_2A35955C_2.jpg,OVAL,BLUE,7,OVAL_BLUE,123,0,1,0,0,0,0,0,0,0,0,0,0
00555-9050-58_RXNAVIMAGE10_9A36CD56_1.jpg,ROUND,WHITE,10,ROUND_WHITE,174,0,0,0,0,0,0,0,0,0,0,1,0
00555-9050-58_RXNAVIMAGE10_9A36CD56_2.jpg,ROUND,WHITE,10,ROUND_WHITE,174,0,0,0,0,0,0,0,0,0,0,1,0
00430-0540-14_RXNAVIMAGE10_9F4ACFA6_1.jpg,ROUND,WHITE,10,ROUND_WHITE,174,0,0,0,0,0,0,0,0,0,0,1,0
00430-0540-14_RXNAVIMAGE10_9F4ACFA6_2.jpg,ROUND,WHITE,10,ROUND_WHITE,174,0,0,0,0,0,0,0,0,0,0,1,0
68462-0404-67_RXNAVIMAGE10_CC39E66F_1.jpg,ROUND,RED,10,ROUND_RED,172,0,0,0,0,0,0,0,0,1,0,0,0
68462-0404-67_RXNAVIMAGE10_CC39E66F_2.jpg,ROUND,RED,10,ROUND_RED,172,0,0,0,0,0,0,0,0,1,0,0,0
00536-1017-01_RXNAVIMAGE10_E13DF0DF_1.jpg,OVAL,WHITE,7,OVAL_WHITE,139,0,0,0,0,0,0,0,0,0,0,1,0
00536-1017-01_RXNAVIMAGE10_E13DF0DF_2.jpg,OVAL,WHITE,7,OVAL_WHITE,139,0,0,0,0,0,0,0,0,0,0,1,0
52544-0295-28_RXNAVIMAGE10_C53A62E3_1.jpg,ROUND,WHITE,10,ROUND_WHITE,174,0,0,0,0,0,0,0,0,0,0,1,0
52544-0295-28_RXNAVIMAGE10_C53A62E3_2.jpg,ROUND,WHITE,10,ROUND_WHITE,174,0,0,0,0,0,0,0,0,0,0,1,0
00555-0899-02_RXNAVIMAGE10_442F2209_1.jpg,OVAL,WHITE,7,OVAL_WHITE,139,0,0,0,0,0,0,0,0,0,0,1,0
00555-0899-02_RXNAVIMAGE10_442F2209_2.jpg,OVAL,WHITE,7,OVAL_WHITE,139,0,0,0,0,0,0,0,0,0,0,1,0
63304-0240-01_RXNAVIMAGE10_4D3DA69D_1.jpg,OVAL,ORANGE,7,OVAL_ORANGE,130,0,0,0,0,0,1,0,0,0,0,0,0
63304-0240-01_RXNAVIMAGE10_4D3DA69D_2.jpg,OVAL,ORANGE,7,OVAL_ORANGE,130,0,0,0,0,0,1,0,0,0,0,0,0
55111-0192-01_RXNAVIMAGE10_ED07F68F_1.jpg,OVAL,PINK,7,OVAL_PINK,133,0,0,0,0,0,0,1,0,0,0,0,0
55111-0192-01_RXNAVIMAGE10_ED07F68F_2.jpg,OVAL,PINK,7,OVAL_PINK,133,0,0,0,0,0,0,1,0,0,0,0,0
00603-5438-21_RXNAVIMAGE10_B0265872_1.jpg,ROUND,WHITE,10,ROUND_WHITE,174,0,0,0,0,0,0,0,0,0,0,1,0
00603-5438-21_RXNAVIMAGE10_B0265872_2.jpg,ROUND,WHITE,10,ROUND_WHITE,174,0,0,0,0,0,0,0,0,0,0,1,0
00006-0081-54_RXNAVIMAGE10_1D498EDC_1.jpg,OVAL,BLUE,7,OVAL_BLUE,123,0,1,0,0,0,0,0,0,0,0,0,0
00006-0081-54_RXNAVIMAGE10_1D498EDC_2.jpg,OVAL,BLUE,7,OVAL_BLUE,123,0,1,0,0,0,0,0,0,0,0,0,0
00007-3149-13_RXNAVIMAGE10_8F18C7E6_1.jpg,TRIANGLE,RED,15,TRIANGLE_RED,201,0,0,0,0,0,0,0,0,1,0,0,0
00007-3149-13_RXNAVIMAGE10_8F18C7E6_2.jpg,TRIANGLE,RED,15,TRIANGLE_RED,201,0,0,0,0,0,0,0,0,1,0,0,0
00093-8162-01_RXNAVIMAGE10_70363811_1.jpg,ROUND,ORANGE,10,ROUND_ORANGE,166,0,0,0,0,0,1,0,0,0,0,0,0
00093-8162-01_RXNAVIMAGE10_70363811_2.jpg,ROUND,ORANGE,10,ROUND_ORANGE,166,0,0,0,0,0,1,0,0,0,0,0,0
57844-0198-01_RXNAVIMAGE10_1B4F0DB8_1.jpg,OVAL,WHITE,7,OVAL_WHITE,139,0,0,0,0,0,0,0,0,0,0,1,0
57844-0198-01_RXNAVIMAGE10_1B4F0DB8_2.jpg,OVAL,WHITE,7,OVAL_WHITE,139,0,0,0,0,0,0,0,0,0,0,1,0
50419-0402-01_RXNAVIMAGE10_B8195C0A_1.jpg,ROUND,YELLOW,10,ROUND_YELLOW,178,0,0,0,0,0,0,0,0,0,0,0,1
50419-0402-01_RXNAVIMAGE10_B8195C0A_2.jpg,ROUND,YELLOW,10,ROUND_YELLOW,178,0,0,0,0,0,0,0,0,0,0,0,1
59762-0450-01_RXNAVIMAGE10_863A4302_1.jpg,OVAL,YELLOW,7,OVAL_YELLOW,145,0,0,0,0,0,0,0,0,0,0,0,1
59762-0450-01_RXNAVIMAGE10_863A4302_2.jpg,OVAL,YELLOW,7,OVAL_YELLOW,145,0,0,0,0,0,0,0,0,0,0,0,1
68682-0367-90_RXNAVIMAGE10_7B4ABDD5_1.jpg,CAPSULE,PURPLE,1,CAPSULE_PURPLE,61,0,0,0,0,0,0,0,1,0,0,0,0
68682-0367-90_RXNAVIMAGE10_7B4ABDD5_2.jpg,CAPSULE,PURPLE,1,CAPSULE_PURPLE,61,0,0,0,0,0,0,0,1,0,0,0,0
00093-7678-06_RXNAVIMAGE10_4D43A6AD_1.jpg,OVAL,WHITE,7,OVAL_WHITE,139,0,0,0,0,0,0,0,0,0,0,1,0
00093-7678-06_RXNAVIMAGE10_4D43A6AD_2.jpg,OVAL,WHITE,7,OVAL_WHITE,139,0,0,0,0,0,0,0,0,0,0,1,0
00078-0406-05_RXNAVIMAGE10_5E15AF2D_1.jpg,CAPSULE,PINK,1,CAPSULE_PINK,52,0,0,0,0,0,0,1,0,0,0,0,0
00078-0406-05_RXNAVIMAGE10_5E15AF2D_2.jpg,CAPSULE,PINK,1,CAPSULE_PINK,52,0,0,0,0,0,0,1,0,0,0,0,0
51285-0443-02_RXNAVIMAGE10_213590DC_1.jpg,ROUND,WHITE,10,ROUND_WHITE,174,0,0,0,0,0,0,0,0,0,0,1,0
51285-0443-02_RXNAVIMAGE10_213590DC_2.jpg,ROUND,WHITE,10,ROUND_WHITE,174,0,0,0,0,0,0,0,0,0,0,1,0
16714-0340-01_RXNAVIMAGE10_F54B7ADB_1.jpg,ROUND,GREEN,10,ROUND_GREEN,164,0,0,0,0,1,0,0,0,0,0,0,0
16714-0340-01_RXNAVIMAGE10_F54B7ADB_2.jpg,ROUND,GREEN,10,ROUND_GREEN,164,0,0,0,0,1,0,0,0,0,0,0,0
00228-2597-96_RXNAVIMAGE10_573B2BB9_1.jpg,ROUND,ORANGE,10,ROUND_ORANGE,166,0,0,0,0,0,1,0,0,0,0,0,0
00228-2597-96_RXNAVIMAGE10_573B2BB9_2.jpg,ROUND,ORANGE,10,ROUND_ORANGE,166,0,0,0,0,0,1,0,0,0,0,0,0
63304-0693-01_RXNAVIMAGE10_F7267BB3_1.jpg,CAPSULE,BLUE,1,CAPSULE_BLUE,7,0,1,0,0,0,0,0,0,0,0,0,0
63304-0693-01_RXNAVIMAGE10_F7267BB3_2.jpg,CAPSULE,BLUE,1,CAPSULE_BLUE,7,0,1,0,0,0,0,0,0,0,0,0,0
60505-2578-09_RXNAVIMAGE10_A93854C2_1.jpg,OVAL,WHITE,7,OVAL_WHITE,139,0,0,0,0,0,0,0,0,0,0,1,0
60505-2578-09_RXNAVIMAGE10_A93854C2_2.jpg,OVAL,WHITE,7,OVAL_WHITE,139,0,0,0,0,0,0,0,0,0,0,1,0
60505-2673-03_RXNAVIMAGE10_D648EB27_1.jpg,RECTANGLE,BLUE,9,RECTANGLE_BLUE,155,0,1,0,0,0,0,0,0,0,0,0,0
60505-2673-03_RXNAVIMAGE10_D648EB27_2.jpg,RECTANGLE,BLUE,9,RECTANGLE_BLUE,155,0,1,0,0,0,0,0,0,0,0,0,0
49884-0009-01_RXNAVIMAGE10_C8466473_1.jpg,ROUND,BLUE,10,ROUND_BLUE,160,0,1,0,0,0,0,0,0,0,0,0,0
49884-0009-01_RXNAVIMAGE10_C8466473_2.jpg,ROUND,BLUE,10,ROUND_BLUE,160,0,1,0,0,0,0,0,0,0,0,0,0
00527-1324-10_RXNAVIMAGE10_BF055FDA_1.jpg,ROUND,YELLOW,10,ROUND_YELLOW,178,0,0,0,0,0,0,0,0,0,0,0,1
00527-1324-10_RXNAVIMAGE10_BF055FDA_2.jpg,ROUND,YELLOW,10,ROUND_YELLOW,178,0,0,0,0,0,0,0,0,0,0,0,1
00093-5269-01_RXNAVIMAGE10_00428014_1.jpg,CAPSULE,"BLUE, TURQUOISE",1,"CAPSULE_BLUE, TURQUOISE",15,0,1,0,0,0,0,0,0,0,1,0,0
00093-5269-01_RXNAVIMAGE10_00428014_2.jpg,CAPSULE,"BLUE, TURQUOISE",1,"CAPSULE_BLUE, TURQUOISE",15,0,1,0,0,0,0,0,0,0,1,0,0
00378-1903-01_RXNAVIMAGE10_E940F4D7_1.jpg,ROUND,WHITE,10,ROUND_WHITE,174,0,0,0,0,0,0,0,0,0,0,1,0
00378-1903-01_RXNAVIMAGE10_E940F4D7_2.jpg,ROUND,WHITE,10,ROUND_WHITE,174,0,0,0,0,0,0,0,0,0,0,1,0
00093-2067-01_RXNAVIMAGE10_AC43D64E_1.jpg,ROUND,WHITE,10,ROUND_WHITE,174,0,0,0,0,0,0,0,0,0,0,1,0
00093-2067-01_RXNAVIMAGE10_AC43D64E_2.jpg,ROUND,WHITE,10,ROUND_WHITE,174,0,0,0,0,0,0,0,0,0,0,1,0
65162-0768-10_RXNAVIMAGE10_9D3CCEC6_1.jpg,OVAL,YELLOW,7,OVAL_YELLOW,145,0,0,0,0,0,0,0,0,0,0,0,1
65162-0768-10_RXNAVIMAGE10_9D3CCEC6_2.jpg,OVAL,YELLOW,7,OVAL_YELLOW,145,0,0,0,0,0,0,0,0,0,0,0,1
00527-1393-30_RXNAVIMAGE10_BB0EDDB6_1.jpg,CAPSULE,RED,1,CAPSULE_RED,69,0,0,0,0,0,0,0,0,1,0,0,0
00527-1393-30_RXNAVIMAGE10_BB0EDDB6_2.jpg,CAPSULE,RED,1,CAPSULE_RED,69,0,0,0,0,0,0,0,0,1,0,0,0
53489-0139-01_RXNAVIMAGE10_B0205832_1.jpg,ROUND,WHITE,10,ROUND_WHITE,174,0,0,0,0,0,0,0,0,0,0,1,0
53489-0139-01_RXNAVIMAGE10_B0205832_2.jpg,ROUND,WHITE,10,ROUND_WHITE,174,0,0,0,0,0,0,0,0,0,0,1,0
00093-0155-06_RXNAVIMAGE10_BA295D5A_1.jpg,OVAL,WHITE,7,OVAL_WHITE,139,0,0,0,0,0,0,0,0,0,0,1,0
00093-0155-06_RXNAVIMAGE10_BA295D5A_2.jpg,OVAL,WHITE,7,OVAL_WHITE,139,0,0,0,0,0,0,0,0,0,0,1,0
55111-0123-05_RXNAVIMAGE10_CA3DE53F_1.jpg,OVAL,WHITE,7,OVAL_WHITE,139,0,0,0,0,0,0,0,0,0,0,1,0
55111-0123-05_RXNAVIMAGE10_CA3DE53F_2.jpg,OVAL,WHITE,7,OVAL_WHITE,139,0,0,0,0,0,0,0,0,0,0,1,0
00555-0808-02_RXNAVIMAGE10_62303121_1.jpg,CAPSULE,"BROWN, YELLOW",1,"CAPSULE_BROWN, YELLOW",21,0,0,1,0,0,0,0,0,0,0,0,1
00555-0808-02_RXNAVIMAGE10_62303121_2.jpg,CAPSULE,"BROWN, YELLOW",1,"CAPSULE_BROWN, YELLOW",21,0,0,1,0,0,0,0,0,0,0,0,1
00591-5335-01_RXNAVIMAGE10_501DA84D_1.jpg,ROUND,WHITE,10,ROUND_WHITE,174,0,0,0,0,0,0,0,0,0,0,1,0
00591-5335-01_RXNAVIMAGE10_501DA84D_2.jpg,ROUND,WHITE,10,ROUND_WHITE,174,0,0,0,0,0,0,0,0,0,0,1,0
00591-3137-60_RXNAVIMAGE10_E30E71E3_1.jpg,CAPSULE,WHITE,1,CAPSULE_WHITE,81,0,0,0,0,0,0,0,0,0,0,1,0
00591-3137-60_RXNAVIMAGE10_E30E71E3_2.jpg,CAPSULE,WHITE,1,CAPSULE_WHITE,81,0,0,0,0,0,0,0,0,0,0,1,0
50111-0788-55_RXNAVIMAGE10_DC386E43_1.jpg,OVAL,BLUE,7,OVAL_BLUE,123,0,1,0,0,0,0,0,0,0,0,0,0
50111-0788-55_RXNAVIMAGE10_DC386E43_2.jpg,OVAL,BLUE,7,OVAL_BLUE,123,0,1,0,0,0,0,0,0,0,0,0,0
49884-0661-09_RXNAVIMAGE10_C839E45F_1.jpg,ROUND,PINK,10,ROUND_PINK,168,0,0,0,0,0,0,1,0,0,0,0,0
49884-0661-09_RXNAVIMAGE10_C839E45F_2.jpg,ROUND,PINK,10,ROUND_PINK,168,0,0,0,0,0,0,1,0,0,0,0,0
00378-2074-01_RXNAVIMAGE10_8B2145CA_1.jpg,ROUND,WHITE,10,ROUND_WHITE,174,0,0,0,0,0,0,0,0,0,0,1,0
00378-2074-01_RXNAVIMAGE10_8B2145CA_2.jpg,ROUND,WHITE,10,ROUND_WHITE,174,0,0,0,0,0,0,0,0,0,0,1,0
00555-0955-02_RXNAVIMAGE10_D3426993_1.jpg,CAPSULE,"BROWN, WHITE",1,"CAPSULE_BROWN, WHITE",20,0,0,1,0,0,0,0,0,0,0,1,0
00555-0955-02_RXNAVIMAGE10_D3426993_2.jpg,CAPSULE,"BROWN, WHITE",1,"CAPSULE_BROWN, WHITE",20,0,0,1,0,0,0,0,0,0,0,1,0
63459-0508-30_RXNAVIMAGE10_8941C4FE_1.jpg,BULLET,WHITE,0,BULLET_WHITE,0,0,0,0,0,0,0,0,0,0,0,1,0
63459-0508-30_RXNAVIMAGE10_8941C4FE_2.jpg,BULLET,WHITE,0,BULLET_WHITE,0,0,0,0,0,0,0,0,0,0,0,1,0
00009-5135-02_RXNAVIMAGE10_D6506B63_1.jpg,OVAL,WHITE,7,OVAL_WHITE,139,0,0,0,0,0,0,0,0,0,0,1,0
00009-5135-02_RXNAVIMAGE10_D6506B63_2.jpg,OVAL,WHITE,7,OVAL_WHITE,139,0,0,0,0,0,0,0,0,0,0,1,0
23155-0110-10_RXNAVIMAGE10_880E4432_1.jpg,ROUND,ORANGE,10,ROUND_ORANGE,166,0,0,0,0,0,1,0,0,0,0,0,0
23155-0110-10_RXNAVIMAGE10_880E4432_2.jpg,ROUND,ORANGE,10,ROUND_ORANGE,166,0,0,0,0,0,1,0,0,0,0,0,0
41616-0758-81_RXNAVIMAGE10_071283A4_1.jpg,OVAL,"PINK, WHITE",7,"OVAL_PINK, WHITE",134,0,0,0,0,0,0,1,0,0,0,1,0
41616-0758-81_RXNAVIMAGE10_071283A4_2.jpg,OVAL,"PINK, WHITE",7,"OVAL_PINK, WHITE",134,0,0,0,0,0,0,1,0,0,0,1,0
00781-5020-01_RXNAVIMAGE10_6F0E37A1_1.jpg,ROUND,YELLOW,10,ROUND_YELLOW,178,0,0,0,0,0,0,0,0,0,0,0,1
00781-5020-01_RXNAVIMAGE10_6F0E37A1_2.jpg,ROUND,YELLOW,10,ROUND_YELLOW,178,0,0,0,0,0,0,0,0,0,0,0,1
00002-3235-60_RXNAVIMAGE10_1B158D9C_1.jpg,CAPSULE,GREEN,1,CAPSULE_GREEN,32,0,0,0,0,1,0,0,0,0,0,0,0
00002-3235-60_RXNAVIMAGE10_1B158D9C_2.jpg,CAPSULE,GREEN,1,CAPSULE_GREEN,32,0,0,0,0,1,0,0,0,0,0,0,0
00555-0727-02_RXNAVIMAGE10_5405AA7D_1.jpg,ROUND,YELLOW,10,ROUND_YELLOW,178,0,0,0,0,0,0,0,0,0,0,0,1
00555-0727-02_RXNAVIMAGE10_5405AA7D_2.jpg,ROUND,YELLOW,10,ROUND_YELLOW,178,0,0,0,0,0,0,0,0,0,0,0,1
00093-7795-06_RXNAVIMAGE10_A727D3CE_1.jpg,OVAL,WHITE,7,OVAL_WHITE,139,0,0,0,0,0,0,0,0,0,0,1,0
00093-7795-06_RXNAVIMAGE10_A727D3CE_2.jpg,OVAL,WHITE,7,OVAL_WHITE,139,0,0,0,0,0,0,0,0,0,0,1,0
00115-1041-01_RXNAVIMAGE10_6832B445_1.jpg,ROUND,WHITE,10,ROUND_WHITE,174,0,0,0,0,0,0,0,0,0,0,1,0
00115-1041-01_RXNAVIMAGE10_6832B445_2.jpg,ROUND,WHITE,10,ROUND_WHITE,174,0,0,0,0,0,0,0,0,0,0,1,0
49884-0734-11_RXNAVIMAGE10_8505C2DE_1.jpg,OVAL,WHITE,7,OVAL_WHITE,139,0,0,0,0,0,0,0,0,0,0,1,0
49884-0734-11_RXNAVIMAGE10_8505C2DE_2.jpg,OVAL,WHITE,7,OVAL_WHITE,139,0,0,0,0,0,0,0,0,0,0,1,0
00093-0150-01_RXNAVIMAGE10_094284C4_1.jpg,ROUND,WHITE,10,ROUND_WHITE,174,0,0,0,0,0,0,0,0,0,0,1,0
00093-0150-01_RXNAVIMAGE10_094284C4_2.jpg,ROUND,WHITE,10,ROUND_WHITE,174,0,0,0,0,0,0,0,0,0,0,1,0
00310-0095-30_RXNAVIMAGE10_914AC8E6_1.jpg,ROUND,WHITE,10,ROUND_WHITE,174,0,0,0,0,0,0,0,0,0,0,1,0
00310-0095-30_RXNAVIMAGE10_914AC8E6_2.jpg,ROUND,WHITE,10,ROUND_WHITE,174,0,0,0,0,0,0,0,0,0,0,1,0
00378-0501-01_RXNAVIMAGE10_CA21657B_1.jpg,ROUND,ORANGE,10,ROUND_ORANGE,166,0,0,0,0,0,1,0,0,0,0,0,0
00378-0501-01_RXNAVIMAGE10_CA21657B_2.jpg,ROUND,ORANGE,10,ROUND_ORANGE,166,0,0,0,0,0,1,0,0,0,0,0,0
00603-2949-28_RXNAVIMAGE10_BE155F1A_1.jpg,ROUND,BLUE,10,ROUND_BLUE,160,0,1,0,0,0,0,0,0,0,0,0,0
00603-2949-28_RXNAVIMAGE10_BE155F1A_2.jpg,ROUND,BLUE,10,ROUND_BLUE,160,0,1,0,0,0,0,0,0,0,0,0,0
00603-4112-21_RXNAVIMAGE10_AA4E5552_1.jpg,OVAL,WHITE,7,OVAL_WHITE,139,0,0,0,0,0,0,0,0,0,0,1,0
00603-4112-21_RXNAVIMAGE10_AA4E5552_2.jpg,OVAL,WHITE,7,OVAL_WHITE,139,0,0,0,0,0,0,0,0,0,0,1,0
63459-0225-30_RXNAVIMAGE10_C441E20F_1.jpg,OVAL,WHITE,7,OVAL_WHITE,139,0,0,0,0,0,0,0,0,0,0,1,0
63459-0225-30_RXNAVIMAGE10_C441E20F_2.jpg,OVAL,WHITE,7,OVAL_WHITE,139,0,0,0,0,0,0,0,0,0,0,1,0
00781-1047-01_RXNAVIMAGE10_2C3F1618_1.jpg,ROUND,WHITE,10,ROUND_WHITE,174,0,0,0,0,0,0,0,0,0,0,1,0
00781-1047-01_RXNAVIMAGE10_2C3F1618_2.jpg,ROUND,WHITE,10,ROUND_WHITE,174,0,0,0,0,0,0,0,0,0,0,1,0
23155-0003-10_RXNAVIMAGE10_603B3039_1.jpg,ROUND,PINK,10,ROUND_PINK,168,0,0,0,0,0,0,1,0,0,0,0,0
23155-0003-10_RXNAVIMAGE10_603B3039_2.jpg,ROUND,PINK,10,ROUND_PINK,168,0,0,0,0,0,0,1,0,0,0,0,0
13668-0429-90_RXNAVIMAGE10_5546AAC5_1.jpg,OVAL,WHITE,7,OVAL_WHITE,139,0,0,0,0,0,0,0,0,0,0,1,0
13668-0429-90_RXNAVIMAGE10_5546AAC5_2.jpg,OVAL,WHITE,7,OVAL_WHITE,139,0,0,0,0,0,0,0,0,0,0,1,0
68382-0271-14_RXNAVIMAGE10_E749F38F_1.jpg,OVAL,ORANGE,7,OVAL_ORANGE,130,0,0,0,0,0,1,0,0,0,0,0,0
68382-0271-14_RXNAVIMAGE10_E749F38F_2.jpg,OVAL,ORANGE,7,OVAL_ORANGE,130,0,0,0,0,0,1,0,0,0,0,0,0
00555-9012-58_RXNAVIMAGE10_7A2FBD4D_1.jpg,ROUND,BLUE,10,ROUND_BLUE,160,0,1,0,0,0,0,0,0,0,0,0,0
00555-9012-58_RXNAVIMAGE10_7A2FBD4D_2.jpg,ROUND,BLUE,10,ROUND_BLUE,160,0,1,0,0,0,0,0,0,0,0,0,0
59762-0145-01_RXNAVIMAGE10_333E99F4_1.jpg,CAPSULE,RED,1,CAPSULE_RED,69,0,0,0,0,0,0,0,0,1,0,0,0
59762-0145-01_RXNAVIMAGE10_333E99F4_2.jpg,CAPSULE,RED,1,CAPSULE_RED,69,0,0,0,0,0,0,0,0,1,0,0,0
00093-2264-01_RXNAVIMAGE10_DE296F5B_1.jpg,OVAL,WHITE,7,OVAL_WHITE,139,0,0,0,0,0,0,0,0,0,0,1,0
00093-2264-01_RXNAVIMAGE10_DE296F5B_2.jpg,OVAL,WHITE,7,OVAL_WHITE,139,0,0,0,0,0,0,0,0,0,0,1,0
65649-0303-02_RXNAVIMAGE10_CA3EE557_1.jpg,OVAL,PINK,7,OVAL_PINK,133,0,0,0,0,0,0,1,0,0,0,0,0
65649-0303-02_RXNAVIMAGE10_CA3EE557_2.jpg,OVAL,PINK,7,OVAL_PINK,133,0,0,0,0,0,0,1,0,0,0,0,0
13310-0119-07_RXNAVIMAGE10_EA04F527_1.jpg,OVAL,PURPLE,7,OVAL_PURPLE,135,0,0,0,0,0,0,0,1,0,0,0,0
13310-0119-07_RXNAVIMAGE10_EA04F527_2.jpg,OVAL,PURPLE,7,OVAL_PURPLE,135,0,0,0,0,0,0,0,1,0,0,0,0
51672-4026-01_RXNAVIMAGE10_83084182_1.jpg,ROUND,WHITE,10,ROUND_WHITE,174,0,0,0,0,0,0,0,0,0,0,1,0
51672-4026-01_RXNAVIMAGE10_83084182_2.jpg,ROUND,WHITE,10,ROUND_WHITE,174,0,0,0,0,0,0,0,0,0,0,1,0
00178-0083-90_RXNAVIMAGE10_E507F2CF_1.jpg,RECTANGLE,GREEN,9,RECTANGLE_GREEN,157,0,0,0,0,1,0,0,0,0,0,0,0
00178-0083-90_RXNAVIMAGE10_E507F2CF_2.jpg,RECTANGLE,GREEN,9,RECTANGLE_GREEN,157,0,0,0,0,1,0,0,0,0,0,0,0
57664-0391-08_RXNAVIMAGE10_6046B065_1.jpg,OVAL,WHITE,7,OVAL_WHITE,139,0,0,0,0,0,0,0,0,0,0,1,0
57664-0391-08_RXNAVIMAGE10_6046B065_2.jpg,OVAL,WHITE,7,OVAL_WHITE,139,0,0,0,0,0,0,0,0,0,0,1,0
00591-0409-01_RXNAVIMAGE10_5D202EF1_1.jpg,ROUND,YELLOW,10,ROUND_YELLOW,178,0,0,0,0,0,0,0,0,0,0,0,1
00591-0409-01_RXNAVIMAGE10_5D202EF1_2.jpg,ROUND,YELLOW,10,ROUND_YELLOW,178,0,0,0,0,0,0,0,0,0,0,0,1
45963-0569-08_RXNAVIMAGE10_043C0260_1.jpg,OVAL,YELLOW,7,OVAL_YELLOW,145,0,0,0,0,0,0,0,0,0,0,0,1
45963-0569-08_RXNAVIMAGE10_043C0260_2.jpg,OVAL,YELLOW,7,OVAL_YELLOW,145,0,0,0,0,0,0,0,0,0,0,0,1
68462-0128-01_RXNAVIMAGE10_024D0138_1.jpg,CAPSULE,"BLUE, WHITE",1,"CAPSULE_BLUE, WHITE",16,0,1,0,0,0,0,0,0,0,0,1,0
68462-0128-01_RXNAVIMAGE10_024D0138_2.jpg,CAPSULE,"BLUE, WHITE",1,"CAPSULE_BLUE, WHITE",16,0,1,0,0,0,0,0,0,0,0,1,0
00310-0209-20_RXNAVIMAGE10_DC16EE77_1.jpg,ROUND,WHITE,10,ROUND_WHITE,174,0,0,0,0,0,0,0,0,0,0,1,0
00310-0209-20_RXNAVIMAGE10_DC16EE77_2.jpg,ROUND,WHITE,10,ROUND_WHITE,174,0,0,0,0,0,0,0,0,0,0,1,0
00555-0777-02_RXNAVIMAGE10_FE41FF7F_1.jpg,ROUND,ORANGE,10,ROUND_ORANGE,166,0,0,0,0,0,1,0,0,0,0,0,0
00555-0777-02_RXNAVIMAGE10_FE41FF7F_2.jpg,ROUND,ORANGE,10,ROUND_ORANGE,166,0,0,0,0,0,1,0,0,0,0,0,0
51285-0120-58_RXNAVIMAGE10_6343B1ED_1.jpg,ROUND,WHITE,10,ROUND_WHITE,174,0,0,0,0,0,0,0,0,0,0,1,0
51285-0120-58_RXNAVIMAGE10_6343B1ED_2.jpg,ROUND,WHITE,10,ROUND_WHITE,174,0,0,0,0,0,0,0,0,0,0,1,0
49884-0826-10_RXNAVIMAGE10_DF506FB3_1.jpg,ROUND,WHITE,10,ROUND_WHITE,174,0,0,0,0,0,0,0,0,0,0,1,0
49884-0826-10_RXNAVIMAGE10_DF506FB3_2.jpg,ROUND,WHITE,10,ROUND_WHITE,174,0,0,0,0,0,0,0,0,0,0,1,0
00603-5688-20_RXNAVIMAGE10_000E8024_1.jpg,OVAL,GREEN,7,OVAL_GREEN,129,0,0,0,0,1,0,0,0,0,0,0,0
00603-5688-20_RXNAVIMAGE10_000E8024_2.jpg,OVAL,GREEN,7,OVAL_GREEN,129,0,0,0,0,1,0,0,0,0,0,0,0
00378-5105-01_RXNAVIMAGE10_4C342631_1.jpg,ROUND,RED,10,ROUND_RED,172,0,0,0,0,0,0,0,0,1,0,0,0
00378-5105-01_RXNAVIMAGE10_4C342631_2.jpg,ROUND,RED,10,ROUND_RED,172,0,0,0,0,0,0,0,0,1,0,0,0
51079-0279-20_RXNAVIMAGE10_7A32BD45_1.jpg,ROUND,GREEN,10,ROUND_GREEN,164,0,0,0,0,1,0,0,0,0,0,0,0
51079-0279-20_RXNAVIMAGE10_7A32BD45_2.jpg,ROUND,GREEN,10,ROUND_GREEN,164,0,0,0,0,1,0,0,0,0,0,0,0
00555-0635-09_RXNAVIMAGE10_92304922_1.jpg,CAPSULE,"ORANGE, YELLOW",1,"CAPSULE_ORANGE, YELLOW",51,0,0,0,0,0,1,0,0,0,0,0,1
00555-0635-09_RXNAVIMAGE10_92304922_2.jpg,CAPSULE,"ORANGE, YELLOW",1,"CAPSULE_ORANGE, YELLOW",51,0,0,0,0,0,1,0,0,0,0,0,1
50111-0884-05_RXNAVIMAGE10_68303421_1.jpg,CAPSULE,"GREEN, BLACK",1,"CAPSULE_GREEN, BLACK",33,1,0,0,0,1,0,0,0,0,0,0,0
50111-0884-05_RXNAVIMAGE10_68303421_2.jpg,CAPSULE,"GREEN, BLACK",1,"CAPSULE_GREEN, BLACK",33,1,0,0,0,1,0,0,0,0,0,0,0
00781-2074-01_RXNAVIMAGE10_9D34CEF6_1.jpg,CAPSULE,"WHITE, BLACK",1,"CAPSULE_WHITE, BLACK",82,1,0,0,0,0,0,0,0,0,0,1,0
00781-2074-01_RXNAVIMAGE10_9D34CEF6_2.jpg,CAPSULE,"WHITE, BLACK",1,"CAPSULE_WHITE, BLACK",82,1,0,0,0,0,0,0,0,0,0,1,0
00486-1111-01_RXNAVIMAGE10_4549A2ED_1.jpg,ROUND,WHITE,10,ROUND_WHITE,174,0,0,0,0,0,0,0,0,0,0,1,0
00486-1111-01_RXNAVIMAGE10_4549A2ED_2.jpg,ROUND,WHITE,10,ROUND_WHITE,174,0,0,0,0,0,0,0,0,0,0,1,0
00093-0017-01_RXNAVIMAGE10_6629B33D_1.jpg,OVAL,PINK,7,OVAL_PINK,133,0,0,0,0,0,0,1,0,0,0,0,0
00093-0017-01_RXNAVIMAGE10_6629B33D_2.jpg,OVAL,PINK,7,OVAL_PINK,133,0,0,0,0,0,0,1,0,0,0,0,0
64679-0966-01_RXNAVIMAGE10_70463861_1.jpg,OVAL,PINK,7,OVAL_PINK,133,0,0,0,0,0,0,1,0,0,0,0,0
64679-0966-01_RXNAVIMAGE10_70463861_2.jpg,OVAL,PINK,7,OVAL_PINK,133,0,0,0,0,0,0,1,0,0,0,0,0
23155-0234-05_RXNAVIMAGE10_6B3B35A9_1.jpg,OVAL,ORANGE,7,OVAL_ORANGE,130,0,0,0,0,0,1,0,0,0,0,0,0
23155-0234-05_RXNAVIMAGE10_6B3B35A9_2.jpg,OVAL,ORANGE,7,OVAL_ORANGE,130,0,0,0,0,0,1,0,0,0,0,0,0
00555-0381-02_RXNAVIMAGE10_19420CF0_1.jpg,ROUND,WHITE,10,ROUND_WHITE,174,0,0,0,0,0,0,0,0,0,0,1,0
00555-0381-02_RXNAVIMAGE10_19420CF0_2.jpg,ROUND,WHITE,10,ROUND_WHITE,174,0,0,0,0,0,0,0,0,0,0,1,0
00555-0980-37_RXNAVIMAGE10_96304B32_1.jpg,OVAL,ORANGE,7,OVAL_ORANGE,130,0,0,0,0,0,1,0,0,0,0,0,0
00555-0980-37_RXNAVIMAGE10_96304B32_2.jpg,OVAL,ORANGE,7,OVAL_ORANGE,130,0,0,0,0,0,1,0,0,0,0,0,0
00143-1240-01_RXNAVIMAGE10_4F232789_1.jpg,ROUND,YELLOW,10,ROUND_YELLOW,178,0,0,0,0,0,0,0,0,0,0,0,1
00143-1240-01_RXNAVIMAGE10_4F232789_2.jpg,ROUND,YELLOW,10,ROUND_YELLOW,178,0,0,0,0,0,0,0,0,0,0,0,1
42291-0179-01_RXNAVIMAGE10_C94D649B_1.jpg,ROUND,YELLOW,10,ROUND_YELLOW,178,0,0,0,0,0,0,0,0,0,0,0,1
42291-0179-01_RXNAVIMAGE10_C94D649B_2.jpg,ROUND,YELLOW,10,ROUND_YELLOW,178,0,0,0,0,0,0,0,0,0,0,0,1
60505-0094-00_RXNAVIMAGE10_2F0597EC_1.jpg,OVAL,WHITE,7,OVAL_WHITE,139,0,0,0,0,0,0,0,0,0,0,1,0
60505-0094-00_RXNAVIMAGE10_2F0597EC_2.jpg,OVAL,WHITE,7,OVAL_WHITE,139,0,0,0,0,0,0,0,0,0,0,1,0
00555-0925-02_RXNAVIMAGE10_46212319_1.jpg,OVAL,BROWN,7,OVAL_BROWN,125,0,0,1,0,0,0,0,0,0,0,0,0
00555-0925-02_RXNAVIMAGE10_46212319_2.jpg,OVAL,BROWN,7,OVAL_BROWN,125,0,0,1,0,0,0,0,0,0,0,0,0
00093-5454-62_RXNAVIMAGE10_B9395CCA_1.jpg,ROUND,WHITE,10,ROUND_WHITE,174,0,0,0,0,0,0,0,0,0,0,1,0
00093-5454-62_RXNAVIMAGE10_B9395CCA_2.jpg,ROUND,WHITE,10,ROUND_WHITE,174,0,0,0,0,0,0,0,0,0,0,1,0
51079-0813-20_RXNAVIMAGE10_8C32C646_1.jpg,ROUND,YELLOW,10,ROUND_YELLOW,178,0,0,0,0,0,0,0,0,0,0,0,1
51079-0813-20_RXNAVIMAGE10_8C32C646_2.jpg,ROUND,YELLOW,10,ROUND_YELLOW,178,0,0,0,0,0,0,0,0,0,0,0,1
68382-0022-01_RXNAVIMAGE10_59202C81_1.jpg,ROUND,WHITE,10,ROUND_WHITE,174,0,0,0,0,0,0,0,0,0,0,1,0
68382-0022-01_RXNAVIMAGE10_59202C81_2.jpg,ROUND,WHITE,10,ROUND_WHITE,174,0,0,0,0,0,0,0,0,0,0,1,0
00378-6231-01_RXNAVIMAGE10_6B2135D9_1.jpg,ROUND,ORANGE,10,ROUND_ORANGE,166,0,0,0,0,0,1,0,0,0,0,0,0
00378-6231-01_RXNAVIMAGE10_6B2135D9_2.jpg,ROUND,ORANGE,10,ROUND_ORANGE,166,0,0,0,0,0,1,0,0,0,0,0,0
00093-7544-56_RXNAVIMAGE10_4738A385_1.jpg,CAPSULE,"BLUE, GREEN",1,"CAPSULE_BLUE, GREEN",11,0,1,0,0,1,0,0,0,0,0,0,0
00093-7544-56_RXNAVIMAGE10_4738A385_2.jpg,CAPSULE,"BLUE, GREEN",1,"CAPSULE_BLUE, GREEN",11,0,1,0,0,1,0,0,0,0,0,0,0
00093-5514-89_RXNAVIMAGE10_B33659D2_1.jpg,CAPSULE,"BLACK, TURQUOISE",1,"CAPSULE_BLACK, TURQUOISE",4,1,0,0,0,0,0,0,0,0,1,0,0
00093-5514-89_RXNAVIMAGE10_B33659D2_2.jpg,CAPSULE,"BLACK, TURQUOISE",1,"CAPSULE_BLACK, TURQUOISE",4,1,0,0,0,0,0,0,0,0,1,0,0
00093-7239-98_RXNAVIMAGE10_A71DD3FE_1.jpg,OVAL,ORANGE,7,OVAL_ORANGE,130,0,0,0,0,0,1,0,0,0,0,0,0
00093-7239-98_RXNAVIMAGE10_A71DD3FE_2.jpg,OVAL,ORANGE,7,OVAL_ORANGE,130,0,0,0,0,0,1,0,0,0,0,0,0
59762-1517-01_RXNAVIMAGE10_433DA1ED_1.jpg,CAPSULE,"WHITE, YELLOW",1,"CAPSULE_WHITE, YELLOW",93,0,0,0,0,0,0,0,0,0,0,1,1
59762-1517-01_RXNAVIMAGE10_433DA1ED_2.jpg,CAPSULE,"WHITE, YELLOW",1,"CAPSULE_WHITE, YELLOW",93,0,0,0,0,0,0,0,0,0,0,1,1
00781-5915-01_RXNAVIMAGE10_D039680B_1.jpg,ROUND,BROWN,10,ROUND_BROWN,162,0,0,1,0,0,0,0,0,0,0,0,0
00781-5915-01_RXNAVIMAGE10_D039680B_2.jpg,ROUND,BROWN,10,ROUND_BROWN,162,0,0,1,0,0,0,0,0,0,0,0,0
00173-0778-61_RXNAVIMAGE10_341E1A40_1.jpg,ROUND,WHITE,10,ROUND_WHITE,174,0,0,0,0,0,0,0,0,0,0,1,0
00173-0778-61_RXNAVIMAGE10_341E1A40_2.jpg,ROUND,WHITE,10,ROUND_WHITE,174,0,0,0,0,0,0,0,0,0,0,1,0
00456-1510-60_RXNAVIMAGE10_011C8094_1.jpg,OVAL,PINK,7,OVAL_PINK,133,0,0,0,0,0,0,1,0,0,0,0,0
00456-1510-60_RXNAVIMAGE10_011C8094_2.jpg,OVAL,PINK,7,OVAL_PINK,133,0,0,0,0,0,0,1,0,0,0,0,0
49884-0830-09_RXNAVIMAGE10_14458A3C_1.jpg,CAPSULE,"GREEN, BLUE",1,"CAPSULE_GREEN, BLUE",34,0,1,0,0,1,0,0,0,0,0,0,0
49884-0830-09_RXNAVIMAGE10_14458A3C_2.jpg,CAPSULE,"GREEN, BLUE",1,"CAPSULE_GREEN, BLUE",34,0,1,0,0,1,0,0,0,0,0,0,0
00591-0605-01_RXNAVIMAGE10_40092049_1.jpg,ROUND,BROWN,10,ROUND_BROWN,162,0,0,1,0,0,0,0,0,0,0,0,0
00591-0605-01_RXNAVIMAGE10_40092049_2.jpg,ROUND,BROWN,10,ROUND_BROWN,162,0,0,1,0,0,0,0,0,0,0,0,0
00074-3080-90_RXNAVIMAGE10_9B1B4DDA_1.jpg,OVAL,ORANGE,7,OVAL_ORANGE,130,0,0,0,0,0,1,0,0,0,0,0,0
00074-3080-90_RXNAVIMAGE10_9B1B4DDA_2.jpg,OVAL,ORANGE,7,OVAL_ORANGE,130,0,0,0,0,0,1,0,0,0,0,0,0
16571-0412-50_RXNAVIMAGE10_BC3DDE7E_1.jpg,OVAL,WHITE,7,OVAL_WHITE,139,0,0,0,0,0,0,0,0,0,0,1,0
16571-0412-50_RXNAVIMAGE10_BC3DDE7E_2.jpg,OVAL,WHITE,7,OVAL_WHITE,139,0,0,0,0,0,0,0,0,0,0,1,0
00007-4140-20_RXNAVIMAGE10_0B1905F8_1.jpg,OVAL,WHITE,7,OVAL_WHITE,139,0,0,0,0,0,0,0,0,0,0,1,0
00007-4140-20_RXNAVIMAGE10_0B1905F8_2.jpg,OVAL,WHITE,7,OVAL_WHITE,139,0,0,0,0,0,0,0,0,0,0,1,0
00093-0130-01_RXNAVIMAGE10_5142A895_1.jpg,OVAL,ORANGE,7,OVAL_ORANGE,130,0,0,0,0,0,1,0,0,0,0,0,0
00093-0130-01_RXNAVIMAGE10_5142A895_2.jpg,OVAL,ORANGE,7,OVAL_ORANGE,130,0,0,0,0,0,1,0,0,0,0,0,0
50532-0115-10_RXNAVIMAGE10_1E408F24_1.jpg,OVAL,WHITE,7,OVAL_WHITE,139,0,0,0,0,0,0,0,0,0,0,1,0
50532-0115-10_RXNAVIMAGE10_1E408F24_2.jpg,OVAL,WHITE,7,OVAL_WHITE,139,0,0,0,0,0,0,0,0,0,0,1,0
65862-0199-05_RXNAVIMAGE10_10080850_1.jpg,CAPSULE,YELLOW,1,CAPSULE_YELLOW,94,0,0,0,0,0,0,0,0,0,0,0,1
65862-0199-05_RXNAVIMAGE10_10080850_2.jpg,CAPSULE,YELLOW,1,CAPSULE_YELLOW,94,0,0,0,0,0,0,0,0,0,0,0,1
55111-0122-05_RXNAVIMAGE10_C53DE2CF_1.jpg,OVAL,WHITE,7,OVAL_WHITE,139,0,0,0,0,0,0,0,0,0,0,1,0
55111-0122-05_RXNAVIMAGE10_C53DE2CF_2.jpg,OVAL,WHITE,7,OVAL_WHITE,139,0,0,0,0,0,0,0,0,0,0,1,0
00185-0145-05_RXNAVIMAGE10_F949FC8F_1.jpg,OVAL,WHITE,7,OVAL_WHITE,139,0,0,0,0,0,0,0,0,0,0,1,0
00185-0145-05_RXNAVIMAGE10_F949FC8F_2.jpg,OVAL,WHITE,7,OVAL_WHITE,139,0,0,0,0,0,0,0,0,0,0,1,0
00093-5420-88_RXNAVIMAGE10_8E2BC72E_1.jpg,OVAL,WHITE,7,OVAL_WHITE,139,0,0,0,0,0,0,0,0,0,0,1,0
00093-5420-88_RXNAVIMAGE10_8E2BC72E_2.jpg,OVAL,WHITE,7,OVAL_WHITE,139,0,0,0,0,0,0,0,0,0,0,1,0
00093-5117-98_RXNAVIMAGE10_522D2929_1.jpg,CAPSULE,"GREEN, GREEN",1,"CAPSULE_GREEN, GREEN",37,0,0,0,0,1,0,0,0,0,0,0,0
00093-5117-98_RXNAVIMAGE10_522D2929_2.jpg,CAPSULE,"GREEN, GREEN",1,"CAPSULE_GREEN, GREEN",37,0,0,0,0,1,0,0,0,0,0,0,0
00378-0505-01_RXNAVIMAGE10_652332F9_1.jpg,ROUND,WHITE,10,ROUND_WHITE,174,0,0,0,0,0,0,0,0,0,0,1,0
00378-0505-01_RXNAVIMAGE10_652332F9_2.jpg,ROUND,WHITE,10,ROUND_WHITE,174,0,0,0,0,0,0,0,0,0,0,1,0
42937-0701-10_RXNAVIMAGE10_5D50AEB5_1.jpg,ROUND,BROWN,10,ROUND_BROWN,162,0,0,1,0,0,0,0,0,0,0,0,0
42937-0701-10_RXNAVIMAGE10_5D50AEB5_2.jpg,ROUND,BROWN,10,ROUND_BROWN,162,0,0,1,0,0,0,0,0,0,0,0,0
00378-2625-01_RXNAVIMAGE10_CE23E72F_1.jpg,ROUND,GREEN,10,ROUND_GREEN,164,0,0,0,0,1,0,0,0,0,0,0,0
00378-2625-01_RXNAVIMAGE10_CE23E72F_2.jpg,ROUND,GREEN,10,ROUND_GREEN,164,0,0,0,0,1,0,0,0,0,0,0,0
60793-0115-01_RXNAVIMAGE10_7B133DA9_1.jpg,ROUND,WHITE,10,ROUND_WHITE,174,0,0,0,0,0,0,0,0,0,0,1,0
60793-0115-01_RXNAVIMAGE10_7B133DA9_2.jpg,ROUND,WHITE,10,ROUND_WHITE,174,0,0,0,0,0,0,0,0,0,0,1,0
00054-0036-21_RXNAVIMAGE10_EC33F66F_1.jpg,ROUND,WHITE,10,ROUND_WHITE,174,0,0,0,0,0,0,0,0,0,0,1,0
00054-0036-21_RXNAVIMAGE10_EC33F66F_2.jpg,ROUND,WHITE,10,ROUND_WHITE,174,0,0,0,0,0,0,0,0,0,0,1,0
00591-0411-50_RXNAVIMAGE10_DB056DEB_1.jpg,CAPSULE,"BROWN, WHITE",1,"CAPSULE_BROWN, WHITE",20,0,0,1,0,0,0,0,0,0,0,1,0
00591-0411-50_RXNAVIMAGE10_DB056DEB_2.jpg,CAPSULE,"BROWN, WHITE",1,"CAPSULE_BROWN, WHITE",20,0,0,1,0,0,0,0,0,0,0,1,0
16729-0171-17_RXNAVIMAGE10_7E4F3F69_1.jpg,ROUND,BROWN,10,ROUND_BROWN,162,0,0,1,0,0,0,0,0,0,0,0,0
16729-0171-17_RXNAVIMAGE10_7E4F3F69_2.jpg,ROUND,BROWN,10,ROUND_BROWN,162,0,0,1,0,0,0,0,0,0,0,0,0
65862-0210-01_RXNAVIMAGE10_7A493D49_1.jpg,CAPSULE,"WHITE, GRAY",1,"CAPSULE_WHITE, GRAY",85,0,0,0,1,0,0,0,0,0,0,1,0
65862-0210-01_RXNAVIMAGE10_7A493D49_2.jpg,CAPSULE,"WHITE, GRAY",1,"CAPSULE_WHITE, GRAY",85,0,0,0,1,0,0,0,0,0,0,1,0
65162-0767-10_RXNAVIMAGE10_B551DA8E_1.jpg,OVAL,TURQUOISE,7,OVAL_TURQUOISE,138,0,0,0,0,0,0,0,0,0,1,0,0
65162-0767-10_RXNAVIMAGE10_B551DA8E_2.jpg,OVAL,TURQUOISE,7,OVAL_TURQUOISE,138,0,0,0,0,0,0,0,0,0,1,0,0
51862-0172-12_RXNAVIMAGE10_55462AE1_1.jpg,ROUND,PINK,10,ROUND_PINK,168,0,0,0,0,0,0,1,0,0,0,0,0
51862-0172-12_RXNAVIMAGE10_55462AE1_2.jpg,ROUND,PINK,10,ROUND_PINK,168,0,0,0,0,0,0,1,0,0,0,0,0
65597-0114-30_RXNAVIMAGE10_7C1DBE6D_1.jpg,ROUND,ORANGE,10,ROUND_ORANGE,166,0,0,0,0,0,1,0,0,0,0,0,0
65597-0114-30_RXNAVIMAGE10_7C1DBE6D_2.jpg,ROUND,ORANGE,10,ROUND_ORANGE,166,0,0,0,0,0,1,0,0,0,0,0,0
53014-0404-10_RXNAVIMAGE10_2D1C9684_1.jpg,CAPSULE,"GREEN, WHITE",1,"CAPSULE_GREEN, WHITE",42,0,0,0,0,1,0,0,0,0,0,1,0
53014-0404-10_RXNAVIMAGE10_2D1C9684_2.jpg,CAPSULE,"GREEN, WHITE",1,"CAPSULE_GREEN, WHITE",42,0,0,0,0,1,0,0,0,0,0,1,0
10144-0604-15_RXNAVIMAGE10_F21DF94F_1.jpg,CAPSULE,"WHITE, BLUE",1,"CAPSULE_WHITE, BLUE",83,0,1,0,0,0,0,0,0,0,0,1,0
10144-0604-15_RXNAVIMAGE10_F21DF94F_2.jpg,CAPSULE,"WHITE, BLUE",1,"CAPSULE_WHITE, BLUE",83,0,1,0,0,0,0,0,0,0,0,1,0
00555-0860-02_RXNAVIMAGE10_D72F6BEB_1.jpg,OVAL,WHITE,7,OVAL_WHITE,139,0,0,0,0,0,0,0,0,0,0,1,0
00555-0860-02_RXNAVIMAGE10_D72F6BEB_2.jpg,OVAL,WHITE,7,OVAL_WHITE,139,0,0,0,0,0,0,0,0,0,0,1,0
59762-3717-04_RXNAVIMAGE10_24391258_1.jpg,OVAL,WHITE,7,OVAL_WHITE,139,0,0,0,0,0,0,0,0,0,0,1,0
59762-3717-04_RXNAVIMAGE10_24391258_2.jpg,OVAL,WHITE,7,OVAL_WHITE,139,0,0,0,0,0,0,0,0,0,0,1,0
00781-1488-01_RXNAVIMAGE10_0F2407C0_1.jpg,ROUND,BROWN,10,ROUND_BROWN,162,0,0,1,0,0,0,0,0,0,0,0,0
00781-1488-01_RXNAVIMAGE10_0F2407C0_2.jpg,ROUND,BROWN,10,ROUND_BROWN,162,0,0,1,0,0,0,0,0,0,0,0,0
00456-1140-30_RXNAVIMAGE10_C61DE32F_1.jpg,OVAL,BLUE,7,OVAL_BLUE,123,0,1,0,0,0,0,0,0,0,0,0,0
00456-1140-30_RXNAVIMAGE10_C61DE32F_2.jpg,OVAL,BLUE,7,OVAL_BLUE,123,0,1,0,0,0,0,0,0,0,0,0,0
00093-9643-01_RXNAVIMAGE10_AF2157FA_1.jpg,ROUND,YELLOW,10,ROUND_YELLOW,178,0,0,0,0,0,0,0,0,0,0,0,1
00093-9643-01_RXNAVIMAGE10_AF2157FA_2.jpg,ROUND,YELLOW,10,ROUND_YELLOW,178,0,0,0,0,0,0,0,0,0,0,0,1
16252-0524-01_RXNAVIMAGE10_753ABAA5_1.jpg,ROUND,WHITE,10,ROUND_WHITE,174,0,0,0,0,0,0,0,0,0,0,1,0
16252-0524-01_RXNAVIMAGE10_753ABAA5_2.jpg,ROUND,WHITE,10,ROUND_WHITE,174,0,0,0,0,0,0,0,0,0,0,1,0
57844-0323-01_RXNAVIMAGE10_CF3667E3_1.jpg,CAPSULE,BLUE,1,CAPSULE_BLUE,7,0,1,0,0,0,0,0,0,0,0,0,0
57844-0323-01_RXNAVIMAGE10_CF3667E3_2.jpg,CAPSULE,BLUE,1,CAPSULE_BLUE,7,0,1,0,0,0,0,0,0,0,0,0,0
50383-0565-10_RXNAVIMAGE10_1F460F80_1.jpg,ROUND,WHITE,10,ROUND_WHITE,174,0,0,0,0,0,0,0,0,0,0,1,0
50383-0565-10_RXNAVIMAGE10_1F460F80_2.jpg,ROUND,WHITE,10,ROUND_WHITE,174,0,0,0,0,0,0,0,0,0,0,1,0
00006-0112-54_RXNAVIMAGE10_131609E0_1.jpg,ROUND,BROWN,10,ROUND_BROWN,162,0,0,1,0,0,0,0,0,0,0,0,0
00006-0112-54_RXNAVIMAGE10_131609E0_2.jpg,ROUND,BROWN,10,ROUND_BROWN,162,0,0,1,0,0,0,0,0,0,0,0,0
00093-7433-98_RXNAVIMAGE10_E643737B_1.jpg,OVAL,ORANGE,7,OVAL_ORANGE,130,0,0,0,0,0,1,0,0,0,0,0,0
00093-7433-98_RXNAVIMAGE10_E643737B_2.jpg,OVAL,ORANGE,7,OVAL_ORANGE,130,0,0,0,0,0,1,0,0,0,0,0,0
00093-8740-01_RXNAVIMAGE10_A33651C2_1.jpg,CAPSULE,ORANGE,1,CAPSULE_ORANGE,44,0,0,0,0,0,1,0,0,0,0,0,0
00093-8740-01_RXNAVIMAGE10_A33651C2_2.jpg,CAPSULE,ORANGE,1,CAPSULE_ORANGE,44,0,0,0,0,0,1,0,0,0,0,0,0
00093-8739-01_RXNAVIMAGE10_9F364FB2_1.jpg,CAPSULE,"ORANGE, BROWN",1,"CAPSULE_ORANGE, BROWN",46,0,0,1,0,0,1,0,0,0,0,0,0
00093-8739-01_RXNAVIMAGE10_9F364FB2_2.jpg,CAPSULE,"ORANGE, BROWN",1,"CAPSULE_ORANGE, BROWN",46,0,0,1,0,0,1,0,0,0,0,0,0
68462-0332-90_RXNAVIMAGE10_EF3E77D3_1.jpg,OVAL,WHITE,7,OVAL_WHITE,139,0,0,0,0,0,0,0,0,0,0,1,0
68462-0332-90_RXNAVIMAGE10_EF3E77D3_2.jpg,OVAL,WHITE,7,OVAL_WHITE,139,0,0,0,0,0,0,0,0,0,0,1,0
65862-0193-99_RXNAVIMAGE10_E40E7213_1.jpg,CAPSULE,"GREEN, WHITE",1,"CAPSULE_GREEN, WHITE",42,0,0,0,0,1,0,0,0,0,0,1,0
65862-0193-99_RXNAVIMAGE10_E40E7213_2.jpg,CAPSULE,"GREEN, WHITE",1,"CAPSULE_GREEN, WHITE",42,0,0,0,0,1,0,0,0,0,0,1,0
00071-3740-66_RXNAVIMAGE10_E815741B_1.jpg,CAPSULE,"WHITE, PINK",1,"CAPSULE_WHITE, PINK",88,0,0,0,0,0,0,1,0,0,0,1,0
00071-3740-66_RXNAVIMAGE10_E815741B_2.jpg,CAPSULE,"WHITE, PINK",1,"CAPSULE_WHITE, PINK",88,0,0,0,0,0,0,1,0,0,0,1,0
00597-0140-30_RXNAVIMAGE10_ED3D76CB_1.jpg,ROUND,RED,10,ROUND_RED,172,0,0,0,0,0,0,0,0,1,0,0,0
00597-0140-30_RXNAVIMAGE10_ED3D76CB_2.jpg,ROUND,RED,10,ROUND_RED,172,0,0,0,0,0,0,0,0,1,0,0,0
00074-3020-11_RXNAVIMAGE10_E01D703B_1.jpg,OVAL,RED,7,OVAL_RED,137,0,0,0,0,0,0,0,0,1,0,0,0
00074-3020-11_RXNAVIMAGE10_E01D703B_2.jpg,OVAL,RED,7,OVAL_RED,137,0,0,0,0,0,0,0,0,1,0,0,0
00071-1019-68_RXNAVIMAGE10_4F15A7AD_1.jpg,CAPSULE,"ORANGE, WHITE",1,"CAPSULE_ORANGE, WHITE",50,0,0,0,0,0,1,0,0,0,0,1,0
00071-1019-68_RXNAVIMAGE10_4F15A7AD_2.jpg,CAPSULE,"ORANGE, WHITE",1,"CAPSULE_ORANGE, WHITE",50,0,0,0,0,0,1,0,0,0,0,1,0
61442-0142-01_RXNAVIMAGE10_8916C4A6_1.jpg,ROUND,WHITE,10,ROUND_WHITE,174,0,0,0,0,0,0,0,0,0,0,1,0
61442-0142-01_RXNAVIMAGE10_8916C4A6_2.jpg,ROUND,WHITE,10,ROUND_WHITE,174,0,0,0,0,0,0,0,0,0,0,1,0
63304-0827-90_RXNAVIMAGE10_F51C7A93_1.jpg,OVAL,WHITE,7,OVAL_WHITE,139,0,0,0,0,0,0,0,0,0,0,1,0
63304-0827-90_RXNAVIMAGE10_F51C7A93_2.jpg,OVAL,WHITE,7,OVAL_WHITE,139,0,0,0,0,0,0,0,0,0,0,1,0
00006-0080-61_RXNAVIMAGE10_3A3E1D10_1.jpg,OVAL,GREEN,7,OVAL_GREEN,129,0,0,0,0,1,0,0,0,0,0,0,0
00006-0080-61_RXNAVIMAGE10_3A3E1D10_2.jpg,OVAL,GREEN,7,OVAL_GREEN,129,0,0,0,0,1,0,0,0,0,0,0,0
51991-0073-01_RXNAVIMAGE10_EE1FF71F_1.jpg,CAPSULE,"BLUE, GRAY",1,"CAPSULE_BLUE, GRAY",10,0,1,0,1,0,0,0,0,0,0,0,0
51991-0073-01_RXNAVIMAGE10_EE1FF71F_2.jpg,CAPSULE,"BLUE, GRAY",1,"CAPSULE_BLUE, GRAY",10,0,1,0,1,0,0,0,0,0,0,0,0
00054-0109-25_RXNAVIMAGE10_00268004_1.jpg,CAPSULE,BLUE,1,CAPSULE_BLUE,7,0,1,0,0,0,0,0,0,0,0,0,0
00054-0109-25_RXNAVIMAGE10_00268004_2.jpg,CAPSULE,BLUE,1,CAPSULE_BLUE,7,0,1,0,0,0,0,0,0,0,0,0,0
00029-3159-13_RXNAVIMAGE10_E418F247_1.jpg,PENTAGON,ORANGE,8,PENTAGON_ORANGE,149,0,0,0,0,0,1,0,0,0,0,0,0
00029-3159-13_RXNAVIMAGE10_E418F247_2.jpg,PENTAGON,ORANGE,8,PENTAGON_ORANGE,149,0,0,0,0,0,1,0,0,0,0,0,0
00378-1805-01_RXNAVIMAGE10_59212CA9_1.jpg,OVAL,PURPLE,7,OVAL_PURPLE,135,0,0,0,0,0,0,0,1,0,0,0,0
00378-1805-01_RXNAVIMAGE10_59212CA9_2.jpg,OVAL,PURPLE,7,OVAL_PURPLE,135,0,0,0,0,0,0,0,1,0,0,0,0
00093-7438-01_RXNAVIMAGE10_84304232_1.jpg,CAPSULE,BLUE,1,CAPSULE_BLUE,7,0,1,0,0,0,0,0,0,0,0,0,0
00093-7438-01_RXNAVIMAGE10_84304232_2.jpg,CAPSULE,BLUE,1,CAPSULE_BLUE,7,0,1,0,0,0,0,0,0,0,0,0,0
23155-0047-10_RXNAVIMAGE10_22091148_1.jpg,ROUND,ORANGE,10,ROUND_ORANGE,166,0,0,0,0,0,1,0,0,0,0,0,0
23155-0047-10_RXNAVIMAGE10_22091148_2.jpg,ROUND,ORANGE,10,ROUND_ORANGE,166,0,0,0,0,0,1,0,0,0,0,0,0
00093-7188-56_RXNAVIMAGE10_F92D7CCB_1.jpg,OVAL,BLUE,7,OVAL_BLUE,123,0,1,0,0,0,0,0,0,0,0,0,0
00093-7188-56_RXNAVIMAGE10_F92D7CCB_2.jpg,OVAL,BLUE,7,OVAL_BLUE,123,0,1,0,0,0,0,0,0,0,0,0,0
57237-0019-30_RXNAVIMAGE10_3E3D9F7C_1.jpg,CAPSULE,"BLUE, YELLOW",1,"CAPSULE_BLUE, YELLOW",17,0,1,0,0,0,0,0,0,0,0,0,1
57237-0019-30_RXNAVIMAGE10_3E3D9F7C_2.jpg,CAPSULE,"BLUE, YELLOW",1,"CAPSULE_BLUE, YELLOW",17,0,1,0,0,0,0,0,0,0,0,0,1
00093-7393-98_RXNAVIMAGE10_32391918_1.jpg,OVAL,WHITE,7,OVAL_WHITE,139,0,0,0,0,0,0,0,0,0,0,1,0
00093-7393-98_RXNAVIMAGE10_32391918_2.jpg,OVAL,WHITE,7,OVAL_WHITE,139,0,0,0,0,0,0,0,0,0,0,1,0
00172-4096-60_RXNAVIMAGE10_B726DBE6_1.jpg,ROUND,WHITE,10,ROUND_WHITE,174,0,0,0,0,0,0,0,0,0,0,1,0
00172-4096-60_RXNAVIMAGE10_B726DBE6_2.jpg,ROUND,WHITE,10,ROUND_WHITE,174,0,0,0,0,0,0,0,0,0,0,1,0
00591-2788-86_RXNAVIMAGE10_873CC3B6_1.jpg,CAPSULE,BLUE,1,CAPSULE_BLUE,7,0,1,0,0,0,0,0,0,0,0,0,0
00591-2788-86_RXNAVIMAGE10_873CC3B6_2.jpg,CAPSULE,BLUE,1,CAPSULE_BLUE,7,0,1,0,0,0,0,0,0,0,0,0,0
00172-4097-60_RXNAVIMAGE10_532329F9_1.jpg,ROUND,WHITE,10,ROUND_WHITE,174,0,0,0,0,0,0,0,0,0,0,1,0
00172-4097-60_RXNAVIMAGE10_532329F9_2.jpg,ROUND,WHITE,10,ROUND_WHITE,174,0,0,0,0,0,0,0,0,0,0,1,0
50111-0398-01_RXNAVIMAGE10_8A07C50E_1.jpg,ROUND,ORANGE,10,ROUND_ORANGE,166,0,0,0,0,0,1,0,0,0,0,0,0
50111-0398-01_RXNAVIMAGE10_8A07C50E_2.jpg,ROUND,ORANGE,10,ROUND_ORANGE,166,0,0,0,0,0,1,0,0,0,0,0,0
00904-2011-59_RXNAVIMAGE10_CE12E707_1.jpg,ROUND,ORANGE,10,ROUND_ORANGE,166,0,0,0,0,0,1,0,0,0,0,0,0
00904-2011-59_RXNAVIMAGE10_CE12E707_2.jpg,ROUND,ORANGE,10,ROUND_ORANGE,166,0,0,0,0,0,1,0,0,0,0,0,0
00093-0292-01_RXNAVIMAGE10_CF3567FB_1.jpg,ROUND,BLUE,10,ROUND_BLUE,160,0,1,0,0,0,0,0,0,0,0,0,0
00093-0292-01_RXNAVIMAGE10_CF3567FB_2.jpg,ROUND,BLUE,10,ROUND_BLUE,160,0,1,0,0,0,0,0,0,0,0,0,0
51862-0557-12_RXNAVIMAGE10_5D4FAECD_1.jpg,OVAL,WHITE,7,OVAL_WHITE,139,0,0,0,0,0,0,0,0,0,0,1,0
51862-0557-12_RXNAVIMAGE10_5D4FAECD_2.jpg,OVAL,WHITE,7,OVAL_WHITE,139,0,0,0,0,0,0,0,0,0,0,1,0
31722-0904-05_RXNAVIMAGE10_7F51BF8D_1.jpg,CAPSULE,"GREEN, BLUE",1,"CAPSULE_GREEN, BLUE",34,0,1,0,0,1,0,0,0,0,0,0,0
31722-0904-05_RXNAVIMAGE10_7F51BF8D_2.jpg,CAPSULE,"GREEN, BLUE",1,"CAPSULE_GREEN, BLUE",34,0,1,0,0,1,0,0,0,0,0,0,0
00093-5112-98_RXNAVIMAGE10_4E2D2719_1.jpg,CAPSULE,GREEN,1,CAPSULE_GREEN,32,0,0,0,0,1,0,0,0,0,0,0,0
00093-5112-98_RXNAVIMAGE10_4E2D2719_2.jpg,CAPSULE,GREEN,1,CAPSULE_GREEN,32,0,0,0,0,1,0,0,0,0,0,0,0
50419-0409-01_RXNAVIMAGE10_A619530A_1.jpg,ROUND,YELLOW,10,ROUND_YELLOW,178,0,0,0,0,0,0,0,0,0,0,0,1
50419-0409-01_RXNAVIMAGE10_A619530A_2.jpg,ROUND,YELLOW,10,ROUND_YELLOW,178,0,0,0,0,0,0,0,0,0,0,0,1
00054-0198-13_RXNAVIMAGE10_EB3B75FB_1.jpg,OVAL,WHITE,7,OVAL_WHITE,139,0,0,0,0,0,0,0,0,0,0,1,0
00054-0198-13_RXNAVIMAGE10_EB3B75FB_2.jpg,OVAL,WHITE,7,OVAL_WHITE,139,0,0,0,0,0,0,0,0,0,0,1,0
00378-0574-01_RXNAVIMAGE10_E8087423_1.jpg,ROUND,ORANGE,10,ROUND_ORANGE,166,0,0,0,0,0,1,0,0,0,0,0,0
00378-0574-01_RXNAVIMAGE10_E8087423_2.jpg,ROUND,ORANGE,10,ROUND_ORANGE,166,0,0,0,0,0,1,0,0,0,0,0,0
00555-9066-67_RXNAVIMAGE10_1B368DC4_1.jpg,ROUND,PINK,10,ROUND_PINK,168,0,0,0,0,0,0,1,0,0,0,0,0
00555-9066-67_RXNAVIMAGE10_1B368DC4_2.jpg,ROUND,PINK,10,ROUND_PINK,168,0,0,0,0,0,0,1,0,0,0,0,0
00228-2599-11_RXNAVIMAGE10_5E33AF5D_1.jpg,OVAL,GRAY,7,OVAL_GRAY,127,0,0,0,1,0,0,0,0,0,0,0,0
00228-2599-11_RXNAVIMAGE10_5E33AF5D_2.jpg,OVAL,GRAY,7,OVAL_GRAY,127,0,0,0,1,0,0,0,0,0,0,0,0
00093-5537-56_RXNAVIMAGE10_5642AB05_1.jpg,ROUND,BLUE,10,ROUND_BLUE,160,0,1,0,0,0,0,0,0,0,0,0,0
00093-5537-56_RXNAVIMAGE10_5642AB05_2.jpg,ROUND,BLUE,10,ROUND_BLUE,160,0,1,0,0,0,0,0,0,0,0,0,0
42769-1225-00_RXNAVIMAGE10_C907E48F_1.jpg,OVAL,YELLOW,7,OVAL_YELLOW,145,0,0,0,0,0,0,0,0,0,0,0,1
42769-1225-00_RXNAVIMAGE10_C907E48F_2.jpg,OVAL,YELLOW,7,OVAL_YELLOW,145,0,0,0,0,0,0,0,0,0,0,0,1
00245-0213-11_RXNAVIMAGE10_94504A32_1.jpg,ROUND,PURPLE,10,ROUND_PURPLE,171,0,0,0,0,0,0,0,1,0,0,0,0
00245-0213-11_RXNAVIMAGE10_94504A32_2.jpg,ROUND,PURPLE,10,ROUND_PURPLE,171,0,0,0,0,0,0,0,1,0,0,0,0
00228-2539-50_RXNAVIMAGE10_35049AC4_1.jpg,ROUND,YELLOW,10,ROUND_YELLOW,178,0,0,0,0,0,0,0,0,0,0,0,1
00228-2539-50_RXNAVIMAGE10_35049AC4_2.jpg,ROUND,YELLOW,10,ROUND_YELLOW,178,0,0,0,0,0,0,0,0,0,0,0,1
61269-0212-90_RXNAVIMAGE10_954D4AEA_1.jpg,CAPSULE,WHITE,1,CAPSULE_WHITE,81,0,0,0,0,0,0,0,0,0,0,1,0
61269-0212-90_RXNAVIMAGE10_954D4AEA_2.jpg,CAPSULE,WHITE,1,CAPSULE_WHITE,81,0,0,0,0,0,0,0,0,0,0,1,0
31722-0727-30_RXNAVIMAGE10_12510978_1.jpg,OVAL,PINK,7,OVAL_PINK,133,0,0,0,0,0,0,1,0,0,0,0,0
31722-0727-30_RXNAVIMAGE10_12510978_2.jpg,OVAL,PINK,7,OVAL_PINK,133,0,0,0,0,0,0,1,0,0,0,0,0
49884-0404-01_RXNAVIMAGE10_24331208_1.jpg,OVAL,WHITE,7,OVAL_WHITE,139,0,0,0,0,0,0,0,0,0,0,1,0
49884-0404-01_RXNAVIMAGE10_24331208_2.jpg,OVAL,WHITE,7,OVAL_WHITE,139,0,0,0,0,0,0,0,0,0,0,1,0
00603-6345-02_RXNAVIMAGE10_16478B3C_1.jpg,OVAL,ORANGE,7,OVAL_ORANGE,130,0,0,0,0,0,1,0,0,0,0,0,0
00603-6345-02_RXNAVIMAGE10_16478B3C_2.jpg,OVAL,ORANGE,7,OVAL_ORANGE,130,0,0,0,0,0,1,0,0,0,0,0,0
00781-5061-20_RXNAVIMAGE10_C523629B_1.jpg,OVAL,WHITE,7,OVAL_WHITE,139,0,0,0,0,0,0,0,0,0,0,1,0
00781-5061-20_RXNAVIMAGE10_C523629B_2.jpg,OVAL,WHITE,7,OVAL_WHITE,139,0,0,0,0,0,0,0,0,0,0,1,0
00378-0424-01_RXNAVIMAGE10_10090848_1.jpg,ROUND,ORANGE,10,ROUND_ORANGE,166,0,0,0,0,0,1,0,0,0,0,0,0
00378-0424-01_RXNAVIMAGE10_10090848_2.jpg,ROUND,ORANGE,10,ROUND_ORANGE,166,0,0,0,0,0,1,0,0,0,0,0,0
55111-0172-90_RXNAVIMAGE10_FD07FE9F_1.jpg,OVAL,TURQUOISE,7,OVAL_TURQUOISE,138,0,0,0,0,0,0,0,0,0,1,0,0
55111-0172-90_RXNAVIMAGE10_FD07FE9F_2.jpg,OVAL,TURQUOISE,7,OVAL_TURQUOISE,138,0,0,0,0,0,0,0,0,0,1,0,0
62756-0523-88_RXNAVIMAGE10_2A3A1510_1.jpg,ROUND,BLUE,10,ROUND_BLUE,160,0,1,0,0,0,0,0,0,0,0,0,0
62756-0523-88_RXNAVIMAGE10_2A3A1510_2.jpg,ROUND,BLUE,10,ROUND_BLUE,160,0,1,0,0,0,0,0,0,0,0,0,0
60505-0051-06_RXNAVIMAGE10_CB346593_1.jpg,ROUND,ORANGE,10,ROUND_ORANGE,166,0,0,0,0,0,1,0,0,0,0,0,0
60505-0051-06_RXNAVIMAGE10_CB346593_2.jpg,ROUND,ORANGE,10,ROUND_ORANGE,166,0,0,0,0,0,1,0,0,0,0,0,0
68382-0065-16_RXNAVIMAGE10_310E9884_1.jpg,OVAL,WHITE,7,OVAL_WHITE,139,0,0,0,0,0,0,0,0,0,0,1,0
68382-0065-16_RXNAVIMAGE10_310E9884_2.jpg,OVAL,WHITE,7,OVAL_WHITE,139,0,0,0,0,0,0,0,0,0,0,1,0
68180-0160-11_RXNAVIMAGE10_E64F732B_1.jpg,OVAL,PINK,7,OVAL_PINK,133,0,0,0,0,0,0,1,0,0,0,0,0
68180-0160-11_RXNAVIMAGE10_E64F732B_2.jpg,OVAL,PINK,7,OVAL_PINK,133,0,0,0,0,0,0,1,0,0,0,0,0
64727-3300-01_RXNAVIMAGE10_DC3F6E2B_1.jpg,ROUND,BROWN,10,ROUND_BROWN,162,0,0,1,0,0,0,0,0,0,0,0,0
64727-3300-01_RXNAVIMAGE10_DC3F6E2B_2.jpg,ROUND,BROWN,10,ROUND_BROWN,162,0,0,1,0,0,0,0,0,0,0,0,0
00093-0199-01_RXNAVIMAGE10_CD266683_1.jpg,ROUND,ORANGE,10,ROUND_ORANGE,166,0,0,0,0,0,1,0,0,0,0,0,0
00093-0199-01_RXNAVIMAGE10_CD266683_2.jpg,ROUND,ORANGE,10,ROUND_ORANGE,166,0,0,0,0,0,1,0,0,0,0,0,0
00093-5538-01_RXNAVIMAGE10_7D42BE85_1.jpg,ROUND,WHITE,10,ROUND_WHITE,174,0,0,0,0,0,0,0,0,0,0,1,0
00093-5538-01_RXNAVIMAGE10_7D42BE85_2.jpg,ROUND,WHITE,10,ROUND_WHITE,174,0,0,0,0,0,0,0,0,0,0,1,0
00093-4405-01_RXNAVIMAGE10_072D838C_1.jpg,OVAL,YELLOW,7,OVAL_YELLOW,145,0,0,0,0,0,0,0,0,0,0,0,1
00093-4405-01_RXNAVIMAGE10_072D838C_2.jpg,OVAL,YELLOW,7,OVAL_YELLOW,145,0,0,0,0,0,0,0,0,0,0,0,1
16729-0170-17_RXNAVIMAGE10_9E48CF36_1.jpg,ROUND,WHITE,10,ROUND_WHITE,174,0,0,0,0,0,0,0,0,0,0,1,0
16729-0170-17_RXNAVIMAGE10_9E48CF36_2.jpg,ROUND,WHITE,10,ROUND_WHITE,174,0,0,0,0,0,0,0,0,0,0,1,0
00093-0149-01_RXNAVIMAGE10_BA23DD0E_1.jpg,OVAL,RED,7,OVAL_RED,137,0,0,0,0,0,0,0,0,1,0,0,0
00093-0149-01_RXNAVIMAGE10_BA23DD0E_2.jpg,OVAL,RED,7,OVAL_RED,137,0,0,0,0,0,0,0,0,1,0,0,0
55111-0341-01_RXNAVIMAGE10_C238E107_1.jpg,CAPSULE,"GRAY, WHITE",1,"CAPSULE_GRAY, WHITE",30,0,0,0,1,0,0,0,0,0,0,1,0
55111-0341-01_RXNAVIMAGE10_C238E107_2.jpg,CAPSULE,"GRAY, WHITE",1,"CAPSULE_GRAY, WHITE",30,0,0,0,1,0,0,0,0,0,0,1,0
55111-0355-60_RXNAVIMAGE10_783CBC65_1.jpg,CAPSULE,"RED, ORANGE",1,"CAPSULE_RED, ORANGE",71,0,0,0,0,0,1,0,0,1,0,0,0
55111-0355-60_RXNAVIMAGE10_783CBC65_2.jpg,CAPSULE,"RED, ORANGE",1,"CAPSULE_RED, ORANGE",71,0,0,0,0,0,1,0,0,1,0,0,0
00378-8629-77_RXNAVIMAGE10_FF3AFFD7_1.jpg,CAPSULE,"ORANGE, WHITE",1,"CAPSULE_ORANGE, WHITE",50,0,0,0,0,0,1,0,0,0,0,1,0
00378-8629-77_RXNAVIMAGE10_FF3AFFD7_2.jpg,CAPSULE,"ORANGE, WHITE",1,"CAPSULE_ORANGE, WHITE",50,0,0,0,0,0,1,0,0,0,0,1,0
62559-1507-00_RXNAVIMAGE10_8415C24E_1.jpg,OVAL,GREEN,7,OVAL_GREEN,129,0,0,0,0,1,0,0,0,0,0,0,0
62559-1507-00_RXNAVIMAGE10_8415C24E_2.jpg,OVAL,GREEN,7,OVAL_GREEN,129,0,0,0,0,1,0,0,0,0,0,0,0
64720-0126-10_RXNAVIMAGE10_C6506353_1.jpg,ROUND,ORANGE,10,ROUND_ORANGE,166,0,0,0,0,0,1,0,0,0,0,0,0
64720-0126-10_RXNAVIMAGE10_C6506353_2.jpg,ROUND,ORANGE,10,ROUND_ORANGE,166,0,0,0,0,0,1,0,0,0,0,0,0
00071-0155-23_RXNAVIMAGE10_711C38F1_1.jpg,OVAL,WHITE,7,OVAL_WHITE,139,0,0,0,0,0,0,0,0,0,0,1,0
00071-0155-23_RXNAVIMAGE10_711C38F1_2.jpg,OVAL,WHITE,7,OVAL_WHITE,139,0,0,0,0,0,0,0,0,0,0,1,0
47335-0956-18_RXNAVIMAGE10_AC12D656_1.jpg,ROUND,WHITE,10,ROUND_WHITE,174,0,0,0,0,0,0,0,0,0,0,1,0
47335-0956-18_RXNAVIMAGE10_AC12D656_2.jpg,ROUND,WHITE,10,ROUND_WHITE,174,0,0,0,0,0,0,0,0,0,0,1,0
55111-0193-01_RXNAVIMAGE10_F007F83F_1.jpg,OVAL,PINK,7,OVAL_PINK,133,0,0,0,0,0,0,1,0,0,0,0,0
55111-0193-01_RXNAVIMAGE10_F007F83F_2.jpg,OVAL,PINK,7,OVAL_PINK,133,0,0,0,0,0,0,1,0,0,0,0,0
55253-0802-30_RXNAVIMAGE10_4342A1D5_1.jpg,OVAL,WHITE,7,OVAL_WHITE,139,0,0,0,0,0,0,0,0,0,0,1,0
55253-0802-30_RXNAVIMAGE10_4342A1D5_2.jpg,OVAL,WHITE,7,OVAL_WHITE,139,0,0,0,0,0,0,0,0,0,0,1,0
00029-3158-18_RXNAVIMAGE10_C118E0A7_1.jpg,PENTAGON,PINK,8,PENTAGON_PINK,150,0,0,0,0,0,0,1,0,0,0,0,0
00029-3158-18_RXNAVIMAGE10_C118E0A7_2.jpg,PENTAGON,PINK,8,PENTAGON_PINK,150,0,0,0,0,0,0,1,0,0,0,0,0
51079-0278-20_RXNAVIMAGE10_7632BB35_1.jpg,ROUND,BLUE,10,ROUND_BLUE,160,0,1,0,0,0,0,0,0,0,0,0,0
51079-0278-20_RXNAVIMAGE10_7632BB35_2.jpg,ROUND,BLUE,10,ROUND_BLUE,160,0,1,0,0,0,0,0,0,0,0,0,0
68382-0099-06_RXNAVIMAGE10_D6086B23_1.jpg,ROUND,WHITE,10,ROUND_WHITE,174,0,0,0,0,0,0,0,0,0,0,1,0
68382-0099-06_RXNAVIMAGE10_D6086B23_2.jpg,ROUND,WHITE,10,ROUND_WHITE,174,0,0,0,0,0,0,0,0,0,0,1,0
00173-0752-00_RXNAVIMAGE10_8318C1B6_1.jpg,OVAL,ORANGE,7,OVAL_ORANGE,130,0,0,0,0,0,1,0,0,0,0,0,0
00173-0752-00_RXNAVIMAGE10_8318C1B6_2.jpg,OVAL,ORANGE,7,OVAL_ORANGE,130,0,0,0,0,0,1,0,0,0,0,0,0
65862-0374-01_RXNAVIMAGE10_144A0A00_1.jpg,OVAL,WHITE,7,OVAL_WHITE,139,0,0,0,0,0,0,0,0,0,0,1,0
65862-0374-01_RXNAVIMAGE10_144A0A00_2.jpg,OVAL,WHITE,7,OVAL_WHITE,139,0,0,0,0,0,0,0,0,0,0,1,0
13668-0039-60_RXNAVIMAGE10_030E81D4_1.jpg,OVAL,YELLOW,7,OVAL_YELLOW,145,0,0,0,0,0,0,0,0,0,0,0,1
13668-0039-60_RXNAVIMAGE10_030E81D4_2.jpg,OVAL,YELLOW,7,OVAL_YELLOW,145,0,0,0,0,0,0,0,0,0,0,0,1
00172-5728-60_RXNAVIMAGE10_5821AC5D_1.jpg,ROUND,BROWN,10,ROUND_BROWN,162,0,0,1,0,0,0,0,0,0,0,0,0
00172-5728-60_RXNAVIMAGE10_5821AC5D_2.jpg,ROUND,BROWN,10,ROUND_BROWN,162,0,0,1,0,0,0,0,0,0,0,0,0
00093-7493-06_RXNAVIMAGE10_DB2FEDDF_1.jpg,OVAL,WHITE,7,OVAL_WHITE,139,0,0,0,0,0,0,0,0,0,0,1,0
00093-7493-06_RXNAVIMAGE10_DB2FEDDF_2.jpg,OVAL,WHITE,7,OVAL_WHITE,139,0,0,0,0,0,0,0,0,0,0,1,0
00781-5914-01_RXNAVIMAGE10_CB3965FB_1.jpg,ROUND,BROWN,10,ROUND_BROWN,162,0,0,1,0,0,0,0,0,0,0,0,0
00781-5914-01_RXNAVIMAGE10_CB3965FB_2.jpg,ROUND,BROWN,10,ROUND_BROWN,162,0,0,1,0,0,0,0,0,0,0,0,0
65862-0598-05_RXNAVIMAGE10_7A51BD1D_1.jpg,CAPSULE,"GREEN, ORANGE",1,"CAPSULE_GREEN, ORANGE",38,0,0,0,0,1,1,0,0,0,0,0,0
65862-0598-05_RXNAVIMAGE10_7A51BD1D_2.jpg,CAPSULE,"GREEN, ORANGE",1,"CAPSULE_GREEN, ORANGE",38,0,0,0,0,1,1,0,0,0,0,0,0
00007-4885-61_RXNAVIMAGE10_1F190FB8_1.jpg,OVAL,PINK,7,OVAL_PINK,133,0,0,0,0,0,0,1,0,0,0,0,0
00007-4885-61_RXNAVIMAGE10_1F190FB8_2.jpg,OVAL,PINK,7,OVAL_PINK,133,0,0,0,0,0,0,1,0,0,0,0,0
00555-0974-02_RXNAVIMAGE10_E5427293_1.jpg,OVAL,ORANGE,7,OVAL_ORANGE,130,0,0,0,0,0,1,0,0,0,0,0,0
00555-0974-02_RXNAVIMAGE10_E5427293_2.jpg,OVAL,ORANGE,7,OVAL_ORANGE,130,0,0,0,0,0,1,0,0,0,0,0,0
00456-1410-01_RXNAVIMAGE10_6D3A36A1_1.jpg,TRIANGLE,PURPLE,15,TRIANGLE_PURPLE,200,0,0,0,0,0,0,0,1,0,0,0,0
00456-1410-01_RXNAVIMAGE10_6D3A36A1_2.jpg,TRIANGLE,PURPLE,15,TRIANGLE_PURPLE,200,0,0,0,0,0,0,0,1,0,0,0,0
00093-3134-82_RXNAVIMAGE10_3E369F34_1.jpg,ROUND,YELLOW,10,ROUND_YELLOW,178,0,0,0,0,0,0,0,0,0,0,0,1
00093-3134-82_RXNAVIMAGE10_3E369F34_2.jpg,ROUND,YELLOW,10,ROUND_YELLOW,178,0,0,0,0,0,0,0,0,0,0,0,1
00378-6203-01_RXNAVIMAGE10_183E8C14_1.jpg,CAPSULE,RED,1,CAPSULE_RED,69,0,0,0,0,0,0,0,0,1,0,0,0
00378-6203-01_RXNAVIMAGE10_183E8C14_2.jpg,CAPSULE,RED,1,CAPSULE_RED,69,0,0,0,0,0,0,0,0,1,0,0,0
00093-4234-01_RXNAVIMAGE10_292D1488_1.jpg,ROUND,ORANGE,10,ROUND_ORANGE,166,0,0,0,0,0,1,0,0,0,0,0,0
00093-4234-01_RXNAVIMAGE10_292D1488_2.jpg,ROUND,ORANGE,10,ROUND_ORANGE,166,0,0,0,0,0,1,0,0,0,0,0,0
00093-8305-01_RXNAVIMAGE10_58472C29_1.jpg,OVAL,WHITE,7,OVAL_WHITE,139,0,0,0,0,0,0,0,0,0,0,1,0
00093-8305-01_RXNAVIMAGE10_58472C29_2.jpg,OVAL,WHITE,7,OVAL_WHITE,139,0,0,0,0,0,0,0,0,0,0,1,0
00006-9117-54_RXNAVIMAGE10_663F3329_1.jpg,SQUARE,BROWN,12,SQUARE_BROWN,182,0,0,1,0,0,0,0,0,0,0,0,0
00006-9117-54_RXNAVIMAGE10_663F3329_2.jpg,SQUARE,BROWN,12,SQUARE_BROWN,182,0,0,1,0,0,0,0,0,0,0,0,0
00093-7169-56_RXNAVIMAGE10_1F2B8FDC_1.jpg,OVAL,PINK,7,OVAL_PINK,133,0,0,0,0,0,0,1,0,0,0,0,0
00093-7169-56_RXNAVIMAGE10_1F2B8FDC_2.jpg,OVAL,PINK,7,OVAL_PINK,133,0,0,0,0,0,0,1,0,0,0,0,0
00378-0094-01_RXNAVIMAGE10_033A01F0_1.jpg,OVAL,PURPLE,7,OVAL_PURPLE,135,0,0,0,0,0,0,0,1,0,0,0,0
00378-0094-01_RXNAVIMAGE10_033A01F0_2.jpg,OVAL,PURPLE,7,OVAL_PURPLE,135,0,0,0,0,0,0,0,1,0,0,0,0
00093-7299-01_RXNAVIMAGE10_A33051F2_1.jpg,SQUARE,YELLOW,12,SQUARE_YELLOW,186,0,0,0,0,0,0,0,0,0,0,0,1
00093-7299-01_RXNAVIMAGE10_A33051F2_2.jpg,SQUARE,YELLOW,12,SQUARE_YELLOW,186,0,0,0,0,0,0,0,0,0,0,0,1
51991-0817-01_RXNAVIMAGE10_AD41568A_1.jpg,CAPSULE,WHITE,1,CAPSULE_WHITE,81,0,0,0,0,0,0,0,0,0,0,1,0
51991-0817-01_RXNAVIMAGE10_AD41568A_2.jpg,CAPSULE,WHITE,1,CAPSULE_WHITE,81,0,0,0,0,0,0,0,0,0,0,1,0
00603-0179-29_RXNAVIMAGE10_4E332709_1.jpg,ROUND,RED,10,ROUND_RED,172,0,0,0,0,0,0,0,0,1,0,0,0
00603-0179-29_RXNAVIMAGE10_4E332709_2.jpg,ROUND,RED,10,ROUND_RED,172,0,0,0,0,0,0,0,0,1,0,0,0
00603-5339-32_RXNAVIMAGE10_6612B345_1.jpg,ROUND,ORANGE,10,ROUND_ORANGE,166,0,0,0,0,0,1,0,0,0,0,0,0
00603-5339-32_RXNAVIMAGE10_6612B345_2.jpg,ROUND,ORANGE,10,ROUND_ORANGE,166,0,0,0,0,0,1,0,0,0,0,0,0
00591-3670-05_RXNAVIMAGE10_593C2CF1_1.jpg,OVAL,WHITE,7,OVAL_WHITE,139,0,0,0,0,0,0,0,0,0,0,1,0
00591-3670-05_RXNAVIMAGE10_593C2CF1_2.jpg,OVAL,WHITE,7,OVAL_WHITE,139,0,0,0,0,0,0,0,0,0,0,1,0
59762-2004-01_RXNAVIMAGE10_E61DF31F_1.jpg,CAPSULE,"BLUE, WHITE",1,"CAPSULE_BLUE, WHITE",16,0,1,0,0,0,0,0,0,0,0,1,0
59762-2004-01_RXNAVIMAGE10_E61DF31F_2.jpg,CAPSULE,"BLUE, WHITE",1,"CAPSULE_BLUE, WHITE",16,0,1,0,0,0,0,0,0,0,0,1,0
00093-1048-98_RXNAVIMAGE10_C029E06F_1.jpg,OVAL,WHITE,7,OVAL_WHITE,139,0,0,0,0,0,0,0,0,0,0,1,0
00093-1048-98_RXNAVIMAGE10_C029E06F_2.jpg,OVAL,WHITE,7,OVAL_WHITE,139,0,0,0,0,0,0,0,0,0,0,1,0
00054-0111-25_RXNAVIMAGE10_3D4A1ED0_1.jpg,ROUND,WHITE,10,ROUND_WHITE,174,0,0,0,0,0,0,0,0,0,0,1,0
00054-0111-25_RXNAVIMAGE10_3D4A1ED0_2.jpg,ROUND,WHITE,10,ROUND_WHITE,174,0,0,0,0,0,0,0,0,0,0,1,0
50111-0459-01_RXNAVIMAGE10_AA22D506_1.jpg,OVAL,WHITE,7,OVAL_WHITE,139,0,0,0,0,0,0,0,0,0,0,1,0
50111-0459-01_RXNAVIMAGE10_AA22D506_2.jpg,OVAL,WHITE,7,OVAL_WHITE,139,0,0,0,0,0,0,0,0,0,0,1,0
00185-5254-01_RXNAVIMAGE10_AD1FD6DE_1.jpg,CAPSULE,"BLACK, WHITE",1,"CAPSULE_BLACK, WHITE",5,1,0,0,0,0,0,0,0,0,0,1,0
00185-5254-01_RXNAVIMAGE10_AD1FD6DE_2.jpg,CAPSULE,"BLACK, WHITE",1,"CAPSULE_BLACK, WHITE",5,1,0,0,0,0,0,0,0,0,0,1,0
60505-3145-01_RXNAVIMAGE10_F13AF8E7_1.jpg,CAPSULE,WHITE,1,CAPSULE_WHITE,81,0,0,0,0,0,0,0,0,0,0,1,0
60505-3145-01_RXNAVIMAGE10_F13AF8E7_2.jpg,CAPSULE,WHITE,1,CAPSULE_WHITE,81,0,0,0,0,0,0,0,0,0,0,1,0
00378-8021-93_RXNAVIMAGE10_043B0218_1.jpg,CAPSULE,"PINK, ORANGE",1,"CAPSULE_PINK, ORANGE",56,0,0,0,0,0,1,1,0,0,0,0,0
00378-8021-93_RXNAVIMAGE10_043B0218_2.jpg,CAPSULE,"PINK, ORANGE",1,"CAPSULE_PINK, ORANGE",56,0,0,0,0,0,1,1,0,0,0,0,0
16714-0391-02_RXNAVIMAGE10_9A51CD0E_1.jpg,CAPSULE,"PURPLE, TURQUOISE",1,"CAPSULE_PURPLE, TURQUOISE",66,0,0,0,0,0,0,0,1,0,1,0,0
16714-0391-02_RXNAVIMAGE10_9A51CD0E_2.jpg,CAPSULE,"PURPLE, TURQUOISE",1,"CAPSULE_PURPLE, TURQUOISE",66,0,0,0,0,0,0,0,1,0,1,0,0
00093-5061-01_RXNAVIMAGE10_7C2D3E29_1.jpg,ROUND,WHITE,10,ROUND_WHITE,174,0,0,0,0,0,0,0,0,0,0,1,0
00093-5061-01_RXNAVIMAGE10_7C2D3E29_2.jpg,ROUND,WHITE,10,ROUND_WHITE,174,0,0,0,0,0,0,0,0,0,0,1,0
00093-0810-01_RXNAVIMAGE10_24231228_1.jpg,CAPSULE,"WHITE, ORANGE",1,"CAPSULE_WHITE, ORANGE",87,0,0,0,0,0,1,0,0,0,0,1,0
00093-0810-01_RXNAVIMAGE10_24231228_2.jpg,CAPSULE,"WHITE, ORANGE",1,"CAPSULE_WHITE, ORANGE",87,0,0,0,0,0,1,0,0,0,0,1,0
16252-0543-90_RXNAVIMAGE10_FC3F7E1B_1.jpg,ROUND,WHITE,10,ROUND_WHITE,174,0,0,0,0,0,0,0,0,0,0,1,0
16252-0543-90_RXNAVIMAGE10_FC3F7E1B_2.jpg,ROUND,WHITE,10,ROUND_WHITE,174,0,0,0,0,0,0,0,0,0,0,1,0
00597-0182-30_RXNAVIMAGE10_B34D598A_1.jpg,TRIANGLE,YELLOW,15,TRIANGLE_YELLOW,203,0,0,0,0,0,0,0,0,0,0,0,1
00597-0182-30_RXNAVIMAGE10_B34D598A_2.jpg,TRIANGLE,YELLOW,15,TRIANGLE_YELLOW,203,0,0,0,0,0,0,0,0,0,0,0,1
00002-3240-30_RXNAVIMAGE10_A91354BA_1.jpg,CAPSULE,"BLUE, WHITE",1,"CAPSULE_BLUE, WHITE",16,0,1,0,0,0,0,0,0,0,0,1,0
00002-3240-30_RXNAVIMAGE10_A91354BA_2.jpg,CAPSULE,"BLUE, WHITE",1,"CAPSULE_BLUE, WHITE",16,0,1,0,0,0,0,0,0,0,0,1,0
31722-0522-01_RXNAVIMAGE10_9E15CF0E_1.jpg,ROUND,ORANGE,10,ROUND_ORANGE,166,0,0,0,0,0,1,0,0,0,0,0,0
31722-0522-01_RXNAVIMAGE10_9E15CF0E_2.jpg,ROUND,ORANGE,10,ROUND_ORANGE,166,0,0,0,0,0,1,0,0,0,0,0,0
00006-0960-54_RXNAVIMAGE10_C31361AB_1.jpg,TEAR,WHITE,13,TEAR_WHITE,192,0,0,0,0,0,0,0,0,0,0,1,0
00006-0960-54_RXNAVIMAGE10_C31361AB_2.jpg,TEAR,WHITE,13,TEAR_WHITE,192,0,0,0,0,0,0,0,0,0,0,1,0
50111-0918-01_RXNAVIMAGE10_5935ACFD_1.jpg,OVAL,WHITE,7,OVAL_WHITE,139,0,0,0,0,0,0,0,0,0,0,1,0
50111-0918-01_RXNAVIMAGE10_5935ACFD_2.jpg,OVAL,WHITE,7,OVAL_WHITE,139,0,0,0,0,0,0,0,0,0,0,1,0
00056-0168-70_RXNAVIMAGE10_A013500A_1.jpg,ROUND,BLUE,10,ROUND_BLUE,160,0,1,0,0,0,0,0,0,0,0,0,0
00056-0168-70_RXNAVIMAGE10_A013500A_2.jpg,ROUND,BLUE,10,ROUND_BLUE,160,0,1,0,0,0,0,0,0,0,0,0,0
65597-0115-90_RXNAVIMAGE10_1F1D8FEC_1.jpg,ROUND,YELLOW,10,ROUND_YELLOW,178,0,0,0,0,0,0,0,0,0,0,0,1
65597-0115-90_RXNAVIMAGE10_1F1D8FEC_2.jpg,ROUND,YELLOW,10,ROUND_YELLOW,178,0,0,0,0,0,0,0,0,0,0,0,1
00173-0760-60_RXNAVIMAGE10_011980CC_1.jpg,ROUND,"ORANGE, WHITE",10,"ROUND_ORANGE, WHITE",167,0,0,0,0,0,1,0,0,0,0,1,0
00173-0760-60_RXNAVIMAGE10_011980CC_2.jpg,ROUND,"ORANGE, WHITE",10,"ROUND_ORANGE, WHITE",167,0,0,0,0,0,1,0,0,0,0,1,0
00054-0289-13_RXNAVIMAGE10_D550EAE7_1.jpg,ROUND,PINK,10,ROUND_PINK,168,0,0,0,0,0,0,1,0,0,0,0,0
00054-0289-13_RXNAVIMAGE10_D550EAE7_2.jpg,ROUND,PINK,10,ROUND_PINK,168,0,0,0,0,0,0,1,0,0,0,0,0
00955-1037-10_RXNAVIMAGE10_BE44DF06_1.jpg,OVAL,YELLOW,7,OVAL_YELLOW,145,0,0,0,0,0,0,0,0,0,0,0,1
00955-1037-10_RXNAVIMAGE10_BE44DF06_2.jpg,OVAL,YELLOW,7,OVAL_YELLOW,145,0,0,0,0,0,0,0,0,0,0,0,1
00172-4364-60_RXNAVIMAGE10_C527E2FF_1.jpg,ROUND,YELLOW,10,ROUND_YELLOW,178,0,0,0,0,0,0,0,0,0,0,0,1
00172-4364-60_RXNAVIMAGE10_C527E2FF_2.jpg,ROUND,YELLOW,10,ROUND_YELLOW,178,0,0,0,0,0,0,0,0,0,0,0,1
51660-0142-90_RXNAVIMAGE10_023F0118_1.jpg,OVAL,PINK,7,OVAL_PINK,133,0,0,0,0,0,0,1,0,0,0,0,0
51660-0142-90_RXNAVIMAGE10_023F0118_2.jpg,OVAL,PINK,7,OVAL_PINK,133,0,0,0,0,0,0,1,0,0,0,0,0
62756-0519-13_RXNAVIMAGE10_973FCBCE_1.jpg,OVAL,BLUE,7,OVAL_BLUE,123,0,1,0,0,0,0,0,0,0,0,0,0
62756-0519-13_RXNAVIMAGE10_973FCBCE_2.jpg,OVAL,BLUE,7,OVAL_BLUE,123,0,1,0,0,0,0,0,0,0,0,0,0
00093-5963-01_RXNAVIMAGE10_CD43E6FF_1.jpg,OVAL,WHITE,7,OVAL_WHITE,139,0,0,0,0,0,0,0,0,0,0,1,0
00093-5963-01_RXNAVIMAGE10_CD43E6FF_2.jpg,OVAL,WHITE,7,OVAL_WHITE,139,0,0,0,0,0,0,0,0,0,0,1,0
47335-0637-68_RXNAVIMAGE10_47462391_1.jpg,ROUND,WHITE,10,ROUND_WHITE,174,0,0,0,0,0,0,0,0,0,0,1,0
47335-0637-68_RXNAVIMAGE10_47462391_2.jpg,ROUND,WHITE,10,ROUND_WHITE,174,0,0,0,0,0,0,0,0,0,0,1,0
53746-0253-01_RXNAVIMAGE10_B032D876_1.jpg,ROUND,ORANGE,10,ROUND_ORANGE,166,0,0,0,0,0,1,0,0,0,0,0,0
53746-0253-01_RXNAVIMAGE10_B032D876_2.jpg,ROUND,ORANGE,10,ROUND_ORANGE,166,0,0,0,0,0,1,0,0,0,0,0,0
00173-0756-00_RXNAVIMAGE10_4F3E27C1_1.jpg,ROUND,"ORANGE, WHITE",10,"ROUND_ORANGE, WHITE",167,0,0,0,0,0,1,0,0,0,0,1,0
00173-0756-00_RXNAVIMAGE10_4F3E27C1_2.jpg,ROUND,"ORANGE, WHITE",10,"ROUND_ORANGE, WHITE",167,0,0,0,0,0,1,0,0,0,0,1,0
16729-0140-16_RXNAVIMAGE10_B13B58EA_1.jpg,ROUND,WHITE,10,ROUND_WHITE,174,0,0,0,0,0,0,0,0,0,0,1,0
16729-0140-16_RXNAVIMAGE10_B13B58EA_2.jpg,ROUND,WHITE,10,ROUND_WHITE,174,0,0,0,0,0,0,0,0,0,0,1,0
59762-0811-01_RXNAVIMAGE10_F740FB97_1.jpg,ROUND,BLUE,10,ROUND_BLUE,160,0,1,0,0,0,0,0,0,0,0,0,0
59762-0811-01_RXNAVIMAGE10_F740FB97_2.jpg,ROUND,BLUE,10,ROUND_BLUE,160,0,1,0,0,0,0,0,0,0,0,0,0
16714-0611-04_RXNAVIMAGE10_8F4E47A2_1.jpg,OVAL,GREEN,7,OVAL_GREEN,129,0,0,0,0,1,0,0,0,0,0,0,0
16714-0611-04_RXNAVIMAGE10_8F4E47A2_2.jpg,OVAL,GREEN,7,OVAL_GREEN,129,0,0,0,0,1,0,0,0,0,0,0,0
00093-7147-56_RXNAVIMAGE10_432BA1DD_1.jpg,OVAL,WHITE,7,OVAL_WHITE,139,0,0,0,0,0,0,0,0,0,0,1,0
00093-7147-56_RXNAVIMAGE10_432BA1DD_2.jpg,OVAL,WHITE,7,OVAL_WHITE,139,0,0,0,0,0,0,0,0,0,0,1,0
33342-0054-10_RXNAVIMAGE10_804EC016_1.jpg,ROUND,WHITE,10,ROUND_WHITE,174,0,0,0,0,0,0,0,0,0,0,1,0
33342-0054-10_RXNAVIMAGE10_804EC016_2.jpg,ROUND,WHITE,10,ROUND_WHITE,174,0,0,0,0,0,0,0,0,0,0,1,0
00054-0037-21_RXNAVIMAGE10_BD1B5EBA_1.jpg,OVAL,WHITE,7,OVAL_WHITE,139,0,0,0,0,0,0,0,0,0,0,1,0
00054-0037-21_RXNAVIMAGE10_BD1B5EBA_2.jpg,OVAL,WHITE,7,OVAL_WHITE,139,0,0,0,0,0,0,0,0,0,0,1,0
60258-0186-01_RXNAVIMAGE10_4B15A5CD_1.jpg,CAPSULE,BROWN,1,CAPSULE_BROWN,18,0,0,1,0,0,0,0,0,0,0,0,0
60258-0186-01_RXNAVIMAGE10_4B15A5CD_2.jpg,CAPSULE,BROWN,1,CAPSULE_BROWN,18,0,0,1,0,0,0,0,0,0,0,0,0
55111-0725-30_RXNAVIMAGE10_9F3A4FC2_1.jpg,SQUARE,BROWN,12,SQUARE_BROWN,182,0,0,1,0,0,0,0,0,0,0,0,0
55111-0725-30_RXNAVIMAGE10_9F3A4FC2_2.jpg,SQUARE,BROWN,12,SQUARE_BROWN,182,0,0,1,0,0,0,0,0,0,0,0,0
00187-0799-42_RXNAVIMAGE10_E639737B_1.jpg,CAPSULE,"BLUE, WHITE",1,"CAPSULE_BLUE, WHITE",16,0,1,0,0,0,0,0,0,0,0,1,0
00187-0799-42_RXNAVIMAGE10_E639737B_2.jpg,CAPSULE,"BLUE, WHITE",1,"CAPSULE_BLUE, WHITE",16,0,1,0,0,0,0,0,0,0,0,1,0
00093-0011-98_RXNAVIMAGE10_2829944C_1.jpg,OVAL,YELLOW,7,OVAL_YELLOW,145,0,0,0,0,0,0,0,0,0,0,0,1
00093-0011-98_RXNAVIMAGE10_2829944C_2.jpg,OVAL,YELLOW,7,OVAL_YELLOW,145,0,0,0,0,0,0,0,0,0,0,0,1
00378-3205-01_RXNAVIMAGE10_B41C5A52_1.jpg,CAPSULE,"BLUE, BROWN",1,"CAPSULE_BLUE, BROWN",9,0,1,1,0,0,0,0,0,0,0,0,0
00378-3205-01_RXNAVIMAGE10_B41C5A52_2.jpg,CAPSULE,"BLUE, BROWN",1,"CAPSULE_BLUE, BROWN",9,0,1,1,0,0,0,0,0,0,0,0,0
52544-0940-28_RXNAVIMAGE10_BB3ADDB6_1.jpg,ROUND,BLUE,10,ROUND_BLUE,160,0,1,0,0,0,0,0,0,0,0,0,0
52544-0940-28_RXNAVIMAGE10_BB3ADDB6_2.jpg,ROUND,BLUE,10,ROUND_BLUE,160,0,1,0,0,0,0,0,0,0,0,0,0
00093-7182-01_RXNAVIMAGE10_362B9B4C_1.jpg,OVAL,YELLOW,7,OVAL_YELLOW,145,0,0,0,0,0,0,0,0,0,0,0,1
00093-7182-01_RXNAVIMAGE10_362B9B4C_2.jpg,OVAL,YELLOW,7,OVAL_YELLOW,145,0,0,0,0,0,0,0,0,0,0,0,1
00054-0044-21_RXNAVIMAGE10_C83FE45F_1.jpg,ROUND,WHITE,10,ROUND_WHITE,174,0,0,0,0,0,0,0,0,0,0,1,0
00054-0044-21_RXNAVIMAGE10_C83FE45F_2.jpg,ROUND,WHITE,10,ROUND_WHITE,174,0,0,0,0,0,0,0,0,0,0,1,0
00228-2579-03_RXNAVIMAGE10_DF34EFF7_1.jpg,CAPSULE,"GREEN, GRAY",1,"CAPSULE_GREEN, GRAY",36,0,0,0,1,1,0,0,0,0,0,0,0
00228-2579-03_RXNAVIMAGE10_DF34EFF7_2.jpg,CAPSULE,"GREEN, GRAY",1,"CAPSULE_GREEN, GRAY",36,0,0,0,1,1,0,0,0,0,0,0,0
51079-0941-05_RXNAVIMAGE10_D533EAFF_1.jpg,ROUND,WHITE,10,ROUND_WHITE,174,0,0,0,0,0,0,0,0,0,0,1,0
51079-0941-05_RXNAVIMAGE10_D533EAFF_2.jpg,ROUND,WHITE,10,ROUND_WHITE,174,0,0,0,0,0,0,0,0,0,0,1,0
63824-0057-36_RXNAVIMAGE10_16468B44_1.jpg,OVAL,"ORANGE, WHITE",7,"OVAL_ORANGE, WHITE",131,0,0,0,0,0,1,0,0,0,0,1,0
63824-0057-36_RXNAVIMAGE10_16468B44_2.jpg,OVAL,"ORANGE, WHITE",7,"OVAL_ORANGE, WHITE",131,0,0,0,0,0,1,0,0,0,0,1,0
65862-0357-90_RXNAVIMAGE10_E94DF49F_1.jpg,ROUND,PINK,10,ROUND_PINK,168,0,0,0,0,0,0,1,0,0,0,0,0
65862-0357-90_RXNAVIMAGE10_E94DF49F_2.jpg,ROUND,PINK,10,ROUND_PINK,168,0,0,0,0,0,0,1,0,0,0,0,0
00378-6897-01_RXNAVIMAGE10_834D41BA_1.jpg,CAPSULE,"PURPLE, ORANGE",1,"CAPSULE_PURPLE, ORANGE",63,0,0,0,0,0,1,0,1,0,0,0,0
00378-6897-01_RXNAVIMAGE10_834D41BA_2.jpg,CAPSULE,"PURPLE, ORANGE",1,"CAPSULE_PURPLE, ORANGE",63,0,0,0,0,0,1,0,1,0,0,0,0
00093-7569-56_RXNAVIMAGE10_2F4397AC_1.jpg,OVAL,BLUE,7,OVAL_BLUE,123,0,1,0,0,0,0,0,0,0,0,0,0
00093-7569-56_RXNAVIMAGE10_2F4397AC_2.jpg,OVAL,BLUE,7,OVAL_BLUE,123,0,1,0,0,0,0,0,0,0,0,0,0
64380-0759-06_RXNAVIMAGE10_964ECB26_1.jpg,ROUND,WHITE,10,ROUND_WHITE,174,0,0,0,0,0,0,0,0,0,0,1,0
64380-0759-06_RXNAVIMAGE10_964ECB26_2.jpg,ROUND,WHITE,10,ROUND_WHITE,174,0,0,0,0,0,0,0,0,0,0,1,0
65862-0052-30_RXNAVIMAGE10_E522F2D7_1.jpg,ROUND,PINK,10,ROUND_PINK,168,0,0,0,0,0,0,1,0,0,0,0,0
65862-0052-30_RXNAVIMAGE10_E522F2D7_2.jpg,ROUND,PINK,10,ROUND_PINK,168,0,0,0,0,0,0,1,0,0,0,0,0
00456-3428-33_RXNAVIMAGE10_71493899_1.jpg,CAPSULE,GREEN,1,CAPSULE_GREEN,32,0,0,0,0,1,0,0,0,0,0,0,0
00456-3428-33_RXNAVIMAGE10_71493899_2.jpg,CAPSULE,GREEN,1,CAPSULE_GREEN,32,0,0,0,0,1,0,0,0,0,0,0,0
00832-1082-00_RXNAVIMAGE10_3B399DAC_1.jpg,ROUND,WHITE,10,ROUND_WHITE,174,0,0,0,0,0,0,0,0,0,0,1,0
00832-1082-00_RXNAVIMAGE10_3B399DAC_2.jpg,ROUND,WHITE,10,ROUND_WHITE,174,0,0,0,0,0,0,0,0,0,0,1,0
52544-0913-01_RXNAVIMAGE10_AB1B558A_1.jpg,OVAL,"WHITE, ORANGE",7,"OVAL_WHITE, ORANGE",142,0,0,0,0,0,1,0,0,0,0,1,0
52544-0913-01_RXNAVIMAGE10_AB1B558A_2.jpg,OVAL,"WHITE, ORANGE",7,"OVAL_WHITE, ORANGE",142,0,0,0,0,0,1,0,0,0,0,1,0
21130-0450-08_RXNAVIMAGE10_B4385A62_1.jpg,ROUND,PINK,10,ROUND_PINK,168,0,0,0,0,0,0,1,0,0,0,0,0
21130-0450-08_RXNAVIMAGE10_B4385A62_2.jpg,ROUND,PINK,10,ROUND_PINK,168,0,0,0,0,0,0,1,0,0,0,0,0
00378-1134-01_RXNAVIMAGE10_DC3EEE57_1.jpg,ROUND,WHITE,10,ROUND_WHITE,174,0,0,0,0,0,0,0,0,0,0,1,0
00378-1134-01_RXNAVIMAGE10_DC3EEE57_2.jpg,ROUND,WHITE,10,ROUND_WHITE,174,0,0,0,0,0,0,0,0,0,0,1,0
00169-0082-81_RXNAVIMAGE10_FD417EDB_1.jpg,ROUND,YELLOW,10,ROUND_YELLOW,178,0,0,0,0,0,0,0,0,0,0,0,1
00169-0082-81_RXNAVIMAGE10_FD417EDB_2.jpg,ROUND,YELLOW,10,ROUND_YELLOW,178,0,0,0,0,0,0,0,0,0,0,0,1
00555-9010-58_RXNAVIMAGE10_372F9B8C_1.jpg,ROUND,YELLOW,10,ROUND_YELLOW,178,0,0,0,0,0,0,0,0,0,0,0,1
00555-9010-58_RXNAVIMAGE10_372F9B8C_2.jpg,ROUND,YELLOW,10,ROUND_YELLOW,178,0,0,0,0,0,0,0,0,0,0,0,1
00555-0832-02_RXNAVIMAGE10_94214A4A_1.jpg,OVAL,GREEN,7,OVAL_GREEN,129,0,0,0,0,1,0,0,0,0,0,0,0
00555-0832-02_RXNAVIMAGE10_94214A4A_2.jpg,OVAL,GREEN,7,OVAL_GREEN,129,0,0,0,0,1,0,0,0,0,0,0,0
00591-5695-50_RXNAVIMAGE10_CA3BE55F_1.jpg,CAPSULE,"GRAY, YELLOW",1,"CAPSULE_GRAY, YELLOW",31,0,0,0,1,0,0,0,0,0,0,0,1
00591-5695-50_RXNAVIMAGE10_CA3BE55F_2.jpg,CAPSULE,"GRAY, YELLOW",1,"CAPSULE_GRAY, YELLOW",31,0,0,0,1,0,0,0,0,0,0,0,1
00378-1105-01_RXNAVIMAGE10_D822EC47_1.jpg,ROUND,WHITE,10,ROUND_WHITE,174,0,0,0,0,0,0,0,0,0,0,1,0
00378-1105-01_RXNAVIMAGE10_D822EC47_2.jpg,ROUND,WHITE,10,ROUND_WHITE,174,0,0,0,0,0,0,0,0,0,0,1,0
50419-0405-01_RXNAVIMAGE10_BE195F3A_1.jpg,ROUND,PINK,10,ROUND_PINK,168,0,0,0,0,0,0,1,0,0,0,0,0
50419-0405-01_RXNAVIMAGE10_BE195F3A_2.jpg,ROUND,PINK,10,ROUND_PINK,168,0,0,0,0,0,0,1,0,0,0,0,0
00009-0331-02_RXNAVIMAGE10_070803D0_1.jpg,CAPSULE,GREEN,1,CAPSULE_GREEN,32,0,0,0,0,1,0,0,0,0,0,0,0
00009-0331-02_RXNAVIMAGE10_070803D0_2.jpg,CAPSULE,GREEN,1,CAPSULE_GREEN,32,0,0,0,0,1,0,0,0,0,0,0,0
00093-5712-05_RXNAVIMAGE10_6807B45D_1.jpg,OVAL,YELLOW,7,OVAL_YELLOW,145,0,0,0,0,0,0,0,0,0,0,0,1
00093-5712-05_RXNAVIMAGE10_6807B45D_2.jpg,OVAL,YELLOW,7,OVAL_YELLOW,145,0,0,0,0,0,0,0,0,0,0,0,1
00555-1054-86_RXNAVIMAGE10_D5306AE3_1.jpg,CAPSULE,GRAY,1,CAPSULE_GRAY,22,0,0,0,1,0,0,0,0,0,0,0,0
00555-1054-86_RXNAVIMAGE10_D5306AE3_2.jpg,CAPSULE,GRAY,1,CAPSULE_GRAY,22,0,0,0,1,0,0,0,0,0,0,0,0
65862-0054-30_RXNAVIMAGE10_C12160FB_1.jpg,OVAL,PINK,7,OVAL_PINK,133,0,0,0,0,0,0,1,0,0,0,0,0
65862-0054-30_RXNAVIMAGE10_C12160FB_2.jpg,OVAL,PINK,7,OVAL_PINK,133,0,0,0,0,0,0,1,0,0,0,0,0
00054-0112-25_RXNAVIMAGE10_6546B2A5_1.jpg,ROUND,WHITE,10,ROUND_WHITE,174,0,0,0,0,0,0,0,0,0,0,1,0
00054-0112-25_RXNAVIMAGE10_6546B2A5_2.jpg,ROUND,WHITE,10,ROUND_WHITE,174,0,0,0,0,0,0,0,0,0,0,1,0
60505-2518-03_RXNAVIMAGE10_F8347C73_1.jpg,OVAL,ORANGE,7,OVAL_ORANGE,130,0,0,0,0,0,1,0,0,0,0,0,0
60505-2518-03_RXNAVIMAGE10_F8347C73_2.jpg,OVAL,ORANGE,7,OVAL_ORANGE,130,0,0,0,0,0,1,0,0,0,0,0,0
60505-2648-07_RXNAVIMAGE10_853CC2F6_1.jpg,CAPSULE,BLUE,1,CAPSULE_BLUE,7,0,1,0,0,0,0,0,0,0,0,0,0
60505-2648-07_RXNAVIMAGE10_853CC2F6_2.jpg,CAPSULE,BLUE,1,CAPSULE_BLUE,7,0,1,0,0,0,0,0,0,0,0,0,0
00378-1721-93_RXNAVIMAGE10_DB48ED97_1.jpg,OVAL,ORANGE,7,OVAL_ORANGE,130,0,0,0,0,0,1,0,0,0,0,0,0
00378-1721-93_RXNAVIMAGE10_DB48ED97_2.jpg,OVAL,ORANGE,7,OVAL_ORANGE,130,0,0,0,0,0,1,0,0,0,0,0,0
00093-0948-01_RXNAVIMAGE10_272B1388_1.jpg,ROUND,ORANGE,10,ROUND_ORANGE,166,0,0,0,0,0,1,0,0,0,0,0,0
00093-0948-01_RXNAVIMAGE10_272B1388_2.jpg,ROUND,ORANGE,10,ROUND_ORANGE,166,0,0,0,0,0,1,0,0,0,0,0,0
76439-0308-10_RXNAVIMAGE10_5C3DAE1D_1.jpg,ROUND,WHITE,10,ROUND_WHITE,174,0,0,0,0,0,0,0,0,0,0,1,0
76439-0308-10_RXNAVIMAGE10_5C3DAE1D_2.jpg,ROUND,WHITE,10,ROUND_WHITE,174,0,0,0,0,0,0,0,0,0,0,1,0
00781-2248-01_RXNAVIMAGE10_3245996C_1.jpg,CAPSULE,BLUE,1,CAPSULE_BLUE,7,0,1,0,0,0,0,0,0,0,0,0,0
00781-2248-01_RXNAVIMAGE10_3245996C_2.jpg,CAPSULE,BLUE,1,CAPSULE_BLUE,7,0,1,0,0,0,0,0,0,0,0,0,0
00781-1966-01_RXNAVIMAGE10_B5265AE2_1.jpg,ROUND,WHITE,10,ROUND_WHITE,174,0,0,0,0,0,0,0,0,0,0,1,0
00781-1966-01_RXNAVIMAGE10_B5265AE2_2.jpg,ROUND,WHITE,10,ROUND_WHITE,174,0,0,0,0,0,0,0,0,0,0,1,0
00228-2780-11_RXNAVIMAGE10_0B2685A4_1.jpg,CAPSULE,"YELLOW, GRAY",1,"CAPSULE_YELLOW, GRAY",97,0,0,0,1,0,0,0,0,0,0,0,1
00228-2780-11_RXNAVIMAGE10_0B2685A4_2.jpg,CAPSULE,"YELLOW, GRAY",1,"CAPSULE_YELLOW, GRAY",97,0,0,0,1,0,0,0,0,0,0,0,1
00093-7240-06_RXNAVIMAGE10_7F293FE9_1.jpg,ROUND,WHITE,10,ROUND_WHITE,174,0,0,0,0,0,0,0,0,0,0,1,0
00093-7240-06_RXNAVIMAGE10_7F293FE9_2.jpg,ROUND,WHITE,10,ROUND_WHITE,174,0,0,0,0,0,0,0,0,0,0,1,0
00527-1335-01_RXNAVIMAGE10_D0346803_1.jpg,ROUND,YELLOW,10,ROUND_YELLOW,178,0,0,0,0,0,0,0,0,0,0,0,1
00527-1335-01_RXNAVIMAGE10_D0346803_2.jpg,ROUND,YELLOW,10,ROUND_YELLOW,178,0,0,0,0,0,0,0,0,0,0,0,1
00093-5268-01_RXNAVIMAGE10_16428B54_1.jpg,CAPSULE,"WHITE, TURQUOISE",1,"CAPSULE_WHITE, TURQUOISE",91,0,0,0,0,0,0,0,0,0,1,1,0
00093-5268-01_RXNAVIMAGE10_16428B54_2.jpg,CAPSULE,"WHITE, TURQUOISE",1,"CAPSULE_WHITE, TURQUOISE",91,0,0,0,0,0,0,0,0,0,1,1,0
16252-0590-99_RXNAVIMAGE10_2B2015D0_1.jpg,ROUND,WHITE,10,ROUND_WHITE,174,0,0,0,0,0,0,0,0,0,0,1,0
16252-0590-99_RXNAVIMAGE10_2B2015D0_2.jpg,ROUND,WHITE,10,ROUND_WHITE,174,0,0,0,0,0,0,0,0,0,0,1,0
60505-3111-03_RXNAVIMAGE10_234611C0_1.jpg,ROUND,WHITE,10,ROUND_WHITE,174,0,0,0,0,0,0,0,0,0,0,1,0
60505-3111-03_RXNAVIMAGE10_234611C0_2.jpg,ROUND,WHITE,10,ROUND_WHITE,174,0,0,0,0,0,0,0,0,0,0,1,0
00378-2097-01_RXNAVIMAGE10_DE3BEF7F_1.jpg,ROUND,YELLOW,10,ROUND_YELLOW,178,0,0,0,0,0,0,0,0,0,0,0,1
00378-2097-01_RXNAVIMAGE10_DE3BEF7F_2.jpg,ROUND,YELLOW,10,ROUND_YELLOW,178,0,0,0,0,0,0,0,0,0,0,0,1
00591-2226-01_RXNAVIMAGE10_9B054DAA_1.jpg,OVAL,WHITE,7,OVAL_WHITE,139,0,0,0,0,0,0,0,0,0,0,1,0
00591-2226-01_RXNAVIMAGE10_9B054DAA_2.jpg,OVAL,WHITE,7,OVAL_WHITE,139,0,0,0,0,0,0,0,0,0,0,1,0
00173-0824-18_RXNAVIMAGE10_DD196EFB_1.jpg,CAPSULE,WHITE,1,CAPSULE_WHITE,81,0,0,0,0,0,0,0,0,0,0,1,0
00173-0824-18_RXNAVIMAGE10_DD196EFB_2.jpg,CAPSULE,WHITE,1,CAPSULE_WHITE,81,0,0,0,0,0,0,0,0,0,0,1,0
57844-0009-01_RXNAVIMAGE10_95354ABA_1.jpg,OVAL,"BLUE, WHITE",7,"OVAL_BLUE, WHITE",124,0,1,0,0,0,0,0,0,0,0,1,0
57844-0009-01_RXNAVIMAGE10_95354ABA_2.jpg,OVAL,"BLUE, WHITE",7,"OVAL_BLUE, WHITE",124,0,1,0,0,0,0,0,0,0,0,1,0
51672-4032-01_RXNAVIMAGE10_E52672E3_1.jpg,OVAL,ORANGE,7,OVAL_ORANGE,130,0,0,0,0,0,1,0,0,0,0,0,0
51672-4032-01_RXNAVIMAGE10_E52672E3_2.jpg,OVAL,ORANGE,7,OVAL_ORANGE,130,0,0,0,0,0,1,0,0,0,0,0,0
51079-0584-20_RXNAVIMAGE10_3B351DB8_1.jpg,CAPSULE,BROWN,1,CAPSULE_BROWN,18,0,0,1,0,0,0,0,0,0,0,0,0
51079-0584-20_RXNAVIMAGE10_3B351DB8_2.jpg,CAPSULE,BROWN,1,CAPSULE_BROWN,18,0,0,1,0,0,0,0,0,0,0,0,0
16110-0259-04_RXNAVIMAGE10_4515A2CD_1.jpg,CAPSULE,"BROWN, YELLOW",1,"CAPSULE_BROWN, YELLOW",21,0,0,1,0,0,0,0,0,0,0,0,1
16110-0259-04_RXNAVIMAGE10_4515A2CD_2.jpg,CAPSULE,"BROWN, YELLOW",1,"CAPSULE_BROWN, YELLOW",21,0,0,1,0,0,0,0,0,0,0,0,1
00603-3900-21_RXNAVIMAGE10_EB07758B_1.jpg,ROUND,WHITE,10,ROUND_WHITE,174,0,0,0,0,0,0,0,0,0,0,1,0
00603-3900-21_RXNAVIMAGE10_EB07758B_2.jpg,ROUND,WHITE,10,ROUND_WHITE,174,0,0,0,0,0,0,0,0,0,0,1,0
00378-2675-01_RXNAVIMAGE10_E52372EB_1.jpg,ROUND,BLUE,10,ROUND_BLUE,160,0,1,0,0,0,0,0,0,0,0,0,0
00378-2675-01_RXNAVIMAGE10_E52372EB_2.jpg,ROUND,BLUE,10,ROUND_BLUE,160,0,1,0,0,0,0,0,0,0,0,0,0
00093-5062-05_RXNAVIMAGE10_942D4A5A_1.jpg,ROUND,WHITE,10,ROUND_WHITE,174,0,0,0,0,0,0,0,0,0,0,1,0
00093-5062-05_RXNAVIMAGE10_942D4A5A_2.jpg,ROUND,WHITE,10,ROUND_WHITE,174,0,0,0,0,0,0,0,0,0,0,1,0
53489-0517-01_RXNAVIMAGE10_CF126783_1.jpg,ROUND,WHITE,10,ROUND_WHITE,174,0,0,0,0,0,0,0,0,0,0,1,0
53489-0517-01_RXNAVIMAGE10_CF126783_2.jpg,ROUND,WHITE,10,ROUND_WHITE,174,0,0,0,0,0,0,0,0,0,0,1,0
53746-0112-05_RXNAVIMAGE10_B915DCBE_1.jpg,OVAL,WHITE,7,OVAL_WHITE,139,0,0,0,0,0,0,0,0,0,0,1,0
53746-0112-05_RXNAVIMAGE10_B915DCBE_2.jpg,OVAL,WHITE,7,OVAL_WHITE,139,0,0,0,0,0,0,0,0,0,0,1,0
65862-0082-05_RXNAVIMAGE10_00468004_1.jpg,OVAL,YELLOW,7,OVAL_YELLOW,145,0,0,0,0,0,0,0,0,0,0,0,1
65862-0082-05_RXNAVIMAGE10_00468004_2.jpg,OVAL,YELLOW,7,OVAL_YELLOW,145,0,0,0,0,0,0,0,0,0,0,0,1
00555-9028-58_RXNAVIMAGE10_642FB23D_1.jpg,ROUND,PINK,10,ROUND_PINK,168,0,0,0,0,0,0,1,0,0,0,0,0
00555-9028-58_RXNAVIMAGE10_642FB23D_2.jpg,ROUND,PINK,10,ROUND_PINK,168,0,0,0,0,0,0,1,0,0,0,0,0
00555-0285-02_RXNAVIMAGE10_F52B7AAB_1.jpg,ROUND,WHITE,10,ROUND_WHITE,174,0,0,0,0,0,0,0,0,0,0,1,0
00555-0285-02_RXNAVIMAGE10_F52B7AAB_2.jpg,ROUND,WHITE,10,ROUND_WHITE,174,0,0,0,0,0,0,0,0,0,0,1,0
49884-0257-01_RXNAVIMAGE10_2B4A15D0_1.jpg,ROUND,WHITE,10,ROUND_WHITE,174,0,0,0,0,0,0,0,0,0,0,1,0
49884-0257-01_RXNAVIMAGE10_2B4A15D0_2.jpg,ROUND,WHITE,10,ROUND_WHITE,174,0,0,0,0,0,0,0,0,0,0,1,0
57664-0506-58_RXNAVIMAGE10_1C090E48_1.jpg,ROUND,WHITE,10,ROUND_WHITE,174,0,0,0,0,0,0,0,0,0,0,1,0
57664-0506-58_RXNAVIMAGE10_1C090E48_2.jpg,ROUND,WHITE,10,ROUND_WHITE,174,0,0,0,0,0,0,0,0,0,0,1,0
63304-0763-01_RXNAVIMAGE10_19210CF8_1.jpg,OVAL,PINK,7,OVAL_PINK,133,0,0,0,0,0,0,1,0,0,0,0,0
63304-0763-01_RXNAVIMAGE10_19210CF8_2.jpg,OVAL,PINK,7,OVAL_PINK,133,0,0,0,0,0,0,1,0,0,0,0,0
00054-2531-25_RXNAVIMAGE10_353D9ACC_1.jpg,CAPSULE,"WHITE, PINK",1,"CAPSULE_WHITE, PINK",88,0,0,0,0,0,0,1,0,0,0,1,0
00054-2531-25_RXNAVIMAGE10_353D9ACC_2.jpg,CAPSULE,"WHITE, PINK",1,"CAPSULE_WHITE, PINK",88,0,0,0,0,0,0,1,0,0,0,1,0
00781-2233-01_RXNAVIMAGE10_70493869_1.jpg,CAPSULE,WHITE,1,CAPSULE_WHITE,81,0,0,0,0,0,0,0,0,0,0,1,0
00781-2233-01_RXNAVIMAGE10_70493869_2.jpg,CAPSULE,WHITE,1,CAPSULE_WHITE,81,0,0,0,0,0,0,0,0,0,0,1,0
23155-0027-01_RXNAVIMAGE10_364D1B78_1.jpg,ROUND,WHITE,10,ROUND_WHITE,174,0,0,0,0,0,0,0,0,0,0,1,0
23155-0027-01_RXNAVIMAGE10_364D1B78_2.jpg,ROUND,WHITE,10,ROUND_WHITE,174,0,0,0,0,0,0,0,0,0,0,1,0
43598-0316-30_RXNAVIMAGE10_F63FFB6F_1.jpg,OVAL,WHITE,7,OVAL_WHITE,139,0,0,0,0,0,0,0,0,0,0,1,0
43598-0316-30_RXNAVIMAGE10_F63FFB6F_2.jpg,OVAL,WHITE,7,OVAL_WHITE,139,0,0,0,0,0,0,0,0,0,0,1,0
00007-4883-13_RXNAVIMAGE10_DB18ED97_1.jpg,OVAL,WHITE,7,OVAL_WHITE,139,0,0,0,0,0,0,0,0,0,0,1,0
00007-4883-13_RXNAVIMAGE10_DB18ED97_2.jpg,OVAL,WHITE,7,OVAL_WHITE,139,0,0,0,0,0,0,0,0,0,0,1,0
62175-0485-37_RXNAVIMAGE10_9012C816_1.jpg,CAPSULE,"WHITE, PURPLE",1,"CAPSULE_WHITE, PURPLE",89,0,0,0,0,0,0,0,1,0,0,1,0
62175-0485-37_RXNAVIMAGE10_9012C816_2.jpg,CAPSULE,"WHITE, PURPLE",1,"CAPSULE_WHITE, PURPLE",89,0,0,0,0,0,0,0,1,0,0,1,0
00093-9364-01_RXNAVIMAGE10_9A394D0A_1.jpg,OVAL,BLUE,7,OVAL_BLUE,123,0,1,0,0,0,0,0,0,0,0,0,0
00093-9364-01_RXNAVIMAGE10_9A394D0A_2.jpg,OVAL,BLUE,7,OVAL_BLUE,123,0,1,0,0,0,0,0,0,0,0,0,0
55111-0281-30_RXNAVIMAGE10_3C161E20_1.jpg,OVAL,YELLOW,7,OVAL_YELLOW,145,0,0,0,0,0,0,0,0,0,0,0,1
55111-0281-30_RXNAVIMAGE10_3C161E20_2.jpg,OVAL,YELLOW,7,OVAL_YELLOW,145,0,0,0,0,0,0,0,0,0,0,0,1
23155-0143-01_RXNAVIMAGE10_C14DE08F_1.jpg,RECTANGLE,WHITE,9,RECTANGLE_WHITE,159,0,0,0,0,0,0,0,0,0,0,1,0
23155-0143-01_RXNAVIMAGE10_C14DE08F_2.jpg,RECTANGLE,WHITE,9,RECTANGLE_WHITE,159,0,0,0,0,0,0,0,0,0,0,1,0
61442-0161-01_RXNAVIMAGE10_F13878C3_1.jpg,CAPSULE,"GREEN, WHITE",1,"CAPSULE_GREEN, WHITE",42,0,0,0,0,1,0,0,0,0,0,1,0
61442-0161-01_RXNAVIMAGE10_F13878C3_2.jpg,CAPSULE,"GREEN, WHITE",1,"CAPSULE_GREEN, WHITE",42,0,0,0,0,1,0,0,0,0,0,1,0
00456-1201-30_RXNAVIMAGE10_5E40AF15_1.jpg,CAPSULE,WHITE,1,CAPSULE_WHITE,81,0,0,0,0,0,0,0,0,0,0,1,0
00456-1201-30_RXNAVIMAGE10_5E40AF15_2.jpg,CAPSULE,WHITE,1,CAPSULE_WHITE,81,0,0,0,0,0,0,0,0,0,0,1,0
57664-0395-88_RXNAVIMAGE10_D74D6BEB_1.jpg,PENTAGON,PINK,8,PENTAGON_PINK,150,0,0,0,0,0,0,1,0,0,0,0,0
57664-0395-88_RXNAVIMAGE10_D74D6BEB_2.jpg,PENTAGON,PINK,8,PENTAGON_PINK,150,0,0,0,0,0,0,1,0,0,0,0,0
68180-0597-01_RXNAVIMAGE10_3345999C_1.jpg,CAPSULE,"WHITE, BLUE",1,"CAPSULE_WHITE, BLUE",83,0,1,0,0,0,0,0,0,0,0,1,0
68180-0597-01_RXNAVIMAGE10_3345999C_2.jpg,CAPSULE,"WHITE, BLUE",1,"CAPSULE_WHITE, BLUE",83,0,1,0,0,0,0,0,0,0,0,1,0
16729-0183-01_RXNAVIMAGE10_2D4D96DC_1.jpg,ROUND,ORANGE,10,ROUND_ORANGE,166,0,0,0,0,0,1,0,0,0,0,0,0
16729-0183-01_RXNAVIMAGE10_2D4D96DC_2.jpg,ROUND,ORANGE,10,ROUND_ORANGE,166,0,0,0,0,0,1,0,0,0,0,0,0
00555-9018-58_RXNAVIMAGE10_253692A4_1.jpg,ROUND,GRAY,10,ROUND_GRAY,163,0,0,0,1,0,0,0,0,0,0,0,0
00555-9018-58_RXNAVIMAGE10_253692A4_2.jpg,ROUND,GRAY,10,ROUND_GRAY,163,0,0,0,1,0,0,0,0,0,0,0,0
00555-0765-02_RXNAVIMAGE10_734239C1_1.jpg,ROUND,ORANGE,10,ROUND_ORANGE,166,0,0,0,0,0,1,0,0,0,0,0,0
00555-0765-02_RXNAVIMAGE10_734239C1_2.jpg,ROUND,ORANGE,10,ROUND_ORANGE,166,0,0,0,0,0,1,0,0,0,0,0,0
00143-9717-10_RXNAVIMAGE10_9807CC5E_1.jpg,ROUND,YELLOW,10,ROUND_YELLOW,178,0,0,0,0,0,0,0,0,0,0,0,1
00143-9717-10_RXNAVIMAGE10_9807CC5E_2.jpg,ROUND,YELLOW,10,ROUND_YELLOW,178,0,0,0,0,0,0,0,0,0,0,0,1
00093-5173-01_RXNAVIMAGE10_F435FA0F_1.jpg,ROUND,RED,10,ROUND_RED,172,0,0,0,0,0,0,0,0,1,0,0,0
00093-5173-01_RXNAVIMAGE10_F435FA0F_2.jpg,ROUND,RED,10,ROUND_RED,172,0,0,0,0,0,0,0,0,1,0,0,0
00904-7927-60_RXNAVIMAGE10_273993BC_1.jpg,ROUND,ORANGE,10,ROUND_ORANGE,166,0,0,0,0,0,1,0,0,0,0,0,0
00904-7927-60_RXNAVIMAGE10_273993BC_2.jpg,ROUND,ORANGE,10,ROUND_ORANGE,166,0,0,0,0,0,1,0,0,0,0,0,0
31722-0338-01_RXNAVIMAGE10_713F38C9_1.jpg,OVAL,WHITE,7,OVAL_WHITE,139,0,0,0,0,0,0,0,0,0,0,1,0
31722-0338-01_RXNAVIMAGE10_713F38C9_2.jpg,OVAL,WHITE,7,OVAL_WHITE,139,0,0,0,0,0,0,0,0,0,0,1,0
60505-3517-06_RXNAVIMAGE10_B546DAF6_1.jpg,OVAL,WHITE,7,OVAL_WHITE,139,0,0,0,0,0,0,0,0,0,0,1,0
60505-3517-06_RXNAVIMAGE10_B546DAF6_2.jpg,OVAL,WHITE,7,OVAL_WHITE,139,0,0,0,0,0,0,0,0,0,0,1,0
68462-0103-40_RXNAVIMAGE10_6B1B35A9_1.jpg,OVAL,PINK,7,OVAL_PINK,133,0,0,0,0,0,0,1,0,0,0,0,0
68462-0103-40_RXNAVIMAGE10_6B1B35A9_2.jpg,OVAL,PINK,7,OVAL_PINK,133,0,0,0,0,0,0,1,0,0,0,0,0
55111-0344-30_RXNAVIMAGE10_24241210_1.jpg,ROUND,WHITE,10,ROUND_WHITE,174,0,0,0,0,0,0,0,0,0,0,1,0
55111-0344-30_RXNAVIMAGE10_24241210_2.jpg,ROUND,WHITE,10,ROUND_WHITE,174,0,0,0,0,0,0,0,0,0,0,1,0
00185-0644-01_RXNAVIMAGE10_8A1C4552_1.jpg,CAPSULE,"GRAY, YELLOW",1,"CAPSULE_GRAY, YELLOW",31,0,0,0,1,0,0,0,0,0,0,0,1
00185-0644-01_RXNAVIMAGE10_8A1C4552_2.jpg,CAPSULE,"GRAY, YELLOW",1,"CAPSULE_GRAY, YELLOW",31,0,0,0,1,0,0,0,0,0,0,0,1
00832-0303-00_RXNAVIMAGE10_CB3965CB_1.jpg,ROUND,BROWN,10,ROUND_BROWN,162,0,0,1,0,0,0,0,0,0,0,0,0
00832-0303-00_RXNAVIMAGE10_CB3965CB_2.jpg,ROUND,BROWN,10,ROUND_BROWN,162,0,0,1,0,0,0,0,0,0,0,0,0
51293-0611-01_RXNAVIMAGE10_1B468D84_1.jpg,ROUND,BROWN,10,ROUND_BROWN,162,0,0,1,0,0,0,0,0,0,0,0,0
51293-0611-01_RXNAVIMAGE10_1B468D84_2.jpg,ROUND,BROWN,10,ROUND_BROWN,162,0,0,1,0,0,0,0,0,0,0,0,0
00603-2958-21_RXNAVIMAGE10_1A338D6C_1.jpg,OVAL,ORANGE,7,OVAL_ORANGE,130,0,0,0,0,0,1,0,0,0,0,0,0
00603-2958-21_RXNAVIMAGE10_1A338D6C_2.jpg,OVAL,ORANGE,7,OVAL_ORANGE,130,0,0,0,0,0,1,0,0,0,0,0,0
60505-2530-06_RXNAVIMAGE10_814740CA_1.jpg,CAPSULE,WHITE,1,CAPSULE_WHITE,81,0,0,0,0,0,0,0,0,0,0,1,0
60505-2530-06_RXNAVIMAGE10_814740CA_2.jpg,CAPSULE,WHITE,1,CAPSULE_WHITE,81,0,0,0,0,0,0,0,0,0,0,1,0
53746-0514-01_RXNAVIMAGE10_294794CC_1.jpg,ROUND,YELLOW,10,ROUND_YELLOW,178,0,0,0,0,0,0,0,0,0,0,0,1
53746-0514-01_RXNAVIMAGE10_294794CC_2.jpg,ROUND,YELLOW,10,ROUND_YELLOW,178,0,0,0,0,0,0,0,0,0,0,0,1
50458-0593-60_RXNAVIMAGE10_C633E34F_1.jpg,OVAL,ORANGE,7,OVAL_ORANGE,130,0,0,0,0,0,1,0,0,0,0,0,0
50458-0593-60_RXNAVIMAGE10_C633E34F_2.jpg,OVAL,ORANGE,7,OVAL_ORANGE,130,0,0,0,0,0,1,0,0,0,0,0,0
62037-0791-60_RXNAVIMAGE10_BA33DD7E_1.jpg,ROUND,WHITE,10,ROUND_WHITE,174,0,0,0,0,0,0,0,0,0,0,1,0
62037-0791-60_RXNAVIMAGE10_BA33DD7E_2.jpg,ROUND,WHITE,10,ROUND_WHITE,174,0,0,0,0,0,0,0,0,0,0,1,0
00093-1041-01_RXNAVIMAGE10_C429E27F_1.jpg,ROUND,PINK,10,ROUND_PINK,168,0,0,0,0,0,0,1,0,0,0,0,0
00093-1041-01_RXNAVIMAGE10_C429E27F_2.jpg,ROUND,PINK,10,ROUND_PINK,168,0,0,0,0,0,0,1,0,0,0,0,0
00115-3000-13_RXNAVIMAGE10_1B4D8DAC_1.jpg,OVAL,WHITE,7,OVAL_WHITE,139,0,0,0,0,0,0,0,0,0,0,1,0
00115-3000-13_RXNAVIMAGE10_1B4D8DAC_2.jpg,OVAL,WHITE,7,OVAL_WHITE,139,0,0,0,0,0,0,0,0,0,0,1,0
63304-0694-01_RXNAVIMAGE10_C13BE0DF_1.jpg,CAPSULE,WHITE,1,CAPSULE_WHITE,81,0,0,0,0,0,0,0,0,0,0,1,0
63304-0694-01_RXNAVIMAGE10_C13BE0DF_2.jpg,CAPSULE,WHITE,1,CAPSULE_WHITE,81,0,0,0,0,0,0,0,0,0,0,1,0
00093-0753-01_RXNAVIMAGE10_A526D2E6_1.jpg,ROUND,WHITE,10,ROUND_WHITE,174,0,0,0,0,0,0,0,0,0,0,1,0
00093-0753-01_RXNAVIMAGE10_A526D2E6_2.jpg,ROUND,WHITE,10,ROUND_WHITE,174,0,0,0,0,0,0,0,0,0,0,1,0
00007-4891-20_RXNAVIMAGE10_CD18E6D7_1.jpg,PENTAGON,YELLOW,8,PENTAGON_YELLOW,154,0,0,0,0,0,0,0,0,0,0,0,1
00007-4891-20_RXNAVIMAGE10_CD18E6D7_2.jpg,PENTAGON,YELLOW,8,PENTAGON_YELLOW,154,0,0,0,0,0,0,0,0,0,0,0,1
59148-0011-13_RXNAVIMAGE10_A31551CA_1.jpg,ROUND,PINK,10,ROUND_PINK,168,0,0,0,0,0,0,1,0,0,0,0,0
59148-0011-13_RXNAVIMAGE10_A31551CA_2.jpg,ROUND,PINK,10,ROUND_PINK,168,0,0,0,0,0,0,1,0,0,0,0,0
00591-3202-01_RXNAVIMAGE10_C11FE0FF_1.jpg,OVAL,"ORANGE, WHITE",7,"OVAL_ORANGE, WHITE",131,0,0,0,0,0,1,0,0,0,0,1,0
00591-3202-01_RXNAVIMAGE10_C11FE0FF_2.jpg,OVAL,"ORANGE, WHITE",7,"OVAL_ORANGE, WHITE",131,0,0,0,0,0,1,0,0,0,0,1,0
00093-7380-01_RXNAVIMAGE10_B12958DA_1.jpg,ROUND,ORANGE,10,ROUND_ORANGE,166,0,0,0,0,0,1,0,0,0,0,0,0
00093-7380-01_RXNAVIMAGE10_B12958DA_2.jpg,ROUND,ORANGE,10,ROUND_ORANGE,166,0,0,0,0,0,1,0,0,0,0,0,0
55111-0621-90_RXNAVIMAGE10_ED33768B_1.jpg,ROUND,BROWN,10,ROUND_BROWN,162,0,0,1,0,0,0,0,0,0,0,0,0
55111-0621-90_RXNAVIMAGE10_ED33768B_2.jpg,ROUND,BROWN,10,ROUND_BROWN,162,0,0,1,0,0,0,0,0,0,0,0,0
16714-0698-01_RXNAVIMAGE10_484EA455_1.jpg,OVAL,BLUE,7,OVAL_BLUE,123,0,1,0,0,0,0,0,0,0,0,0,0
16714-0698-01_RXNAVIMAGE10_484EA455_2.jpg,OVAL,BLUE,7,OVAL_BLUE,123,0,1,0,0,0,0,0,0,0,0,0,0
55111-0395-30_RXNAVIMAGE10_C14060D3_1.jpg,CAPSULE,"GREEN, WHITE",1,"CAPSULE_GREEN, WHITE",42,0,0,0,0,1,0,0,0,0,0,1,0
55111-0395-30_RXNAVIMAGE10_C14060D3_2.jpg,CAPSULE,"GREEN, WHITE",1,"CAPSULE_GREEN, WHITE",42,0,0,0,0,1,0,0,0,0,0,1,0
16729-0212-01_RXNAVIMAGE10_F446FA77_1.jpg,ROUND,YELLOW,10,ROUND_YELLOW,178,0,0,0,0,0,0,0,0,0,0,0,1
16729-0212-01_RXNAVIMAGE10_F446FA77_2.jpg,ROUND,YELLOW,10,ROUND_YELLOW,178,0,0,0,0,0,0,0,0,0,0,0,1
11822-0183-03_RXNAVIMAGE10_E438F277_1.jpg,ROUND,WHITE,10,ROUND_WHITE,174,0,0,0,0,0,0,0,0,0,0,1,0
11822-0183-03_RXNAVIMAGE10_E438F277_2.jpg,ROUND,WHITE,10,ROUND_WHITE,174,0,0,0,0,0,0,0,0,0,0,1,0
00378-8628-77_RXNAVIMAGE10_003B0008_1.jpg,CAPSULE,"ORANGE, WHITE",1,"CAPSULE_ORANGE, WHITE",50,0,0,0,0,0,1,0,0,0,0,1,0
00378-8628-77_RXNAVIMAGE10_003B0008_2.jpg,CAPSULE,"ORANGE, WHITE",1,"CAPSULE_ORANGE, WHITE",50,0,0,0,0,0,1,0,0,0,0,1,0
68462-0694-97_RXNAVIMAGE10_C94FE4CF_1.jpg,ROUND,WHITE,10,ROUND_WHITE,174,0,0,0,0,0,0,0,0,0,0,1,0
68462-0694-97_RXNAVIMAGE10_C94FE4CF_2.jpg,ROUND,WHITE,10,ROUND_WHITE,174,0,0,0,0,0,0,0,0,0,0,1,0
00054-4728-25_RXNAVIMAGE10_8723C3EE_1.jpg,ROUND,WHITE,10,ROUND_WHITE,174,0,0,0,0,0,0,0,0,0,0,1,0
00054-4728-25_RXNAVIMAGE10_8723C3EE_2.jpg,ROUND,WHITE,10,ROUND_WHITE,174,0,0,0,0,0,0,0,0,0,0,1,0
00093-2140-62_RXNAVIMAGE10_854A42D2_1.jpg,ROUND,GRAY,10,ROUND_GRAY,163,0,0,0,1,0,0,0,0,0,0,0,0
00093-2140-62_RXNAVIMAGE10_854A42D2_2.jpg,ROUND,GRAY,10,ROUND_GRAY,163,0,0,0,1,0,0,0,0,0,0,0,0
68382-0116-14_RXNAVIMAGE10_3F4D1FC8_1.jpg,ROUND,YELLOW,10,ROUND_YELLOW,178,0,0,0,0,0,0,0,0,0,0,0,1
68382-0116-14_RXNAVIMAGE10_3F4D1FC8_2.jpg,ROUND,YELLOW,10,ROUND_YELLOW,178,0,0,0,0,0,0,0,0,0,0,0,1
00093-7657-56_RXNAVIMAGE10_5E382F71_1.jpg,OVAL,ORANGE,7,OVAL_ORANGE,130,0,0,0,0,0,1,0,0,0,0,0,0
00093-7657-56_RXNAVIMAGE10_5E382F71_2.jpg,OVAL,ORANGE,7,OVAL_ORANGE,130,0,0,0,0,0,1,0,0,0,0,0,0
63402-0304-30_RXNAVIMAGE10_2C3E1650_1.jpg,ROUND,WHITE,10,ROUND_WHITE,174,0,0,0,0,0,0,0,0,0,0,1,0
63402-0304-30_RXNAVIMAGE10_2C3E1650_2.jpg,ROUND,WHITE,10,ROUND_WHITE,174,0,0,0,0,0,0,0,0,0,0,1,0
55111-0257-60_RXNAVIMAGE10_7D473EB9_1.jpg,CAPSULE,"PURPLE, TURQUOISE",1,"CAPSULE_PURPLE, TURQUOISE",66,0,0,0,0,0,0,0,1,0,1,0,0
55111-0257-60_RXNAVIMAGE10_7D473EB9_2.jpg,CAPSULE,"PURPLE, TURQUOISE",1,"CAPSULE_PURPLE, TURQUOISE",66,0,0,0,0,0,0,0,1,0,1,0,0
00555-0171-78_RXNAVIMAGE10_8E35C70E_1.jpg,OVAL,WHITE,7,OVAL_WHITE,139,0,0,0,0,0,0,0,0,0,0,1,0
00555-0171-78_RXNAVIMAGE10_8E35C70E_2.jpg,OVAL,WHITE,7,OVAL_WHITE,139,0,0,0,0,0,0,0,0,0,0,1,0
59762-5017-01_RXNAVIMAGE10_A133D0EE_1.jpg,OVAL,PINK,7,OVAL_PINK,133,0,0,0,0,0,0,1,0,0,0,0,0
59762-5017-01_RXNAVIMAGE10_A133D0EE_2.jpg,OVAL,PINK,7,OVAL_PINK,133,0,0,0,0,0,0,1,0,0,0,0,0
49884-0564-11_RXNAVIMAGE10_4A3BA53D_1.jpg,ROUND,YELLOW,10,ROUND_YELLOW,178,0,0,0,0,0,0,0,0,0,0,0,1
49884-0564-11_RXNAVIMAGE10_4A3BA53D_2.jpg,ROUND,YELLOW,10,ROUND_YELLOW,178,0,0,0,0,0,0,0,0,0,0,0,1
00378-6605-01_RXNAVIMAGE10_FB3BFDEF_1.jpg,ROUND,GREEN,10,ROUND_GREEN,164,0,0,0,0,1,0,0,0,0,0,0,0
00378-6605-01_RXNAVIMAGE10_FB3BFDEF_2.jpg,ROUND,GREEN,10,ROUND_GREEN,164,0,0,0,0,1,0,0,0,0,0,0,0
00173-0949-55_RXNAVIMAGE10_3219995C_1.jpg,HEXAGON,WHITE,5,HEXAGON_WHITE,120,0,0,0,0,0,0,0,0,0,0,1,0
00173-0949-55_RXNAVIMAGE10_3219995C_2.jpg,HEXAGON,WHITE,5,HEXAGON_WHITE,120,0,0,0,0,0,0,0,0,0,0,1,0
65862-0572-90_RXNAVIMAGE10_20431048_1.jpg,OVAL,ORANGE,7,OVAL_ORANGE,130,0,0,0,0,0,1,0,0,0,0,0,0
65862-0572-90_RXNAVIMAGE10_20431048_2.jpg,OVAL,ORANGE,7,OVAL_ORANGE,130,0,0,0,0,0,1,0,0,0,0,0,0
12948-0001-12_RXNAVIMAGE10_2F131798_1.jpg,ROUND,ORANGE,10,ROUND_ORANGE,166,0,0,0,0,0,1,0,0,0,0,0,0
12948-0001-12_RXNAVIMAGE10_2F131798_2.jpg,ROUND,ORANGE,10,ROUND_ORANGE,166,0,0,0,0,0,1,0,0,0,0,0,0
62756-0370-88_RXNAVIMAGE10_893F449A_1.jpg,OVAL,YELLOW,7,OVAL_YELLOW,145,0,0,0,0,0,0,0,0,0,0,0,1
62756-0370-88_RXNAVIMAGE10_893F449A_2.jpg,OVAL,YELLOW,7,OVAL_YELLOW,145,0,0,0,0,0,0,0,0,0,0,0,1
00555-9050-58_RXNAVIMAGE10_9E36CF66_1.jpg,ROUND,GREEN,10,ROUND_GREEN,164,0,0,0,0,1,0,0,0,0,0,0,0
00555-9050-58_RXNAVIMAGE10_9E36CF66_2.jpg,ROUND,GREEN,10,ROUND_GREEN,164,0,0,0,0,1,0,0,0,0,0,0,0
00069-2180-30_RXNAVIMAGE10_41132099_1.jpg,OVAL,BLUE,7,OVAL_BLUE,123,0,1,0,0,0,0,0,0,0,0,0,0
00069-2180-30_RXNAVIMAGE10_41132099_2.jpg,OVAL,BLUE,7,OVAL_BLUE,123,0,1,0,0,0,0,0,0,0,0,0,0
51991-0082-90_RXNAVIMAGE10_1F160FE0_1.jpg,OVAL,YELLOW,7,OVAL_YELLOW,145,0,0,0,0,0,0,0,0,0,0,0,1
51991-0082-90_RXNAVIMAGE10_1F160FE0_2.jpg,OVAL,YELLOW,7,OVAL_YELLOW,145,0,0,0,0,0,0,0,0,0,0,0,1
00182-1017-01_RXNAVIMAGE10_4A35A51D_1.jpg,ROUND,PINK,10,ROUND_PINK,168,0,0,0,0,0,0,1,0,0,0,0,0
00182-1017-01_RXNAVIMAGE10_4A35A51D_2.jpg,ROUND,PINK,10,ROUND_PINK,168,0,0,0,0,0,0,1,0,0,0,0,0
65197-0002-01_RXNAVIMAGE10_3315999C_1.jpg,CAPSULE,RED,1,CAPSULE_RED,69,0,0,0,0,0,0,0,0,1,0,0,0
65197-0002-01_RXNAVIMAGE10_3315999C_2.jpg,CAPSULE,RED,1,CAPSULE_RED,69,0,0,0,0,0,0,0,0,1,0,0,0
00378-0076-01_RXNAVIMAGE10_634631A1_1.jpg,ROUND,BROWN,10,ROUND_BROWN,162,0,0,1,0,0,0,0,0,0,0,0,0
00378-0076-01_RXNAVIMAGE10_634631A1_2.jpg,ROUND,BROWN,10,ROUND_BROWN,162,0,0,1,0,0,0,0,0,0,0,0,0
00078-0471-34_RXNAVIMAGE10_0A15855C_1.jpg,OVAL,PINK,7,OVAL_PINK,133,0,0,0,0,0,0,1,0,0,0,0,0
00078-0471-34_RXNAVIMAGE10_0A15855C_2.jpg,OVAL,PINK,7,OVAL_PINK,133,0,0,0,0,0,0,1,0,0,0,0,0
16714-0632-01_RXNAVIMAGE10_4C442621_1.jpg,OVAL,WHITE,7,OVAL_WHITE,139,0,0,0,0,0,0,0,0,0,0,1,0
16714-0632-01_RXNAVIMAGE10_4C442621_2.jpg,OVAL,WHITE,7,OVAL_WHITE,139,0,0,0,0,0,0,0,0,0,0,1,0
52544-0940-28_RXNAVIMAGE10_AD3AD6F6_1.jpg,ROUND,WHITE,10,ROUND_WHITE,174,0,0,0,0,0,0,0,0,0,0,1,0
52544-0940-28_RXNAVIMAGE10_AD3AD6F6_2.jpg,ROUND,WHITE,10,ROUND_WHITE,174,0,0,0,0,0,0,0,0,0,0,1,0
24658-0213-90_RXNAVIMAGE10_853342CA_1.jpg,ROUND,ORANGE,10,ROUND_ORANGE,166,0,0,0,0,0,1,0,0,0,0,0,0
24658-0213-90_RXNAVIMAGE10_853342CA_2.jpg,ROUND,ORANGE,10,ROUND_ORANGE,166,0,0,0,0,0,1,0,0,0,0,0,0
45963-0341-02_RXNAVIMAGE10_F93A7CC3_1.jpg,ROUND,WHITE,10,ROUND_WHITE,174,0,0,0,0,0,0,0,0,0,0,1,0
45963-0341-02_RXNAVIMAGE10_F93A7CC3_2.jpg,ROUND,WHITE,10,ROUND_WHITE,174,0,0,0,0,0,0,0,0,0,0,1,0
60505-0041-01_RXNAVIMAGE10_814FC0CE_1.jpg,OVAL,WHITE,7,OVAL_WHITE,139,0,0,0,0,0,0,0,0,0,0,1,0
60505-0041-01_RXNAVIMAGE10_814FC0CE_2.jpg,OVAL,WHITE,7,OVAL_WHITE,139,0,0,0,0,0,0,0,0,0,0,1,0
00078-0379-05_RXNAVIMAGE10_6115B0AD_1.jpg,CAPSULE,BLUE,1,CAPSULE_BLUE,7,0,1,0,0,0,0,0,0,0,0,0,0
00078-0379-05_RXNAVIMAGE10_6115B0AD_2.jpg,CAPSULE,BLUE,1,CAPSULE_BLUE,7,0,1,0,0,0,0,0,0,0,0,0,0
51285-0406-02_RXNAVIMAGE10_E91FF4AF_1.jpg,OVAL,WHITE,7,OVAL_WHITE,139,0,0,0,0,0,0,0,0,0,0,1,0
51285-0406-02_RXNAVIMAGE10_E91FF4AF_2.jpg,OVAL,WHITE,7,OVAL_WHITE,139,0,0,0,0,0,0,0,0,0,0,1,0
00781-1516-01_RXNAVIMAGE10_EA0DF56F_1.jpg,ROUND,TURQUOISE,10,ROUND_TURQUOISE,173,0,0,0,0,0,0,0,0,0,1,0,0
00781-1516-01_RXNAVIMAGE10_EA0DF56F_2.jpg,ROUND,TURQUOISE,10,ROUND_TURQUOISE,173,0,0,0,0,0,0,0,0,0,1,0,0
00093-0319-01_RXNAVIMAGE10_C405624B_1.jpg,ROUND,ORANGE,10,ROUND_ORANGE,166,0,0,0,0,0,1,0,0,0,0,0,0
00093-0319-01_RXNAVIMAGE10_C405624B_2.jpg,ROUND,ORANGE,10,ROUND_ORANGE,166,0,0,0,0,0,1,0,0,0,0,0,0
66582-0312-31_RXNAVIMAGE10_B21DD90E_1.jpg,OVAL,WHITE,7,OVAL_WHITE,139,0,0,0,0,0,0,0,0,0,0,1,0
66582-0312-31_RXNAVIMAGE10_B21DD90E_2.jpg,OVAL,WHITE,7,OVAL_WHITE,139,0,0,0,0,0,0,0,0,0,0,1,0
29300-0128-01_RXNAVIMAGE10_3E409F54_1.jpg,ROUND,ORANGE,10,ROUND_ORANGE,166,0,0,0,0,0,1,0,0,0,0,0,0
29300-0128-01_RXNAVIMAGE10_3E409F54_2.jpg,ROUND,ORANGE,10,ROUND_ORANGE,166,0,0,0,0,0,1,0,0,0,0,0,0
00378-0216-01_RXNAVIMAGE10_74203A31_1.jpg,ROUND,WHITE,10,ROUND_WHITE,174,0,0,0,0,0,0,0,0,0,0,1,0
00378-0216-01_RXNAVIMAGE10_74203A31_2.jpg,ROUND,WHITE,10,ROUND_WHITE,174,0,0,0,0,0,0,0,0,0,0,1,0
00093-5732-01_RXNAVIMAGE10_684D3439_1.jpg,ROUND,PINK,10,ROUND_PINK,168,0,0,0,0,0,0,1,0,0,0,0,0
00093-5732-01_RXNAVIMAGE10_684D3439_2.jpg,ROUND,PINK,10,ROUND_PINK,168,0,0,0,0,0,0,1,0,0,0,0,0
00087-2772-32_RXNAVIMAGE10_EB12F5D7_1.jpg,OVAL,WHITE,7,OVAL_WHITE,139,0,0,0,0,0,0,0,0,0,0,1,0
00087-2772-32_RXNAVIMAGE10_EB12F5D7_2.jpg,OVAL,WHITE,7,OVAL_WHITE,139,0,0,0,0,0,0,0,0,0,0,1,0
00007-4890-20_RXNAVIMAGE10_CB18E587_1.jpg,PENTAGON,WHITE,8,PENTAGON_WHITE,153,0,0,0,0,0,0,0,0,0,0,1,0
00007-4890-20_RXNAVIMAGE10_CB18E587_2.jpg,PENTAGON,WHITE,8,PENTAGON_WHITE,153,0,0,0,0,0,0,0,0,0,0,1,0
13811-0680-30_RXNAVIMAGE10_874F43BA_1.jpg,RECTANGLE,PINK,9,RECTANGLE_PINK,158,0,0,0,0,0,0,1,0,0,0,0,0
13811-0680-30_RXNAVIMAGE10_874F43BA_2.jpg,RECTANGLE,PINK,9,RECTANGLE_PINK,158,0,0,0,0,0,0,1,0,0,0,0,0
53746-0218-10_RXNAVIMAGE10_AC50D676_1.jpg,ROUND,WHITE,10,ROUND_WHITE,174,0,0,0,0,0,0,0,0,0,0,1,0
53746-0218-10_RXNAVIMAGE10_AC50D676_2.jpg,ROUND,WHITE,10,ROUND_WHITE,174,0,0,0,0,0,0,0,0,0,0,1,0
67386-0315-01_RXNAVIMAGE10_123F892C_1.jpg,OVAL,WHITE,7,OVAL_WHITE,139,0,0,0,0,0,0,0,0,0,0,1,0
67386-0315-01_RXNAVIMAGE10_123F892C_2.jpg,OVAL,WHITE,7,OVAL_WHITE,139,0,0,0,0,0,0,0,0,0,0,1,0
49884-0277-11_RXNAVIMAGE10_C53BE2EF_1.jpg,CAPSULE,"WHITE, YELLOW",1,"CAPSULE_WHITE, YELLOW",93,0,0,0,0,0,0,0,0,0,0,1,1
49884-0277-11_RXNAVIMAGE10_C53BE2EF_2.jpg,CAPSULE,"WHITE, YELLOW",1,"CAPSULE_WHITE, YELLOW",93,0,0,0,0,0,0,0,0,0,0,1,1
65862-0144-01_RXNAVIMAGE10_5E212F49_1.jpg,OVAL,WHITE,7,OVAL_WHITE,139,0,0,0,0,0,0,0,0,0,0,1,0
65862-0144-01_RXNAVIMAGE10_5E212F49_2.jpg,OVAL,WHITE,7,OVAL_WHITE,139,0,0,0,0,0,0,0,0,0,0,1,0
62559-0159-01_RXNAVIMAGE10_D13B68AB_1.jpg,OVAL,YELLOW,7,OVAL_YELLOW,145,0,0,0,0,0,0,0,0,0,0,0,1
62559-0159-01_RXNAVIMAGE10_D13B68AB_2.jpg,OVAL,YELLOW,7,OVAL_YELLOW,145,0,0,0,0,0,0,0,0,0,0,0,1
68382-0055-01_RXNAVIMAGE10_35129A84_1.jpg,OVAL,BLUE,7,OVAL_BLUE,123,0,1,0,0,0,0,0,0,0,0,0,0
68382-0055-01_RXNAVIMAGE10_35129A84_2.jpg,OVAL,BLUE,7,OVAL_BLUE,123,0,1,0,0,0,0,0,0,0,0,0,0
33342-0026-07_RXNAVIMAGE10_734039D1_1.jpg,OVAL,WHITE,7,OVAL_WHITE,139,0,0,0,0,0,0,0,0,0,0,1,0
33342-0026-07_RXNAVIMAGE10_734039D1_2.jpg,OVAL,WHITE,7,OVAL_WHITE,139,0,0,0,0,0,0,0,0,0,0,1,0
00006-0032-20_RXNAVIMAGE10_DF16EFC7_1.jpg,ROUND,WHITE,10,ROUND_WHITE,174,0,0,0,0,0,0,0,0,0,0,1,0
00006-0032-20_RXNAVIMAGE10_DF16EFC7_2.jpg,ROUND,WHITE,10,ROUND_WHITE,174,0,0,0,0,0,0,0,0,0,0,1,0
51285-0128-70_RXNAVIMAGE10_E942F4B7_1.jpg,ROUND,BROWN,10,ROUND_BROWN,162,0,0,1,0,0,0,0,0,0,0,0,0
51285-0128-70_RXNAVIMAGE10_E942F4B7_2.jpg,ROUND,BROWN,10,ROUND_BROWN,162,0,0,1,0,0,0,0,0,0,0,0,0
68382-0073-16_RXNAVIMAGE10_F449FA4F_1.jpg,OVAL,WHITE,7,OVAL_WHITE,139,0,0,0,0,0,0,0,0,0,0,1,0
68382-0073-16_RXNAVIMAGE10_F449FA4F_2.jpg,OVAL,WHITE,7,OVAL_WHITE,139,0,0,0,0,0,0,0,0,0,0,1,0
00406-0357-05_RXNAVIMAGE10_AA15D50E_1.jpg,OVAL,WHITE,7,OVAL_WHITE,139,0,0,0,0,0,0,0,0,0,0,1,0
00406-0357-05_RXNAVIMAGE10_AA15D50E_2.jpg,OVAL,WHITE,7,OVAL_WHITE,139,0,0,0,0,0,0,0,0,0,0,1,0
63459-0402-30_RXNAVIMAGE10_AB2D559A_1.jpg,ROUND,ORANGE,10,ROUND_ORANGE,166,0,0,0,0,0,1,0,0,0,0,0,0
63459-0402-30_RXNAVIMAGE10_AB2D559A_2.jpg,ROUND,ORANGE,10,ROUND_ORANGE,166,0,0,0,0,0,1,0,0,0,0,0,0
50111-0430-01_RXNAVIMAGE10_C233615B_1.jpg,ROUND,WHITE,10,ROUND_WHITE,174,0,0,0,0,0,0,0,0,0,0,1,0
50111-0430-01_RXNAVIMAGE10_C233615B_2.jpg,ROUND,WHITE,10,ROUND_WHITE,174,0,0,0,0,0,0,0,0,0,0,1,0
00182-0444-01_RXNAVIMAGE10_873443A2_1.jpg,ROUND,WHITE,10,ROUND_WHITE,174,0,0,0,0,0,0,0,0,0,0,1,0
00182-0444-01_RXNAVIMAGE10_873443A2_2.jpg,ROUND,WHITE,10,ROUND_WHITE,174,0,0,0,0,0,0,0,0,0,0,1,0
00603-3079-21_RXNAVIMAGE10_F4267A63_1.jpg,ROUND,YELLOW,10,ROUND_YELLOW,178,0,0,0,0,0,0,0,0,0,0,0,1
00603-3079-21_RXNAVIMAGE10_F4267A63_2.jpg,ROUND,YELLOW,10,ROUND_YELLOW,178,0,0,0,0,0,0,0,0,0,0,0,1
57237-0123-01_RXNAVIMAGE10_8D4746FA_1.jpg,ROUND,BLUE,10,ROUND_BLUE,160,0,1,0,0,0,0,0,0,0,0,0,0
57237-0123-01_RXNAVIMAGE10_8D4746FA_2.jpg,ROUND,BLUE,10,ROUND_BLUE,160,0,1,0,0,0,0,0,0,0,0,0,0
23155-0248-01_RXNAVIMAGE10_043D0258_1.jpg,DOUBLE CIRCLE,ORANGE,3,DOUBLE CIRCLE_ORANGE,112,0,0,0,0,0,1,0,0,0,0,0,0
23155-0248-01_RXNAVIMAGE10_043D0258_2.jpg,DOUBLE CIRCLE,ORANGE,3,DOUBLE CIRCLE_ORANGE,112,0,0,0,0,0,1,0,0,0,0,0,0
13668-0040-60_RXNAVIMAGE10_9433CA5E_1.jpg,OVAL,YELLOW,7,OVAL_YELLOW,145,0,0,0,0,0,0,0,0,0,0,0,1
13668-0040-60_RXNAVIMAGE10_9433CA5E_2.jpg,OVAL,YELLOW,7,OVAL_YELLOW,145,0,0,0,0,0,0,0,0,0,0,0,1
23155-0064-01_RXNAVIMAGE10_C13C60B3_1.jpg,ROUND,WHITE,10,ROUND_WHITE,174,0,0,0,0,0,0,0,0,0,0,1,0
23155-0064-01_RXNAVIMAGE10_C13C60B3_2.jpg,ROUND,WHITE,10,ROUND_WHITE,174,0,0,0,0,0,0,0,0,0,0,1,0
76439-0302-10_RXNAVIMAGE10_37459BAC_1.jpg,CAPSULE,GREEN,1,CAPSULE_GREEN,32,0,0,0,0,1,0,0,0,0,0,0,0
76439-0302-10_RXNAVIMAGE10_37459BAC_2.jpg,CAPSULE,GREEN,1,CAPSULE_GREEN,32,0,0,0,0,1,0,0,0,0,0,0,0
00832-0300-00_RXNAVIMAGE10_A904D486_1.jpg,ROUND,BROWN,10,ROUND_BROWN,162,0,0,1,0,0,0,0,0,0,0,0,0
00832-0300-00_RXNAVIMAGE10_A904D486_2.jpg,ROUND,BROWN,10,ROUND_BROWN,162,0,0,1,0,0,0,0,0,0,0,0,0
00093-7152-98_RXNAVIMAGE10_EE27F76F_1.jpg,ROUND,YELLOW,10,ROUND_YELLOW,178,0,0,0,0,0,0,0,0,0,0,0,1
00093-7152-98_RXNAVIMAGE10_EE27F76F_2.jpg,ROUND,YELLOW,10,ROUND_YELLOW,178,0,0,0,0,0,0,0,0,0,0,0,1
51285-0125-70_RXNAVIMAGE10_D342E9A7_1.jpg,ROUND,YELLOW,10,ROUND_YELLOW,178,0,0,0,0,0,0,0,0,0,0,0,1
51285-0125-70_RXNAVIMAGE10_D342E9A7_2.jpg,ROUND,YELLOW,10,ROUND_YELLOW,178,0,0,0,0,0,0,0,0,0,0,0,1
00093-2131-01_RXNAVIMAGE10_E729F3BF_1.jpg,CAPSULE,PINK,1,CAPSULE_PINK,52,0,0,0,0,0,0,1,0,0,0,0,0
00093-2131-01_RXNAVIMAGE10_E729F3BF_2.jpg,CAPSULE,PINK,1,CAPSULE_PINK,52,0,0,0,0,0,0,1,0,0,0,0,0
00078-0054-05_RXNAVIMAGE10_E208F107_1.jpg,ROUND,PURPLE,10,ROUND_PURPLE,171,0,0,0,0,0,0,0,1,0,0,0,0
00078-0054-05_RXNAVIMAGE10_E208F107_2.jpg,ROUND,PURPLE,10,ROUND_PURPLE,171,0,0,0,0,0,0,0,1,0,0,0,0
51079-0190-19_RXNAVIMAGE10_453522F9_1.jpg,CAPSULE,GREEN,1,CAPSULE_GREEN,32,0,0,0,0,1,0,0,0,0,0,0,0
51079-0190-19_RXNAVIMAGE10_453522F9_2.jpg,CAPSULE,GREEN,1,CAPSULE_GREEN,32,0,0,0,0,1,0,0,0,0,0,0,0
64720-0323-10_RXNAVIMAGE10_F51DFA9F_1.jpg,CAPSULE,"GREEN, TURQUOISE",1,"CAPSULE_GREEN, TURQUOISE",41,0,0,0,0,1,0,0,0,0,1,0,0
64720-0323-10_RXNAVIMAGE10_F51DFA9F_2.jpg,CAPSULE,"GREEN, TURQUOISE",1,"CAPSULE_GREEN, TURQUOISE",41,0,0,0,0,1,0,0,0,0,1,0,0
00555-0344-58_RXNAVIMAGE10_20369034_1.jpg,ROUND,YELLOW,10,ROUND_YELLOW,178,0,0,0,0,0,0,0,0,0,0,0,1
00555-0344-58_RXNAVIMAGE10_20369034_2.jpg,ROUND,YELLOW,10,ROUND_YELLOW,178,0,0,0,0,0,0,0,0,0,0,0,1
43547-0330-03_RXNAVIMAGE10_5B44AD85_1.jpg,OVAL,PINK,7,OVAL_PINK,133,0,0,0,0,0,0,1,0,0,0,0,0
43547-0330-03_RXNAVIMAGE10_5B44AD85_2.jpg,OVAL,PINK,7,OVAL_PINK,133,0,0,0,0,0,0,1,0,0,0,0,0
62856-0583-52_RXNAVIMAGE10_FF39FF8F_1.jpg,OVAL,PINK,7,OVAL_PINK,133,0,0,0,0,0,0,1,0,0,0,0,0
62856-0583-52_RXNAVIMAGE10_FF39FF8F_2.jpg,OVAL,PINK,7,OVAL_PINK,133,0,0,0,0,0,0,1,0,0,0,0,0
68180-0513-03_RXNAVIMAGE10_3F199F8C_1.jpg,ROUND,PINK,10,ROUND_PINK,168,0,0,0,0,0,0,1,0,0,0,0,0
68180-0513-03_RXNAVIMAGE10_3F199F8C_2.jpg,ROUND,PINK,10,ROUND_PINK,168,0,0,0,0,0,0,1,0,0,0,0,0
49884-0035-01_RXNAVIMAGE10_4408A245_1.jpg,OVAL,YELLOW,7,OVAL_YELLOW,145,0,0,0,0,0,0,0,0,0,0,0,1
49884-0035-01_RXNAVIMAGE10_4408A245_2.jpg,OVAL,YELLOW,7,OVAL_YELLOW,145,0,0,0,0,0,0,0,0,0,0,0,1
63459-0512-30_RXNAVIMAGE10_8A41C55E_1.jpg,BULLET,WHITE,0,BULLET_WHITE,0,0,0,0,0,0,0,0,0,0,0,1,0
63459-0512-30_RXNAVIMAGE10_8A41C55E_2.jpg,BULLET,WHITE,0,BULLET_WHITE,0,0,0,0,0,0,0,0,0,0,0,1,0
23155-0103-10_RXNAVIMAGE10_793C3C81_1.jpg,ROUND,WHITE,10,ROUND_WHITE,174,0,0,0,0,0,0,0,0,0,0,1,0
23155-0103-10_RXNAVIMAGE10_793C3C81_2.jpg,ROUND,WHITE,10,ROUND_WHITE,174,0,0,0,0,0,0,0,0,0,0,1,0
53489-0400-01_RXNAVIMAGE10_C01C6053_1.jpg,ROUND,BROWN,10,ROUND_BROWN,162,0,0,1,0,0,0,0,0,0,0,0,0
53489-0400-01_RXNAVIMAGE10_C01C6053_2.jpg,ROUND,BROWN,10,ROUND_BROWN,162,0,0,1,0,0,0,0,0,0,0,0,0
00069-4200-30_RXNAVIMAGE10_601DB05D_1.jpg,DIAMOND,BLUE,2,DIAMOND_BLUE,105,0,1,0,0,0,0,0,0,0,0,0,0
00069-4200-30_RXNAVIMAGE10_601DB05D_2.jpg,DIAMOND,BLUE,2,DIAMOND_BLUE,105,0,1,0,0,0,0,0,0,0,0,0,0
16729-0031-01_RXNAVIMAGE10_6440B275_1.jpg,ROUND,ORANGE,10,ROUND_ORANGE,166,0,0,0,0,0,1,0,0,0,0,0,0
16729-0031-01_RXNAVIMAGE10_6440B275_2.jpg,ROUND,ORANGE,10,ROUND_ORANGE,166,0,0,0,0,0,1,0,0,0,0,0,0
00093-3107-01_RXNAVIMAGE10_CE19674B_1.jpg,CAPSULE,"BROWN, WHITE",1,"CAPSULE_BROWN, WHITE",20,0,0,1,0,0,0,0,0,0,0,1,0
00093-3107-01_RXNAVIMAGE10_CE19674B_2.jpg,CAPSULE,"BROWN, WHITE",1,"CAPSULE_BROWN, WHITE",20,0,0,1,0,0,0,0,0,0,0,1,0
00074-1973-54_RXNAVIMAGE10_BE1DDF0E_1.jpg,OVAL,WHITE,7,OVAL_WHITE,139,0,0,0,0,0,0,0,0,0,0,1,0
00074-1973-54_RXNAVIMAGE10_BE1DDF0E_2.jpg,OVAL,WHITE,7,OVAL_WHITE,139,0,0,0,0,0,0,0,0,0,0,1,0
65162-0522-10_RXNAVIMAGE10_FD507E83_1.jpg,ROUND,PINK,10,ROUND_PINK,168,0,0,0,0,0,0,1,0,0,0,0,0
65162-0522-10_RXNAVIMAGE10_FD507E83_2.jpg,ROUND,PINK,10,ROUND_PINK,168,0,0,0,0,0,0,1,0,0,0,0,0
49884-0821-11_RXNAVIMAGE10_BD125E82_1.jpg,ROUND,WHITE,10,ROUND_WHITE,174,0,0,0,0,0,0,0,0,0,0,1,0
49884-0821-11_RXNAVIMAGE10_BD125E82_2.jpg,ROUND,WHITE,10,ROUND_WHITE,174,0,0,0,0,0,0,0,0,0,0,1,0
60505-2807-07_RXNAVIMAGE10_ED5176FB_1.jpg,CAPSULE,"WHITE, GREEN",1,"CAPSULE_WHITE, GREEN",86,0,0,0,0,1,0,0,0,0,0,1,0
60505-2807-07_RXNAVIMAGE10_ED5176FB_2.jpg,CAPSULE,"WHITE, GREEN",1,"CAPSULE_WHITE, GREEN",86,0,0,0,0,1,0,0,0,0,0,1,0
31722-0533-05_RXNAVIMAGE10_B33C59C2_1.jpg,OVAL,WHITE,7,OVAL_WHITE,139,0,0,0,0,0,0,0,0,0,0,1,0
31722-0533-05_RXNAVIMAGE10_B33C59C2_2.jpg,OVAL,WHITE,7,OVAL_WHITE,139,0,0,0,0,0,0,0,0,0,0,1,0
64125-0140-01_RXNAVIMAGE10_A745D3EE_1.jpg,ROUND,WHITE,10,ROUND_WHITE,174,0,0,0,0,0,0,0,0,0,0,1,0
64125-0140-01_RXNAVIMAGE10_A745D3EE_2.jpg,ROUND,WHITE,10,ROUND_WHITE,174,0,0,0,0,0,0,0,0,0,0,1,0
68682-0103-01_RXNAVIMAGE10_664FB31D_1.jpg,ROUND,PINK,10,ROUND_PINK,168,0,0,0,0,0,0,1,0,0,0,0,0
68682-0103-01_RXNAVIMAGE10_664FB31D_2.jpg,ROUND,PINK,10,ROUND_PINK,168,0,0,0,0,0,0,1,0,0,0,0,0
00591-0657-05_RXNAVIMAGE10_69043491_1.jpg,OVAL,WHITE,7,OVAL_WHITE,139,0,0,0,0,0,0,0,0,0,0,1,0
00591-0657-05_RXNAVIMAGE10_69043491_2.jpg,OVAL,WHITE,7,OVAL_WHITE,139,0,0,0,0,0,0,0,0,0,0,1,0
64764-0890-99_RXNAVIMAGE10_EE4DF70F_1.jpg,ROUND,BLUE,10,ROUND_BLUE,160,0,1,0,0,0,0,0,0,0,0,0,0
64764-0890-99_RXNAVIMAGE10_EE4DF70F_2.jpg,ROUND,BLUE,10,ROUND_BLUE,160,0,1,0,0,0,0,0,0,0,0,0,0
00228-2850-11_RXNAVIMAGE10_0C3E0630_1.jpg,ROUND,ORANGE,10,ROUND_ORANGE,166,0,0,0,0,0,1,0,0,0,0,0,0
00228-2850-11_RXNAVIMAGE10_0C3E0630_2.jpg,ROUND,ORANGE,10,ROUND_ORANGE,166,0,0,0,0,0,1,0,0,0,0,0,0
00093-7038-56_RXNAVIMAGE10_B63FDB5E_1.jpg,ROUND,BROWN,10,ROUND_BROWN,162,0,0,1,0,0,0,0,0,0,0,0,0
00093-7038-56_RXNAVIMAGE10_B63FDB5E_2.jpg,ROUND,BROWN,10,ROUND_BROWN,162,0,0,1,0,0,0,0,0,0,0,0,0
00378-6689-77_RXNAVIMAGE10_CE086763_1.jpg,OVAL,YELLOW,7,OVAL_YELLOW,145,0,0,0,0,0,0,0,0,0,0,0,1
00378-6689-77_RXNAVIMAGE10_CE086763_2.jpg,OVAL,YELLOW,7,OVAL_YELLOW,145,0,0,0,0,0,0,0,0,0,0,0,1
51991-0635-01_RXNAVIMAGE10_FB3AFDC7_1.jpg,CAPSULE,"RED, RED",1,"CAPSULE_RED, RED",73,0,0,0,0,0,0,0,0,1,0,0,0
51991-0635-01_RXNAVIMAGE10_FB3AFDC7_2.jpg,CAPSULE,"RED, RED",1,"CAPSULE_RED, RED",73,0,0,0,0,0,0,0,0,1,0,0,0
68382-0001-16_RXNAVIMAGE10_DE086F73_1.jpg,ROUND,WHITE,10,ROUND_WHITE,174,0,0,0,0,0,0,0,0,0,0,1,0
68382-0001-16_RXNAVIMAGE10_DE086F73_2.jpg,ROUND,WHITE,10,ROUND_WHITE,174,0,0,0,0,0,0,0,0,0,0,1,0
68462-0359-05_RXNAVIMAGE10_6D1B36F9_1.jpg,OVAL,BROWN,7,OVAL_BROWN,125,0,0,1,0,0,0,0,0,0,0,0,0
68462-0359-05_RXNAVIMAGE10_6D1B36F9_2.jpg,OVAL,BROWN,7,OVAL_BROWN,125,0,0,1,0,0,0,0,0,0,0,0,0
00093-0576-06_RXNAVIMAGE10_6026B005_1.jpg,ROUND,BLUE,10,ROUND_BLUE,160,0,1,0,0,0,0,0,0,0,0,0,0
00093-0576-06_RXNAVIMAGE10_6026B005_2.jpg,ROUND,BLUE,10,ROUND_BLUE,160,0,1,0,0,0,0,0,0,0,0,0,0
00173-0831-13_RXNAVIMAGE10_2C191678_1.jpg,ROUND,ORANGE,10,ROUND_ORANGE,166,0,0,0,0,0,1,0,0,0,0,0,0
00173-0831-13_RXNAVIMAGE10_2C191678_2.jpg,ROUND,ORANGE,10,ROUND_ORANGE,166,0,0,0,0,0,1,0,0,0,0,0,0
10370-0533-01_RXNAVIMAGE10_3D4F9EDC_1.jpg,ROUND,WHITE,10,ROUND_WHITE,174,0,0,0,0,0,0,0,0,0,0,1,0
10370-0533-01_RXNAVIMAGE10_3D4F9EDC_2.jpg,ROUND,WHITE,10,ROUND_WHITE,174,0,0,0,0,0,0,0,0,0,0,1,0
55111-0153-30_RXNAVIMAGE10_294114E8_1.jpg,ROUND,WHITE,10,ROUND_WHITE,174,0,0,0,0,0,0,0,0,0,0,1,0
55111-0153-30_RXNAVIMAGE10_294114E8_2.jpg,ROUND,WHITE,10,ROUND_WHITE,174,0,0,0,0,0,0,0,0,0,0,1,0
00074-6304-13_RXNAVIMAGE10_7215B97D_1.jpg,OVAL,WHITE,7,OVAL_WHITE,139,0,0,0,0,0,0,0,0,0,0,1,0
00074-6304-13_RXNAVIMAGE10_7215B97D_2.jpg,OVAL,WHITE,7,OVAL_WHITE,139,0,0,0,0,0,0,0,0,0,0,1,0
59630-0702-48_RXNAVIMAGE10_1E1B8F7C_1.jpg,ROUND,WHITE,10,ROUND_WHITE,174,0,0,0,0,0,0,0,0,0,0,1,0
59630-0702-48_RXNAVIMAGE10_1E1B8F7C_2.jpg,ROUND,WHITE,10,ROUND_WHITE,174,0,0,0,0,0,0,0,0,0,0,1,0
63304-0540-05_RXNAVIMAGE10_C739638B_1.jpg,ROUND,ORANGE,10,ROUND_ORANGE,166,0,0,0,0,0,1,0,0,0,0,0,0
63304-0540-05_RXNAVIMAGE10_C739638B_2.jpg,ROUND,ORANGE,10,ROUND_ORANGE,166,0,0,0,0,0,1,0,0,0,0,0,0
00093-0670-06_RXNAVIMAGE10_822B417A_1.jpg,OVAL,WHITE,7,OVAL_WHITE,139,0,0,0,0,0,0,0,0,0,0,1,0
00093-0670-06_RXNAVIMAGE10_822B417A_2.jpg,OVAL,WHITE,7,OVAL_WHITE,139,0,0,0,0,0,0,0,0,0,0,1,0
55111-0468-01_RXNAVIMAGE10_CC49E60F_1.jpg,ROUND,WHITE,10,ROUND_WHITE,174,0,0,0,0,0,0,0,0,0,0,1,0
55111-0468-01_RXNAVIMAGE10_CC49E60F_2.jpg,ROUND,WHITE,10,ROUND_WHITE,174,0,0,0,0,0,0,0,0,0,0,1,0
00603-2115-32_RXNAVIMAGE10_4C4F2649_1.jpg,ROUND,WHITE,10,ROUND_WHITE,174,0,0,0,0,0,0,0,0,0,0,1,0
00603-2115-32_RXNAVIMAGE10_4C4F2649_2.jpg,ROUND,WHITE,10,ROUND_WHITE,174,0,0,0,0,0,0,0,0,0,0,1,0
52544-0936-28_RXNAVIMAGE10_F444FA67_1.jpg,ROUND,ORANGE,10,ROUND_ORANGE,166,0,0,0,0,0,1,0,0,0,0,0,0
52544-0936-28_RXNAVIMAGE10_F444FA67_2.jpg,ROUND,ORANGE,10,ROUND_ORANGE,166,0,0,0,0,0,1,0,0,0,0,0,0
00093-7158-06_RXNAVIMAGE10_312B98DC_1.jpg,OVAL,YELLOW,7,OVAL_YELLOW,145,0,0,0,0,0,0,0,0,0,0,0,1
00093-7158-06_RXNAVIMAGE10_312B98DC_2.jpg,OVAL,YELLOW,7,OVAL_YELLOW,145,0,0,0,0,0,0,0,0,0,0,0,1
50111-0469-01_RXNAVIMAGE10_46302371_1.jpg,ROUND,GREEN,10,ROUND_GREEN,164,0,0,0,0,1,0,0,0,0,0,0,0
50111-0469-01_RXNAVIMAGE10_46302371_2.jpg,ROUND,GREEN,10,ROUND_GREEN,164,0,0,0,0,1,0,0,0,0,0,0,0
00603-7608-01_RXNAVIMAGE10_664A3341_1.jpg,ROUND,BROWN,10,ROUND_BROWN,162,0,0,1,0,0,0,0,0,0,0,0,0
00603-7608-01_RXNAVIMAGE10_664A3341_2.jpg,ROUND,BROWN,10,ROUND_BROWN,162,0,0,1,0,0,0,0,0,0,0,0,0
50844-0529-02_RXNAVIMAGE10_BF35DFFE_1.jpg,OVAL,BLUE,7,OVAL_BLUE,123,0,1,0,0,0,0,0,0,0,0,0,0
50844-0529-02_RXNAVIMAGE10_BF35DFFE_2.jpg,OVAL,BLUE,7,OVAL_BLUE,123,0,1,0,0,0,0,0,0,0,0,0,0
00781-1487-01_RXNAVIMAGE10_112408E0_1.jpg,ROUND,GREEN,10,ROUND_GREEN,164,0,0,0,0,1,0,0,0,0,0,0,0
00781-1487-01_RXNAVIMAGE10_112408E0_2.jpg,ROUND,GREEN,10,ROUND_GREEN,164,0,0,0,0,1,0,0,0,0,0,0,0
68682-0707-30_RXNAVIMAGE10_9D4E4E92_1.jpg,OVAL,WHITE,7,OVAL_WHITE,139,0,0,0,0,0,0,0,0,0,0,1,0
68682-0707-30_RXNAVIMAGE10_9D4E4E92_2.jpg,OVAL,WHITE,7,OVAL_WHITE,139,0,0,0,0,0,0,0,0,0,0,1,0
00603-3899-19_RXNAVIMAGE10_19408CB4_1.jpg,ROUND,WHITE,10,ROUND_WHITE,174,0,0,0,0,0,0,0,0,0,0,1,0
00603-3899-19_RXNAVIMAGE10_19408CB4_2.jpg,ROUND,WHITE,10,ROUND_WHITE,174,0,0,0,0,0,0,0,0,0,0,1,0
00603-2128-32_RXNAVIMAGE10_A615531A_1.jpg,OVAL,ORANGE,7,OVAL_ORANGE,130,0,0,0,0,0,1,0,0,0,0,0,0
00603-2128-32_RXNAVIMAGE10_A615531A_2.jpg,OVAL,ORANGE,7,OVAL_ORANGE,130,0,0,0,0,0,1,0,0,0,0,0,0
00093-5276-01_RXNAVIMAGE10_F141F88F_1.jpg,ROUND,YELLOW,10,ROUND_YELLOW,178,0,0,0,0,0,0,0,0,0,0,0,1
00093-5276-01_RXNAVIMAGE10_F141F88F_2.jpg,ROUND,YELLOW,10,ROUND_YELLOW,178,0,0,0,0,0,0,0,0,0,0,0,1
00430-0979-03_RXNAVIMAGE10_8744C3D6_1.jpg,OVAL,YELLOW,7,OVAL_YELLOW,145,0,0,0,0,0,0,0,0,0,0,0,1
00430-0979-03_RXNAVIMAGE10_8744C3D6_2.jpg,OVAL,YELLOW,7,OVAL_YELLOW,145,0,0,0,0,0,0,0,0,0,0,0,1
76439-0141-11_RXNAVIMAGE10_8440C236_1.jpg,ROUND,WHITE,10,ROUND_WHITE,174,0,0,0,0,0,0,0,0,0,0,1,0
76439-0141-11_RXNAVIMAGE10_8440C236_2.jpg,ROUND,WHITE,10,ROUND_WHITE,174,0,0,0,0,0,0,0,0,0,0,1,0
00555-9043-58_RXNAVIMAGE10_D612EB57_1.jpg,ROUND,WHITE,10,ROUND_WHITE,174,0,0,0,0,0,0,0,0,0,0,1,0
00555-9043-58_RXNAVIMAGE10_D612EB57_2.jpg,ROUND,WHITE,10,ROUND_WHITE,174,0,0,0,0,0,0,0,0,0,0,1,0
68462-0163-01_RXNAVIMAGE10_DC216E7B_1.jpg,ROUND,WHITE,10,ROUND_WHITE,174,0,0,0,0,0,0,0,0,0,0,1,0
68462-0163-01_RXNAVIMAGE10_DC216E7B_2.jpg,ROUND,WHITE,10,ROUND_WHITE,174,0,0,0,0,0,0,0,0,0,0,1,0
00006-0221-31_RXNAVIMAGE10_DA15ED0F_1.jpg,ROUND,PINK,10,ROUND_PINK,168,0,0,0,0,0,0,1,0,0,0,0,0
00006-0221-31_RXNAVIMAGE10_DA15ED0F_2.jpg,ROUND,PINK,10,ROUND_PINK,168,0,0,0,0,0,0,1,0,0,0,0,0
49230-0640-21_RXNAVIMAGE10_C81C6413_1.jpg,CAPSULE,"WHITE, BLUE",1,"CAPSULE_WHITE, BLUE",83,0,1,0,0,0,0,0,0,0,0,1,0
49230-0640-21_RXNAVIMAGE10_C81C6413_2.jpg,CAPSULE,"WHITE, BLUE",1,"CAPSULE_WHITE, BLUE",83,0,1,0,0,0,0,0,0,0,0,1,0
68382-0198-16_RXNAVIMAGE10_FA0DFD1F_1.jpg,OVAL,PURPLE,7,OVAL_PURPLE,135,0,0,0,0,0,0,0,1,0,0,0,0
68382-0198-16_RXNAVIMAGE10_FA0DFD1F_2.jpg,OVAL,PURPLE,7,OVAL_PURPLE,135,0,0,0,0,0,0,0,1,0,0,0,0
42806-0503-01_RXNAVIMAGE10_423EA145_1.jpg,CAPSULE,"PINK, WHITE",1,"CAPSULE_PINK, WHITE",59,0,0,0,0,0,0,1,0,0,0,1,0
42806-0503-01_RXNAVIMAGE10_423EA145_2.jpg,CAPSULE,"PINK, WHITE",1,"CAPSULE_PINK, WHITE",59,0,0,0,0,0,0,1,0,0,0,1,0
31722-0405-05_RXNAVIMAGE10_7949BCFD_1.jpg,OVAL,WHITE,7,OVAL_WHITE,139,0,0,0,0,0,0,0,0,0,0,1,0
31722-0405-05_RXNAVIMAGE10_7949BCFD_2.jpg,OVAL,WHITE,7,OVAL_WHITE,139,0,0,0,0,0,0,0,0,0,0,1,0
16714-0401-02_RXNAVIMAGE10_E04DF01F_1.jpg,OVAL,WHITE,7,OVAL_WHITE,139,0,0,0,0,0,0,0,0,0,0,1,0
16714-0401-02_RXNAVIMAGE10_E04DF01F_2.jpg,OVAL,WHITE,7,OVAL_WHITE,139,0,0,0,0,0,0,0,0,0,0,1,0
65162-0514-50_RXNAVIMAGE10_BB1D5DAA_1.jpg,ROUND,YELLOW,10,ROUND_YELLOW,178,0,0,0,0,0,0,0,0,0,0,0,1
65162-0514-50_RXNAVIMAGE10_BB1D5DAA_2.jpg,ROUND,YELLOW,10,ROUND_YELLOW,178,0,0,0,0,0,0,0,0,0,0,0,1
00143-9739-10_RXNAVIMAGE10_E74973AB_1.jpg,ROUND,WHITE,10,ROUND_WHITE,174,0,0,0,0,0,0,0,0,0,0,1,0
00143-9739-10_RXNAVIMAGE10_E74973AB_2.jpg,ROUND,WHITE,10,ROUND_WHITE,174,0,0,0,0,0,0,0,0,0,0,1,0
00115-1151-01_RXNAVIMAGE10_7D3ABEF5_1.jpg,ROUND,WHITE,10,ROUND_WHITE,174,0,0,0,0,0,0,0,0,0,0,1,0
00115-1151-01_RXNAVIMAGE10_7D3ABEF5_2.jpg,ROUND,WHITE,10,ROUND_WHITE,174,0,0,0,0,0,0,0,0,0,0,1,0
31722-0302-01_RXNAVIMAGE10_2D3A96A4_1.jpg,ROUND,WHITE,10,ROUND_WHITE,174,0,0,0,0,0,0,0,0,0,0,1,0
31722-0302-01_RXNAVIMAGE10_2D3A96A4_2.jpg,ROUND,WHITE,10,ROUND_WHITE,174,0,0,0,0,0,0,0,0,0,0,1,0
55111-0113-81_RXNAVIMAGE10_A751D3CE_1.jpg,OVAL,RED,7,OVAL_RED,137,0,0,0,0,0,0,0,0,1,0,0,0
55111-0113-81_RXNAVIMAGE10_A751D3CE_2.jpg,OVAL,RED,7,OVAL_RED,137,0,0,0,0,0,0,0,0,1,0,0,0
62332-0076-60_RXNAVIMAGE10_554E2AF1_1.jpg,OVAL,GRAY,7,OVAL_GRAY,127,0,0,0,1,0,0,0,0,0,0,0,0
62332-0076-60_RXNAVIMAGE10_554E2AF1_2.jpg,OVAL,GRAY,7,OVAL_GRAY,127,0,0,0,1,0,0,0,0,0,0,0,0
64727-3302-01_RXNAVIMAGE10_304A1810_1.jpg,ROUND,WHITE,10,ROUND_WHITE,174,0,0,0,0,0,0,0,0,0,0,1,0
64727-3302-01_RXNAVIMAGE10_304A1810_2.jpg,ROUND,WHITE,10,ROUND_WHITE,174,0,0,0,0,0,0,0,0,0,0,1,0
00525-8019-90_RXNAVIMAGE10_C508E297_1.jpg,ROUND,PURPLE,10,ROUND_PURPLE,171,0,0,0,0,0,0,0,1,0,0,0,0
00525-8019-90_RXNAVIMAGE10_C508E297_2.jpg,ROUND,PURPLE,10,ROUND_PURPLE,171,0,0,0,0,0,0,0,1,0,0,0,0
59762-1416-03_RXNAVIMAGE10_4704A3C5_1.jpg,OVAL,YELLOW,7,OVAL_YELLOW,145,0,0,0,0,0,0,0,0,0,0,0,1
59762-1416-03_RXNAVIMAGE10_4704A3C5_2.jpg,OVAL,YELLOW,7,OVAL_YELLOW,145,0,0,0,0,0,0,0,0,0,0,0,1
24658-0300-90_RXNAVIMAGE10_1F3D8FBC_1.jpg,OVAL,WHITE,7,OVAL_WHITE,139,0,0,0,0,0,0,0,0,0,0,1,0
24658-0300-90_RXNAVIMAGE10_1F3D8FBC_2.jpg,OVAL,WHITE,7,OVAL_WHITE,139,0,0,0,0,0,0,0,0,0,0,1,0
62756-0146-86_RXNAVIMAGE10_C10EE087_1.jpg,CAPSULE,ORANGE,1,CAPSULE_ORANGE,44,0,0,0,0,0,1,0,0,0,0,0,0
62756-0146-86_RXNAVIMAGE10_C10EE087_2.jpg,CAPSULE,ORANGE,1,CAPSULE_ORANGE,44,0,0,0,0,0,1,0,0,0,0,0,0
51672-4041-01_RXNAVIMAGE10_55062A81_1.jpg,ROUND,PINK,10,ROUND_PINK,168,0,0,0,0,0,0,1,0,0,0,0,0
51672-4041-01_RXNAVIMAGE10_55062A81_2.jpg,ROUND,PINK,10,ROUND_PINK,168,0,0,0,0,0,0,1,0,0,0,0,0
00093-0755-06_RXNAVIMAGE10_752B3AE9_1.jpg,OVAL,BLUE,7,OVAL_BLUE,123,0,1,0,0,0,0,0,0,0,0,0,0
00093-0755-06_RXNAVIMAGE10_752B3AE9_2.jpg,OVAL,BLUE,7,OVAL_BLUE,123,0,1,0,0,0,0,0,0,0,0,0,0
00832-0512-01_RXNAVIMAGE10_534929C9_1.jpg,ROUND,YELLOW,10,ROUND_YELLOW,178,0,0,0,0,0,0,0,0,0,0,0,1
00832-0512-01_RXNAVIMAGE10_534929C9_2.jpg,ROUND,YELLOW,10,ROUND_YELLOW,178,0,0,0,0,0,0,0,0,0,0,0,1
52544-0384-28_RXNAVIMAGE10_5E502F31_1.jpg,ROUND,WHITE,10,ROUND_WHITE,174,0,0,0,0,0,0,0,0,0,0,1,0
52544-0384-28_RXNAVIMAGE10_5E502F31_2.jpg,ROUND,WHITE,10,ROUND_WHITE,174,0,0,0,0,0,0,0,0,0,0,1,0
68382-0183-14_RXNAVIMAGE10_9545CAEE_1.jpg,OVAL,WHITE,7,OVAL_WHITE,139,0,0,0,0,0,0,0,0,0,0,1,0
68382-0183-14_RXNAVIMAGE10_9545CAEE_2.jpg,OVAL,WHITE,7,OVAL_WHITE,139,0,0,0,0,0,0,0,0,0,0,1,0
16252-0515-01_RXNAVIMAGE10_A83A5442_1.jpg,OVAL,WHITE,7,OVAL_WHITE,139,0,0,0,0,0,0,0,0,0,0,1,0
16252-0515-01_RXNAVIMAGE10_A83A5442_2.jpg,OVAL,WHITE,7,OVAL_WHITE,139,0,0,0,0,0,0,0,0,0,0,1,0
00591-0338-01_RXNAVIMAGE10_AC05561A_1.jpg,ROUND,WHITE,10,ROUND_WHITE,174,0,0,0,0,0,0,0,0,0,0,1,0
00591-0338-01_RXNAVIMAGE10_AC05561A_2.jpg,ROUND,WHITE,10,ROUND_WHITE,174,0,0,0,0,0,0,0,0,0,0,1,0
00591-3220-01_RXNAVIMAGE10_BE135F3A_1.jpg,CAPSULE,"BLUE, WHITE",1,"CAPSULE_BLUE, WHITE",16,0,1,0,0,0,0,0,0,0,0,1,0
00591-3220-01_RXNAVIMAGE10_BE135F3A_2.jpg,CAPSULE,"BLUE, WHITE",1,"CAPSULE_BLUE, WHITE",16,0,1,0,0,0,0,0,0,0,0,1,0
65197-0003-01_RXNAVIMAGE10_2E45975C_1.jpg,CAPSULE,RED,1,CAPSULE_RED,69,0,0,0,0,0,0,0,0,1,0,0,0
65197-0003-01_RXNAVIMAGE10_2E45975C_2.jpg,CAPSULE,RED,1,CAPSULE_RED,69,0,0,0,0,0,0,0,0,1,0,0,0
00173-0761-00_RXNAVIMAGE10_F318F9F7_1.jpg,OVAL,"GRAY, WHITE",7,"OVAL_GRAY, WHITE",128,0,0,0,1,0,0,0,0,0,0,1,0
00173-0761-00_RXNAVIMAGE10_F318F9F7_2.jpg,OVAL,"GRAY, WHITE",7,"OVAL_GRAY, WHITE",128,0,0,0,1,0,0,0,0,0,0,1,0
00074-2589-13_RXNAVIMAGE10_1D058EEC_1.jpg,OVAL,PINK,7,OVAL_PINK,133,0,0,0,0,0,0,1,0,0,0,0,0
00074-2589-13_RXNAVIMAGE10_1D058EEC_2.jpg,OVAL,PINK,7,OVAL_PINK,133,0,0,0,0,0,0,1,0,0,0,0,0
00078-0315-34_RXNAVIMAGE10_F8157C5B_1.jpg,OVAL,RED,7,OVAL_RED,137,0,0,0,0,0,0,0,0,1,0,0,0
00078-0315-34_RXNAVIMAGE10_F8157C5B_2.jpg,OVAL,RED,7,OVAL_RED,137,0,0,0,0,0,0,0,0,1,0,0,0
68382-0019-01_RXNAVIMAGE10_F8127C53_1.jpg,ROUND,ORANGE,10,ROUND_ORANGE,166,0,0,0,0,0,1,0,0,0,0,0,0
68382-0019-01_RXNAVIMAGE10_F8127C53_2.jpg,ROUND,ORANGE,10,ROUND_ORANGE,166,0,0,0,0,0,1,0,0,0,0,0,0
16714-0531-10_RXNAVIMAGE10_6D4EB6E5_1.jpg,TRIANGLE,YELLOW,15,TRIANGLE_YELLOW,203,0,0,0,0,0,0,0,0,0,0,0,1
16714-0531-10_RXNAVIMAGE10_6D4EB6E5_2.jpg,TRIANGLE,YELLOW,15,TRIANGLE_YELLOW,203,0,0,0,0,0,0,0,0,0,0,0,1
00093-7542-06_RXNAVIMAGE10_4638A355_1.jpg,CAPSULE,GREEN,1,CAPSULE_GREEN,32,0,0,0,0,1,0,0,0,0,0,0,0
00093-7542-06_RXNAVIMAGE10_4638A355_2.jpg,CAPSULE,GREEN,1,CAPSULE_GREEN,32,0,0,0,0,1,0,0,0,0,0,0,0
00093-6148-82_RXNAVIMAGE10_8336C1E6_1.jpg,ROUND,YELLOW,10,ROUND_YELLOW,178,0,0,0,0,0,0,0,0,0,0,0,1
00093-6148-82_RXNAVIMAGE10_8336C1E6_2.jpg,ROUND,YELLOW,10,ROUND_YELLOW,178,0,0,0,0,0,0,0,0,0,0,0,1
00781-5607-31_RXNAVIMAGE10_434EA1E5_1.jpg,OVAL,YELLOW,7,OVAL_YELLOW,145,0,0,0,0,0,0,0,0,0,0,0,1
00781-5607-31_RXNAVIMAGE10_434EA1E5_2.jpg,OVAL,YELLOW,7,OVAL_YELLOW,145,0,0,0,0,0,0,0,0,0,0,0,1
00032-1206-01_RXNAVIMAGE10_59442CE1_1.jpg,CAPSULE,"BLUE, RED",1,"CAPSULE_BLUE, RED",14,0,1,0,0,0,0,0,0,1,0,0,0
00032-1206-01_RXNAVIMAGE10_59442CE1_2.jpg,CAPSULE,"BLUE, RED",1,"CAPSULE_BLUE, RED",14,0,1,0,0,0,0,0,0,1,0,0,0
16571-0411-10_RXNAVIMAGE10_B23ED926_1.jpg,ROUND,WHITE,10,ROUND_WHITE,174,0,0,0,0,0,0,0,0,0,0,1,0
16571-0411-10_RXNAVIMAGE10_B23ED926_2.jpg,ROUND,WHITE,10,ROUND_WHITE,174,0,0,0,0,0,0,0,0,0,0,1,0
00173-0675-02_RXNAVIMAGE10_A019500A_1.jpg,ROUND,PINK,10,ROUND_PINK,168,0,0,0,0,0,0,1,0,0,0,0,0
00173-0675-02_RXNAVIMAGE10_A019500A_2.jpg,ROUND,PINK,10,ROUND_PINK,168,0,0,0,0,0,0,1,0,0,0,0,0
00781-1078-10_RXNAVIMAGE10_7C3DBE6D_1.jpg,ROUND,WHITE,10,ROUND_WHITE,174,0,0,0,0,0,0,0,0,0,0,1,0
00781-1078-10_RXNAVIMAGE10_7C3DBE6D_2.jpg,ROUND,WHITE,10,ROUND_WHITE,174,0,0,0,0,0,0,0,0,0,0,1,0
60505-0065-00_RXNAVIMAGE10_412920F9_1.jpg,CAPSULE,"PINK, PINK",1,"CAPSULE_PINK, PINK",57,0,0,0,0,0,0,1,0,0,0,0,0
60505-0065-00_RXNAVIMAGE10_412920F9_2.jpg,CAPSULE,"PINK, PINK",1,"CAPSULE_PINK, PINK",57,0,0,0,0,0,0,1,0,0,0,0,0
00378-1411-01_RXNAVIMAGE10_8023407A_1.jpg,OVAL,BLUE,7,OVAL_BLUE,123,0,1,0,0,0,0,0,0,0,0,0,0
00378-1411-01_RXNAVIMAGE10_8023407A_2.jpg,OVAL,BLUE,7,OVAL_BLUE,123,0,1,0,0,0,0,0,0,0,0,0,0
00093-7455-01_RXNAVIMAGE10_62363151_1.jpg,OVAL,PINK,7,OVAL_PINK,133,0,0,0,0,0,0,1,0,0,0,0,0
00093-7455-01_RXNAVIMAGE10_62363151_2.jpg,OVAL,PINK,7,OVAL_PINK,133,0,0,0,0,0,0,1,0,0,0,0,0
00093-5961-01_RXNAVIMAGE10_C743E39F_1.jpg,OVAL,WHITE,7,OVAL_WHITE,139,0,0,0,0,0,0,0,0,0,0,1,0
00093-5961-01_RXNAVIMAGE10_C743E39F_2.jpg,OVAL,WHITE,7,OVAL_WHITE,139,0,0,0,0,0,0,0,0,0,0,1,0
59762-1020-01_RXNAVIMAGE10_6E03B71D_1.jpg,CAPSULE,"BLUE, PINK",1,"CAPSULE_BLUE, PINK",13,0,1,0,0,0,0,1,0,0,0,0,0
59762-1020-01_RXNAVIMAGE10_6E03B71D_2.jpg,CAPSULE,"BLUE, PINK",1,"CAPSULE_BLUE, PINK",13,0,1,0,0,0,0,1,0,0,0,0,0
57844-0322-01_RXNAVIMAGE10_E2367113_1.jpg,CAPSULE,PINK,1,CAPSULE_PINK,52,0,0,0,0,0,0,1,0,0,0,0,0
57844-0322-01_RXNAVIMAGE10_E2367113_2.jpg,CAPSULE,PINK,1,CAPSULE_PINK,52,0,0,0,0,0,0,1,0,0,0,0,0
43547-0349-09_RXNAVIMAGE10_3B511DB8_1.jpg,OVAL,BROWN,7,OVAL_BROWN,125,0,0,1,0,0,0,0,0,0,0,0,0
43547-0349-09_RXNAVIMAGE10_3B511DB8_2.jpg,OVAL,BROWN,7,OVAL_BROWN,125,0,0,1,0,0,0,0,0,0,0,0,0
49884-0563-11_RXNAVIMAGE10_4F3BA7AD_1.jpg,ROUND,BROWN,10,ROUND_BROWN,162,0,0,1,0,0,0,0,0,0,0,0,0
49884-0563-11_RXNAVIMAGE10_4F3BA7AD_2.jpg,ROUND,BROWN,10,ROUND_BROWN,162,0,0,1,0,0,0,0,0,0,0,0,0
59762-4440-02_RXNAVIMAGE10_52412959_1.jpg,OVAL,WHITE,7,OVAL_WHITE,139,0,0,0,0,0,0,0,0,0,0,1,0
59762-4440-02_RXNAVIMAGE10_52412959_2.jpg,OVAL,WHITE,7,OVAL_WHITE,139,0,0,0,0,0,0,0,0,0,0,1,0
00591-2820-01_RXNAVIMAGE10_743FBA5D_1.jpg,CAPSULE,"WHITE, BLUE",1,"CAPSULE_WHITE, BLUE",83,0,1,0,0,0,0,0,0,0,0,1,0
00591-2820-01_RXNAVIMAGE10_743FBA5D_2.jpg,CAPSULE,"WHITE, BLUE",1,"CAPSULE_WHITE, BLUE",83,0,1,0,0,0,0,0,0,0,0,1,0
52544-0630-28_RXNAVIMAGE10_4445A26D_1.jpg,ROUND,BROWN,10,ROUND_BROWN,162,0,0,1,0,0,0,0,0,0,0,0,0
52544-0630-28_RXNAVIMAGE10_4445A26D_2.jpg,ROUND,BROWN,10,ROUND_BROWN,162,0,0,1,0,0,0,0,0,0,0,0,0
00143-9986-01_RXNAVIMAGE10_4F04A7B5_1.jpg,CAPSULE,"PURPLE, GRAY",1,"CAPSULE_PURPLE, GRAY",62,0,0,0,1,0,0,0,1,0,0,0,0
00143-9986-01_RXNAVIMAGE10_4F04A7B5_2.jpg,CAPSULE,"PURPLE, GRAY",1,"CAPSULE_PURPLE, GRAY",62,0,0,0,1,0,0,0,1,0,0,0,0
43547-0268-10_RXNAVIMAGE10_C53D628B_1.jpg,ROUND,WHITE,10,ROUND_WHITE,174,0,0,0,0,0,0,0,0,0,0,1,0
43547-0268-10_RXNAVIMAGE10_C53D628B_2.jpg,ROUND,WHITE,10,ROUND_WHITE,174,0,0,0,0,0,0,0,0,0,0,1,0
65862-0549-90_RXNAVIMAGE10_CE4DE71F_1.jpg,OVAL,BROWN,7,OVAL_BROWN,125,0,0,1,0,0,0,0,0,0,0,0,0
65862-0549-90_RXNAVIMAGE10_CE4DE71F_2.jpg,OVAL,BROWN,7,OVAL_BROWN,125,0,0,1,0,0,0,0,0,0,0,0,0
60505-0102-01_RXNAVIMAGE10_EB49F5CF_1.jpg,OVAL,WHITE,7,OVAL_WHITE,139,0,0,0,0,0,0,0,0,0,0,1,0
60505-0102-01_RXNAVIMAGE10_EB49F5CF_2.jpg,OVAL,WHITE,7,OVAL_WHITE,139,0,0,0,0,0,0,0,0,0,0,1,0
00904-0644-60_RXNAVIMAGE10_66353349_1.jpg,CAPSULE,"BLACK, YELLOW",1,"CAPSULE_BLACK, YELLOW",6,1,0,0,0,0,0,0,0,0,0,0,1
00904-0644-60_RXNAVIMAGE10_66353349_2.jpg,CAPSULE,"BLACK, YELLOW",1,"CAPSULE_BLACK, YELLOW",6,1,0,0,0,0,0,0,0,0,0,0,1
00555-9123-66_RXNAVIMAGE10_6B36B5E5_1.jpg,ROUND,WHITE,10,ROUND_WHITE,174,0,0,0,0,0,0,0,0,0,0,1,0
00555-9123-66_RXNAVIMAGE10_6B36B5E5_2.jpg,ROUND,WHITE,10,ROUND_WHITE,174,0,0,0,0,0,0,0,0,0,0,1,0
00093-0733-01_RXNAVIMAGE10_672B3399_1.jpg,ROUND,PINK,10,ROUND_PINK,168,0,0,0,0,0,0,1,0,0,0,0,0
00093-0733-01_RXNAVIMAGE10_672B3399_2.jpg,ROUND,PINK,10,ROUND_PINK,168,0,0,0,0,0,0,1,0,0,0,0,0
67253-0383-10_RXNAVIMAGE10_4948A4A5_1.jpg,OVAL,GREEN,7,OVAL_GREEN,129,0,0,0,0,1,0,0,0,0,0,0,0
67253-0383-10_RXNAVIMAGE10_4948A4A5_2.jpg,OVAL,GREEN,7,OVAL_GREEN,129,0,0,0,0,1,0,0,0,0,0,0,0
00173-0562-01_RXNAVIMAGE10_3B191DF8_1.jpg,SEMI-CIRCLE,GREEN,11,SEMI-CIRCLE_GREEN,180,0,0,0,0,1,0,0,0,0,0,0,0
00173-0562-01_RXNAVIMAGE10_3B191DF8_2.jpg,SEMI-CIRCLE,GREEN,11,SEMI-CIRCLE_GREEN,180,0,0,0,0,1,0,0,0,0,0,0,0
00378-1190-01_RXNAVIMAGE10_8B3B459A_1.jpg,ROUND,BLUE,10,ROUND_BLUE,160,0,1,0,0,0,0,0,0,0,0,0,0
00378-1190-01_RXNAVIMAGE10_8B3B459A_2.jpg,ROUND,BLUE,10,ROUND_BLUE,160,0,1,0,0,0,0,0,0,0,0,0,0
55111-0663-30_RXNAVIMAGE10_934549BA_1.jpg,CAPSULE,"WHITE, PINK",1,"CAPSULE_WHITE, PINK",88,0,0,0,0,0,0,1,0,0,0,1,0
55111-0663-30_RXNAVIMAGE10_934549BA_2.jpg,CAPSULE,"WHITE, PINK",1,"CAPSULE_WHITE, PINK",88,0,0,0,0,0,0,1,0,0,0,1,0
68462-0358-05_RXNAVIMAGE10_A71C53C2_1.jpg,OVAL,WHITE,7,OVAL_WHITE,139,0,0,0,0,0,0,0,0,0,0,1,0
68462-0358-05_RXNAVIMAGE10_A71C53C2_2.jpg,OVAL,WHITE,7,OVAL_WHITE,139,0,0,0,0,0,0,0,0,0,0,1,0
00143-9919-01_RXNAVIMAGE10_02230118_1.jpg,OVAL,BLUE,7,OVAL_BLUE,123,0,1,0,0,0,0,0,0,0,0,0,0
00143-9919-01_RXNAVIMAGE10_02230118_2.jpg,OVAL,BLUE,7,OVAL_BLUE,123,0,1,0,0,0,0,0,0,0,0,0,0
13668-0329-30_RXNAVIMAGE10_0851847C_1.jpg,OVAL,YELLOW,7,OVAL_YELLOW,145,0,0,0,0,0,0,0,0,0,0,0,1
13668-0329-30_RXNAVIMAGE10_0851847C_2.jpg,OVAL,YELLOW,7,OVAL_YELLOW,145,0,0,0,0,0,0,0,0,0,0,0,1
00093-3040-06_RXNAVIMAGE10_F343F9EF_1.jpg,CAPSULE,"RED, WHITE",1,"CAPSULE_RED, WHITE",74,0,0,0,0,0,0,0,0,1,0,1,0
00093-3040-06_RXNAVIMAGE10_F343F9EF_2.jpg,CAPSULE,"RED, WHITE",1,"CAPSULE_RED, WHITE",74,0,0,0,0,0,0,0,0,1,0,1,0
68682-0371-90_RXNAVIMAGE10_5E442F51_1.jpg,CAPSULE,TURQUOISE,1,CAPSULE_TURQUOISE,76,0,0,0,0,0,0,0,0,0,1,0,0
68682-0371-90_RXNAVIMAGE10_5E442F51_2.jpg,CAPSULE,TURQUOISE,1,CAPSULE_TURQUOISE,76,0,0,0,0,0,0,0,0,0,1,0,0
16714-0448-01_RXNAVIMAGE10_4F4B27C9_1.jpg,ROUND,BROWN,10,ROUND_BROWN,162,0,0,1,0,0,0,0,0,0,0,0,0
16714-0448-01_RXNAVIMAGE10_4F4B27C9_2.jpg,ROUND,BROWN,10,ROUND_BROWN,162,0,0,1,0,0,0,0,0,0,0,0,0
00056-0170-70_RXNAVIMAGE10_95134AFA_1.jpg,ROUND,PURPLE,10,ROUND_PURPLE,171,0,0,0,0,0,0,0,1,0,0,0,0
00056-0170-70_RXNAVIMAGE10_95134AFA_2.jpg,ROUND,PURPLE,10,ROUND_PURPLE,171,0,0,0,0,0,0,0,1,0,0,0,0
63459-0544-28_RXNAVIMAGE10_9D424E92_1.jpg,ROUND,WHITE,10,ROUND_WHITE,174,0,0,0,0,0,0,0,0,0,0,1,0
63459-0544-28_RXNAVIMAGE10_9D424E92_2.jpg,ROUND,WHITE,10,ROUND_WHITE,174,0,0,0,0,0,0,0,0,0,0,1,0
00172-2416-80_RXNAVIMAGE10_A00ED066_1.jpg,CAPSULE,"ORANGE, YELLOW",1,"CAPSULE_ORANGE, YELLOW",51,0,0,0,0,0,1,0,0,0,0,0,1
00172-2416-80_RXNAVIMAGE10_A00ED066_2.jpg,CAPSULE,"ORANGE, YELLOW",1,"CAPSULE_ORANGE, YELLOW",51,0,0,0,0,0,1,0,0,0,0,0,1
00527-1535-01_RXNAVIMAGE10_20471008_1.jpg,ROUND,YELLOW,10,ROUND_YELLOW,178,0,0,0,0,0,0,0,0,0,0,0,1
00527-1535-01_RXNAVIMAGE10_20471008_2.jpg,ROUND,YELLOW,10,ROUND_YELLOW,178,0,0,0,0,0,0,0,0,0,0,0,1
00143-1257-01_RXNAVIMAGE10_FD22FEA7_1.jpg,ROUND,ORANGE,10,ROUND_ORANGE,166,0,0,0,0,0,1,0,0,0,0,0,0
00143-1257-01_RXNAVIMAGE10_FD22FEA7_2.jpg,ROUND,ORANGE,10,ROUND_ORANGE,166,0,0,0,0,0,1,0,0,0,0,0,0
00093-7466-98_RXNAVIMAGE10_A51DD2AE_1.jpg,OVAL,WHITE,7,OVAL_WHITE,139,0,0,0,0,0,0,0,0,0,0,1,0
00093-7466-98_RXNAVIMAGE10_A51DD2AE_2.jpg,OVAL,WHITE,7,OVAL_WHITE,139,0,0,0,0,0,0,0,0,0,0,1,0
10144-0602-15_RXNAVIMAGE10_FA1DFD3F_1.jpg,CAPSULE,BLUE,1,CAPSULE_BLUE,7,0,1,0,0,0,0,0,0,0,0,0,0
10144-0602-15_RXNAVIMAGE10_FA1DFD3F_2.jpg,CAPSULE,BLUE,1,CAPSULE_BLUE,7,0,1,0,0,0,0,0,0,0,0,0,0
00185-4400-23_RXNAVIMAGE10_DF076FBB_1.jpg,ROUND,WHITE,10,ROUND_WHITE,174,0,0,0,0,0,0,0,0,0,0,1,0
00185-4400-23_RXNAVIMAGE10_DF076FBB_2.jpg,ROUND,WHITE,10,ROUND_WHITE,174,0,0,0,0,0,0,0,0,0,0,1,0
57664-0166-58_RXNAVIMAGE10_043F826C_1.jpg,OVAL,WHITE,7,OVAL_WHITE,139,0,0,0,0,0,0,0,0,0,0,1,0
57664-0166-58_RXNAVIMAGE10_043F826C_2.jpg,OVAL,WHITE,7,OVAL_WHITE,139,0,0,0,0,0,0,0,0,0,0,1,0
65162-0536-10_RXNAVIMAGE10_8835445A_1.jpg,OVAL,YELLOW,7,OVAL_YELLOW,145,0,0,0,0,0,0,0,0,0,0,0,1
65162-0536-10_RXNAVIMAGE10_8835445A_2.jpg,OVAL,YELLOW,7,OVAL_YELLOW,145,0,0,0,0,0,0,0,0,0,0,0,1
00093-5353-01_RXNAVIMAGE10_03270198_1.jpg,OVAL,PINK,7,OVAL_PINK,133,0,0,0,0,0,0,1,0,0,0,0,0
00093-5353-01_RXNAVIMAGE10_03270198_2.jpg,OVAL,PINK,7,OVAL_PINK,133,0,0,0,0,0,0,1,0,0,0,0,0
00093-0321-01_RXNAVIMAGE10_902B486A_1.jpg,OVAL,ORANGE,7,OVAL_ORANGE,130,0,0,0,0,0,1,0,0,0,0,0,0
00093-0321-01_RXNAVIMAGE10_902B486A_2.jpg,OVAL,ORANGE,7,OVAL_ORANGE,130,0,0,0,0,0,1,0,0,0,0,0,0
29033-0001-01_RXNAVIMAGE10_730EB985_1.jpg,ROUND,WHITE,10,ROUND_WHITE,174,0,0,0,0,0,0,0,0,0,0,1,0
29033-0001-01_RXNAVIMAGE10_730EB985_2.jpg,ROUND,WHITE,10,ROUND_WHITE,174,0,0,0,0,0,0,0,0,0,0,1,0
43547-0226-50_RXNAVIMAGE10_AE40D766_1.jpg,OVAL,WHITE,7,OVAL_WHITE,139,0,0,0,0,0,0,0,0,0,0,1,0
43547-0226-50_RXNAVIMAGE10_AE40D766_2.jpg,OVAL,WHITE,7,OVAL_WHITE,139,0,0,0,0,0,0,0,0,0,0,1,0
00071-0369-24_RXNAVIMAGE10_E51572CB_1.jpg,CAPSULE,"ORANGE, WHITE",1,"CAPSULE_ORANGE, WHITE",50,0,0,0,0,0,1,0,0,0,0,1,0
00071-0369-24_RXNAVIMAGE10_E51572CB_2.jpg,CAPSULE,"ORANGE, WHITE",1,"CAPSULE_ORANGE, WHITE",50,0,0,0,0,0,1,0,0,0,0,1,0
00009-5190-02_RXNAVIMAGE10_3C159E4C_1.jpg,CAPSULE,GREEN,1,CAPSULE_GREEN,32,0,0,0,0,1,0,0,0,0,0,0,0
00009-5190-02_RXNAVIMAGE10_3C159E4C_2.jpg,CAPSULE,GREEN,1,CAPSULE_GREEN,32,0,0,0,0,1,0,0,0,0,0,0,0
51672-4018-01_RXNAVIMAGE10_7205B94D_1.jpg,OVAL,PINK,7,OVAL_PINK,133,0,0,0,0,0,0,1,0,0,0,0,0
51672-4018-01_RXNAVIMAGE10_7205B94D_2.jpg,OVAL,PINK,7,OVAL_PINK,133,0,0,0,0,0,0,1,0,0,0,0,0
50111-0467-01_RXNAVIMAGE10_54302A61_1.jpg,ROUND,ORANGE,10,ROUND_ORANGE,166,0,0,0,0,0,1,0,0,0,0,0,0
50111-0467-01_RXNAVIMAGE10_54302A61_2.jpg,ROUND,ORANGE,10,ROUND_ORANGE,166,0,0,0,0,0,1,0,0,0,0,0,0
66424-0021-10_RXNAVIMAGE10_18158C4C_1.jpg,CAPSULE,"PINK, RED",1,"CAPSULE_PINK, RED",58,0,0,0,0,0,0,1,0,1,0,0,0
66424-0021-10_RXNAVIMAGE10_18158C4C_2.jpg,CAPSULE,"PINK, RED",1,"CAPSULE_PINK, RED",58,0,0,0,0,0,0,1,0,1,0,0,0
31722-0202-90_RXNAVIMAGE10_DE3B6F3B_1.jpg,ROUND,WHITE,10,ROUND_WHITE,174,0,0,0,0,0,0,0,0,0,0,1,0
31722-0202-90_RXNAVIMAGE10_DE3B6F3B_2.jpg,ROUND,WHITE,10,ROUND_WHITE,174,0,0,0,0,0,0,0,0,0,0,1,0
63044-0631-19_RXNAVIMAGE10_23409194_1.jpg,OVAL,RED,7,OVAL_RED,137,0,0,0,0,0,0,0,0,1,0,0,0
63044-0631-19_RXNAVIMAGE10_23409194_2.jpg,OVAL,RED,7,OVAL_RED,137,0,0,0,0,0,0,0,0,1,0,0,0
00406-0360-05_RXNAVIMAGE10_CE15E70F_1.jpg,OVAL,WHITE,7,OVAL_WHITE,139,0,0,0,0,0,0,0,0,0,0,1,0
00406-0360-05_RXNAVIMAGE10_CE15E70F_2.jpg,OVAL,WHITE,7,OVAL_WHITE,139,0,0,0,0,0,0,0,0,0,0,1,0
00085-1717-01_RXNAVIMAGE10_BE23DF1E_1.jpg,OVAL,WHITE,7,OVAL_WHITE,139,0,0,0,0,0,0,0,0,0,0,1,0
00085-1717-01_RXNAVIMAGE10_BE23DF1E_2.jpg,OVAL,WHITE,7,OVAL_WHITE,139,0,0,0,0,0,0,0,0,0,0,1,0
16714-0233-02_RXNAVIMAGE10_D307E9FF_1.jpg,OVAL,BLUE,7,OVAL_BLUE,123,0,1,0,0,0,0,0,0,0,0,0,0
16714-0233-02_RXNAVIMAGE10_D307E9FF_2.jpg,OVAL,BLUE,7,OVAL_BLUE,123,0,1,0,0,0,0,0,0,0,0,0,0
00093-7270-98_RXNAVIMAGE10_9027C85E_1.jpg,OVAL,WHITE,7,OVAL_WHITE,139,0,0,0,0,0,0,0,0,0,0,1,0
00093-7270-98_RXNAVIMAGE10_9027C85E_2.jpg,OVAL,WHITE,7,OVAL_WHITE,139,0,0,0,0,0,0,0,0,0,0,1,0
59762-2331-08_RXNAVIMAGE10_9B15CDBE_1.jpg,OVAL,PINK,7,OVAL_PINK,133,0,0,0,0,0,0,1,0,0,0,0,0
59762-2331-08_RXNAVIMAGE10_9B15CDBE_2.jpg,OVAL,PINK,7,OVAL_PINK,133,0,0,0,0,0,0,1,0,0,0,0,0
00029-3160-13_RXNAVIMAGE10_9A18CD26_1.jpg,PENTAGON,RED,8,PENTAGON_RED,152,0,0,0,0,0,0,0,0,1,0,0,0
00029-3160-13_RXNAVIMAGE10_9A18CD26_2.jpg,PENTAGON,RED,8,PENTAGON_RED,152,0,0,0,0,0,0,0,0,1,0,0,0
00597-0001-60_RXNAVIMAGE10_7303B9ED_1.jpg,CAPSULE,"RED, WHITE",1,"CAPSULE_RED, WHITE",74,0,0,0,0,0,0,0,0,1,0,1,0
00597-0001-60_RXNAVIMAGE10_7303B9ED_2.jpg,CAPSULE,"RED, WHITE",1,"CAPSULE_RED, WHITE",74,0,0,0,0,0,0,0,0,1,0,1,0
55111-0293-09_RXNAVIMAGE10_8443422A_1.jpg,OVAL,WHITE,7,OVAL_WHITE,139,0,0,0,0,0,0,0,0,0,0,1,0
55111-0293-09_RXNAVIMAGE10_8443422A_2.jpg,OVAL,WHITE,7,OVAL_WHITE,139,0,0,0,0,0,0,0,0,0,0,1,0
57664-0474-58_RXNAVIMAGE10_C516E2A7_1.jpg,OVAL,WHITE,7,OVAL_WHITE,139,0,0,0,0,0,0,0,0,0,0,1,0
57664-0474-58_RXNAVIMAGE10_C516E2A7_2.jpg,OVAL,WHITE,7,OVAL_WHITE,139,0,0,0,0,0,0,0,0,0,0,1,0
60505-3110-03_RXNAVIMAGE10_4A46A525_1.jpg,ROUND,WHITE,10,ROUND_WHITE,174,0,0,0,0,0,0,0,0,0,0,1,0
60505-3110-03_RXNAVIMAGE10_4A46A525_2.jpg,ROUND,WHITE,10,ROUND_WHITE,174,0,0,0,0,0,0,0,0,0,0,1,0
